"pathway","distance","rank","iter"
"LAMININ",0.127426489216496,87,1
"ADGRL",0.829310616822367,60,1
"CADM",8.46791376713483,4,1
"PTPRM",6.61942078133109,13,1
"COLLAGEN",0.243863948717164,81,1
"NRG",0.908807790971442,57,1
"JAM",6.98471285649206,11,1
"CDH",6.83619101654093,12,1
"Testosterone",5.76782265441483,19,1
"Cholesterol",0.595575218806689,63,1
"BMP",3.29759588650106,36,1
"NRXN",4.75587570679174,23,1
"NCAM",6.18040163660228,16,1
"Glutamate",5.70935474602188,20,1
"APP",4.07284546872192,30,1
"Estradiol",0.265067255743405,80,1
"SEMA3",8.47770247826433,3,1
"MPZ",0.445913191460163,69,1
"IGF",0.400108689784664,74,1
"PROS",0.568235881424954,64,1
"TENASCIN",0.369031754248637,75,1
"PCDH",1.19078296056158,54,1
"PTPR",0.358563007776498,77,1
"EPHA",0.513162935648019,67,1
"CD39",0.810556472021219,61,1
"Androstenedione",0.207919774527356,82,1
"NECTIN",0.350083875622092,78,1
"EPHB",0.410840903833772,73,1
"SEMA5",0.444578445249824,70,1
"EGF",1.88554301255218,47,1
"GAS",0.773193510443329,62,1
"Netrin",8.56056124449375,2,1
"CNTN",0.899685624637507,58,1
"SEMA7",0.453591428262579,68,1
"PDGF",1.50997658254117,50,1
"SEMA6",0.32622818758665,79,1
"CLDN",0.0393987806408094,89,1
"PSAP",2.57885261026332,44,1
"FGF",0.118056253379618,88,1
"GAP",0.362197973344173,76,1
"RELN",0.555817094917036,65,1
"VCAM",0.162110346698784,85,1
"NOTCH",0.202307336877095,84,1
"NGL",9.41311200992885,1,1
"SLIT",0.205292229965151,83,1
"THBS",1.38061352976391,52,1
"DHT",1.17242712351366,55,1
"ADGRG",5.96793658602274,17,1
"TULP",1.91467796324187,46,1
"ncWNT",5.554984080791,21,1
"CD99",0.546080918199699,66,1
"UNC5",8.17212675554722,7,1
"ACTIVIN",7.60189674479894,9,1
"ANGPTL",8.42902702021455,5,1
"AGRN",6.59409646122188,14,1
"CD46",8.38871634888574,6,1
"PTN",2.76631086039005,42,1
"PECAM2",0.42644212943068,71,1
"EDA",3.21753105852239,37,1
"Adenosine",2.0174856355956,45,1
"KIT",5.9645923718914,18,1
"FN1",1.61738392581816,48,1
"LIFR",7.96465185312556,8,1
"NT",4.51397743623265,25,1
"ApoA",7.40528069058896,10,1
"VISFATIN",4.31534622974496,27,1
"CD45",3.41124145279741,32,1
"RA",3.81921609262848,31,1
"VEGF",4.17721768880111,29,1
"NEGR",4.18170987912995,28,1
"NPNT",2.91301215712943,38,1
"SEMA4",4.35292916028217,26,1
"DHEA",4.68669374197949,24,1
"FLRT",1.4357020127295,51,1
"ADGRA",6.46031784597004,15,1
"HSPG",1.0152656728247,56,1
"Prostaglandin",3.38533620565868,34,1
"ANGPT",5.23136535901958,22,1
"PECAM1",2.79654343514615,40,1
"TGFb",0.425633283897667,72,1
"OCLN",3.38670830336865,33,1
"VWF",2.90786334746285,39,1
"DESMOSOME",2.651107292791,43,1
"HGF",3.32425547556646,35,1
"ADGRB",0.888802772660999,59,1
"CD200",1.23333507218851,53,1
"IL1",2.77093701444744,41,1
"CDH5",0.160310611097016,86,1
"CD6",1.52513486331395,49,1
"LAMININ",0.129402956248651,86,2
"ADGRL",0.61521930568196,65,2
"CADM",12.4618522867798,7,2
"PTPRM",6.19227265978614,12,2
"COLLAGEN",0.369722301167356,73,2
"NRG",0.939030960625177,57,2
"JAM",15.1061176424757,3,2
"CDH",4.77381665661731,22,2
"Testosterone",5.54089399153289,15,2
"Cholesterol",0.48135986930143,67,2
"BMP",3.27966606724998,36,2
"NRXN",2.19190038217782,45,2
"NCAM",7.09529782639086,10,2
"Glutamate",3.64925401588689,32,2
"APP",4.3203641414101,26,2
"Estradiol",0.318090978467249,76,2
"SEMA3",4.84442349153287,20,2
"MPZ",0.0265671420518332,89,2
"IGF",0.292661759654059,78,2
"PROS",0.617229697414217,64,2
"TENASCIN",0.423459182542904,71,2
"PCDH",1.37891151308908,52,2
"PTPR",0.351380781362868,75,2
"EPHA",0.294111888681134,77,2
"CD39",0.700729005180117,61,2
"Androstenedione",0.0931611910051582,88,2
"NECTIN",0.244321605317264,79,2
"EPHB",0.379444648293065,72,2
"SEMA5",0.454981260938711,68,2
"EGF",2.94316892642725,40,2
"GAS",0.893509472703115,58,2
"Netrin",4.83890934563219,21,2
"CNTN",1.06298531650497,55,2
"SEMA7",0.449186136855917,69,2
"PDGF",0.642120656703434,62,2
"SEMA6",0.366607867495886,74,2
"CLDN",0.163126847667869,84,2
"PSAP",2.93286130914604,41,2
"FGF",0.439634508289839,70,2
"GAP",0.622517707514797,63,2
"RELN",0.829651969660146,59,2
"VCAM",0.095378053655363,87,2
"NOTCH",0.239537576426779,80,2
"NGL",7.54350024618302,9,2
"SLIT",0.148533560714242,85,2
"THBS",1.40582122268236,50,2
"DHT",1.05231368271683,56,2
"ADGRG",5.82709359091896,13,2
"TULP",1.52179398170714,49,2
"ncWNT",5.18405840318007,17,2
"CD99",0.184032139475502,82,2
"UNC5",4.31404592219811,27,2
"ACTIVIN",14.5513444292653,4,2
"ANGPTL",14.2072641452651,5,2
"AGRN",18.1170081980764,1,2
"CD46",4.71229465699484,23,2
"PTN",2.59075585425227,43,2
"PECAM2",0.602669230159299,66,2
"EDA",3.69765440565784,31,2
"Adenosine",2.00123265591097,47,2
"KIT",6.58237895514028,11,2
"FN1",1.39217613660703,51,2
"LIFR",13.8499093387991,6,2
"NT",5.35448180501263,16,2
"ApoA",16.8769129771968,2,2
"VISFATIN",4.88271705816567,18,2
"CD45",3.31369868275291,35,2
"RA",4.51834369625967,25,2
"VEGF",4.864543410758,19,2
"NEGR",3.96902030319912,30,2
"NPNT",3.64214505379779,33,2
"SEMA4",4.52785753075788,24,2
"DHEA",4.10959556511051,29,2
"FLRT",1.57852876423063,48,2
"ADGRA",8.15148686175219,8,2
"HSPG",1.36439385860269,53,2
"Prostaglandin",4.28114807725539,28,2
"ANGPT",5.68469284317052,14,2
"PECAM1",3.13514251137113,37,2
"TGFb",0.235634068891115,81,2
"OCLN",3.32400260273998,34,2
"VWF",2.95660975110499,39,2
"DESMOSOME",2.20871118996759,44,2
"HGF",2.98341663371843,38,2
"ADGRB",0.714625597505339,60,2
"CD200",1.06797864205109,54,2
"IL1",2.80891956591354,42,2
"CDH5",0.167802768992369,83,2
"CD6",2.12200521718468,46,2
"LAMININ",0.311184719160974,76,3
"ADGRL",0.888366640759205,56,3
"CADM",9.29252506770221,5,3
"PTPRM",6.83978951291836,13,3
"COLLAGEN",0.156469424902744,86,3
"NRG",0.902403058262328,55,3
"JAM",9.61292251705774,4,3
"CDH",8.11863203496098,9,3
"Testosterone",6.05446189795678,19,3
"Cholesterol",0.534930184908925,66,3
"BMP",3.27676298068729,36,3
"NRXN",6.12652835199,17,3
"NCAM",6.69961028456085,14,3
"Glutamate",7.27632690815959,12,3
"APP",4.52668178105679,26,3
"Estradiol",0.2846538296499,80,3
"SEMA3",9.61924631456592,3,3
"MPZ",0.184851126565037,85,3
"IGF",0.304036007684721,77,3
"PROS",0.71915948370322,61,3
"TENASCIN",0.30222512559635,78,3
"PCDH",1.02119318504185,53,3
"PTPR",0.468663247649585,70,3
"EPHA",0.575460315084532,65,3
"CD39",0.620047475676093,64,3
"Androstenedione",0.233998408302242,84,3
"NECTIN",0.105778555058219,88,3
"EPHB",0.473619968107325,69,3
"SEMA5",0.424429297939712,72,3
"EGF",2.26109869744573,46,3
"GAS",0.788156013817918,59,3
"Netrin",9.71478741668436,2,3
"CNTN",0.759815856506334,60,3
"SEMA7",0.485850964068471,67,3
"PDGF",0.886070666469421,57,3
"SEMA6",0.39849042713115,73,3
"CLDN",0.337174235225329,75,3
"PSAP",2.92762497596855,39,3
"FGF",0.268734450486027,81,3
"GAP",0.288171557413972,79,3
"RELN",0.478717735540561,68,3
"VCAM",0.340289732337437,74,3
"NOTCH",0.260130997977025,82,3
"NGL",10.2365546109799,1,3
"SLIT",0.149711025162415,87,3
"THBS",1.51594590712153,49,3
"DHT",0.870196779548521,58,3
"ADGRG",6.13579838169917,16,3
"TULP",1.72318437505081,47,3
"ncWNT",5.62601765304165,20,3
"CD99",0.0287932803277982,89,3
"UNC5",9.03545348153517,7,3
"ACTIVIN",8.11867013385528,8,3
"ANGPTL",7.88551784364113,11,3
"AGRN",3.71634495975394,32,3
"CD46",9.20200304681627,6,3
"PTN",2.79281170190204,40,3
"PECAM2",0.654683308092088,63,3
"EDA",3.6554509536633,34,3
"Adenosine",2.48505310694598,42,3
"KIT",6.06786987328353,18,3
"FN1",1.6811825326211,48,3
"LIFR",7.97361094941341,10,3
"NT",5.16429383368631,22,3
"ApoA",4.62682248486583,25,3
"VISFATIN",4.26471484326557,28,3
"CD45",3.14510876340921,37,3
"RA",3.83720420944751,31,3
"VEGF",4.63560015369655,24,3
"NEGR",4.22560428180452,29,3
"NPNT",3.03250802135704,38,3
"SEMA4",4.47726006230374,27,3
"DHEA",4.66015215364103,23,3
"FLRT",1.49780078471195,50,3
"ADGRA",6.42488631902142,15,3
"HSPG",0.931580227497075,54,3
"Prostaglandin",3.71045111279645,33,3
"ANGPT",5.28515749968633,21,3
"PECAM1",2.41393250502209,43,3
"TGFb",0.425884040766646,71,3
"OCLN",3.85628408016623,30,3
"VWF",2.34422667850591,45,3
"DESMOSOME",2.36377786378017,44,3
"HGF",3.31424115761163,35,3
"ADGRB",0.69570267529215,62,3
"CD200",1.35915895389809,51,3
"IL1",2.5746435429074,41,3
"CDH5",0.23760377704419,83,3
"CD6",1.14903813517386,52,3
"LAMININ",0.513004065208417,67,4
"ADGRL",0.62103416977594,63,4
"CADM",14.5479604326321,2,4
"PTPRM",6.43193154127494,15,4
"COLLAGEN",0.1130292007878,86,4
"NRG",1.19829813215809,55,4
"JAM",15.4627445599177,1,4
"CDH",7.14138595767493,14,4
"Testosterone",5.12399457936321,23,4
"Cholesterol",0.670055913128316,60,4
"BMP",3.21512780563174,38,4
"NRXN",5.15579209440651,22,4
"NCAM",6.01152147410356,17,4
"Glutamate",6.27809914117839,16,4
"APP",3.96190895128,30,4
"Estradiol",0.346147929499079,76,4
"SEMA3",9.48900924945574,10,4
"MPZ",0.1885323848319,84,4
"IGF",0.447345091917262,70,4
"PROS",0.691539044671838,59,4
"TENASCIN",0.374689474255609,73,4
"PCDH",1.4563493663237,52,4
"PTPR",0.473916355897787,69,4
"EPHA",0.310915343449563,78,4
"CD39",0.632633762105294,62,4
"Androstenedione",0.282248506576745,79,4
"NECTIN",0.388045052016576,72,4
"EPHB",0.27143860864758,81,4
"SEMA5",0.312499810825409,77,4
"EGF",1.94234719784569,46,4
"GAS",0.96855917292746,58,4
"Netrin",9.49085837699212,9,4
"CNTN",0.973295835233839,57,4
"SEMA7",0.496585478691703,68,4
"PDGF",0.436709184809599,71,4
"SEMA6",0.366334800816029,74,4
"CLDN",0.27999217042525,80,4
"PSAP",2.8614698480075,42,4
"FGF",0.352369722216583,75,4
"GAP",0.5355607952962,66,4
"RELN",0.581928102057363,64,4
"VCAM",0.206089670459686,83,4
"NOTCH",0.127488093078452,85,4
"NGL",9.55137161225792,8,4
"SLIT",0.0884869521701856,87,4
"THBS",1.69514892457819,49,4
"DHT",1.23436295693336,54,4
"ADGRG",5.6462436688546,18,4
"TULP",1.74432080330081,48,4
"ncWNT",5.35921541019958,20,4
"CD99",0.0681733476125465,88,4
"UNC5",8.79368561259906,11,4
"ACTIVIN",14.1048282033009,3,4
"ANGPTL",13.5350032542606,4,4
"AGRN",9.6681772102111,7,4
"CD46",8.67808291240067,12,4
"PTN",2.41558777741441,44,4
"PECAM2",0.566039236576798,65,4
"EDA",3.52441553354115,35,4
"Adenosine",1.83933144727004,47,4
"KIT",5.55361498515991,19,4
"FN1",1.45643329300667,51,4
"LIFR",13.2414040816428,5,4
"NT",4.85928800501764,24,4
"ApoA",10.7191954159617,6,4
"VISFATIN",4.47418292296858,27,4
"CD45",3.63050535204508,32,4
"RA",3.5826811046666,33,4
"VEGF",4.48729773345257,26,4
"NEGR",3.4288744963468,36,4
"NPNT",3.53511057376101,34,4
"SEMA4",3.9831378439012,29,4
"DHEA",4.57005434485374,25,4
"FLRT",1.55286998027374,50,4
"ADGRA",7.18226529331994,13,4
"HSPG",1.0754128624039,56,4
"Prostaglandin",3.99691908180052,28,4
"ANGPT",5.28125234866225,21,4
"PECAM1",3.26588276404513,37,4
"TGFb",0.0482486508484491,89,4
"OCLN",3.03914637856143,40,4
"VWF",3.70821190397037,31,4
"DESMOSOME",2.41764297202438,43,4
"HGF",2.98771368021568,41,4
"ADGRB",0.669475910483196,61,4
"CD200",1.33026691431063,53,4
"IL1",3.12385115690739,39,4
"CDH5",0.244132867172504,82,4
"CD6",2.15724305457933,45,4
"LAMININ",0.146675628748312,85,5
"ADGRL",1.05250286244801,57,5
"CADM",12.8597886007057,1,5
"PTPRM",5.47782399587337,16,5
"COLLAGEN",0.240432028438179,81,5
"NRG",0.878441138909139,59,5
"JAM",12.5520917839346,2,5
"CDH",4.59109562645675,22,5
"Testosterone",5.80991919522918,12,5
"Cholesterol",0.742211389586677,62,5
"BMP",2.88873291319317,39,5
"NRXN",1.89491937156866,47,5
"NCAM",5.98141120565486,10,5
"Glutamate",3.18648880889595,37,5
"APP",3.71482107000419,30,5
"Estradiol",0.346266467304462,76,5
"SEMA3",5.52091469098331,15,5
"MPZ",0.112349324876799,88,5
"IGF",0.489204822457315,69,5
"PROS",0.678937044013541,64,5
"TENASCIN",0.372194304856955,73,5
"PCDH",1.25336727080509,51,5
"PTPR",0.468376656149427,70,5
"EPHA",0.412808619274606,72,5
"CD39",0.494821964249154,68,5
"Androstenedione",0.119602647760423,87,5
"NECTIN",0.358023844431303,74,5
"EPHB",0.347768166439025,75,5
"SEMA5",0.592596181970511,66,5
"EGF",1.93520126427027,46,5
"GAS",0.904084274896877,58,5
"Netrin",5.76779564310243,14,5
"CNTN",0.868236277684367,60,5
"SEMA7",0.665165755181626,65,5
"PDGF",1.09559173340327,54,5
"SEMA6",0.223082664192068,82,5
"CLDN",0.195946274675959,84,5
"PSAP",2.85788228065394,40,5
"FGF",0.301349690942519,78,5
"GAP",0.529068887465265,67,5
"RELN",0.701800328779532,63,5
"VCAM",0.295944005278348,79,5
"NOTCH",0.275846109760426,80,5
"NGL",6.93706851145674,9,5
"SLIT",0.323777203897473,77,5
"THBS",1.36773296004634,50,5
"DHT",1.18782073992359,52,5
"ADGRG",5.26689015664259,17,5
"TULP",1.56263580221967,48,5
"ncWNT",4.54942197514594,23,5
"CD99",0.128765602080666,86,5
"UNC5",5.25942486138405,18,5
"ACTIVIN",11.835499568239,3,5
"ANGPTL",11.8113235601896,4,5
"AGRN",8.23614350085076,7,5
"CD46",5.00073388827878,19,5
"PTN",2.43977765828791,42,5
"PECAM2",0.448402356259627,71,5
"EDA",3.43804162012064,35,5
"Adenosine",2.04242595348599,45,5
"KIT",5.76929897826152,13,5
"FN1",1.08662496001676,56,5
"LIFR",11.5051222743905,5,5
"NT",4.80622987753424,21,5
"ApoA",9.32961566950811,6,5
"VISFATIN",4.82707942888721,20,5
"CD45",3.85392260519382,27,5
"RA",3.75102799002124,29,5
"VEGF",4.30852575324478,25,5
"NEGR",3.63558063010268,31,5
"NPNT",3.45421613518955,34,5
"SEMA4",4.1714584087627,26,5
"DHEA",3.76057334609129,28,5
"FLRT",1.55879950173672,49,5
"ADGRA",7.8051845669878,8,5
"HSPG",1.09467038174149,55,5
"Prostaglandin",4.34173578259096,24,5
"ANGPT",5.84507910939374,11,5
"PECAM1",3.61023398473561,32,5
"TGFb",0.200880773255042,83,5
"OCLN",3.55390081923483,33,5
"VWF",3.29535790260637,36,5
"DESMOSOME",2.32110293001594,43,5
"HGF",2.69102586928886,41,5
"ADGRB",0.825435394511407,61,5
"CD200",1.10491611186146,53,5
"IL1",2.89653045270516,38,5
"CDH5",0.0275368828097231,89,5
"CD6",2.26764852871395,44,5
"LAMININ",0.056797043429317,89,6
"ADGRL",0.787078742928239,59,6
"CADM",10.3367652021005,2,6
"PTPRM",6.50712307796995,16,6
"COLLAGEN",0.135524722442077,85,6
"NRG",0.818714857725061,58,6
"JAM",9.456522823247,3,6
"CDH",7.86309366216636,12,6
"Testosterone",5.41542748000838,19,6
"Cholesterol",0.477713771223117,66,6
"BMP",3.58040520153455,34,6
"NRXN",5.16959987272784,22,6
"NCAM",7.00678972099459,13,6
"Glutamate",6.98795777523468,14,6
"APP",4.40777346660621,27,6
"Estradiol",0.344838647910574,74,6
"SEMA3",8.31891576584578,7,6
"MPZ",0.172659336097852,83,6
"IGF",0.361693778829839,73,6
"PROS",0.684269499662967,60,6
"TENASCIN",0.336431546949125,75,6
"PCDH",1.34886314583328,52,6
"PTPR",0.39307449212924,70,6
"EPHA",0.521517449580249,65,6
"CD39",0.628439263130038,61,6
"Androstenedione",0.100847731664897,87,6
"NECTIN",0.2347275581671,82,6
"EPHB",0.428464452343953,67,6
"SEMA5",0.299128228777006,77,6
"EGF",2.42163220754123,44,6
"GAS",0.910304365829836,56,6
"Netrin",9.03333429760062,4,6
"CNTN",0.972845274920226,55,6
"SEMA7",0.259890977461504,80,6
"PDGF",0.591729697358843,63,6
"SEMA6",0.3851209206852,72,6
"CLDN",0.41190412035181,69,6
"PSAP",2.93707105595288,39,6
"FGF",0.266493813786154,79,6
"GAP",0.326480159179948,76,6
"RELN",0.560907677388633,64,6
"VCAM",0.0833313991274608,88,6
"NOTCH",0.388319592688357,71,6
"NGL",11.2122556933414,1,6
"SLIT",0.152695960273779,84,6
"THBS",1.65641457914063,48,6
"DHT",0.884772733382515,57,6
"ADGRG",6.05610261030964,17,6
"TULP",1.65633631637772,49,6
"ncWNT",5.1122913198653,23,6
"CD99",0.279660569484451,78,6
"UNC5",8.23847041945909,8,6
"ACTIVIN",8.22473530677616,9,6
"ANGPTL",8.18852873776349,10,6
"AGRN",4.71711650140708,26,6
"CD46",8.4640875923621,5,6
"PTN",3.07847321684799,38,6
"PECAM2",0.622312822611465,62,6
"EDA",3.44533415208591,35,6
"Adenosine",2.45366911583433,43,6
"KIT",6.66744429734415,15,6
"FN1",1.53079861709634,50,6
"LIFR",8.41723340649774,6,6
"NT",5.36156611947805,21,6
"ApoA",5.37853293720409,20,6
"VISFATIN",4.90516290922126,24,6
"CD45",2.9101868454892,40,6
"RA",4.11962359974444,32,6
"VEGF",4.80799227802486,25,6
"NEGR",4.27020757248656,28,6
"NPNT",3.79858666577514,33,6
"SEMA4",4.15166072258817,31,6
"DHEA",4.16944753843786,30,6
"FLRT",1.71509338161788,47,6
"ADGRA",8.14405637189327,11,6
"HSPG",1.28331170259067,53,6
"Prostaglandin",4.26264496322069,29,6
"ANGPT",5.52812798521514,18,6
"PECAM1",2.56616800518932,41,6
"TGFb",0.123656779206914,86,6
"OCLN",3.41995623951651,36,6
"VWF",2.25361144766453,45,6
"DESMOSOME",2.18381484701364,46,6
"HGF",3.41082914269687,37,6
"ADGRB",0.41717402715638,68,6
"CD200",1.42947909672552,51,6
"IL1",2.4740717105827,42,6
"CDH5",0.244402714053458,81,6
"CD6",1.14714569367517,54,6
"LAMININ",0.218884651384432,81,7
"ADGRL",0.879440204022149,59,7
"CADM",9.27100939503787,6,7
"PTPRM",6.60913295304443,16,7
"COLLAGEN",0.0796702378151228,87,7
"NRG",1.09189595085761,55,7
"JAM",10.4587038487082,2,7
"CDH",8.63164099713823,11,7
"Testosterone",5.59345365763253,21,7
"Cholesterol",0.614425246196236,63,7
"BMP",3.303087354862,37,7
"NRXN",6.25803589263386,18,7
"NCAM",6.39052454638928,17,7
"Glutamate",7.59267207004361,15,7
"APP",4.18902002830428,28,7
"Estradiol",0.17953576586418,84,7
"SEMA3",9.44598659578153,4,7
"MPZ",0.251756264339733,79,7
"IGF",0.447738540052419,70,7
"PROS",0.545236437264176,65,7
"TENASCIN",0.246455839983898,80,7
"PCDH",1.08105161618165,56,7
"PTPR",0.422131107410733,72,7
"EPHA",0.43198105418141,71,7
"CD39",0.884254841360357,58,7
"Androstenedione",0.201193079772097,83,7
"NECTIN",0.0488951265367311,89,7
"EPHB",0.50627484067202,68,7
"SEMA5",0.510167100577632,67,7
"EGF",1.77791010451247,48,7
"GAS",0.863422951433694,60,7
"Netrin",9.30906559605454,5,7
"CNTN",0.891273219986252,57,7
"SEMA7",0.418417664870957,73,7
"PDGF",0.854862239927226,61,7
"SEMA6",0.355868755798528,75,7
"CLDN",0.205418873835442,82,7
"PSAP",2.91867346862975,41,7
"FGF",0.317492358997668,77,7
"GAP",0.415625953653152,74,7
"RELN",0.617204500150112,62,7
"VCAM",0.155453131874822,85,7
"NOTCH",0.0783129890817671,88,7
"NGL",11.5741675786166,1,7
"SLIT",0.319177727390059,76,7
"THBS",1.56635318780004,50,7
"DHT",1.11403103426167,54,7
"ADGRG",5.93266792645694,20,7
"TULP",1.79228939525669,46,7
"ncWNT",5.39411076688165,22,7
"CD99",0.113077534465024,86,7
"UNC5",8.83864952139285,10,7
"ACTIVIN",9.02506537600518,8,7
"ANGPTL",8.29438680717068,13,7
"AGRN",10.0177819065195,3,7
"CD46",8.84804037229848,9,7
"PTN",3.09557236304226,39,7
"PECAM2",0.56124403637911,64,7
"EDA",3.45167923182463,35,7
"Adenosine",2.31749134976641,45,7
"KIT",6.08236189900498,19,7
"FN1",1.50333353881583,51,7
"LIFR",8.56826337534991,12,7
"NT",4.81240474460568,24,7
"ApoA",9.24402839885746,7,7
"VISFATIN",4.69309437064928,25,7
"CD45",3.52517878059994,32,7
"RA",3.8296274437632,30,7
"VEGF",4.40847265920818,27,7
"NEGR",3.60496723220346,31,7
"NPNT",3.40696800949119,36,7
"SEMA4",4.16391430869383,29,7
"DHEA",4.54043160108912,26,7
"FLRT",1.45830535861597,52,7
"ADGRA",7.67187398757338,14,7
"HSPG",1.23715084188963,53,7
"Prostaglandin",3.45348827482643,34,7
"ANGPT",5.1079994425379,23,7
"PECAM1",3.23561798812105,38,7
"TGFb",0.305009815882982,78,7
"OCLN",3.47096304230416,33,7
"VWF",2.95537369877559,40,7
"DESMOSOME",2.52155746530737,44,7
"HGF",2.87704557214631,42,7
"ADGRB",0.514327108644972,66,7
"CD200",1.78466578025319,47,7
"IL1",2.75242965225139,43,7
"CDH5",0.456774678673966,69,7
"CD6",1.58571002753431,49,7
"LAMININ",0.217554315822115,81,8
"ADGRL",0.621162268388278,63,8
"CADM",9.4628171441382,2,8
"PTPRM",7.40658729730008,16,8
"COLLAGEN",0.254323421442121,80,8
"NRG",0.764379625881759,58,8
"JAM",8.66239086985938,6,8
"CDH",8.63254575355169,7,8
"Testosterone",5.58111429089211,24,8
"Cholesterol",0.421101404578927,69,8
"BMP",3.35551690594278,36,8
"NRXN",5.99040464038346,19,8
"NCAM",7.67820951263287,11,8
"Glutamate",7.65467003247375,12,8
"APP",5.22308761433508,26,8
"Estradiol",0.1833581919052,87,8
"SEMA3",9.16232069285955,3,8
"MPZ",0.38492253222547,72,8
"IGF",0.256782055069363,79,8
"PROS",0.57776991139439,64,8
"TENASCIN",0.197539962709919,84,8
"PCDH",1.27214232887479,50,8
"PTPR",0.373521696256495,75,8
"EPHA",0.394777452320932,71,8
"CD39",0.742142170892398,59,8
"Androstenedione",0.207305807404047,82,8
"NECTIN",0.140468139557778,88,8
"EPHB",0.376430245516254,74,8
"SEMA5",0.479628863695861,67,8
"EGF",3.00232612169492,39,8
"GAS",0.831192705037539,56,8
"Netrin",8.85957891802653,4,8
"CNTN",0.765494480779976,57,8
"SEMA7",0.480406216897559,66,8
"PDGF",0.676250595158146,61,8
"SEMA6",0.348923131726864,76,8
"CLDN",0.19382952502646,85,8
"PSAP",2.76917207029946,41,8
"FGF",0.383183835975527,73,8
"GAP",0.646079902126204,62,8
"RELN",0.684325614930254,60,8
"VCAM",0.296730472082159,78,8
"NOTCH",0.190788789932944,86,8
"NGL",11.0175297947582,1,8
"SLIT",0.0611385739891769,89,8
"THBS",1.46109683390692,48,8
"DHT",0.868333728547163,55,8
"ADGRG",6.66033353581723,17,8
"TULP",1.56679460662745,47,8
"ncWNT",5.91243656612622,20,8
"CD99",0.323010624733229,77,8
"UNC5",8.55214763339656,8,8
"ACTIVIN",7.53851229021566,14,8
"ANGPTL",7.9015143488498,10,8
"AGRN",5.86904217792058,21,8
"CD46",8.8239568586828,5,8
"PTN",2.96500386515873,40,8
"PECAM2",0.50826338924723,65,8
"EDA",3.61611162393011,34,8
"Adenosine",2.0148001337846,45,8
"KIT",7.41921138348156,15,8
"FN1",1.3723478132459,49,8
"LIFR",7.61313356983398,13,8
"NT",5.66401285477865,22,8
"ApoA",6.12440706919261,18,8
"VISFATIN",5.1547440288373,27,8
"CD45",3.10878554982134,37,8
"RA",4.59814977592713,30,8
"VEGF",5.34215309575023,25,8
"NEGR",3.92254951366315,33,8
"NPNT",4.46824891273544,31,8
"SEMA4",4.60801938242128,29,8
"DHEA",4.75450794263859,28,8
"FLRT",1.2279865061463,51,8
"ADGRA",8.04649482600306,9,8
"HSPG",0.967467147344092,54,8
"Prostaglandin",4.02714919480231,32,8
"ANGPT",5.63666346448037,23,8
"PECAM1",2.2301160663472,43,8
"TGFb",0.412035989379166,70,8
"OCLN",3.57343293316386,35,8
"VWF",2.20798754961189,44,8
"DESMOSOME",1.90698637723403,46,8
"HGF",3.01435473783478,38,8
"ADGRB",0.471775771263597,68,8
"CD200",1.22685362768542,52,8
"IL1",2.31861438588199,42,8
"CDH5",0.205593068590554,83,8
"CD6",1.10573698445545,53,8
"LAMININ",0.0368703400036325,89,9
"ADGRL",1.02993579349403,56,9
"CADM",13.7360716231085,2,9
"PTPRM",7.36530601795119,9,9
"COLLAGEN",0.0740840825647855,87,9
"NRG",1.07358171917759,55,9
"JAM",14.0199778493663,1,9
"CDH",5.45308429281209,21,9
"Testosterone",5.69809568522847,19,9
"Cholesterol",0.483938330924427,72,9
"BMP",3.60089008048085,34,9
"NRXN",2.76300704960061,40,9
"NCAM",7.07506499552629,13,9
"Glutamate",4.16851596502184,29,9
"APP",4.83448867155266,25,9
"Estradiol",0.197434458408991,82,9
"SEMA3",7.14131011022969,11,9
"MPZ",0.263425820090273,80,9
"IGF",0.539421818275619,68,9
"PROS",0.657331852436846,64,9
"TENASCIN",0.347010048399753,76,9
"PCDH",1.38265895900327,50,9
"PTPR",0.495505082711026,71,9
"EPHA",0.529112073223083,69,9
"CD39",0.888537907785077,58,9
"Androstenedione",0.176343683523014,83,9
"NECTIN",0.340908141801396,77,9
"EPHB",0.438263983112997,73,9
"SEMA5",0.515796420653887,70,9
"EGF",2.72097341255186,41,9
"GAS",0.88251768041252,59,9
"Netrin",7.1187507787836,12,9
"CNTN",0.943142845916285,57,9
"SEMA7",0.433009906829157,74,9
"PDGF",0.690519215232452,62,9
"SEMA6",0.401708487506107,75,9
"CLDN",0.317764668420062,78,9
"PSAP",2.44400016268527,45,9
"FGF",0.316983653750174,79,9
"GAP",0.590411655849237,66,9
"RELN",0.851592679657925,61,9
"VCAM",0.223501350356839,81,9
"NOTCH",0.0998327773863881,85,9
"NGL",8.19812531367545,8,9
"SLIT",0.174586209125753,84,9
"THBS",1.37364086088667,52,9
"DHT",0.878726974674242,60,9
"ADGRG",7.03640321942508,14,9
"TULP",1.39961698061157,49,9
"ncWNT",6.14743962077966,18,9
"CD99",0.0917275595166453,86,9
"UNC5",6.89480636484989,15,9
"ACTIVIN",12.7812178489347,3,9
"ANGPTL",12.1830509061374,4,9
"AGRN",8.29251122712857,7,9
"CD46",6.50702918847623,17,9
"PTN",2.97758709848133,38,9
"PECAM2",0.669430890908619,63,9
"EDA",3.25140958371111,35,9
"Adenosine",1.99658642469202,46,9
"KIT",6.57742487238375,16,9
"FN1",1.64942395849858,48,9
"LIFR",11.9710269790896,5,9
"NT",5.36115178582991,22,9
"ApoA",9.5486874501528,6,9
"VISFATIN",4.78338772237117,26,9
"CD45",3.03680748731498,37,9
"RA",4.5132773821528,27,9
"VEGF",5.00859757380279,23,9
"NEGR",4.02870898468435,30,9
"NPNT",3.85593505858756,32,9
"SEMA4",4.50180636805106,28,9
"DHEA",4.90197171502098,24,9
"FLRT",1.73960264230907,47,9
"ADGRA",7.33455439473233,10,9
"HSPG",1.13363609852187,54,9
"Prostaglandin",3.93070051735499,31,9
"ANGPT",5.6737196009343,20,9
"PECAM1",2.47304608615206,43,9
"TGFb",0.561866189859191,67,9
"OCLN",3.60745534463793,33,9
"VWF",2.84453718298614,39,9
"DESMOSOME",2.46790481359687,44,9
"HGF",3.22863800207614,36,9
"ADGRB",0.607216614444914,65,9
"CD200",1.29965485127691,53,9
"IL1",2.58429333512161,42,9
"CDH5",0.0688500974549308,88,9
"CD6",1.37487276716346,51,9
"LAMININ",0.108815137815988,86,10
"ADGRL",0.990557246826025,55,10
"CADM",17.5835052539493,6,10
"PTPRM",7.26816098098484,17,10
"COLLAGEN",0.185484053912718,82,10
"NRG",0.945524514754043,58,10
"JAM",16.1354579543962,9,10
"CDH",16.6992980068907,7,10
"Testosterone",5.76198690408994,22,10
"Cholesterol",0.452162110602443,70,10
"BMP",3.11529773818757,37,10
"NRXN",15.1184230791894,11,10
"NCAM",7.2191698483613,18,10
"Glutamate",16.1464336515496,8,10
"APP",4.53249314034902,27,10
"Estradiol",0.3726226830829,75,10
"SEMA3",18.6561568456627,4,10
"MPZ",0.294052642177593,77,10
"IGF",0.542950061146939,67,10
"PROS",0.575987656923939,65,10
"TENASCIN",0.400610881924888,72,10
"PCDH",1.28146303352299,53,10
"PTPR",0.396761888669555,73,10
"EPHA",0.452492829581869,69,10
"CD39",0.76079344711764,61,10
"Androstenedione",0.148489287862482,84,10
"NECTIN",0.250484740196753,79,10
"EPHB",0.442791592757102,71,10
"SEMA5",0.385868183445071,74,10
"EGF",2.32230066704798,45,10
"GAS",0.957163910083291,56,10
"Netrin",18.8049368377975,3,10
"CNTN",0.901044706448402,59,10
"SEMA7",0.686910952997307,62,10
"PDGF",0.680254999255251,63,10
"SEMA6",0.359910725921177,76,10
"CLDN",0.205868891615202,81,10
"PSAP",2.76799496824602,38,10
"FGF",0.508584011747345,68,10
"GAP",0.0848561598870023,87,10
"RELN",0.649786611621354,64,10
"VCAM",0.260713963280491,78,10
"NOTCH",0.211339188168719,80,10
"NGL",18.5104778252908,5,10
"SLIT",0.184373664012373,83,10
"THBS",1.51790377581845,50,10
"DHT",0.945955136481226,57,10
"ADGRG",6.42540090130501,20,10
"TULP",1.70243704138651,47,10
"ncWNT",5.85189777699995,21,10
"CD99",0.0542017549693978,88,10
"UNC5",18.9665268412359,2,10
"ACTIVIN",15.0653133761562,12,10
"ANGPTL",14.9278328525901,13,10
"AGRN",11.2068529824682,15,10
"CD46",19.0596495676213,1,10
"PTN",2.59737059302932,41,10
"PECAM2",0.567723256944187,66,10
"EDA",3.61175209204283,32,10
"Adenosine",2.06077770337576,46,10
"KIT",6.67953252646121,19,10
"FN1",1.27058259051871,54,10
"LIFR",15.8719170029743,10,10
"NT",5.42609079330046,23,10
"ApoA",11.7352062917138,14,10
"VISFATIN",4.50092561867098,28,10
"CD45",3.20738221333448,36,10
"RA",4.12216915592975,29,10
"VEGF",4.99797549838821,25,10
"NEGR",3.57167294147302,34,10
"NPNT",3.69409217410519,31,10
"SEMA4",4.04584684936231,30,10
"DHEA",4.75094785345832,26,10
"FLRT",1.61769636566002,48,10
"ADGRA",7.61661755088178,16,10
"HSPG",1.32370864345633,52,10
"Prostaglandin",3.55029735325531,35,10
"ANGPT",5.38057689889785,24,10
"PECAM1",2.44750382396229,44,10
"TGFb",0.130095533006531,85,10
"OCLN",3.57894788975103,33,10
"VWF",2.60429470921023,40,10
"DESMOSOME",2.50519098029355,43,10
"HGF",2.69000177032111,39,10
"ADGRB",0.769812704986471,60,10
"CD200",1.5375090695541,49,10
"IL1",2.54225222017142,42,10
"CDH5",0.0376016939727086,89,10
"CD6",1.39437512576235,51,10
"LAMININ",0.034982816196243,89,11
"ADGRL",1.12205141555629,56,11
"CADM",13.1542446512273,2,11
"PTPRM",6.57965416253432,9,11
"COLLAGEN",0.37313074071381,77,11
"NRG",0.841344587720209,59,11
"JAM",13.2439821560284,1,11
"CDH",4.91788134001863,21,11
"Testosterone",5.54837019159809,18,11
"Cholesterol",0.496406365074808,68,11
"BMP",3.14125553998002,37,11
"NRXN",2.48454747083826,44,11
"NCAM",6.04128942717573,11,11
"Glutamate",3.90069888754564,28,11
"APP",3.91486110924593,27,11
"Estradiol",0.273645934341837,80,11
"SEMA3",5.73819699781181,12,11
"MPZ",0.174363944740034,83,11
"IGF",0.450852599920295,70,11
"PROS",0.852590689786167,58,11
"TENASCIN",0.410325195315657,74,11
"PCDH",1.28346683666332,54,11
"PTPR",0.431402495183366,72,11
"EPHA",0.640075210732499,64,11
"CD39",0.749190457564978,62,11
"Androstenedione",0.0906732819916349,87,11
"NECTIN",0.20777228539607,82,11
"EPHB",0.437243149788612,71,11
"SEMA5",0.41623967160419,73,11
"EGF",1.96719976590875,49,11
"GAS",0.838579160677527,60,11
"Netrin",5.66515114708657,17,11
"CNTN",0.782990660451632,61,11
"SEMA7",0.300598824405037,78,11
"PDGF",2.61552872995278,41,11
"SEMA6",0.402099972383406,75,11
"CLDN",0.234023018059203,81,11
"PSAP",2.6100322272523,42,11
"FGF",0.637306492672555,65,11
"GAP",0.394222302451629,76,11
"RELN",0.622854995248353,66,11
"VCAM",0.169113196854257,84,11
"NOTCH",0.585106405100696,67,11
"NGL",8.03946986532301,7,11
"SLIT",0.16602494999063,85,11
"THBS",1.99008796846327,48,11
"DHT",1.12241699414406,55,11
"ADGRG",5.68655568593828,15,11
"TULP",1.69388432419079,50,11
"ncWNT",5.47226628098254,19,11
"CD99",0.0865964827429304,88,11
"UNC5",5.69016100975731,14,11
"ACTIVIN",11.6799189574569,3,11
"ANGPTL",11.6780027832175,4,11
"AGRN",6.99840928267705,8,11
"CD46",5.71187396769259,13,11
"PTN",2.29750621522706,45,11
"PECAM2",0.49524353557124,69,11
"EDA",2.87477450148348,38,11
"Adenosine",2.08776226427564,47,11
"KIT",5.67933817055394,16,11
"FN1",1.55687202059098,51,11
"LIFR",11.3783272443995,5,11
"NT",3.60700738759407,31,11
"ApoA",8.15880067784329,6,11
"VISFATIN",4.50492260959513,23,11
"CD45",3.70362435743248,30,11
"RA",3.70391955198255,29,11
"VEGF",4.05612494166307,25,11
"NEGR",4.00304039721057,26,11
"NPNT",2.56362449197815,43,11
"SEMA4",4.17280975442629,24,11
"DHEA",4.8831283068542,22,11
"FLRT",1.29685062191036,52,11
"ADGRA",6.07838750176306,10,11
"HSPG",1.08287192820268,57,11
"Prostaglandin",3.55692639428003,33,11
"ANGPT",5.42793447942036,20,11
"PECAM1",3.59094642242102,32,11
"TGFb",0.296275561622552,79,11
"OCLN",3.47215065219674,34,11
"VWF",3.36309601964964,35,11
"DESMOSOME",2.61925426785598,40,11
"HGF",3.29418678778673,36,11
"ADGRB",0.726090625697911,63,11
"CD200",1.29398880123691,53,11
"IL1",2.73309940173137,39,11
"CDH5",0.0950582156513436,86,11
"CD6",2.26451591174276,46,11
"LAMININ",0.120372236665606,87,12
"ADGRL",0.872758220796617,60,12
"CADM",11.7345931317047,2,12
"PTPRM",6.51687617676026,11,12
"COLLAGEN",0.203201157659702,82,12
"NRG",1.13673173358056,53,12
"JAM",12.765957350794,1,12
"CDH",4.92108765802219,21,12
"Testosterone",4.70633486267919,22,12
"Cholesterol",0.526936541563539,67,12
"BMP",2.74258839698782,40,12
"NRXN",2.48123115493206,43,12
"NCAM",6.67727017854349,9,12
"Glutamate",3.83938804721924,30,12
"APP",4.12105101127897,27,12
"Estradiol",0.165316730413416,84,12
"SEMA3",6.17365750975256,15,12
"MPZ",0.39154061922187,72,12
"IGF",0.307077368192513,76,12
"PROS",0.882624850598209,59,12
"TENASCIN",0.298575771112632,77,12
"PCDH",1.03242879022581,56,12
"PTPR",0.467269944991323,68,12
"EPHA",0.607499552815022,65,12
"CD39",0.898523644894392,58,12
"Androstenedione",0.196213343768721,83,12
"NECTIN",0.418654137922487,69,12
"EPHB",0.388282104656764,73,12
"SEMA5",0.273975335377456,79,12
"EGF",2.40426527623643,45,12
"GAS",0.702352496263262,64,12
"Netrin",6.18201764901984,14,12
"CNTN",0.784887532646513,62,12
"SEMA7",0.286844401334265,78,12
"PDGF",0.95485230247945,57,12
"SEMA6",0.415822188118529,70,12
"CLDN",0.128955628627467,86,12
"PSAP",3.16229651825206,37,12
"FGF",0.582066968165278,66,12
"GAP",0.259070524638652,80,12
"RELN",0.800905979041769,61,12
"VCAM",0.398957654502432,71,12
"NOTCH",0.250037088712011,81,12
"NGL",7.32529951122898,8,12
"SLIT",0.120261569916607,88,12
"THBS",1.61645457811241,50,12
"DHT",1.15630184528998,52,12
"ADGRG",6.23591114527297,13,12
"TULP",1.74703456458134,47,12
"ncWNT",5.32645311508015,19,12
"CD99",0.147224503112685,85,12
"UNC5",5.65134497476284,16,12
"ACTIVIN",11.3570839686117,3,12
"ANGPTL",10.8142013516416,5,12
"AGRN",6.53172212794003,10,12
"CD46",5.35979734003933,18,12
"PTN",2.56007308228069,41,12
"PECAM2",0.364851581728665,74,12
"EDA",3.52030623792218,33,12
"Adenosine",2.12851612644988,46,12
"KIT",6.28855599955854,12,12
"FN1",1.25563314269033,51,12
"LIFR",11.1884660027411,4,12
"NT",5.15270200987947,20,12
"ApoA",8.38608937622784,6,12
"VISFATIN",4.66059909872266,24,12
"CD45",3.47045645244284,34,12
"RA",4.2008089640053,26,12
"VEGF",4.69822484126106,23,12
"NEGR",3.62553664594353,32,12
"NPNT",3.71067914126388,31,12
"SEMA4",4.35434096016536,25,12
"DHEA",4.05882546066683,28,12
"FLRT",1.70454780302702,48,12
"ADGRA",7.66531483768319,7,12
"HSPG",1.08900109472652,54,12
"Prostaglandin",3.84389635258554,29,12
"ANGPT",5.39128122962946,17,12
"PECAM1",3.42283699958743,35,12
"TGFb",0.342026100057488,75,12
"OCLN",3.1399787936808,38,12
"VWF",3.33905770015278,36,12
"DESMOSOME",2.42437092387404,44,12
"HGF",2.80000754718837,39,12
"ADGRB",0.727856997486207,63,12
"CD200",1.07204544459939,55,12
"IL1",2.53392359111077,42,12
"CDH5",0.100737127236363,89,12
"CD6",1.68000924723458,49,12
"LAMININ",0.150311060635502,84,13
"ADGRL",1.18224776518577,53,13
"CADM",12.5437090032413,2,13
"PTPRM",7.2828463145778,14,13
"COLLAGEN",0.205501442434421,80,13
"NRG",0.911040074969363,59,13
"JAM",13.4909959462453,1,13
"CDH",6.74923737376166,16,13
"Testosterone",5.8269741632507,21,13
"Cholesterol",0.593852101150606,65,13
"BMP",3.69243130283012,36,13
"NRXN",4.25344416683857,31,13
"NCAM",7.01520918197732,15,13
"Glutamate",6.11487609423648,19,13
"APP",4.44332157517679,29,13
"Estradiol",0.225727279086361,78,13
"SEMA3",7.61749159201401,11,13
"MPZ",0.109561666799029,88,13
"IGF",0.507693905462929,67,13
"PROS",0.480049203881531,70,13
"TENASCIN",0.498399448300943,68,13
"PCDH",1.17061217858249,55,13
"PTPR",0.493964536795274,69,13
"EPHA",0.657630335915017,63,13
"CD39",0.918391943348034,58,13
"Androstenedione",0.0712779242621544,89,13
"NECTIN",0.125910924797152,86,13
"EPHB",0.215987062022983,79,13
"SEMA5",0.472661575671032,71,13
"EGF",2.41254784589261,45,13
"GAS",0.775462064397572,60,13
"Netrin",8.04474652418595,10,13
"CNTN",1.0539098654218,57,13
"SEMA7",0.518573889697461,66,13
"PDGF",0.703393083171177,61,13
"SEMA6",0.313142661239587,74,13
"CLDN",0.199717129985835,81,13
"PSAP",2.51177665126395,44,13
"FGF",0.269576369941757,75,13
"GAP",0.463407134709965,72,13
"RELN",0.633771134683705,64,13
"VCAM",0.184303676038536,82,13
"NOTCH",0.260745725124558,77,13
"NGL",10.2998735406341,6,13
"SLIT",0.114950679957011,87,13
"THBS",1.30080017394379,52,13
"DHT",1.14063273287054,56,13
"ADGRG",6.38112905053903,18,13
"TULP",1.79264232415077,48,13
"ncWNT",5.95148366677087,20,13
"CD99",0.266507084872668,76,13
"UNC5",7.51990732116313,12,13
"ACTIVIN",11.9972720450022,4,13
"ANGPTL",11.5970406272249,5,13
"AGRN",9.7127464428514,8,13
"CD46",7.42574374875443,13,13
"PTN",3.28536096448354,41,13
"PECAM2",0.376638771629417,73,13
"EDA",3.75517212528129,34,13
"Adenosine",2.30688627648623,46,13
"KIT",6.64861597654764,17,13
"FN1",1.61744449823835,49,13
"LIFR",12.3251719204539,3,13
"NT",5.44558935432533,23,13
"ApoA",10.0016773191287,7,13
"VISFATIN",5.1547873224207,24,13
"CD45",3.70431257748748,35,13
"RA",4.28005647652357,30,13
"VEGF",4.88184493412498,26,13
"NEGR",4.51704969533558,28,13
"NPNT",4.02257802445239,32,13
"SEMA4",4.56158148164045,27,13
"DHEA",4.90799344597655,25,13
"FLRT",1.52425430101018,50,13
"ADGRA",8.4545437155838,9,13
"HSPG",1.17233469203444,54,13
"Prostaglandin",3.83632766865646,33,13
"ANGPT",5.47257247177923,22,13
"PECAM1",3.4613181919851,38,13
"TGFb",0.179750736518636,83,13
"OCLN",3.33676439735076,40,13
"VWF",3.5443053901504,37,13
"DESMOSOME",2.67736554106391,43,13
"HGF",3.40148612355986,39,13
"ADGRB",0.701820376617474,62,13
"CD200",1.4501086363194,51,13
"IL1",2.83816010293938,42,13
"CDH5",0.145752090057434,85,13
"CD6",2.30279362496969,47,13
"LAMININ",0.0896030651190739,87,14
"ADGRL",0.878538258621941,58,14
"CADM",18.5541106034312,1,14
"PTPRM",6.7504537755528,15,14
"COLLAGEN",0.0699565423123272,89,14
"NRG",1.10446459519379,54,14
"JAM",16.4010698002766,4,14
"CDH",5.91892698670776,17,14
"Testosterone",4.33466323563479,27,14
"Cholesterol",0.485978390859189,67,14
"BMP",2.91487726836132,40,14
"NRXN",3.31392479365924,37,14
"NCAM",6.75670316091984,14,14
"Glutamate",4.40239200558828,26,14
"APP",4.22344155806282,28,14
"Estradiol",0.13533993296934,85,14
"SEMA3",8.07366985732254,8,14
"MPZ",0.295214844350018,76,14
"IGF",0.406647495576986,71,14
"PROS",0.559690141624061,64,14
"TENASCIN",0.317455295223236,75,14
"PCDH",1.14258520121778,53,14
"PTPR",0.38135923191792,73,14
"EPHA",0.292507090348889,77,14
"CD39",0.543355070260216,65,14
"Androstenedione",0.23723221399855,81,14
"NECTIN",0.385906664597598,72,14
"EPHB",0.56750399121628,62,14
"SEMA5",0.610259600927138,61,14
"EGF",2.39609175574436,44,14
"GAS",0.890747908172665,56,14
"Netrin",7.59171656649488,11,14
"CNTN",0.878709165838805,57,14
"SEMA7",0.369390362948219,74,14
"PDGF",0.734884187387942,59,14
"SEMA6",0.474700270075664,68,14
"CLDN",0.146114722650653,84,14
"PSAP",2.91243531226257,41,14
"FGF",0.23276710420423,82,14
"GAP",0.455520651093884,69,14
"RELN",0.526778085828717,66,14
"VCAM",0.0864722586243977,88,14
"NOTCH",0.260590069477196,79,14
"NGL",8.04283349089061,10,14
"SLIT",0.217332439298546,83,14
"THBS",1.52940917284192,50,14
"DHT",1.1669709601431,52,14
"ADGRG",5.88336057616663,18,14
"TULP",1.822501825138,47,14
"ncWNT",5.1158806993687,21,14
"CD99",0.286904535276122,78,14
"UNC5",7.47910461752686,12,14
"ACTIVIN",15.7300289109837,6,14
"ANGPTL",16.0780795715849,5,14
"AGRN",16.5492341264665,2,14
"CD46",7.2419156041233,13,14
"PTN",2.67914754082683,43,14
"PECAM2",0.564555048577978,63,14
"EDA",3.54894454549717,33,14
"Adenosine",1.5949246858512,48,14
"KIT",6.5659962793601,16,14
"FN1",1.37720573650104,51,14
"LIFR",16.4969553680278,3,14
"NT",5.38719855754125,20,14
"ApoA",15.694031584828,7,14
"VISFATIN",4.97043702471439,23,14
"CD45",3.37841124352993,36,14
"RA",4.09755749015583,30,14
"VEGF",5.11367964346461,22,14
"NEGR",3.69385038838828,32,14
"NPNT",4.13964160429102,29,14
"SEMA4",4.44333864873673,25,14
"DHEA",4.66725432812484,24,14
"FLRT",1.53949850720649,49,14
"ADGRA",8.05113419799211,9,14
"HSPG",0.971480115117694,55,14
"Prostaglandin",3.85186298554478,31,14
"ANGPT",5.79065861307444,19,14
"PECAM1",3.45074236043785,35,14
"TGFb",0.255582048160229,80,14
"OCLN",2.8825138872163,42,14
"VWF",3.49842246117136,34,14
"DESMOSOME",2.35372714264872,45,14
"HGF",2.92619310474317,39,14
"ADGRB",0.423678414407857,70,14
"CD200",0.668718770935427,60,14
"IL1",2.95370816650883,38,14
"CDH5",0.132234553130595,86,14
"CD6",2.11021330431405,46,14
"LAMININ",0.170356225319806,85,15
"ADGRL",0.957124191458709,57,15
"CADM",10.4245139437002,1,15
"PTPRM",6.97301897460739,12,15
"COLLAGEN",0.0298095455304613,89,15
"NRG",0.93502384441286,58,15
"JAM",9.65647791162603,5,15
"CDH",6.13518358960915,18,15
"Testosterone",6.08398280562318,19,15
"Cholesterol",0.479170849160633,69,15
"BMP",3.44726276716097,36,15
"NRXN",3.51906023402842,34,15
"NCAM",6.83849177236356,14,15
"Glutamate",4.59114584201027,25,15
"APP",4.42981296377416,28,15
"Estradiol",0.318566424300389,78,15
"SEMA3",7.435318834773,10,15
"MPZ",0.125960609747237,88,15
"IGF",0.472160150632781,70,15
"PROS",0.588154552747019,64,15
"TENASCIN",0.46770524330506,71,15
"PCDH",1.46326726342554,49,15
"PTPR",0.3873621588866,73,15
"EPHA",0.789470978323706,62,15
"CD39",0.811405505305543,61,15
"Androstenedione",0.196824811390706,83,15
"NECTIN",0.358364647706727,76,15
"EPHB",0.519253819569926,68,15
"SEMA5",0.343000313658408,77,15
"EGF",2.35810187980144,45,15
"GAS",0.964969856934373,56,15
"Netrin",7.3732058948929,11,15
"CNTN",0.852669641416642,60,15
"SEMA7",0.457787823678339,72,15
"PDGF",0.625732737467071,63,15
"SEMA6",0.236252360775199,81,15
"CLDN",0.179691364142984,84,15
"PSAP",2.7910260301681,41,15
"FGF",0.291478250317027,79,15
"GAP",0.54688679395254,67,15
"RELN",0.567711509990958,65,15
"VCAM",0.168925356763939,86,15
"NOTCH",0.360628394168151,75,15
"NGL",8.7085419205584,8,15
"SLIT",0.206267616700409,82,15
"THBS",1.47910448931105,48,15
"DHT",1.07163670487712,53,15
"ADGRG",6.72164205430797,16,15
"TULP",1.73210749741631,47,15
"ncWNT",5.76510657179459,20,15
"CD99",0.156781136429933,87,15
"UNC5",6.79115864097571,15,15
"ACTIVIN",9.7557422534288,4,15
"ANGPTL",10.3149400227534,2,15
"AGRN",9.37860907660282,6,15
"CD46",6.92563807723167,13,15
"PTN",3.13715620260237,38,15
"PECAM2",0.556505469945714,66,15
"EDA",3.47754487450141,35,15
"Adenosine",2.09056472790808,46,15
"KIT",6.41329317732163,17,15
"FN1",1.2542681558631,51,15
"LIFR",9.09659550029548,7,15
"NT",5.2893945007451,22,15
"ApoA",9.87453614924518,3,15
"VISFATIN",4.50967355823133,26,15
"CD45",3.3367622729069,37,15
"RA",3.97665268732114,30,15
"VEGF",4.94198633733374,24,15
"NEGR",4.43122263887686,27,15
"NPNT",3.13242748022296,39,15
"SEMA4",4.35936915879108,29,15
"DHEA",4.98502207261763,23,15
"FLRT",1.39470877669697,50,15
"ADGRA",7.61022286145662,9,15
"HSPG",0.988713487543545,55,15
"Prostaglandin",3.75208340700219,32,15
"ANGPT",5.51986668081658,21,15
"PECAM1",2.79243920767126,40,15
"TGFb",0.381483630084957,74,15
"OCLN",3.78476206510351,31,15
"VWF",2.45410918280486,43,15
"DESMOSOME",2.43482475237188,44,15
"HGF",3.55044858535598,33,15
"ADGRB",0.892433026794601,59,15
"CD200",1.063008194806,54,15
"IL1",2.68054066441558,42,15
"CDH5",0.240099972923691,80,15
"CD6",1.22904354624231,52,15
"LAMININ",0.230823052495641,82,16
"ADGRL",0.73831808572551,60,16
"CADM",12.4171020373347,1,16
"PTPRM",6.74855172881919,15,16
"COLLAGEN",0.0815173551274021,88,16
"NRG",0.875204378282235,57,16
"JAM",11.9226273317438,2,16
"CDH",7.22486635872805,14,16
"Testosterone",5.80182281464537,20,16
"Cholesterol",0.605766880947398,64,16
"BMP",3.18651298556418,37,16
"NRXN",4.57777607401763,25,16
"NCAM",6.27476852018379,16,16
"Glutamate",5.97269041721554,18,16
"APP",3.83029033538481,29,16
"Estradiol",0.228052293837494,83,16
"SEMA3",8.54087259600911,10,16
"MPZ",0.335732844304017,78,16
"IGF",0.409578926346348,72,16
"PROS",0.623026088943707,62,16
"TENASCIN",0.237974757273869,81,16
"PCDH",1.13947321650257,54,16
"PTPR",0.366651053140218,75,16
"EPHA",0.468878539043874,69,16
"CD39",0.674045142093068,61,16
"Androstenedione",0.115719180456762,86,16
"NECTIN",0.482718215308067,67,16
"EPHB",0.455487575603183,70,16
"SEMA5",0.476293794993881,68,16
"EGF",2.54677924932659,44,16
"GAS",1.11249956670759,56,16
"Netrin",8.81772452419564,9,16
"CNTN",0.840463810779171,58,16
"SEMA7",0.401751374219631,73,16
"PDGF",0.618300710215798,63,16
"SEMA6",0.44863720931989,71,16
"CLDN",0.260723448362227,80,16
"PSAP",3.10847654482322,38,16
"FGF",0.401349758231377,74,16
"GAP",0.294965606539467,79,16
"RELN",0.532617567112931,66,16
"VCAM",0.128535682269099,84,16
"NOTCH",0.337872336242506,77,16
"NGL",9.87205725603518,6,16
"SLIT",0.118841875697874,85,16
"THBS",1.59233508574229,49,16
"DHT",1.18990739804376,53,16
"ADGRG",6.10610212150141,17,16
"TULP",1.73029101327138,47,16
"ncWNT",5.37895490824832,22,16
"CD99",0.111050355920941,87,16
"UNC5",8.35876346316593,11,16
"ACTIVIN",10.4042015507072,5,16
"ANGPTL",10.4234850807053,4,16
"AGRN",9.56048045025391,7,16
"CD46",7.95997178059343,13,16
"PTN",2.69855624421737,43,16
"PECAM2",0.774108983891897,59,16
"EDA",2.99197879998436,40,16
"Adenosine",1.82049612435965,46,16
"KIT",5.95918022439356,19,16
"FN1",1.13241554863297,55,16
"LIFR",10.9004775684745,3,16
"NT",4.52571679819365,26,16
"ApoA",9.05402081836441,8,16
"VISFATIN",5.04591970443675,23,16
"CD45",3.57532337762131,33,16
"RA",3.5431207208188,34,16
"VEGF",4.21282277496841,28,16
"NEGR",3.80840726262877,30,16
"NPNT",3.31517735814179,35,16
"SEMA4",4.38652602416979,27,16
"DHEA",4.58740108758458,24,16
"FLRT",1.4923508226776,50,16
"ADGRA",8.04057373080137,12,16
"HSPG",1.3771555024325,52,16
"Prostaglandin",3.7912291417802,31,16
"ANGPT",5.58539800351184,21,16
"PECAM1",2.83193092112386,42,16
"TGFb",0.343728076905775,76,16
"OCLN",3.60153483473205,32,16
"VWF",3.04010905647616,39,16
"DESMOSOME",2.34202183749924,45,16
"HGF",2.8772833271322,41,16
"ADGRB",0.587168213269749,65,16
"CD200",1.45908812457331,51,16
"IL1",3.19956623225572,36,16
"CDH5",0.0242360754911035,89,16
"CD6",1.65426183370569,48,16
"LAMININ",0.15978600841547,85,17
"ADGRL",1.08300369871493,56,17
"CADM",16.9238091502875,1,17
"PTPRM",6.2672478939663,15,17
"COLLAGEN",0.243742165388485,78,17
"NRG",1.10158517364112,54,17
"JAM",14.4102490104315,5,17
"CDH",6.16012962152555,18,17
"Testosterone",6.20010067374969,17,17
"Cholesterol",0.522576160815873,66,17
"BMP",2.48514313176519,43,17
"NRXN",3.82974587227182,32,17
"NCAM",6.51862493896939,14,17
"Glutamate",4.6611982515561,25,17
"APP",4.51948878421352,27,17
"Estradiol",0.206869470934401,82,17
"SEMA3",7.99039053314487,11,17
"MPZ",0.0263894857155322,89,17
"IGF",0.397778015169966,69,17
"PROS",0.798040571553331,60,17
"TENASCIN",0.27083701007915,76,17
"PCDH",1.34407728358734,51,17
"PTPR",0.491439766086098,68,17
"EPHA",0.191257478352721,83,17
"CD39",0.822282824986413,59,17
"Androstenedione",0.144470351937555,87,17
"NECTIN",0.170460008233063,84,17
"EPHB",0.287923129200904,75,17
"SEMA5",0.323300029827789,73,17
"EGF",2.37120298337649,46,17
"GAS",1.08772786865955,55,17
"Netrin",8.50432124431394,8,17
"CNTN",0.770329358798985,61,17
"SEMA7",0.350691438952302,71,17
"PDGF",0.657950865971906,65,17
"SEMA6",0.342517549810079,72,17
"CLDN",0.0615953210926887,88,17
"PSAP",3.46635385392043,35,17
"FGF",0.320865308702006,74,17
"GAP",0.51335473660313,67,17
"RELN",0.705514663985924,63,17
"VCAM",0.222410892464933,80,17
"NOTCH",0.391961851274191,70,17
"NGL",8.19288789674981,10,17
"SLIT",0.213552409577821,81,17
"THBS",1.3014934312347,53,17
"DHT",1.0156227342983,57,17
"ADGRG",6.00678293735598,19,17
"TULP",1.79905770863005,49,17
"ncWNT",5.03543782297516,22,17
"CD99",0.226584333818997,79,17
"UNC5",7.30504411916864,12,17
"ACTIVIN",15.0645246842549,4,17
"ANGPTL",15.5329913319593,3,17
"AGRN",11.6033316865218,7,17
"CD46",7.06183908278191,13,17
"PTN",2.38589098512995,45,17
"PECAM2",0.746609737335699,62,17
"EDA",3.46938887359946,34,17
"Adenosine",2.45470952182999,44,17
"KIT",6.24668136740634,16,17
"FN1",1.33936801476921,52,17
"LIFR",15.8496988426918,2,17
"NT",5.11999802492702,21,17
"ApoA",12.5718801833517,6,17
"VISFATIN",4.98243640112776,24,17
"CD45",3.3639182443648,36,17
"RA",4.34432961437185,29,17
"VEGF",4.99774653022456,23,17
"NEGR",3.1932687190833,38,17
"NPNT",4.3728019766772,28,17
"SEMA4",4.63468077178029,26,17
"DHEA",4.01574324686008,30,17
"FLRT",1.96212881730394,48,17
"ADGRA",8.26098588707439,9,17
"HSPG",0.900705904898627,58,17
"Prostaglandin",3.76511561282366,33,17
"ANGPT",5.8286763736373,20,17
"PECAM1",2.87643950489519,40,17
"TGFb",0.269656786964167,77,17
"OCLN",3.88267109844226,31,17
"VWF",3.32993436085755,37,17
"DESMOSOME",2.56099440007419,42,17
"HGF",2.57153047786718,41,17
"ADGRB",0.698814489550242,64,17
"CD200",1.70400522391272,50,17
"IL1",2.93716339179119,39,17
"CDH5",0.151894159556996,86,17
"CD6",2.09504327817206,47,17
"LAMININ",0.341898739972814,77,18
"ADGRL",0.978906519519785,55,18
"CADM",16.6664451304068,6,18
"PTPRM",6.01247215850009,11,18
"COLLAGEN",0.134371644759839,86,18
"NRG",0.931216070386419,59,18
"JAM",18.3110644038128,2,18
"CDH",4.66121401522699,22,18
"Testosterone",6.01353682644732,10,18
"Cholesterol",0.589388799987524,68,18
"BMP",2.99566088774256,36,18
"NRXN",2.37214532365563,43,18
"NCAM",5.63170579841391,12,18
"Glutamate",3.76045661736675,31,18
"APP",3.94271073538053,29,18
"Estradiol",0.159194002909792,85,18
"SEMA3",4.77581092825446,18,18
"MPZ",0.210294806382867,83,18
"IGF",0.37789003474412,73,18
"PROS",0.735310018734845,63,18
"TENASCIN",0.346472603704249,76,18
"PCDH",1.27257127547191,52,18
"PTPR",0.401979938326567,72,18
"EPHA",0.59283130299912,67,18
"CD39",0.767451210253814,62,18
"Androstenedione",0.167302080959368,84,18
"NECTIN",0.297495312047371,80,18
"EPHB",0.347456186859401,75,18
"SEMA5",0.431787739035702,71,18
"EGF",2.25929272636377,44,18
"GAS",0.942550191134012,57,18
"Netrin",4.8078453267866,17,18
"CNTN",0.964463003008659,56,18
"SEMA7",0.366091306046519,74,18
"PDGF",0.777851656801175,61,18
"SEMA6",0.465677605199076,70,18
"CLDN",0.116954180681814,88,18
"PSAP",2.72726243037274,41,18
"FGF",0.639694530505544,64,18
"GAP",0.603919272043383,66,18
"RELN",0.613482527583063,65,18
"VCAM",0.324098048746332,78,18
"NOTCH",0.224496790443325,82,18
"NGL",7.27760167490701,9,18
"SLIT",0.227965642122383,81,18
"THBS",1.36911733316604,50,18
"DHT",0.936053461618139,58,18
"ADGRG",4.89428104275755,16,18
"TULP",1.77166716219084,47,18
"ncWNT",4.75597652333227,19,18
"CD99",0.0346883348064508,89,18
"UNC5",4.61133240727749,24,18
"ACTIVIN",17.2290926508857,5,18
"ANGPTL",16.238425578538,7,18
"AGRN",19.3347067916488,1,18
"CD46",4.32611296649569,25,18
"PTN",2.48329863871028,42,18
"PECAM2",0.87973117253807,60,18
"EDA",3.67401811118294,33,18
"Adenosine",1.95804188802431,46,18
"KIT",5.53029137546499,13,18
"FN1",1.51962903909948,49,18
"LIFR",17.3518692821637,4,18
"NT",5.4828611687562,14,18
"ApoA",18.2835945421088,3,18
"VISFATIN",4.68900970217784,21,18
"CD45",3.13456151788062,35,18
"RA",3.41202802573141,34,18
"VEGF",4.66088433453374,23,18
"NEGR",3.96662386184934,28,18
"NPNT",4.17592780528107,27,18
"SEMA4",4.31708877488245,26,18
"DHEA",4.74252050317627,20,18
"FLRT",1.54356197517596,48,18
"ADGRA",7.87118604611642,8,18
"HSPG",1.16947131549028,54,18
"Prostaglandin",3.71650324242885,32,18
"ANGPT",5.46025389954821,15,18
"PECAM1",2.77663483305887,39,18
"TGFb",0.304244524493029,79,18
"OCLN",3.78124771441933,30,18
"VWF",2.76626578526364,40,18
"DESMOSOME",2.21702798894078,45,18
"HGF",2.89622356007982,37,18
"ADGRB",0.469328110764238,69,18
"CD200",1.23315389587911,53,18
"IL1",2.84099955725538,38,18
"CDH5",0.128079993780199,87,18
"CD6",1.31630140936246,51,18
"LAMININ",0.216706159321813,84,19
"ADGRL",0.941392580244869,56,19
"CADM",9.9543054134616,2,19
"PTPRM",6.70615858838692,14,19
"COLLAGEN",0.253940165177401,83,19
"NRG",0.929381983645155,57,19
"JAM",10.0923793969926,1,19
"CDH",5.87082638345962,17,19
"Testosterone",5.73486269534251,19,19
"Cholesterol",0.655161594502618,64,19
"BMP",3.61268906493874,32,19
"NRXN",4.49982400064387,27,19
"NCAM",6.0764905466841,15,19
"Glutamate",5.07684911375028,23,19
"APP",4.35143306116297,28,19
"Estradiol",0.277022907207849,80,19
"SEMA3",8.01932379024305,8,19
"MPZ",0.310468151678506,76,19
"IGF",0.373879997618453,70,19
"PROS",0.644795035661219,65,19
"TENASCIN",0.269958246943395,82,19
"PCDH",1.20391033964977,52,19
"PTPR",0.508612162361351,68,19
"EPHA",0.668065258969181,62,19
"CD39",0.790493347696014,59,19
"Androstenedione",0.159284479472381,88,19
"NECTIN",0.202117486729153,86,19
"EPHB",0.31273957785594,75,19
"SEMA5",0.353903128491506,72,19
"EGF",2.2735247926828,45,19
"GAS",0.71537538549439,61,19
"Netrin",8.17648301895538,7,19
"CNTN",0.963672309902444,55,19
"SEMA7",0.37006114487748,71,19
"PDGF",0.514492964865879,67,19
"SEMA6",0.290691182463302,77,19
"CLDN",0.284512047319341,78,19
"PSAP",2.78027680305123,41,19
"FGF",0.353045212210232,73,19
"GAP",0.664195791441928,63,19
"RELN",0.742654894922299,60,19
"VCAM",0.272586231357474,81,19
"NOTCH",0.209555220500066,85,19
"NGL",8.39574095957751,6,19
"SLIT",0.148244186168064,89,19
"THBS",1.23795142786944,51,19
"DHT",0.909981420779252,58,19
"ADGRG",5.61266370962087,20,19
"TULP",1.80479233062252,49,19
"ncWNT",5.85061884988749,18,19
"CD99",0.279819697018287,79,19
"UNC5",7.33833969984385,11,19
"ACTIVIN",9.08092746965591,4,19
"ANGPTL",8.79939856454274,5,19
"AGRN",6.99959855037454,12,19
"CD46",7.44760854933646,10,19
"PTN",2.75158364805216,42,19
"PECAM2",0.470378232431112,69,19
"EDA",3.46271795107357,35,19
"Adenosine",2.21185638833103,47,19
"KIT",5.93825118961492,16,19
"FN1",1.45904264684845,50,19
"LIFR",9.32353482769315,3,19
"NT",5.12130283813579,22,19
"ApoA",6.96230418491743,13,19
"VISFATIN",4.77155244367459,25,19
"CD45",3.59929134584873,33,19
"RA",3.81071285727455,31,19
"VEGF",4.75866620923654,26,19
"NEGR",4.04736217761645,29,19
"NPNT",3.52560558445502,34,19
"SEMA4",4.02571941699195,30,19
"DHEA",4.84224128571538,24,19
"FLRT",1.8647751486671,48,19
"ADGRA",7.75787466250937,9,19
"HSPG",1.1508967338653,53,19
"Prostaglandin",3.4435810608939,36,19
"ANGPT",5.47004647101173,21,19
"PECAM1",3.39258104900845,37,19
"TGFb",0.328893823632622,74,19
"OCLN",3.36775922912537,38,19
"VWF",3.06420632879588,40,19
"DESMOSOME",2.4580914000274,44,19
"HGF",3.28165166371653,39,19
"ADGRB",0.593534699730978,66,19
"CD200",1.12817568178988,54,19
"IL1",2.69409495847192,43,19
"CDH5",0.187410042727085,87,19
"CD6",2.22010548147653,46,19
"LAMININ",0.116824953103455,84,20
"ADGRL",1.14824071294261,55,20
"CADM",10.6989638718226,2,20
"PTPRM",7.11640789596381,10,20
"COLLAGEN",0.263905657806039,78,20
"NRG",0.824315470098753,59,20
"JAM",10.9759495769689,1,20
"CDH",5.56602947321823,18,20
"Testosterone",5.20365446419316,20,20
"Cholesterol",0.546957564453105,65,20
"BMP",3.68883295696445,31,20
"NRXN",3.48711983254118,38,20
"NCAM",6.32075726196578,14,20
"Glutamate",4.2052594416335,27,20
"APP",4.13023336686208,28,20
"Estradiol",0.355803640695266,74,20
"SEMA3",7.36660265222054,9,20
"MPZ",0.0693093018723977,88,20
"IGF",0.444883672956942,69,20
"PROS",0.698382350785829,63,20
"TENASCIN",0.300133819051466,77,20
"PCDH",1.46070630697893,52,20
"PTPR",0.34801456145797,75,20
"EPHA",0.422345408882367,70,20
"CD39",0.828213324326811,58,20
"Androstenedione",0.255624665777325,79,20
"NECTIN",0.40753886053542,71,20
"EPHB",0.322219837330008,76,20
"SEMA5",0.460988003508005,68,20
"EGF",2.0868824253311,46,20
"GAS",0.754925251972685,62,20
"Netrin",7.38128073412424,8,20
"CNTN",0.994846306068645,57,20
"SEMA7",0.386601182010438,72,20
"PDGF",0.678660881807818,64,20
"SEMA6",0.474395787065985,67,20
"CLDN",0.223368940809678,81,20
"PSAP",2.98481764868242,42,20
"FGF",0.372811443387229,73,20
"GAP",0.0919093033523024,87,20
"RELN",0.816613286341149,60,20
"VCAM",0.160395872292157,82,20
"NOTCH",0.116750795840745,85,20
"NGL",8.85274797985047,6,20
"SLIT",0.0320680035017294,89,20
"THBS",1.50313041529082,50,20
"DHT",1.08832241844433,56,20
"ADGRG",6.14477616916562,16,20
"TULP",1.61012512335041,49,20
"ncWNT",5.83339154642906,17,20
"CD99",0.223520906739186,80,20
"UNC5",6.72864978413402,11,20
"ACTIVIN",9.9871306574389,3,20
"ANGPTL",9.36034731220407,5,20
"AGRN",4.91983543351895,23,20
"CD46",6.66980422284627,12,20
"PTN",3.19505976139865,41,20
"PECAM2",0.507541085870156,66,20
"EDA",3.47756359423392,39,20
"Adenosine",1.81655502062143,47,20
"KIT",6.19116429054453,15,20
"FN1",1.78604211683071,48,20
"LIFR",9.51040121100507,4,20
"NT",4.93863256663612,22,20
"ApoA",6.4144560529695,13,20
"VISFATIN",4.68092067255633,25,20
"CD45",3.5893867711929,33,20
"RA",3.83250504593051,30,20
"VEGF",4.73710842500177,24,20
"NEGR",4.12026903200169,29,20
"NPNT",3.56763718641884,34,20
"SEMA4",4.24141316891095,26,20
"DHEA",5.083288466573,21,20
"FLRT",1.48967487892027,51,20
"ADGRA",7.58013709253093,7,20
"HSPG",1.42324936595352,53,20
"Prostaglandin",3.64156280960356,32,20
"ANGPT",5.41173516946983,19,20
"PECAM1",3.52605726917493,35,20
"TGFb",0.104021188176077,86,20
"OCLN",3.49129993802574,37,20
"VWF",3.50666044793528,36,20
"DESMOSOME",2.62887292661742,44,20
"HGF",3.40234290161128,40,20
"ADGRB",0.785511816459962,61,20
"CD200",1.31130338646706,54,20
"IL1",2.8834101619673,43,20
"CDH5",0.142727288553914,83,20
"CD6",2.24407944438357,45,20
"LAMININ",0.0759385342177081,89,21
"ADGRL",0.967717471594727,59,21
"CADM",10.0514790013433,2,21
"PTPRM",6.20168092828196,13,21
"COLLAGEN",0.209576533781525,84,21
"NRG",0.972834765366002,58,21
"JAM",10.5916339502937,1,21
"CDH",6.3342927594248,12,21
"Testosterone",5.77056277303308,14,21
"Cholesterol",0.562061444587071,67,21
"BMP",3.16507215099599,38,21
"NRXN",4.88443919026956,22,21
"NCAM",5.33793431337008,19,21
"Glutamate",5.73174602195129,15,21
"APP",3.93557009551213,29,21
"Estradiol",0.255999787539324,79,21
"SEMA3",8.06139490292068,8,21
"MPZ",0.152721581289166,88,21
"IGF",0.375786745346323,73,21
"PROS",0.61788005933373,65,21
"TENASCIN",0.446602770887306,71,21
"PCDH",1.39210308080067,50,21
"PTPR",0.663300528402855,61,21
"EPHA",0.592912120269866,66,21
"CD39",0.995418640680395,56,21
"Androstenedione",0.185404324101538,86,21
"NECTIN",0.399914154598404,72,21
"EPHB",0.320652590844289,76,21
"SEMA5",0.466793560901026,70,21
"EGF",2.26323411620662,45,21
"GAS",0.649676027192071,63,21
"Netrin",8.58042186448743,6,21
"CNTN",0.978852996036314,57,21
"SEMA7",0.327166663206194,75,21
"PDGF",0.741199904625603,60,21
"SEMA6",0.331328825205512,74,21
"CLDN",0.250998787973126,80,21
"PSAP",2.72822185630904,42,21
"FGF",0.304387985312471,77,21
"GAP",0.47225983057823,69,21
"RELN",0.663007530698456,62,21
"VCAM",0.235430660856947,83,21
"NOTCH",0.24165035045495,82,21
"NGL",9.67898713983396,3,21
"SLIT",0.278252534976484,78,21
"THBS",1.57515148774448,49,21
"DHT",1.07487152292058,55,21
"ADGRG",4.95996959030173,21,21
"TULP",1.7281956843938,48,21
"ncWNT",5.24363263034401,20,21
"CD99",0.208707740642215,85,21
"UNC5",7.78899197010618,9,21
"ACTIVIN",9.24072287437411,4,21
"ANGPTL",8.57713718397785,7,21
"AGRN",4.81219699486786,23,21
"CD46",7.65642431715678,10,21
"PTN",2.56217653381708,44,21
"PECAM2",0.540777493380516,68,21
"EDA",2.96303974348417,41,21
"Adenosine",2.1220863181166,46,21
"KIT",5.55363151582034,17,21
"FN1",1.37318572330677,52,21
"LIFR",8.92005022942357,5,21
"NT",4.77472795090463,24,21
"ApoA",5.55392983912696,16,21
"VISFATIN",4.52307802819268,27,21
"CD45",3.70574492579848,30,21
"RA",3.36153901990423,36,21
"VEGF",4.61931742770527,25,21
"NEGR",3.60297053023115,33,21
"NPNT",3.69762738774324,31,21
"SEMA4",4.26994789603069,28,21
"DHEA",4.54971772840645,26,21
"FLRT",1.37592521399345,51,21
"ADGRA",7.37818247530252,11,21
"HSPG",1.31181248205367,53,21
"Prostaglandin",3.60905333039911,32,21
"ANGPT",5.459375155232,18,21
"PECAM1",3.43261634276015,34,21
"TGFb",0.177159502805802,87,21
"OCLN",3.40279889000071,35,21
"VWF",3.19897591182888,37,21
"DESMOSOME",2.58628211899817,43,21
"HGF",2.99526255399344,39,21
"ADGRB",0.642421959915866,64,21
"CD200",1.10795449969146,54,21
"IL1",2.9683239222013,40,21
"CDH5",0.246565327330311,81,21
"CD6",2.03278306043462,47,21
"LAMININ",0.0670571143753159,88,22
"ADGRL",0.896292141945279,58,22
"CADM",11.1444991291154,7,22
"PTPRM",7.43619576169496,15,22
"COLLAGEN",0.0652164510842048,89,22
"NRG",1.00889627556195,57,22
"JAM",13.2354587916109,1,22
"CDH",8.30382386011134,11,22
"Testosterone",5.2482632868641,26,22
"Cholesterol",0.429074792044025,71,22
"BMP",3.38859885525662,38,22
"NRXN",6.26049906561198,20,22
"NCAM",7.25788955503146,16,22
"Glutamate",7.05492805742054,17,22
"APP",4.80021041479758,28,22
"Estradiol",0.172794234022048,82,22
"SEMA3",8.20154588110408,12,22
"MPZ",0.103171056278206,86,22
"IGF",0.540257755733048,67,22
"PROS",0.600683074456014,65,22
"TENASCIN",0.290705594123137,77,22
"PCDH",1.32099064859835,53,22
"PTPR",0.327599890018276,73,22
"EPHA",0.720952409726402,61,22
"CD39",0.731901471641312,60,22
"Androstenedione",0.0891153763889384,87,22
"NECTIN",0.246312841727209,80,22
"EPHB",0.45692688030608,69,22
"SEMA5",0.293048318590546,75,22
"EGF",2.95974878986439,43,22
"GAS",1.07317047338774,55,22
"Netrin",8.37738717720432,10,22
"CNTN",0.782020472415638,59,22
"SEMA7",0.308967254239777,74,22
"PDGF",0.719097702155533,62,22
"SEMA6",0.437662673438381,70,22
"CLDN",0.291898117504867,76,22
"PSAP",3.20592759216027,40,22
"FGF",0.386872858790153,72,22
"GAP",0.546952770182318,66,22
"RELN",0.700689260302058,63,22
"VCAM",0.136339083055251,84,22
"NOTCH",0.190104012032255,81,22
"NGL",11.0679599860415,8,22
"SLIT",0.249793167587625,79,22
"THBS",1.95336121027052,48,22
"DHT",1.06391259681439,56,22
"ADGRG",6.51033939144814,19,22
"TULP",1.7389772444451,49,22
"ncWNT",5.90454570675977,22,22
"CD99",0.272546433422893,78,22
"UNC5",8.04614681625404,13,22
"ACTIVIN",12.6881254296882,2,22
"ANGPTL",12.0689752219422,4,22
"AGRN",11.812508058552,5,22
"CD46",7.72068086053119,14,22
"PTN",2.47742155903918,44,22
"PECAM2",0.642346358246477,64,22
"EDA",3.80756880497438,35,22
"Adenosine",2.07792924424343,47,22
"KIT",7.02225099233616,18,22
"FN1",1.48367413881509,52,22
"LIFR",12.2355529268727,3,22
"NT",5.63588623300421,23,22
"ApoA",11.5275639063894,6,22
"VISFATIN",5.61961369047963,24,22
"CD45",3.8778436838974,34,22
"RA",4.33029144302323,30,22
"VEGF",5.28716948523233,25,22
"NEGR",3.95106767454619,31,22
"NPNT",3.94526141037793,32,22
"SEMA4",4.88224693168144,27,22
"DHEA",4.77823723295913,29,22
"FLRT",1.61555087503443,51,22
"ADGRA",8.4049925505677,9,22
"HSPG",1.63622889647768,50,22
"Prostaglandin",3.91171565447264,33,22
"ANGPT",5.95246848912452,21,22
"PECAM1",3.75079460089928,36,22
"TGFb",0.11709480967858,85,22
"OCLN",3.5195514530882,37,22
"VWF",3.37496879937733,39,22
"DESMOSOME",2.11727929190629,46,22
"HGF",3.04319530185817,42,22
"ADGRB",0.457637951147318,68,22
"CD200",1.07802808960173,54,22
"IL1",3.09261105551357,41,22
"CDH5",0.157925820169561,83,22
"CD6",2.44837431834556,45,22
"LAMININ",0.194125638725907,86,23
"ADGRL",0.981981035139644,57,23
"CADM",17.9587249639764,5,23
"PTPRM",6.03330265304215,17,23
"COLLAGEN",0.122849235623887,87,23
"NRG",0.882350896101951,60,23
"JAM",19.2175518894986,2,23
"CDH",18.5255709928853,3,23
"Testosterone",5.57820153958977,20,23
"Cholesterol",0.535431964498765,66,23
"BMP",3.66823571113174,31,23
"NRXN",17.7676654766908,6,23
"NCAM",5.92372335291849,18,23
"Glutamate",18.1871360721344,4,23
"APP",4.00462303078825,29,23
"Estradiol",0.220874423570819,84,23
"SEMA3",16.5383159560088,13,23
"MPZ",0.305563451750782,78,23
"IGF",0.403425710504177,73,23
"PROS",0.590523840342965,62,23
"TENASCIN",0.310723853294381,77,23
"PCDH",1.34263592795338,53,23
"PTPR",0.474104011736503,69,23
"EPHA",0.500102118682703,67,23
"CD39",0.926939375688085,58,23
"Androstenedione",0.110819763441274,88,23
"NECTIN",0.271386008412174,81,23
"EPHB",0.375648785489175,74,23
"SEMA5",0.476102621313739,68,23
"EGF",2.39100368463083,45,23
"GAS",0.91122001836692,59,23
"Netrin",16.9195447848698,11,23
"CNTN",1.02002819553954,55,23
"SEMA7",0.26599887020359,82,23
"PDGF",0.467924541256396,70,23
"SEMA6",0.404923588260949,72,23
"CLDN",0.204155483812622,85,23
"PSAP",2.75046383779347,44,23
"FGF",0.329412626489976,76,23
"GAP",0.538821486942508,65,23
"RELN",0.607804089185975,61,23
"VCAM",0.273590565103844,79,23
"NOTCH",0.447341921211212,71,23
"NGL",19.9190612930471,1,23
"SLIT",0.246870870618509,83,23
"THBS",1.56322408439025,50,23
"DHT",1.00796095463994,56,23
"ADGRG",5.149331802202,22,23
"TULP",2.00424374343008,47,23
"ncWNT",5.10065757546791,23,23
"CD99",0.272342954021357,80,23
"UNC5",16.7164479637278,12,23
"ACTIVIN",17.6493311511439,7,23
"ANGPTL",17.2180652467863,8,23
"AGRN",13.001840390237,15,23
"CD46",16.9885359731221,10,23
"PTN",2.81533344407397,43,23
"PECAM2",0.589276947002457,63,23
"EDA",3.39699167123874,38,23
"Adenosine",1.94050856212516,48,23
"KIT",5.59777166474426,19,23
"FN1",1.48725467126187,51,23
"LIFR",17.0810906294093,9,23
"NT",4.74412504378298,24,23
"ApoA",13.8386482339287,14,23
"VISFATIN",4.64699053925018,26,23
"CD45",3.60251803365359,32,23
"RA",3.32273569730189,39,23
"VEGF",4.36675073416803,27,23
"NEGR",3.73443514201982,30,23
"NPNT",3.55687071796467,33,23
"SEMA4",4.14724664776238,28,23
"DHEA",4.66426224278053,25,23
"FLRT",1.69165171133924,49,23
"ADGRA",7.79035485038186,16,23
"HSPG",1.44344073070564,52,23
"Prostaglandin",3.44730085773461,36,23
"ANGPT",5.27721855005521,21,23
"PECAM1",3.54981851357452,34,23
"TGFb",0.349643479052157,75,23
"OCLN",3.53773925560263,35,23
"VWF",3.40894265332054,37,23
"DESMOSOME",2.83935171111632,42,23
"HGF",3.24416547754654,40,23
"ADGRB",0.5680098090414,64,23
"CD200",1.14148776458483,54,23
"IL1",3.02059375653029,41,23
"CDH5",0.0884168955343107,89,23
"CD6",2.06048553808081,46,23
"LAMININ",0.0925546984834495,89,24
"ADGRL",1.06389697224206,56,24
"CADM",9.44831351187336,5,24
"PTPRM",6.22779972423859,10,24
"COLLAGEN",0.195456919778299,83,24
"NRG",1.15657412731548,54,24
"JAM",11.2761670252536,1,24
"CDH",4.99096304214755,21,24
"Testosterone",5.50605854609338,16,24
"Cholesterol",0.540806953390357,67,24
"BMP",3.07780497885546,38,24
"NRXN",2.65664615216918,43,24
"NCAM",5.80785712039165,13,24
"Glutamate",3.75721995470639,29,24
"APP",3.92809400100588,27,24
"Estradiol",0.239687401951279,80,24
"SEMA3",5.94160720734498,12,24
"MPZ",0.154428182835125,86,24
"IGF",0.287800516695334,78,24
"PROS",0.827897269941057,62,24
"TENASCIN",0.325700968722764,76,24
"PCDH",1.12576813257909,55,24
"PTPR",0.476158559631904,68,24
"EPHA",0.567825123121311,66,24
"CD39",0.948043466442161,58,24
"Androstenedione",0.101193953358572,88,24
"NECTIN",0.313391700775928,77,24
"EPHB",0.398783557514568,73,24
"SEMA5",0.404600221713247,71,24
"EGF",1.92987498292074,47,24
"GAS",0.916932629629965,60,24
"Netrin",6.13472378840477,11,24
"CNTN",0.873304831361859,61,24
"SEMA7",0.465349503867475,70,24
"PDGF",0.91934004530601,59,24
"SEMA6",0.40157703061469,72,24
"CLDN",0.210270184186349,81,24
"PSAP",2.88238677429232,40,24
"FGF",0.243526589601941,79,24
"GAP",0.388413339544995,74,24
"RELN",0.703174861690241,63,24
"VCAM",0.198276042344214,82,24
"NOTCH",0.4673726691425,69,24
"NGL",7.62746681840088,8,24
"SLIT",0.184724215409904,85,24
"THBS",1.72297306351523,49,24
"DHT",1.03102300699023,57,24
"ADGRG",5.27948636966084,18,24
"TULP",1.73166173216169,48,24
"ncWNT",5.12675464687049,20,24
"CD99",0.145840742328038,87,24
"UNC5",5.74297522106943,14,24
"ACTIVIN",9.84151177894982,2,24
"ANGPTL",9.19970478746294,6,24
"AGRN",9.58316539997439,3,24
"CD46",5.60439748776664,15,24
"PTN",2.69398149261889,42,24
"PECAM2",0.624566540897311,65,24
"EDA",3.08793959422564,37,24
"Adenosine",2.0499875247866,46,24
"KIT",5.47453343986016,17,24
"FN1",1.27810440021621,51,24
"LIFR",9.5338711490898,4,24
"NT",4.71741039065654,22,24
"ApoA",9.05907922042331,7,24
"VISFATIN",4.42648049584813,24,24
"CD45",3.66791149585856,31,24
"RA",3.43474656305828,34,24
"VEGF",4.14974468127507,25,24
"NEGR",3.59225496679397,32,24
"NPNT",3.55862876638447,33,24
"SEMA4",4.01756244074667,26,24
"DHEA",4.45055188583753,23,24
"FLRT",1.35777875867635,50,24
"ADGRA",7.22144008718871,9,24
"HSPG",1.26738136562067,52,24
"Prostaglandin",3.78549216368151,28,24
"ANGPT",5.27694801899649,19,24
"PECAM1",3.6909258270698,30,24
"TGFb",0.372714068018737,75,24
"OCLN",3.26300574500894,36,24
"VWF",3.31398198843212,35,24
"DESMOSOME",2.49655178210975,44,24
"HGF",2.72600184329573,41,24
"ADGRB",0.677366210699788,64,24
"CD200",1.20827735181626,53,24
"IL1",2.97598756468624,39,24
"CDH5",0.193713758662526,84,24
"CD6",2.11136876294205,45,24
"LAMININ",0.11690223161086,87,25
"ADGRL",0.82408344050367,59,25
"CADM",9.64857802206084,4,25
"PTPRM",6.57347767425239,17,25
"COLLAGEN",0.162948779755422,85,25
"NRG",1.21297855598388,52,25
"JAM",7.98412197812175,13,25
"CDH",7.46059526968519,14,25
"Testosterone",6.11105871990272,19,25
"Cholesterol",0.692445697968078,62,25
"BMP",3.48786960778599,37,25
"NRXN",5.12824044039059,24,25
"NCAM",7.09429632177293,15,25
"Glutamate",6.45410468904104,18,25
"APP",4.77206178935558,27,25
"Estradiol",0.307042504390326,75,25
"SEMA3",8.81318702458136,6,25
"MPZ",0.27320887482417,80,25
"IGF",0.0838829400957124,89,25
"PROS",0.787847507285809,60,25
"TENASCIN",0.397779561435349,70,25
"PCDH",1.26302421941909,51,25
"PTPR",0.197769870787885,83,25
"EPHA",0.762880829687894,61,25
"CD39",0.658075582906107,66,25
"Androstenedione",0.195567604423998,84,25
"NECTIN",0.395802458776785,72,25
"EPHB",0.397605103627962,71,25
"SEMA5",0.388305873026391,73,25
"EGF",2.36287929839693,44,25
"GAS",1.05883252501721,56,25
"Netrin",8.86082035404076,5,25
"CNTN",0.863164787672231,58,25
"SEMA7",0.572728788314318,67,25
"PDGF",0.684283863543347,63,25
"SEMA6",0.289647827496715,77,25
"CLDN",0.219711305872356,81,25
"PSAP",3.31438332776908,38,25
"FGF",0.291476981173278,76,25
"GAP",0.5637769712196,68,25
"RELN",0.682029905982352,64,25
"VCAM",0.340120172500099,74,25
"NOTCH",0.283593890596465,78,25
"NGL",10.1740182404137,3,25
"SLIT",0.124407171277984,86,25
"THBS",1.0663347942253,55,25
"DHT",1.01021742430028,57,25
"ADGRG",6.01727193806236,20,25
"TULP",1.77771692804216,48,25
"ncWNT",5.1118522089232,25,25
"CD99",0.275145741559909,79,25
"UNC5",8.30815579877548,10,25
"ACTIVIN",8.28186236681566,11,25
"ANGPTL",8.63836016610601,7,25
"AGRN",10.4538568173722,2,25
"CD46",8.3996182559734,9,25
"PTN",2.93107091078539,42,25
"PECAM2",0.463024504625808,69,25
"EDA",3.61798387706514,35,25
"Adenosine",2.32867165907192,46,25
"KIT",6.64658417561633,16,25
"FN1",1.45455815375301,50,25
"LIFR",8.22326176937069,12,25
"NT",5.79288824547334,22,25
"ApoA",10.5044069072523,1,25
"VISFATIN",4.95870727313118,26,25
"CD45",3.59692065810935,36,25
"RA",4.03472267512802,32,25
"VEGF",5.38241007287171,23,25
"NEGR",4.00341035103854,33,25
"NPNT",4.6862122962373,28,25
"SEMA4",4.60187382461692,29,25
"DHEA",4.32584308546255,30,25
"FLRT",1.56725916992227,49,25
"ADGRA",8.51888803414978,8,25
"HSPG",1.0818200573268,54,25
"Prostaglandin",4.07339752535075,31,25
"ANGPT",5.82059140053032,21,25
"PECAM1",3.30542377096336,39,25
"TGFb",0.115426027320899,88,25
"OCLN",3.6631561403016,34,25
"VWF",2.96193311287992,41,25
"DESMOSOME",2.34847792132692,45,25
"HGF",3.14342782969168,40,25
"ADGRB",0.661761985042141,65,25
"CD200",1.17128091712888,53,25
"IL1",2.78205875955296,43,25
"CDH5",0.199494336018296,82,25
"CD6",1.89452151196714,47,25
"LAMININ",0.134004413299724,87,26
"ADGRL",1.02806371041869,55,26
"CADM",10.7760870454764,2,26
"PTPRM",6.37846878296001,13,26
"COLLAGEN",0.111514193075481,88,26
"NRG",1.02297640124583,56,26
"JAM",11.6618912719023,1,26
"CDH",5.26180925239509,20,26
"Testosterone",5.71222498174148,17,26
"Cholesterol",0.504606002734514,69,26
"BMP",3.15704318997316,40,26
"NRXN",3.31722757079001,37,26
"NCAM",6.45713796124619,12,26
"Glutamate",4.16384379456953,26,26
"APP",4.13882306667608,27,26
"Estradiol",0.324973067984499,75,26
"SEMA3",7.42961168011467,8,26
"MPZ",0.3939370200293,73,26
"IGF",0.39473880494775,72,26
"PROS",0.61160184538461,63,26
"TENASCIN",0.280813462211789,78,26
"PCDH",1.32445619277268,52,26
"PTPR",0.317643968893889,76,26
"EPHA",0.547317060649592,67,26
"CD39",0.864551524739466,59,26
"Androstenedione",0.283115516175753,77,26
"NECTIN",0.238590809471162,81,26
"EPHB",0.417615719248483,71,26
"SEMA5",0.560151098435681,66,26
"EGF",2.26411906361718,45,26
"GAS",0.727062834528289,61,26
"Netrin",7.53724450684654,7,26
"CNTN",0.943935526382928,58,26
"SEMA7",0.45953359269905,70,26
"PDGF",0.632625765708396,62,26
"SEMA6",0.345226064373292,74,26
"CLDN",0.0677090005245387,89,26
"PSAP",2.70119704606255,43,26
"FGF",0.270651798309655,80,26
"GAP",0.529903908158811,68,26
"RELN",0.576478446027285,65,26
"VCAM",0.169520404518857,85,26
"NOTCH",0.202718877424444,83,26
"NGL",5.25778811616419,21,26
"SLIT",0.194004191807789,84,26
"THBS",1.7550279767609,48,26
"DHT",1.24950138228004,54,26
"ADGRG",5.95481371463883,16,26
"TULP",1.72152750770587,49,26
"ncWNT",5.36947784634553,19,26
"CD99",0.143106287190397,86,26
"UNC5",6.79462619290277,11,26
"ACTIVIN",10.4696292449848,3,26
"ANGPTL",9.62320593280777,5,26
"AGRN",6.16421318989341,15,26
"CD46",6.97294904380237,9,26
"PTN",2.62126020644281,44,26
"PECAM2",0.603790198382345,64,26
"EDA",3.49239489680626,33,26
"Adenosine",2.0947355882753,47,26
"KIT",6.23351768386706,14,26
"FN1",1.63599865636171,50,26
"LIFR",9.72275882202394,4,26
"NT",4.95043541469587,22,26
"ApoA",6.79968112198961,10,26
"VISFATIN",4.85071636107822,23,26
"CD45",3.47781267829229,34,26
"RA",3.69240679373726,30,26
"VEGF",4.3697914926483,25,26
"NEGR",3.98906949075115,28,26
"NPNT",3.23977738132278,39,26
"SEMA4",4.40766661489187,24,26
"DHEA",3.95258122260598,29,26
"FLRT",1.53842424889209,51,26
"ADGRA",7.56741974379429,6,26
"HSPG",1.28350881214777,53,26
"Prostaglandin",3.62267886890247,31,26
"ANGPT",5.53319982513008,18,26
"PECAM1",3.28445792763277,38,26
"TGFb",0.217474373536719,82,26
"OCLN",3.61172488342395,32,26
"VWF",3.38649197854228,36,26
"DESMOSOME",2.70264881096403,42,26
"HGF",3.42840255128007,35,26
"ADGRB",0.742622866108044,60,26
"CD200",0.970179371332489,57,26
"IL1",3.01432304321087,41,26
"CDH5",0.280674507131353,79,26
"CD6",2.09857509222195,46,26
"LAMININ",0.321687031392126,78,27
"ADGRL",0.972083386290171,57,27
"CADM",6.89034052238377,13,27
"PTPRM",6.30584401556997,16,27
"COLLAGEN",0.324261785485757,77,27
"NRG",1.02093991566149,56,27
"JAM",5.978647568833,18,27
"CDH",10.6115749353719,3,27
"Testosterone",5.81872291280484,20,27
"Cholesterol",0.60749423015604,63,27
"BMP",3.02348296879811,37,27
"NRXN",10.6519368042645,2,27
"NCAM",6.44284578624162,15,27
"Glutamate",10.0630320078109,4,27
"APP",3.98077635978987,29,27
"Estradiol",0.273405819219049,81,27
"SEMA3",9.24218578823558,5,27
"MPZ",0.193238044395695,85,27
"IGF",0.416045025931202,75,27
"PROS",0.568349560801409,67,27
"TENASCIN",0.478169843225781,70,27
"PCDH",1.3475829817195,52,27
"PTPR",0.21980568113338,84,27
"EPHA",0.588418984175231,65,27
"CD39",0.633025201597157,62,27
"Androstenedione",0.0488462499539893,89,27
"NECTIN",0.237630775177273,83,27
"EPHB",0.426021325116843,74,27
"SEMA5",0.49597230337039,69,27
"EGF",2.45859364549308,45,27
"GAS",0.607375799692827,64,27
"Netrin",8.9348972456679,6,27
"CNTN",0.955055938261676,58,27
"SEMA7",0.576390715186951,66,27
"PDGF",0.674056144668475,60,27
"SEMA6",0.464200049309038,71,27
"CLDN",0.311095539039067,79,27
"PSAP",2.50509150119666,44,27
"FGF",0.335902038445093,76,27
"GAP",0.460845258009684,72,27
"RELN",0.679814776389657,59,27
"VCAM",0.249047472676279,82,27
"NOTCH",0.429127174821076,73,27
"NGL",10.8167954598423,1,27
"SLIT",0.0876061808113941,87,27
"THBS",1.82241659634857,47,27
"DHT",1.05902075637739,55,27
"ADGRG",5.39820145201455,23,27
"TULP",1.75684347490025,48,27
"ncWNT",5.43215086426744,22,27
"CD99",0.181973332878008,86,27
"UNC5",8.7560000259023,7,27
"ACTIVIN",6.52066777034559,14,27
"ANGPTL",7.1874167668776,12,27
"AGRN",7.59016125130945,10,27
"CD46",8.50530421310837,8,27
"PTN",2.56505572298149,43,27
"PECAM2",0.530992290294651,68,27
"EDA",3.65429112283923,31,27
"Adenosine",1.95176655334836,46,27
"KIT",5.95924570805664,19,27
"FN1",1.47690296243214,50,27
"LIFR",6.20770232688859,17,27
"NT",5.32580206474975,24,27
"ApoA",7.35068415284311,11,27
"VISFATIN",4.64279452549657,25,27
"CD45",3.60399880114159,33,27
"RA",3.83559528192169,30,27
"VEGF",4.63287902963928,26,27
"NEGR",3.34203305607714,36,27
"NPNT",3.64265809901442,32,27
"SEMA4",4.51826655662724,27,27
"DHEA",4.49605423760756,28,27
"FLRT",1.3278654542428,53,27
"ADGRA",8.19024753878311,9,27
"HSPG",1.38585228235302,51,27
"Prostaglandin",3.44209458388075,35,27
"ANGPT",5.59401235500238,21,27
"PECAM1",2.97866823260591,38,27
"TGFb",0.280555747292374,80,27
"OCLN",3.53895927171269,34,27
"VWF",2.92258617918321,39,27
"DESMOSOME",2.6491053899319,42,27
"HGF",2.80687422576941,40,27
"ADGRB",0.63808534419066,61,27
"CD200",1.23138555947884,54,27
"IL1",2.76395676447789,41,27
"CDH5",0.0608649627725406,88,27
"CD6",1.63568826107082,49,27
"LAMININ",0.253002657476872,81,28
"ADGRL",0.974289371489163,57,28
"CADM",8.60562782773996,2,28
"PTPRM",6.59342676081987,9,28
"COLLAGEN",0.208567266920193,83,28
"NRG",0.951233421561503,58,28
"JAM",9.93314945635566,1,28
"CDH",4.99511602792138,22,28
"Testosterone",5.29596140486513,17,28
"Cholesterol",0.526884280771651,68,28
"BMP",3.15139871220799,38,28
"NRXN",2.39179658116374,44,28
"NCAM",6.81554717116473,8,28
"Glutamate",4.07855661591499,29,28
"APP",4.40967722768025,25,28
"Estradiol",0.248450652175976,82,28
"SEMA3",5.64554797631908,15,28
"MPZ",0.00909946491173791,89,28
"IGF",0.168921972392374,84,28
"PROS",0.64608189410294,64,28
"TENASCIN",0.361890374200892,74,28
"PCDH",1.25843621593851,53,28
"PTPR",0.285562398268969,77,28
"EPHA",0.660716644244415,63,28
"CD39",0.761325921721508,60,28
"Androstenedione",0.257176362351065,80,28
"NECTIN",0.268181529244111,78,28
"EPHB",0.32833323833364,75,28
"SEMA5",0.607973973458021,65,28
"EGF",1.78070149969585,48,28
"GAS",0.982179119847844,56,28
"Netrin",5.88197446566383,13,28
"CNTN",0.84165202808745,59,28
"SEMA7",0.116615182916328,86,28
"PDGF",0.509415939124346,69,28
"SEMA6",0.38291775041327,71,28
"CLDN",0.263128572043681,79,28
"PSAP",2.66615869053861,42,28
"FGF",0.387296013435789,70,28
"GAP",0.590577177172953,67,28
"RELN",0.697339004799046,61,28
"VCAM",0.376337387567838,72,28
"NOTCH",0.371025369915788,73,28
"NGL",7.95473162106639,5,28
"SLIT",0.287998707611441,76,28
"THBS",1.42206322674937,50,28
"DHT",1.12137959020066,55,28
"ADGRG",6.18721792364284,11,28
"TULP",1.39095542356079,52,28
"ncWNT",5.6976666095113,14,28
"CD99",0.143205994769739,85,28
"UNC5",5.17520888316588,19,28
"ACTIVIN",8.34081559041987,3,28
"ANGPTL",7.64995651313475,6,28
"AGRN",6.23018408496096,10,28
"CD46",5.24918644635452,18,28
"PTN",2.92888301874236,40,28
"PECAM2",0.596305280521489,66,28
"EDA",3.67543294679572,32,28
"Adenosine",1.93347744872828,47,28
"KIT",6.02332416141149,12,28
"FN1",1.53010340733986,49,28
"LIFR",7.98040320516248,4,28
"NT",5.09328217864101,21,28
"ApoA",5.61338426519753,16,28
"VISFATIN",4.38299532255274,26,28
"CD45",3.48368467595584,34,28
"RA",3.97549015450706,31,28
"VEGF",4.85251856452124,24,28
"NEGR",3.99169098535087,30,28
"NPNT",3.66507293681567,33,28
"SEMA4",4.15029617645695,27,28
"DHEA",4.88938781363569,23,28
"FLRT",2.04568911114919,46,28
"ADGRA",7.50289368623475,7,28
"HSPG",1.40089356207609,51,28
"Prostaglandin",4.0925992646958,28,28
"ANGPT",5.15922284864729,20,28
"PECAM1",3.26603958474406,35,28
"TGFb",0.0652689852507884,88,28
"OCLN",3.23087964020314,36,28
"VWF",3.09844653788237,39,28
"DESMOSOME",2.55389141214665,43,28
"HGF",3.18390730786495,37,28
"ADGRB",0.685584846345557,62,28
"CD200",1.19817952470183,54,28
"IL1",2.79184521040903,41,28
"CDH5",0.110862784281973,87,28
"CD6",2.21871594687344,45,28
"LAMININ",0.244656584764524,82,29
"ADGRL",0.75051072514377,61,29
"CADM",21.7813843032131,2,29
"PTPRM",7.10247638072751,11,29
"COLLAGEN",0.224736494768523,84,29
"NRG",1.14320427286989,54,29
"JAM",22.5271334045468,1,29
"CDH",6.81478036157147,14,29
"Testosterone",6.03064152689557,19,29
"Cholesterol",0.526759092636559,68,29
"BMP",4.20547647377907,30,29
"NRXN",3.74782877455455,35,29
"NCAM",6.70149458482948,15,29
"Glutamate",5.78212178367836,20,29
"APP",4.53213469278146,28,29
"Estradiol",0.35744775166771,74,29
"SEMA3",7.28026903867199,10,29
"MPZ",0.172025125751969,86,29
"IGF",0.580645512126277,65,29
"PROS",0.679556116970194,64,29
"TENASCIN",0.484874997745327,70,29
"PCDH",1.2435548010053,53,29
"PTPR",0.422286063344524,71,29
"EPHA",0.501757544244517,69,29
"CD39",0.808076284238562,59,29
"Androstenedione",0.278090229544913,79,29
"NECTIN",0.293646163127132,75,29
"EPHB",0.406751774127793,72,29
"SEMA5",0.357782601331439,73,29
"EGF",2.40136219915621,45,29
"GAS",0.726574825389583,62,29
"Netrin",7.07133820063897,12,29
"CNTN",0.893001145769856,57,29
"SEMA7",0.246484589734037,81,29
"PDGF",0.57452705350258,66,29
"SEMA6",0.237397700372837,83,29
"CLDN",0.257809235707727,80,29
"PSAP",2.99811745004726,40,29
"FGF",0.193149138763993,85,29
"GAP",0.686241848633876,63,29
"RELN",0.771094014541241,60,29
"VCAM",0.28418289051762,77,29
"NOTCH",0.279009767151273,78,29
"NGL",9.42371562761107,8,29
"SLIT",0.157154987160476,87,29
"THBS",1.8351491567893,48,29
"DHT",0.894041930033179,56,29
"ADGRG",6.42718838766139,17,29
"TULP",1.63974543241969,49,29
"ncWNT",5.62908888841051,21,29
"CD99",0.115356691632756,89,29
"UNC5",6.92619307573069,13,29
"ACTIVIN",21.3768826421975,3,29
"ANGPTL",20.6627311173551,6,29
"AGRN",20.7966674972556,5,29
"CD46",6.48771112401733,16,29
"PTN",3.8951773718214,32,29
"PECAM2",0.568828575606088,67,29
"EDA",3.6284677141635,37,29
"Adenosine",2.2178885627113,46,29
"KIT",6.16963351390762,18,29
"FN1",1.93951904959788,47,29
"LIFR",21.0288410643058,4,29
"NT",5.00624432187464,24,29
"ApoA",20.4633399044284,7,29
"VISFATIN",4.93007181442513,27,29
"CD45",3.42894657435106,38,29
"RA",4.18410545873777,31,29
"VEGF",4.94508340490128,26,29
"NEGR",4.95995141606671,25,29
"NPNT",3.28932414901621,39,29
"SEMA4",4.27585923259751,29,29
"DHEA",5.13033668635441,23,29
"FLRT",1.53369518686279,50,29
"ADGRA",7.28144127683864,9,29
"HSPG",1.04918827225834,55,29
"Prostaglandin",3.75375929362882,34,29
"ANGPT",5.30719049405418,22,29
"PECAM1",2.77252845849728,41,29
"TGFb",0.150315707954399,88,29
"OCLN",3.63888355452955,36,29
"VWF",2.72146990362725,42,29
"DESMOSOME",2.44679097797155,44,29
"HGF",3.80664578285752,33,29
"ADGRB",0.846984043216092,58,29
"CD200",1.5200661318988,51,29
"IL1",2.68738087641458,43,29
"CDH5",0.291276531945316,76,29
"CD6",1.25792138882469,52,29
"LAMININ",0.153628882612235,86,30
"ADGRL",0.911845274605312,58,30
"CADM",11.0780262136795,3,30
"PTPRM",6.74201999209467,15,30
"COLLAGEN",0.468817928643473,67,30
"NRG",0.826165600408682,59,30
"JAM",12.0649506585332,1,30
"CDH",7.62029302197855,13,30
"Testosterone",5.64251539468189,21,30
"Cholesterol",0.522669097348344,66,30
"BMP",3.60811760613211,36,30
"NRXN",6.01805325851789,17,30
"NCAM",5.73838699157365,19,30
"Glutamate",6.63282228161671,16,30
"APP",3.89608129277223,32,30
"Estradiol",0.186414642796676,84,30
"SEMA3",8.62928143264565,10,30
"MPZ",0.34586612649312,75,30
"IGF",0.37034177798312,73,30
"PROS",0.756210044736517,62,30
"TENASCIN",0.418735124211536,69,30
"PCDH",1.12652875635257,53,30
"PTPR",0.293977503842076,77,30
"EPHA",0.569173594340306,65,30
"CD39",0.792513612774413,60,30
"Androstenedione",0.112070190064399,88,30
"NECTIN",0.264772875499252,80,30
"EPHB",0.372870363435422,72,30
"SEMA5",0.353472938338254,74,30
"EGF",1.78799603849131,47,30
"GAS",1.04630039265114,56,30
"Netrin",8.7754640748769,9,30
"CNTN",0.97754636963113,57,30
"SEMA7",0.401967467811705,71,30
"PDGF",0.600836430598281,63,30
"SEMA6",0.416031901515475,70,30
"CLDN",0.295793091254424,76,30
"PSAP",2.6070498996557,43,30
"FGF",0.275976396814175,79,30
"GAP",0.429207121929144,68,30
"RELN",0.757895813287533,61,30
"VCAM",0.256333946507018,81,30
"NOTCH",0.156241233017475,85,30
"NGL",10.8864476747156,4,30
"SLIT",0.109239427061308,89,30
"THBS",1.43136371819829,51,30
"DHT",1.06841152121282,54,30
"ADGRG",5.79586876092046,18,30
"TULP",1.66351832677787,49,30
"ncWNT",5.61036225716284,22,30
"CD99",0.219656538995433,82,30
"UNC5",8.44570558430726,11,30
"ACTIVIN",10.859897308537,5,30
"ANGPTL",10.6643608370044,6,30
"AGRN",10.0166640806948,8,30
"CD46",8.12311227290554,12,30
"PTN",2.74973370288472,42,30
"PECAM2",0.284878796225153,78,30
"EDA",3.34033523222888,40,30
"Adenosine",1.8783644683215,46,30
"KIT",5.7072488275125,20,30
"FN1",1.7315691496197,48,30
"LIFR",11.2733294636825,2,30
"NT",4.75979203568243,25,30
"ApoA",10.1077888984517,7,30
"VISFATIN",4.34313176265123,27,30
"CD45",3.95846528890716,30,30
"RA",3.65150375217552,35,30
"VEGF",4.36659365882281,26,30
"NEGR",4.07124157574,29,30
"NPNT",3.51731894015866,38,30
"SEMA4",4.26104017964745,28,30
"DHEA",4.82857910110464,24,30
"FLRT",1.49969009263474,50,30
"ADGRA",7.34151582615814,14,30
"HSPG",1.06683839136835,55,30
"Prostaglandin",3.76500651766335,33,30
"ANGPT",5.44067322451864,23,30
"PECAM1",3.90658656846473,31,30
"TGFb",0.2014128050765,83,30
"OCLN",3.51790214949447,37,30
"VWF",3.70510255779063,34,30
"DESMOSOME",2.51759883285157,44,30
"HGF",3.34736946999458,39,30
"ADGRB",0.590315731812521,64,30
"CD200",1.3375253316377,52,30
"IL1",3.12035953800825,41,30
"CDH5",0.132109725220649,87,30
"CD6",2.29504573096039,45,30
"LAMININ",0.325545291960243,76,31
"ADGRL",0.879633626494062,59,31
"CADM",19.0029226433837,6,31
"PTPRM",7.01569422490172,13,31
"COLLAGEN",0.198321686648063,84,31
"NRG",0.886465278969275,58,31
"JAM",21.6222748370317,1,31
"CDH",6.006903358953,17,31
"Testosterone",4.96789919252235,22,31
"Cholesterol",0.467116811927095,69,31
"BMP",3.25025261436304,39,31
"NRXN",4.25485943609673,28,31
"NCAM",6.6490357780322,15,31
"Glutamate",4.84582265102215,24,31
"APP",4.47991331784381,27,31
"Estradiol",0.298557196894221,77,31
"SEMA3",7.0068952755075,14,31
"MPZ",0.283108840224472,80,31
"IGF",0.282982922692289,81,31
"PROS",0.919735491401093,56,31
"TENASCIN",0.491889783911279,68,31
"PCDH",1.2413111653151,53,31
"PTPR",0.32993973651537,74,31
"EPHA",0.584844378383791,66,31
"CD39",0.831797095318309,60,31
"Androstenedione",0.329193316290514,75,31
"NECTIN",0.211121513196003,83,31
"EPHB",0.39482088331832,72,31
"SEMA5",0.294584542738826,78,31
"EGF",2.45437786921294,44,31
"GAS",0.912150069561389,57,31
"Netrin",7.0233558281932,12,31
"CNTN",0.643006720567252,63,31
"SEMA7",0.451837806287837,70,31
"PDGF",0.670978072726472,62,31
"SEMA6",0.428515418194027,71,31
"CLDN",0.0603285052985699,89,31
"PSAP",3.14166612645152,40,31
"FGF",0.38998284341315,73,31
"GAP",0.538242784019733,67,31
"RELN",0.618800177889776,64,31
"VCAM",0.127515329127908,86,31
"NOTCH",0.292397013784635,79,31
"NGL",8.78395378020164,8,31
"SLIT",0.0795508664498603,88,31
"THBS",1.52686745968522,50,31
"DHT",0.999399160026776,55,31
"ADGRG",5.92335862699721,18,31
"TULP",1.95780926388832,48,31
"ncWNT",5.68539033453971,19,31
"CD99",0.138132156703858,85,31
"UNC5",7.43522321044377,10,31
"ACTIVIN",20.8940692922863,2,31
"ANGPTL",20.2606643021777,3,31
"AGRN",18.6898475791464,7,31
"CD46",7.26726000707061,11,31
"PTN",2.59129839276106,43,31
"PECAM2",0.612237086733403,65,31
"EDA",3.61375457399384,34,31
"Adenosine",2.06129441204765,46,31
"KIT",6.46085110894752,16,31
"FN1",1.12585735569329,54,31
"LIFR",20.1784385179701,4,31
"NT",5.318412538727,21,31
"ApoA",19.1902390414094,5,31
"VISFATIN",4.52492041814105,26,31
"CD45",3.49424848202775,35,31
"RA",4.00079282900327,30,31
"VEGF",4.96485885488913,23,31
"NEGR",3.86268430575412,32,31
"NPNT",3.95073654495603,31,31
"SEMA4",4.18631878698019,29,31
"DHEA",4.61229465212461,25,31
"FLRT",1.75293173380145,49,31
"ADGRA",8.0381856163597,9,31
"HSPG",1.5121530239842,51,31
"Prostaglandin",3.80179089742709,33,31
"ANGPT",5.62230434933314,20,31
"PECAM1",3.25546592691721,38,31
"TGFb",0.273578668640909,82,31
"OCLN",3.26694494532921,36,31
"VWF",3.25928867142776,37,31
"DESMOSOME",2.04676005174901,47,31
"HGF",2.84966900333017,41,31
"ADGRB",0.691806657621743,61,31
"CD200",1.2890381341509,52,31
"IL1",2.71618424610462,42,31
"CDH5",0.0828320399776494,87,31
"CD6",2.26230551314578,45,31
"LAMININ",0.289300126356672,77,32
"ADGRL",0.834587152735754,59,32
"CADM",8.5940234165904,9,32
"PTPRM",6.90021558725074,14,32
"COLLAGEN",0.209153462881201,81,32
"NRG",0.870441843745224,58,32
"JAM",9.03640239030904,8,32
"CDH",10.2580066473548,3,32
"Testosterone",5.54299068467592,22,32
"Cholesterol",0.576991783070424,62,32
"BMP",3.40863994081688,35,32
"NRXN",7.85936819749353,10,32
"NCAM",6.22576002387134,17,32
"Glutamate",9.58856417946121,7,32
"APP",4.49803723196124,27,32
"Estradiol",0.207111122663249,83,32
"SEMA3",9.90589832013792,6,32
"MPZ",0.153965847734154,85,32
"IGF",0.424144046768543,71,32
"PROS",0.807498344208423,60,32
"TENASCIN",0.414081214025464,72,32
"PCDH",1.16245609937284,53,32
"PTPR",0.313591326612453,75,32
"EPHA",0.447712562250908,70,32
"CD39",0.911831115120184,56,32
"Androstenedione",0.237131898536724,80,32
"NECTIN",0.208159817357573,82,32
"EPHB",0.275438721274676,78,32
"SEMA5",0.562830099566918,63,32
"EGF",2.1109105064572,45,32
"GAS",0.89488438986952,57,32
"Netrin",10.4628920273599,2,32
"CNTN",0.805735101745715,61,32
"SEMA7",0.412978044891412,73,32
"PDGF",0.54023541667814,65,32
"SEMA6",0.504313544862179,67,32
"CLDN",0.30537917592441,76,32
"PSAP",3.01891152328114,38,32
"FGF",0.340635037505316,74,32
"GAP",0.121127739059673,87,32
"RELN",0.514411076342452,66,32
"VCAM",0.169338389221311,84,32
"NOTCH",0.460568724075245,68,32
"NGL",13.2430930427302,1,32
"SLIT",0.0649235868398174,89,32
"THBS",1.60819849611609,50,32
"DHT",0.98335846872228,55,32
"ADGRG",6.32095455573133,16,32
"TULP",1.73967954093681,47,32
"ncWNT",5.95963379239898,21,32
"CD99",0.145912080449627,86,32
"UNC5",9.97898349269174,5,32
"ACTIVIN",7.65384342083886,12,32
"ANGPTL",7.07699033651806,13,32
"AGRN",6.64375118807184,15,32
"CD46",10.2513853833885,4,32
"PTN",3.1678551251722,37,32
"PECAM2",0.561245120435817,64,32
"EDA",3.43583908383422,33,32
"Adenosine",1.95583715210278,46,32
"KIT",5.99080282555166,20,32
"FN1",1.60620687486771,51,32
"LIFR",7.67635795511744,11,32
"NT",4.76118809377638,25,32
"ApoA",6.05696326375845,19,32
"VISFATIN",4.34543164522298,28,32
"CD45",2.9822076080746,39,32
"RA",4.21780377800146,29,32
"VEGF",4.67133597262041,26,32
"NEGR",4.19911140307543,30,32
"NPNT",2.94178226070851,40,32
"SEMA4",3.82656127068619,31,32
"DHEA",4.90544498771791,24,32
"FLRT",1.62561364992196,49,32
"ADGRA",6.15578347118275,18,32
"HSPG",1.07564615752845,54,32
"Prostaglandin",3.80940204024698,32,32
"ANGPT",5.05762772603718,23,32
"PECAM1",2.55047074439047,41,32
"TGFb",0.270836499496513,79,32
"OCLN",3.34881299504043,36,32
"VWF",2.27961478799856,44,32
"DESMOSOME",2.32682040022203,43,32
"HGF",3.41979919758515,34,32
"ADGRB",0.448905370384518,69,32
"CD200",1.71404829921231,48,32
"IL1",2.47444447285404,42,32
"CDH5",0.104410437766974,88,32
"CD6",1.38216116309545,52,32
"LAMININ",0.22216329277628,84,33
"ADGRL",0.907903638515859,57,33
"CADM",8.85340843377072,2,33
"PTPRM",6.88545931385717,8,33
"COLLAGEN",0.15213166336195,86,33
"NRG",0.964917087115864,56,33
"JAM",9.56415366703973,1,33
"CDH",3.62548179380778,34,33
"Testosterone",5.29903500293773,19,33
"Cholesterol",0.550090099152751,67,33
"BMP",3.37132114479869,37,33
"NRXN",1.9915893639613,46,33
"NCAM",7.00045254810443,7,33
"Glutamate",2.45694931241906,43,33
"APP",4.57401054860614,23,33
"Estradiol",0.221932941914412,85,33
"SEMA3",5.97769932536153,12,33
"MPZ",0.107867104103366,88,33
"IGF",0.38388939126708,72,33
"PROS",0.611584601692503,63,33
"TENASCIN",0.508144279013024,69,33
"PCDH",1.42723140023358,52,33
"PTPR",0.484789466371637,70,33
"EPHA",0.615287106952706,62,33
"CD39",0.837897576493116,60,33
"Androstenedione",0.334193344820296,76,33
"NECTIN",0.282946293410203,78,33
"EPHB",0.359709830738742,75,33
"SEMA5",0.32907100861843,77,33
"EGF",2.00378299415478,45,33
"GAS",0.842645292631198,59,33
"Netrin",6.4307141507782,10,33
"CNTN",0.901032546453061,58,33
"SEMA7",0.410557203099152,71,33
"PDGF",0.583204772942529,64,33
"SEMA6",0.281354336989864,79,33
"CLDN",0.258507341730127,81,33
"PSAP",3.37829360086537,36,33
"FGF",0.547345240341533,68,33
"GAP",0.364576898295071,73,33
"RELN",0.568119100207766,66,33
"VCAM",0.260529937410119,80,33
"NOTCH",0.364218777136956,74,33
"NGL",5.5352945196265,16,33
"SLIT",0.114373411400632,87,33
"THBS",1.60593517276487,51,33
"DHT",1.13717284928982,53,33
"ADGRG",6.35277243493837,11,33
"TULP",1.7045280604194,48,33
"ncWNT",5.75767116277822,13,33
"CD99",0.0819748958825445,89,33
"UNC5",5.58947967968432,15,33
"ACTIVIN",8.35590585490118,3,33
"ANGPTL",7.91430970313625,5,33
"AGRN",4.32254764179444,25,33
"CD46",5.69722753968996,14,33
"PTN",3.15595625055847,40,33
"PECAM2",0.568481588330681,65,33
"EDA",3.69794866257084,31,33
"Adenosine",1.95204204498677,47,33
"KIT",6.57790805531462,9,33
"FN1",1.61665885656663,50,33
"LIFR",7.97655439697475,4,33
"NT",5.40302478190654,18,33
"ApoA",4.84202562419066,21,33
"VISFATIN",4.56211022943434,24,33
"CD45",3.51460228934328,35,33
"RA",4.14999097488117,28,33
"VEGF",4.91675719940204,20,33
"NEGR",4.24691798359275,26,33
"NPNT",3.23240344885168,39,33
"SEMA4",4.07214299019792,29,33
"DHEA",4.81101256765172,22,33
"FLRT",1.68277558648139,49,33
"ADGRA",7.31023679131208,6,33
"HSPG",1.06638735937318,54,33
"Prostaglandin",3.75024814620473,30,33
"ANGPT",5.50348208170556,17,33
"PECAM1",3.65284945100127,32,33
"TGFb",0.227641769951587,83,33
"OCLN",3.35425617247903,38,33
"VWF",4.16164597949791,27,33
"DESMOSOME",2.60378567791381,42,33
"HGF",3.63930078390389,33,33
"ADGRB",0.744675055010032,61,33
"CD200",1.05423714688875,55,33
"IL1",2.94393712399714,41,33
"CDH5",0.240688116847124,82,33
"CD6",2.42295376583882,44,33
"LAMININ",0.289678522678653,79,34
"ADGRL",0.959870262599272,58,34
"CADM",14.3588827591541,3,34
"PTPRM",6.90375330639518,10,34
"COLLAGEN",0.0547407204366498,88,34
"NRG",0.975865993956983,57,34
"JAM",15.0751669852016,1,34
"CDH",5.62031732384423,18,34
"Testosterone",5.47699411131477,19,34
"Cholesterol",0.500497197647911,70,34
"BMP",2.92660737882082,40,34
"NRXN",3.25894916257782,38,34
"NCAM",6.46722086297811,12,34
"Glutamate",4.68063409946585,23,34
"APP",4.10981442097128,27,34
"Estradiol",0.2842430473461,80,34
"SEMA3",6.21061425939111,16,34
"MPZ",0.0251801323948992,89,34
"IGF",0.551027025848122,65,34
"PROS",0.641924924181213,63,34
"TENASCIN",0.352096729250432,75,34
"PCDH",1.08304001742563,55,34
"PTPR",0.294203469406947,78,34
"EPHA",0.660413792314558,62,34
"CD39",0.81394096261052,61,34
"Androstenedione",0.264912077204389,83,34
"NECTIN",0.246698957388315,84,34
"EPHB",0.526254228896012,68,34
"SEMA5",0.399472040705663,74,34
"EGF",2.17513748297284,46,34
"GAS",1.03235614859814,56,34
"Netrin",6.4656926675753,13,34
"CNTN",0.822357730965927,60,34
"SEMA7",0.326820676023336,76,34
"PDGF",2.72473430731665,43,34
"SEMA6",0.45265866477448,72,34
"CLDN",0.281300487087389,81,34
"PSAP",2.93703027199358,39,34
"FGF",0.509757555184136,69,34
"GAP",0.486952980910879,71,34
"RELN",0.539116347533916,67,34
"VCAM",0.269248611501222,82,34
"NOTCH",0.184236616550143,85,34
"NGL",8.77051120753836,8,34
"SLIT",0.0852255147598664,86,34
"THBS",1.61209819420113,51,34
"DHT",0.951929712676626,59,34
"ADGRG",5.71358689098027,17,34
"TULP",1.73821048101468,49,34
"ncWNT",5.25069493796191,21,34
"CD99",0.325676644492089,77,34
"UNC5",6.65216465077655,11,34
"ACTIVIN",14.6071350834935,2,34
"ANGPTL",13.7845375280746,5,34
"AGRN",12.9473483001501,7,34
"CD46",6.31829664465394,15,34
"PTN",2.42779586372813,44,34
"PECAM2",0.597335756412854,64,34
"EDA",3.33043213561248,37,34
"Adenosine",2.29316009351046,45,34
"KIT",6.37608584909127,14,34
"FN1",1.31990766573203,53,34
"LIFR",14.1742745977225,4,34
"NT",5.02615358993962,22,34
"ApoA",13.1447044859937,6,34
"VISFATIN",4.62419948011213,25,34
"CD45",3.5265823121401,32,34
"RA",3.73816891666275,30,34
"VEGF",4.53259756843918,26,34
"NEGR",3.43845332949807,34,34
"NPNT",3.56800256821378,31,34
"SEMA4",4.08467995871788,28,34
"DHEA",4.63595410804799,24,34
"FLRT",1.69778117901329,50,34
"ADGRA",7.93258681799261,9,34
"HSPG",1.35306415024436,52,34
"Prostaglandin",3.81206902953316,29,34
"ANGPT",5.43580442235789,20,34
"PECAM1",3.5080655368176,33,34
"TGFb",0.409018860710729,73,34
"OCLN",3.35722795664194,36,34
"VWF",3.38261395575905,35,34
"DESMOSOME",2.14388864716798,47,34
"HGF",2.74970605168674,42,34
"ADGRB",0.54542995074609,66,34
"CD200",1.11742131236148,54,34
"IL1",2.85813246687381,41,34
"CDH5",0.0699265399559178,87,34
"CD6",2.05512824186243,48,34
"LAMININ",0.416434895055635,71,35
"ADGRL",0.846708159125544,58,35
"CADM",10.7369542563824,2,35
"PTPRM",7.71602683825195,8,35
"COLLAGEN",0.182207807055636,85,35
"NRG",0.887470388429904,55,35
"JAM",10.9069581092502,1,35
"CDH",6.93959538292566,12,35
"Testosterone",5.87348643547189,20,35
"Cholesterol",0.605243656182392,64,35
"BMP",3.32214383523021,36,35
"NRXN",4.24556674956846,31,35
"NCAM",6.95671481192005,11,35
"Glutamate",6.05864049372179,17,35
"APP",5.03859519401901,25,35
"Estradiol",0.232683920884426,83,35
"SEMA3",7.4885329563886,9,35
"MPZ",0.123593931870324,89,35
"IGF",0.341110243097954,74,35
"PROS",0.796815204584477,59,35
"TENASCIN",0.422159933681247,70,35
"PCDH",1.23690204857634,53,35
"PTPR",0.451845746026148,69,35
"EPHA",0.63378302479901,63,35
"CD39",0.466402413854452,67,35
"Androstenedione",0.1936857923219,84,35
"NECTIN",0.313740555311219,77,35
"EPHB",0.495552969532581,66,35
"SEMA5",0.354016610515072,73,35
"EGF",2.85606350760856,39,35
"GAS",0.86313738026174,57,35
"Netrin",8.03399079465299,7,35
"CNTN",0.677180408033457,61,35
"SEMA7",0.455048781644616,68,35
"PDGF",0.756529497252881,60,35
"SEMA6",0.315980460616449,76,35
"CLDN",0.359585257722751,72,35
"PSAP",2.8204556193884,40,35
"FGF",0.297306499785397,78,35
"GAP",0.559166263994671,65,35
"RELN",0.654761920576233,62,35
"VCAM",0.233658935541992,82,35
"NOTCH",0.234409989207914,81,35
"NGL",9.74488793293597,3,35
"SLIT",0.151742962287083,87,35
"THBS",1.61752513957448,50,35
"DHT",1.10041274693724,54,35
"ADGRG",6.68824887601728,14,35
"TULP",1.78511129590817,47,35
"ncWNT",6.23404511335745,16,35
"CD99",0.138720272519998,88,35
"UNC5",6.90330459180816,13,35
"ACTIVIN",9.15789499622744,4,35
"ANGPTL",8.83527340939237,6,35
"AGRN",5.10093230847173,23,35
"CD46",6.97418008676295,10,35
"PTN",2.76948370108032,41,35
"PECAM2",0.263534390543896,80,35
"EDA",3.92710975031198,32,35
"Adenosine",2.08581629426251,45,35
"KIT",6.37208139618604,15,35
"FN1",1.26792573781121,52,35
"LIFR",9.01374992399207,5,35
"NT",5.28035096508011,22,35
"ApoA",6.01025153602931,19,35
"VISFATIN",4.66233407824256,28,35
"CD45",3.19440205365135,38,35
"RA",4.50565392427523,29,35
"VEGF",5.08871993692872,24,35
"NEGR",4.49442068422758,30,35
"NPNT",3.40438419151944,35,35
"SEMA4",4.69960748172439,27,35
"DHEA",4.9963585354754,26,35
"FLRT",1.64313931473139,48,35
"ADGRA",6.02250895032645,18,35
"HSPG",0.865306463076746,56,35
"Prostaglandin",3.80007354010904,33,35
"ANGPT",5.34820109472941,21,35
"PECAM1",2.38208551879955,44,35
"TGFb",0.293850955590268,79,35
"OCLN",3.7326505416824,34,35
"VWF",2.51798338425176,42,35
"DESMOSOME",1.8375131654589,46,35
"HGF",3.27257312112488,37,35
"ADGRB",0.323777454575199,75,35
"CD200",1.61993050655153,49,35
"IL1",2.44991236117415,43,35
"CDH5",0.170031365240148,86,35
"CD6",1.40431987318445,51,35
"LAMININ",0.206653140904986,84,36
"ADGRL",0.907301008339201,57,36
"CADM",7.33814106332285,7,36
"PTPRM",6.65426133930849,14,36
"COLLAGEN",0.112033178406641,89,36
"NRG",0.846418908907848,59,36
"JAM",8.66737790612637,2,36
"CDH",5.93404901401868,17,36
"Testosterone",5.7723384456093,20,36
"Cholesterol",0.529416040296399,68,36
"BMP",3.0961925632811,37,36
"NRXN",3.35515963881343,36,36
"NCAM",6.90030124714857,9,36
"Glutamate",4.7669319061469,25,36
"APP",4.30392127775249,27,36
"Estradiol",0.311610108929039,79,36
"SEMA3",7.18993727860758,8,36
"MPZ",0.202557118776901,86,36
"IGF",0.481388626167463,69,36
"PROS",0.622114960830975,64,36
"TENASCIN",0.405436263029054,73,36
"PCDH",1.40884636762719,51,36
"PTPR",0.347966994097834,75,36
"EPHA",0.73256327717076,60,36
"CD39",0.653737834450046,62,36
"Androstenedione",0.214320602293983,83,36
"NECTIN",0.316715433288086,78,36
"EPHB",0.425962025437685,72,36
"SEMA5",0.476226872835544,70,36
"EGF",1.96737223294202,45,36
"GAS",0.921299259203337,56,36
"Netrin",7.42517714385584,5,36
"CNTN",0.901642683123156,58,36
"SEMA7",0.611642398550391,65,36
"PDGF",0.568756892052427,66,36
"SEMA6",0.43632308740481,71,36
"CLDN",0.319016196901319,76,36
"PSAP",2.86738831340582,40,36
"FGF",0.189296603323198,87,36
"GAP",0.288356118279054,81,36
"RELN",0.661930343797777,61,36
"VCAM",0.203414710975371,85,36
"NOTCH",0.388456376736704,74,36
"NGL",9.08808580494808,1,36
"SLIT",0.169355451079261,88,36
"THBS",1.63958494734021,48,36
"DHT",0.951232084501648,55,36
"ADGRG",5.90441256501698,18,36
"TULP",1.6144750480836,49,36
"ncWNT",5.88981958903208,19,36
"CD99",0.296019829570879,80,36
"UNC5",6.75930080102999,12,36
"ACTIVIN",7.39088506789331,6,36
"ANGPTL",6.77237231160831,11,36
"AGRN",7.56280175974973,4,36
"CD46",6.53138341472193,15,36
"PTN",2.60004107650349,43,36
"PECAM2",0.52983035277189,67,36
"EDA",3.80819426372511,31,36
"Adenosine",1.96479140808378,46,36
"KIT",6.26910613404056,16,36
"FN1",1.02587677241428,54,36
"LIFR",6.87958023428352,10,36
"NT",5.52484006957589,21,36
"ApoA",6.7226293962566,13,36
"VISFATIN",4.42002826784084,26,36
"CD45",3.62920922339248,33,36
"RA",4.01863814185218,29,36
"VEGF",5.0885070017351,23,36
"NEGR",3.67188490981514,32,36
"NPNT",3.40727889696986,35,36
"SEMA4",4.27564152663168,28,36
"DHEA",4.78294041099964,24,36
"FLRT",1.68951303598631,47,36
"ADGRA",7.89484670330672,3,36
"HSPG",1.29705533441866,52,36
"Prostaglandin",3.93206801458097,30,36
"ANGPT",5.32948660348003,22,36
"PECAM1",3.03780238536275,38,36
"TGFb",0.317704735928034,77,36
"OCLN",3.42493869229652,34,36
"VWF",2.85185815427273,41,36
"DESMOSOME",2.5224112318529,44,36
"HGF",2.90885594424221,39,36
"ADGRB",0.652742954878538,63,36
"CD200",1.29218963662597,53,36
"IL1",2.62739572172769,42,36
"CDH5",0.219114846099473,82,36
"CD6",1.50585146206749,50,36
"LAMININ",0.260394401022634,78,37
"ADGRL",0.78816840926546,61,37
"CADM",10.9656000096258,2,37
"PTPRM",6.19633694555033,9,37
"COLLAGEN",0.281361173404049,75,37
"NRG",1.0288165112929,57,37
"JAM",11.7204835545314,1,37
"CDH",4.44607268819942,22,37
"Testosterone",5.47555910837495,15,37
"Cholesterol",0.634360435672355,63,37
"BMP",2.65363805747862,40,37
"NRXN",2.54562321250695,42,37
"NCAM",6.00045361133849,10,37
"Glutamate",3.21645510703621,36,37
"APP",3.85543675905505,27,37
"Estradiol",0.20204612525626,83,37
"SEMA3",4.90851652850879,18,37
"MPZ",0.259619965195692,79,37
"IGF",0.276908967884034,76,37
"PROS",0.793972773128854,60,37
"TENASCIN",0.269821706146919,77,37
"PCDH",1.16140082659623,55,37
"PTPR",0.585055772953879,67,37
"EPHA",0.556711997460633,68,37
"CD39",0.667153131018751,62,37
"Androstenedione",0.188711565685513,84,37
"NECTIN",0.253514170547372,81,37
"EPHB",0.459098380701399,71,37
"SEMA5",0.486652980081012,69,37
"EGF",2.00474005969324,47,37
"GAS",0.853463976690345,59,37
"Netrin",4.44661406681267,21,37
"CNTN",0.914570430648345,58,37
"SEMA7",0.482268495363782,70,37
"PDGF",2.35814126480247,44,37
"SEMA6",0.304473565062304,74,37
"CLDN",0.180038425344634,85,37
"PSAP",3.08517459149375,38,37
"FGF",0.427453549216151,72,37
"GAP",0.618299075961619,66,37
"RELN",0.425309338831348,73,37
"VCAM",0.258761585498452,80,37
"NOTCH",0.128558568399862,88,37
"NGL",7.02963291876213,7,37
"SLIT",0.138556222845037,87,37
"THBS",1.52208507317588,51,37
"DHT",1.25797341028067,52,37
"ADGRG",5.59810258418884,14,37
"TULP",1.68008278571954,49,37
"ncWNT",5.22593966165877,16,37
"CD99",0.0213100097202429,89,37
"UNC5",4.3740314529451,24,37
"ACTIVIN",10.4865586793667,4,37
"ANGPTL",9.90180260245291,5,37
"AGRN",5.83201341560033,11,37
"CD46",4.50716440179917,20,37
"PTN",2.18723128745097,45,37
"PECAM2",0.628214094302749,64,37
"EDA",3.30358757830728,34,37
"Adenosine",2.12572594432887,46,37
"KIT",5.66280329707836,13,37
"FN1",1.07296927330873,56,37
"LIFR",10.6187099624712,3,37
"NT",4.95111587368979,17,37
"ApoA",6.55575485425719,8,37
"VISFATIN",4.79902691130576,19,37
"CD45",3.46959163285385,30,37
"RA",3.37822384929504,32,37
"VEGF",4.33710630240884,25,37
"NEGR",3.50973441309645,29,37
"NPNT",3.37763953383923,33,37
"SEMA4",4.24340391117667,26,37
"DHEA",4.39412922084865,23,37
"FLRT",1.66690074385013,50,37
"ADGRA",7.85988660678836,6,37
"HSPG",1.25742924545133,53,37
"Prostaglandin",3.82822146704771,28,37
"ANGPT",5.71336344390648,12,37
"PECAM1",3.43459639775766,31,37
"TGFb",0.143847184601078,86,37
"OCLN",3.2335481194645,35,37
"VWF",3.11002469994156,37,37
"DESMOSOME",2.67696363950034,39,37
"HGF",2.48421070857909,43,37
"ADGRB",0.62551379206868,65,37
"CD200",1.23974887260606,54,37
"IL1",2.58016090011864,41,37
"CDH5",0.221428330262735,82,37
"CD6",1.96498482015905,48,37
"LAMININ",0.130657702041495,82,38
"ADGRL",0.89119478514731,57,38
"CADM",11.0875187764272,1,38
"PTPRM",6.33112417469614,16,38
"COLLAGEN",0.091252453300804,84,38
"NRG",0.968299639811513,55,38
"JAM",10.7282231683867,2,38
"CDH",5.64498934692962,18,38
"Testosterone",5.64720484642746,17,38
"Cholesterol",0.626615988012046,65,38
"BMP",3.44752278251361,34,38
"NRXN",2.70921990504051,40,38
"NCAM",6.52319772499844,14,38
"Glutamate",4.52152519129048,25,38
"APP",4.08439174001889,29,38
"Estradiol",0.33157425522038,76,38
"SEMA3",7.84483288392177,8,38
"MPZ",0.0617431169679456,87,38
"IGF",0.680000057036602,64,38
"PROS",0.818075605192885,61,38
"TENASCIN",0.547579654797216,68,38
"PCDH",1.2933799861266,52,38
"PTPR",0.400681330713068,73,38
"EPHA",0.756073564479948,62,38
"CD39",0.736347720730006,63,38
"Androstenedione",0.0387861049932509,89,38
"NECTIN",0.218139789529339,78,38
"EPHB",0.394482987920351,74,38
"SEMA5",0.179848499535472,79,38
"EGF",2.45191867755206,41,38
"GAS",0.903955708426073,56,38
"Netrin",7.79469115160628,9,38
"CNTN",0.825843015997341,60,38
"SEMA7",0.456426152292135,70,38
"PDGF",0.585491459858046,67,38
"SEMA6",0.368634765464295,75,38
"CLDN",0.219906571093145,77,38
"PSAP",2.87560552187182,39,38
"FGF",0.431725549020708,72,38
"GAP",0.599511941710563,66,38
"RELN",0.832080211031397,59,38
"VCAM",0.0986420852738317,83,38
"NOTCH",0.153917856960315,81,38
"NGL",8.37310692325817,6,38
"SLIT",0.0717129380855935,86,38
"THBS",1.42771049310841,51,38
"DHT",1.06126730743974,54,38
"ADGRG",5.63701280862092,19,38
"TULP",1.67761695058575,47,38
"ncWNT",4.8133543912244,24,38
"CD99",0.054580949560909,88,38
"UNC5",7.77967118917863,10,38
"ACTIVIN",9.68900642657021,3,38
"ANGPTL",9.62515834753467,4,38
"AGRN",6.47460210423538,15,38
"CD46",7.37011777096028,12,38
"PTN",3.20355797800141,37,38
"PECAM2",0.539471355355586,69,38
"EDA",3.51397457977479,33,38
"Adenosine",2.05485602463898,46,38
"KIT",6.55005320317161,13,38
"FN1",1.62237133433769,48,38
"LIFR",9.16352419955306,5,38
"NT",5.27676692163257,21,38
"ApoA",7.44239796964209,11,38
"VISFATIN",5.01571505470777,22,38
"CD45",3.04145184256959,38,38
"RA",4.06434836709724,30,38
"VEGF",4.95678067373564,23,38
"NEGR",4.21417123228388,27,38
"NPNT",4.11457199840452,28,38
"SEMA4",4.49549438496771,26,38
"DHEA",3.97548024287493,31,38
"FLRT",1.51543123069988,50,38
"ADGRA",8.10516653943567,7,38
"HSPG",0.83527219290094,58,38
"Prostaglandin",3.42069558903216,35,38
"ANGPT",5.35579839776976,20,38
"PECAM1",2.22246470331357,45,38
"TGFb",0.0732417200712007,85,38
"OCLN",3.55188676953803,32,38
"VWF",2.40421867515153,43,38
"DESMOSOME",2.28204820368388,44,38
"HGF",3.26326376175647,36,38
"ADGRB",0.444892285000745,71,38
"CD200",1.57482179185094,49,38
"IL1",2.43778839773962,42,38
"CDH5",0.173400243491984,80,38
"CD6",1.19543707775325,53,38
"LAMININ",0.337794826905747,72,39
"ADGRL",0.885493946690558,58,39
"CADM",16.4478348204649,7,39
"PTPRM",6.78519392584687,16,39
"COLLAGEN",0.0475440817172156,89,39
"NRG",1.00929183794614,56,39
"JAM",18.6394468649609,1,39
"CDH",8.50547259139123,13,39
"Testosterone",5.59327807167385,21,39
"Cholesterol",0.639175968781895,65,39
"BMP",3.33426557190566,34,39
"NRXN",6.11432504756274,18,39
"NCAM",6.47700424388642,17,39
"Glutamate",7.71018514567621,14,39
"APP",4.12407586220805,29,39
"Estradiol",0.240081743349699,78,39
"SEMA3",9.60683431156992,11,39
"MPZ",0.132860755331366,86,39
"IGF",0.27664461305018,76,39
"PROS",0.77368436009202,60,39
"TENASCIN",0.399953881070144,69,39
"PCDH",1.18372597927723,55,39
"PTPR",0.154696746658799,83,39
"EPHA",0.704336301892706,62,39
"CD39",0.67860162166737,63,39
"Androstenedione",0.106326859580656,88,39
"NECTIN",0.318217552263869,74,39
"EPHB",0.341802287363569,71,39
"SEMA5",0.238086602406641,79,39
"EGF",2.57336385071686,42,39
"GAS",0.802658982224163,59,39
"Netrin",9.47850765929933,12,39
"CNTN",1.00081937980031,57,39
"SEMA7",0.621368195185874,66,39
"PDGF",0.66749041944052,64,39
"SEMA6",0.262521562466127,77,39
"CLDN",0.318844118781994,73,39
"PSAP",2.60739530157039,41,39
"FGF",0.198216206169442,81,39
"GAP",0.356079948378377,70,39
"RELN",0.769655432650035,61,39
"VCAM",0.224151829132963,80,39
"NOTCH",0.313248900446311,75,39
"NGL",11.4603733460118,8,39
"SLIT",0.174605148411473,82,39
"THBS",1.64381383338806,48,39
"DHT",1.1899799464682,54,39
"ADGRG",5.66663641988448,20,39
"TULP",1.73211360211463,47,39
"ncWNT",5.38390579605155,23,39
"CD99",0.139333241486163,85,39
"UNC5",9.87971522327488,9,39
"ACTIVIN",17.8306944232903,3,39
"ANGPTL",17.1497678864927,6,39
"AGRN",18.2588089696497,2,39
"CD46",9.8211460288746,10,39
"PTN",2.69324345948783,39,39
"PECAM2",0.585834730452272,67,39
"EDA",3.17168259217007,35,39
"Adenosine",1.87967860738321,46,39
"KIT",6.07099426132027,19,39
"FN1",1.39806162798981,51,39
"LIFR",17.2479075176123,4,39
"NT",5.05727450899151,24,39
"ApoA",17.1746644526905,5,39
"VISFATIN",4.53032347978041,28,39
"CD45",2.6403635082567,40,39
"RA",3.78171163462399,32,39
"VEGF",4.66763650175724,26,39
"NEGR",3.95799888554564,30,39
"NPNT",3.11632473520545,36,39
"SEMA4",4.55444129743467,27,39
"DHEA",4.80846847751615,25,39
"FLRT",1.56576380323428,49,39
"ADGRA",7.11890233521287,15,39
"HSPG",1.42785388903468,50,39
"Prostaglandin",3.88706508137028,31,39
"ANGPT",5.53544655861942,22,39
"PECAM1",2.26207020954917,44,39
"TGFb",0.118489657833153,87,39
"OCLN",3.52151977418492,33,39
"VWF",2.46010558223184,43,39
"DESMOSOME",2.0897478504578,45,39
"HGF",3.04108480881393,37,39
"ADGRB",0.42353006641455,68,39
"CD200",1.29675597701007,52,39
"IL1",2.80098757384908,38,39
"CDH5",0.15051826986945,84,39
"CD6",1.24943865395419,53,39
"LAMININ",0.358346177479624,76,40
"ADGRL",0.835001287845617,61,40
"CADM",6.47023200227934,15,40
"PTPRM",7.14858549730742,10,40
"COLLAGEN",0.0745305645218801,88,40
"NRG",1.03183827987305,56,40
"JAM",6.86854612845499,11,40
"CDH",8.39119316606186,4,40
"Testosterone",6.06605330961277,21,40
"Cholesterol",0.565364770887304,67,40
"BMP",3.05388321876501,38,40
"NRXN",6.51487806119679,14,40
"NCAM",6.31934739849134,17,40
"Glutamate",7.51310542535969,8,40
"APP",4.39673638464613,29,40
"Estradiol",0.457575885801118,70,40
"SEMA3",6.74196630368464,12,40
"MPZ",0.228931963216804,82,40
"IGF",0.54296537188088,69,40
"PROS",0.836424393958458,59,40
"TENASCIN",0.271668652203098,80,40
"PCDH",1.4117982854771,50,40
"PTPR",0.430573843803507,71,40
"EPHA",0.373413660437956,75,40
"CD39",0.936930060333989,57,40
"Androstenedione",0.173298163761672,85,40
"NECTIN",0.209941200242347,83,40
"EPHB",0.316006184390835,77,40
"SEMA5",0.416718581903959,72,40
"EGF",2.48105286333969,45,40
"GAS",0.83526454015699,60,40
"Netrin",6.6828484134827,13,40
"CNTN",1.06326139537967,55,40
"SEMA7",0.583905783107469,64,40
"PDGF",0.577174270926064,66,40
"SEMA6",0.309133536225395,78,40
"CLDN",0.299822429731923,79,40
"PSAP",2.93758474254057,40,40
"FGF",0.271460947099859,81,40
"GAP",0.57827341958112,65,40
"RELN",0.564011562181033,68,40
"VCAM",0.137303381774823,86,40
"NOTCH",0.402779212129415,74,40
"NGL",9.31554374429953,3,40
"SLIT",0.124941408117937,87,40
"THBS",1.43645289335481,49,40
"DHT",1.18275901915655,53,40
"ADGRG",5.79695234463539,23,40
"TULP",1.66966647814198,48,40
"ncWNT",6.25567212685241,19,40
"CD99",0.197261963301877,84,40
"UNC5",6.34788194252147,16,40
"ACTIVIN",7.79050220180604,7,40
"ANGPTL",8.36553731614628,5,40
"AGRN",10.6368350431159,2,40
"CD46",6.30863831006594,18,40
"PTN",2.51700679828597,44,40
"PECAM2",0.60657932173124,63,40
"EDA",3.64863942268973,34,40
"Adenosine",2.0249665285958,46,40
"KIT",6.14803575422945,20,40
"FN1",0.922831667487309,58,40
"LIFR",7.29168360634216,9,40
"NT",5.1040842733288,25,40
"ApoA",10.7442776574024,1,40
"VISFATIN",5.19751477542775,24,40
"CD45",3.72487712127764,33,40
"RA",3.98935773301642,31,40
"VEGF",4.78292444759877,27,40
"NEGR",3.86263341170056,32,40
"NPNT",4.03331197949933,30,40
"SEMA4",4.89094179333154,26,40
"DHEA",4.64970275341183,28,40
"FLRT",1.82248521206893,47,40
"ADGRA",8.23758888360755,6,40
"HSPG",1.08064303652714,54,40
"Prostaglandin",3.42789518534678,36,40
"ANGPT",5.93548369982396,22,40
"PECAM1",2.87931174099288,41,40
"TGFb",0.414311554910404,73,40
"OCLN",3.5617801752651,35,40
"VWF",3.01078226304027,39,40
"DESMOSOME",2.63017175389595,43,40
"HGF",3.12209253262519,37,40
"ADGRB",0.787264529540771,62,40
"CD200",1.23440258091708,52,40
"IL1",2.85646337267714,42,40
"CDH5",0.0723731536767528,89,40
"CD6",1.25637949542704,51,40
"LAMININ",0.258497495135501,81,41
"ADGRL",0.867288995503307,57,41
"CADM",12.5776522387168,1,41
"PTPRM",5.56964628101234,13,41
"COLLAGEN",0.424913624352023,72,41
"NRG",1.03585465203016,55,41
"JAM",11.8651267196577,2,41
"CDH",4.96928901516267,18,41
"Testosterone",5.13865706575843,16,41
"Cholesterol",0.660447074233333,64,41
"BMP",2.88147575044604,39,41
"NRXN",3.31732948036855,37,41
"NCAM",5.97989345033658,11,41
"Glutamate",3.86063391260671,28,41
"APP",3.91009927900026,27,41
"Estradiol",0.453288873464349,70,41
"SEMA3",4.32840065445461,25,41
"MPZ",0.218840263422202,83,41
"IGF",0.327312580451062,77,41
"PROS",0.611956740833527,66,41
"TENASCIN",0.178357568455345,86,41
"PCDH",1.14871074476468,52,41
"PTPR",0.533045170904862,67,41
"EPHA",0.676455632404327,62,41
"CD39",0.778430663111121,60,41
"Androstenedione",0.197876365084502,84,41
"NECTIN",0.271050206414339,80,41
"EPHB",0.411507506412364,73,41
"SEMA5",0.347096028848847,75,41
"EGF",2.54145951643791,42,41
"GAS",0.838431738538039,58,41
"Netrin",4.69267479486692,20,41
"CNTN",0.800757206958005,59,41
"SEMA7",0.6745732844332,63,41
"PDGF",0.617995939583798,65,41
"SEMA6",0.326547203042322,78,41
"CLDN",0.278191579698594,79,41
"PSAP",2.49311619545035,43,41
"FGF",0.116179190577171,88,41
"GAP",0.452696644220359,71,41
"RELN",0.47883629159637,69,41
"VCAM",0.327840313816634,76,41
"NOTCH",0.246558530996948,82,41
"NGL",6.85707128310432,9,41
"SLIT",0.170708477967515,87,41
"THBS",1.25354363578277,50,41
"DHT",1.10504387009287,53,41
"ADGRG",5.31352387184648,14,41
"TULP",1.61468917141657,48,41
"ncWNT",4.35062147889698,24,41
"CD99",0.105451562285741,89,41
"UNC5",4.15447494682961,26,41
"ACTIVIN",11.1080565919331,3,41
"ANGPTL",10.6882720960832,5,41
"AGRN",9.29375973983982,7,41
"CD46",4.46044191360931,22,41
"PTN",2.40268137416912,44,41
"PECAM2",0.484941237060631,68,41
"EDA",3.36080461017992,35,41
"Adenosine",2.01377981646516,46,41
"KIT",6.0885536842215,10,41
"FN1",1.10035501262954,54,41
"LIFR",10.778846433881,4,41
"NT",5.13824653324024,17,41
"ApoA",9.63850452201079,6,41
"VISFATIN",5.16019476001203,15,41
"CD45",3.79888650646522,30,41
"RA",3.71347559165271,31,41
"VEGF",4.63861183389715,21,41
"NEGR",3.58527746441761,32,41
"NPNT",4.36190767838572,23,41
"SEMA4",4.6991211477734,19,41
"DHEA",3.57344878590912,34,41
"FLRT",1.49195642269719,49,41
"ADGRA",8.07483730040385,8,41
"HSPG",0.956747943789366,56,41
"Prostaglandin",3.84373320946515,29,41
"ANGPT",5.83490098945639,12,41
"PECAM1",3.57509298484311,33,41
"TGFb",0.353011902569647,74,41
"OCLN",3.1720096403229,38,41
"VWF",3.34152677340134,36,41
"DESMOSOME",2.34452212696501,45,41
"HGF",2.73951853766093,41,41
"ADGRB",0.687093814085392,61,41
"CD200",1.15091864113131,51,41
"IL1",2.80493144664163,40,41
"CDH5",0.194218990020003,85,41
"CD6",1.96709933015686,47,41
"LAMININ",0.156845391098634,83,42
"ADGRL",0.894035791901749,57,42
"CADM",9.49655168322229,5,42
"PTPRM",6.46676720532354,16,42
"COLLAGEN",0.150831326034833,85,42
"NRG",0.956771374930501,56,42
"JAM",11.0923269137462,1,42
"CDH",7.58181504230253,14,42
"Testosterone",5.40937759735159,22,42
"Cholesterol",0.528324842628162,66,42
"BMP",3.01604792634915,41,42
"NRXN",5.58853549806088,21,42
"NCAM",6.28008493393522,17,42
"Glutamate",6.77261876072125,15,42
"APP",4.11185688103153,29,42
"Estradiol",0.102783475694541,89,42
"SEMA3",8.54638050748989,10,42
"MPZ",0.156602942791145,84,42
"IGF",0.438073450245,74,42
"PROS",0.480235624127246,70,42
"TENASCIN",0.448429665474342,73,42
"PCDH",1.32552883541996,53,42
"PTPR",0.549774299094414,65,42
"EPHA",0.583940222903654,63,42
"CD39",0.796888402285181,60,42
"Androstenedione",0.19488290853153,82,42
"NECTIN",0.339177468758814,78,42
"EPHB",0.305989621093435,79,42
"SEMA5",0.374377887041526,75,42
"EGF",2.24739102838265,44,42
"GAS",0.865115967923756,58,42
"Netrin",9.1641605079046,7,42
"CNTN",0.817133975127736,59,42
"SEMA7",0.340593010392106,77,42
"PDGF",0.559515842672973,64,42
"SEMA6",0.358237237825765,76,42
"CLDN",0.148254300344994,87,42
"PSAP",2.21358936746063,45,42
"FGF",0.517635781064632,67,42
"GAP",0.463161750414965,72,42
"RELN",0.737019797993831,61,42
"VCAM",0.254925565808518,80,42
"NOTCH",0.487995430598169,68,42
"NGL",10.897550494122,2,42
"SLIT",0.150239503071849,86,42
"THBS",1.58298766243989,50,42
"DHT",1.22408989622856,54,42
"ADGRG",5.75550481742207,19,42
"TULP",1.73308483505442,48,42
"ncWNT",5.38933074750293,23,42
"CD99",0.118079620044133,88,42
"UNC5",8.49654742903274,11,42
"ACTIVIN",9.89451054416111,3,42
"ANGPTL",9.28393303328811,6,42
"AGRN",8.25368807689771,12,42
"CD46",8.66022920760374,8,42
"PTN",2.70505331393858,42,42
"PECAM2",0.483660375798806,69,42
"EDA",3.14956813431538,39,42
"Adenosine",1.79702186634995,47,42
"KIT",5.91518322234576,18,42
"FN1",1.37109118054138,52,42
"LIFR",9.62944225780093,4,42
"NT",5.06253092687955,24,42
"ApoA",8.64037077351416,9,42
"VISFATIN",4.58473213646378,25,42
"CD45",3.53383651094264,33,42
"RA",3.50247759184435,34,42
"VEGF",4.50775184728245,27,42
"NEGR",3.66698733874179,30,42
"NPNT",3.38523091344403,35,42
"SEMA4",4.45746131574417,28,42
"DHEA",4.53654851215859,26,42
"FLRT",1.62117704087462,49,42
"ADGRA",7.68434793018418,13,42
"HSPG",1.47014032156989,51,42
"Prostaglandin",3.66274444618732,31,42
"ANGPT",5.66353121648209,20,42
"PECAM1",3.56163842413276,32,42
"TGFb",0.200497246853877,81,42
"OCLN",3.21107312434561,37,42
"VWF",3.32537690211064,36,42
"DESMOSOME",2.48791428566649,43,42
"HGF",3.07109730738663,40,42
"ADGRB",0.635269334537288,62,42
"CD200",1.06661005629382,55,42
"IL1",3.16314065344339,38,42
"CDH5",0.477774778029321,71,42
"CD6",2.18238622674976,46,42
"LAMININ",0.159920700907942,86,43
"ADGRL",0.811749453686962,59,43
"CADM",8.96139913148697,10,43
"PTPRM",7.97187414142929,12,43
"COLLAGEN",0.225250480686088,82,43
"NRG",1.00358115061539,55,43
"JAM",9.88603231224067,9,43
"CDH",11.7875552104203,2,43
"Testosterone",6.03034562678344,23,43
"Cholesterol",0.535066575380842,66,43
"BMP",3.70610728842755,32,43
"NRXN",10.570361470285,7,43
"NCAM",7.46014833705004,16,43
"Glutamate",11.1429940469768,3,43
"APP",5.67388691079666,24,43
"Estradiol",0.23945621385748,80,43
"SEMA3",10.75218592687,4,43
"MPZ",0.224121115475279,83,43
"IGF",0.295829566105369,77,43
"PROS",0.632044966148962,63,43
"TENASCIN",0.617568252462567,64,43
"PCDH",1.30836565908234,52,43
"PTPR",0.494207094002136,69,43
"EPHA",0.349759410315166,74,43
"CD39",0.641069103286702,62,43
"Androstenedione",0.235063872269168,81,43
"NECTIN",0.154347937108392,87,43
"EPHB",0.531153533412051,67,43
"SEMA5",0.340532682246473,75,43
"EGF",2.56319910322734,44,43
"GAS",0.836772284707361,58,43
"Netrin",10.5879884417474,5,43
"CNTN",0.857983709158784,57,43
"SEMA7",0.495311158306237,68,43
"PDGF",0.88396794378169,56,43
"SEMA6",0.387269832818337,71,43
"CLDN",0.293021481390599,78,43
"PSAP",3.48147096039735,36,43
"FGF",0.383335067002651,72,43
"GAP",0.265385304233269,79,43
"RELN",0.676462254979216,61,43
"VCAM",0.192155798975184,84,43
"NOTCH",0.083709913077291,89,43
"NGL",13.6300079296817,1,43
"SLIT",0.2984415228179,76,43
"THBS",1.58350889852399,50,43
"DHT",0.747499914307725,60,43
"ADGRG",7.59822256833047,15,43
"TULP",1.92840346659476,47,43
"ncWNT",6.87293347516334,17,43
"CD99",0.117184768385713,88,43
"UNC5",10.2086649420576,8,43
"ACTIVIN",8.52300288399341,11,43
"ANGPTL",7.94837713909861,13,43
"AGRN",6.07142829112439,22,43
"CD46",10.5777668574536,6,43
"PTN",2.92191309963676,42,43
"PECAM2",0.545911598523146,65,43
"EDA",3.58991417183968,34,43
"Adenosine",1.99543510467902,46,43
"KIT",6.70362938345482,19,43
"FN1",1.50147319319314,51,43
"LIFR",7.91899861026591,14,43
"NT",6.78729511027883,18,43
"ApoA",6.09255153295302,21,43
"VISFATIN",2.92813908832824,41,43
"CD45",3.58374093625901,35,43
"RA",5.53295861782788,26,43
"VEGF",6.30228233461924,20,43
"NEGR",4.16402993992399,30,43
"NPNT",3.70186669167478,33,43
"SEMA4",3.14812682491267,40,43
"DHEA",4.7247238452145,27,43
"FLRT",1.76504939553598,49,43
"ADGRA",5.56582006821572,25,43
"HSPG",1.25727988019715,54,43
"Prostaglandin",4.24289952081124,29,43
"ANGPT",3.97756391087511,31,43
"PECAM1",3.15056710194,39,43
"TGFb",0.365969694449743,73,43
"OCLN",4.38121041285737,28,43
"VWF",3.29316155747909,37,43
"DESMOSOME",2.04926902016573,45,43
"HGF",3.21262466343283,38,43
"ADGRB",0.457789070880358,70,43
"CD200",1.26386203383196,53,43
"IL1",2.86418512395902,43,43
"CDH5",0.165736070641154,85,43
"CD6",1.79863112826238,48,43
"LAMININ",0.331211915746239,74,44
"ADGRL",1.20552584990909,54,44
"CADM",9.97351922625601,2,44
"PTPRM",6.92630044383496,14,44
"COLLAGEN",0.26317290763805,83,44
"NRG",0.953495022292135,57,44
"JAM",9.66467676939734,3,44
"CDH",8.33491937140578,6,44
"Testosterone",5.04446049671429,24,44
"Cholesterol",0.493891754557286,65,44
"BMP",3.30018363196561,39,44
"NRXN",5.60712117421401,20,44
"NCAM",6.62502119296731,15,44
"Glutamate",6.98154156003267,13,44
"APP",3.96294536282796,30,44
"Estradiol",0.294016997365732,78,44
"SEMA3",8.00494689978639,9,44
"MPZ",0.164072919647884,84,44
"IGF",0.306920278886044,77,44
"PROS",0.731101168452719,61,44
"TENASCIN",0.356263454616803,73,44
"PCDH",1.23229235427967,53,44
"PTPR",0.369443280799402,71,44
"EPHA",0.423819126721532,67,44
"CD39",0.757401254073312,60,44
"Androstenedione",0.292773561744945,79,44
"NECTIN",0.279464321114078,81,44
"EPHB",0.486381789696995,66,44
"SEMA5",0.357282738415787,72,44
"EGF",2.34285812785453,44,44
"GAS",0.942034558403621,58,44
"Netrin",7.83199490602924,12,44
"CNTN",0.858280995250668,59,44
"SEMA7",0.317077513309073,76,44
"PDGF",0.629674158059408,62,44
"SEMA6",0.41226930682798,68,44
"CLDN",0.100947935313154,86,44
"PSAP",3.2153581004773,40,44
"FGF",0.330604515165942,75,44
"GAP",0.392108930048784,69,44
"RELN",0.613193958738234,63,44
"VCAM",0.154537755557368,85,44
"NOTCH",0.0427821230782652,89,44
"NGL",11.2171935622554,1,44
"SLIT",0.26754424879252,82,44
"THBS",1.59760511535364,49,44
"DHT",1.14548273665204,55,44
"ADGRG",6.13619197074208,17,44
"TULP",1.72285050443462,48,44
"ncWNT",5.62150046418673,19,44
"CD99",0.0730179092309561,87,44
"UNC5",8.24225132161066,7,44
"ACTIVIN",8.72356165458887,4,44
"ANGPTL",7.97160591977924,10,44
"AGRN",5.46219454076284,21,44
"CD46",8.03222969052291,8,44
"PTN",2.64365837431998,43,44
"PECAM2",0.502019006370721,64,44
"EDA",3.46728242747474,35,44
"Adenosine",1.75120297700578,47,44
"KIT",6.13851645196305,16,44
"FN1",1.43013431353389,52,44
"LIFR",8.46702695621533,5,44
"NT",5.28218643073786,22,44
"ApoA",5.75103369308728,18,44
"VISFATIN",4.58856414711506,27,44
"CD45",3.59661054721239,34,44
"RA",3.92545011636593,31,44
"VEGF",4.6680620897102,26,44
"NEGR",4.07648898002215,29,44
"NPNT",3.39960924552021,36,44
"SEMA4",4.47771759748983,28,44
"DHEA",4.82205825064572,25,44
"FLRT",1.49875795807039,50,44
"ADGRA",7.94472199930016,11,44
"HSPG",1.4703065805506,51,44
"Prostaglandin",3.77778293655502,32,44
"ANGPT",5.18410562365034,23,44
"PECAM1",3.36818294726291,38,44
"TGFb",0.289465539259447,80,44
"OCLN",3.39240702901345,37,44
"VWF",3.60954668670643,33,44
"DESMOSOME",2.19551150596118,45,44
"HGF",2.92788788732841,41,44
"ADGRB",0.391765829415229,70,44
"CD200",1.11387824024871,56,44
"IL1",2.6911163480157,42,44
"CDH5",0.0575463919429625,88,44
"CD6",1.8951825877711,46,44
"LAMININ",0.199439737626972,82,45
"ADGRL",0.915793626235126,58,45
"CADM",7.40764178785158,6,45
"PTPRM",7.04145283451159,9,45
"COLLAGEN",0.118473170884189,87,45
"NRG",0.979191560233021,57,45
"JAM",6.47669018877555,13,45
"CDH",7.22537222107892,7,45
"Testosterone",5.62893968758425,21,45
"Cholesterol",0.553427424258065,65,45
"BMP",3.66408815766709,33,45
"NRXN",4.64128866564481,28,45
"NCAM",6.42359930408029,16,45
"Glutamate",6.2756668209953,17,45
"APP",4.35532905759682,29,45
"Estradiol",0.178915736953504,83,45
"SEMA3",7.71304079557996,4,45
"MPZ",0.171539084178081,84,45
"IGF",0.426965732873491,71,45
"PROS",0.782051233805636,61,45
"TENASCIN",0.229323426647396,81,45
"PCDH",1.42032626958712,51,45
"PTPR",0.374207252758964,75,45
"EPHA",0.381600783340804,74,45
"CD39",0.865072050073289,59,45
"Androstenedione",0.104310763959693,88,45
"NECTIN",0.285399867824523,78,45
"EPHB",0.420879231585259,72,45
"SEMA5",0.394864735588136,73,45
"EGF",2.33714449790118,45,45
"GAS",1.03079780582187,55,45
"Netrin",7.86139259273641,2,45
"CNTN",1.11247604804257,54,45
"SEMA7",0.541025316679958,66,45
"PDGF",0.607567125622964,63,45
"SEMA6",0.454919611133272,70,45
"CLDN",0.359530000643248,76,45
"PSAP",2.97063935934503,39,45
"FGF",0.561279326251794,64,45
"GAP",0.504936890219568,67,45
"RELN",0.467253662584674,69,45
"VCAM",0.271017408683133,79,45
"NOTCH",0.26051287887351,80,45
"NGL",10.3007323458188,1,45
"SLIT",0.156295699285701,86,45
"THBS",1.46471148172057,50,45
"DHT",0.86268298556399,60,45
"ADGRG",5.89730700167342,20,45
"TULP",1.70289886749527,47,45
"ncWNT",6.13746448618962,18,45
"CD99",0.159547510388585,85,45
"UNC5",7.14901581231411,8,45
"ACTIVIN",6.42561705450495,14,45
"ANGPTL",7.01154839172436,10,45
"AGRN",6.71038156992017,11,45
"CD46",7.69708661249649,5,45
"PTN",2.95770545980893,40,45
"PECAM2",0.644930002545162,62,45
"EDA",3.40981935731816,37,45
"Adenosine",1.90493168500895,46,45
"KIT",6.48047675650724,12,45
"FN1",1.47165957980591,49,45
"LIFR",5.94582624534935,19,45
"NT",5.26376040762309,24,45
"ApoA",6.42511893649787,15,45
"VISFATIN",4.70125968566971,27,45
"CD45",3.21502331357256,38,45
"RA",4.22514014323331,30,45
"VEGF",4.99443958044703,25,45
"NEGR",4.9011009938161,26,45
"NPNT",3.92381188005317,32,45
"SEMA4",4.19071849747154,31,45
"DHEA",5.46352087678433,22,45
"FLRT",1.67792988893837,48,45
"ADGRA",7.84028082505652,3,45
"HSPG",1.15330030439772,53,45
"Prostaglandin",3.45006589983227,35,45
"ANGPT",5.39972479698811,23,45
"PECAM1",2.60809003929046,43,45
"TGFb",0.295743017123554,77,45
"OCLN",3.44802092640652,36,45
"VWF",2.69958335477551,42,45
"DESMOSOME",2.76390039376244,41,45
"HGF",3.55517640914818,34,45
"ADGRB",0.500872500146489,68,45
"CD200",1.00662210181994,56,45
"IL1",2.57214808236648,44,45
"CDH5",0.0969987158135017,89,45
"CD6",1.35242250433811,52,45
"LAMININ",0.143989758481309,86,46
"ADGRL",0.853445315610963,59,46
"CADM",11.4187183356037,4,46
"PTPRM",6.58635843581172,16,46
"COLLAGEN",0.348461943381654,76,46
"NRG",0.962331479015004,57,46
"JAM",12.7766359230072,1,46
"CDH",8.76117744755132,12,46
"Testosterone",5.24320039397074,23,46
"Cholesterol",0.560174123339988,64,46
"BMP",3.33530190613461,38,46
"NRXN",6.06102313271914,18,46
"NCAM",6.17650103982119,17,46
"Glutamate",7.63795300962493,15,46
"APP",4.22329614058869,29,46
"Estradiol",0.323382682182217,77,46
"SEMA3",8.97365278740723,10,46
"MPZ",0.297354113213594,81,46
"IGF",0.387733369626599,73,46
"PROS",0.52900446144279,67,46
"TENASCIN",0.275189735572473,84,46
"PCDH",1.2236397676554,53,46
"PTPR",0.280335861965476,83,46
"EPHA",0.398197613488188,71,46
"CD39",0.652260521858879,61,46
"Androstenedione",0.115778801087692,89,46
"NECTIN",0.142155614502491,87,46
"EPHB",0.478549502177136,68,46
"SEMA5",0.550490933641978,65,46
"EGF",2.08914513426105,45,46
"GAS",0.921945788978108,58,46
"Netrin",9.30045425958535,7,46
"CNTN",1.07395944690625,55,46
"SEMA7",0.454028732319587,69,46
"PDGF",0.650717721513646,62,46
"SEMA6",0.370280172775439,75,46
"CLDN",0.393055546893307,72,46
"PSAP",2.70107017092287,43,46
"FGF",0.531716631824188,66,46
"GAP",0.425146926267353,70,46
"RELN",0.581057594377298,63,46
"VCAM",0.11871584155281,88,46
"NOTCH",0.296850572328353,82,46
"NGL",11.7701040844809,2,46
"SLIT",0.299667865733753,79,46
"THBS",1.65220126844034,50,46
"DHT",1.13621252305425,54,46
"ADGRG",5.37986870579408,22,46
"TULP",1.87573003863491,48,46
"ncWNT",5.42681720874223,21,46
"CD99",0.297670386839278,80,46
"UNC5",9.15094043521512,9,46
"ACTIVIN",11.6118901692196,3,46
"ANGPTL",10.9024381213276,6,46
"AGRN",8.37255356151595,13,46
"CD46",9.22697595977868,8,46
"PTN",2.91742211910777,41,46
"PECAM2",0.38529388681354,74,46
"EDA",3.75969321442925,34,46
"Adenosine",1.95283511288733,47,46
"KIT",5.89479634169331,19,46
"FN1",1.34746632386314,51,46
"LIFR",10.9423527401673,5,46
"NT",5.10224269010593,24,46
"ApoA",8.80433500747409,11,46
"VISFATIN",5.03715253175668,25,46
"CD45",3.81098047500651,32,46
"RA",3.61507430460429,36,46
"VEGF",4.63668230260254,27,46
"NEGR",4.0326873218009,30,46
"NPNT",3.85538665704308,31,46
"SEMA4",4.31191276928664,28,46
"DHEA",4.84086753639022,26,46
"FLRT",1.74640371514392,49,46
"ADGRA",8.19212848688181,14,46
"HSPG",1.25005641566442,52,46
"Prostaglandin",3.77204522811919,33,46
"ANGPT",5.65520870698182,20,46
"PECAM1",3.6312278279047,35,46
"TGFb",0.317865187940139,78,46
"OCLN",3.23400627780545,39,46
"VWF",3.42791082215685,37,46
"DESMOSOME",2.06644804711026,46,46
"HGF",3.2029732413993,40,46
"ADGRB",0.668545259099845,60,46
"CD200",1.0720968479341,56,46
"IL1",2.79001431262394,42,46
"CDH5",0.2132459713623,85,46
"CD6",2.17250566744518,44,46
"LAMININ",0.304682110724785,80,47
"ADGRL",0.96577157240166,56,47
"CADM",16.3016911097286,2,47
"PTPRM",6.69329304609518,10,47
"COLLAGEN",0.038385150766508,89,47
"NRG",0.838046358256214,59,47
"JAM",17.6019588359088,1,47
"CDH",5.14783913665323,23,47
"Testosterone",5.45678387345465,20,47
"Cholesterol",0.569546735315375,65,47
"BMP",3.0112913514966,36,47
"NRXN",2.77756362281336,40,47
"NCAM",6.17131332185123,13,47
"Glutamate",3.99443417366506,28,47
"APP",4.25974444007758,27,47
"Estradiol",0.272874412958333,82,47
"SEMA3",6.39220129879995,12,47
"MPZ",0.409501269246568,74,47
"IGF",0.490215161553408,71,47
"PROS",0.767205744942228,60,47
"TENASCIN",0.235580850030083,86,47
"PCDH",1.31833776829104,53,47
"PTPR",0.460811243987573,72,47
"EPHA",0.556709627681297,67,47
"CD39",0.632434427690281,63,47
"Androstenedione",0.281120932453884,81,47
"NECTIN",0.320526155161515,78,47
"EPHB",0.32396718611418,77,47
"SEMA5",0.523398352363206,70,47
"EGF",2.23232746094029,45,47
"GAS",0.897963659858486,57,47
"Netrin",6.44751566794772,11,47
"CNTN",0.870771149337898,58,47
"SEMA7",0.529825005057199,69,47
"PDGF",0.565691121391768,66,47
"SEMA6",0.262663805183049,83,47
"CLDN",0.239668397663647,85,47
"PSAP",2.58982167597552,42,47
"FGF",0.394238277753356,75,47
"GAP",0.538191237432257,68,47
"RELN",0.572598124728964,64,47
"VCAM",0.126592397941289,88,47
"NOTCH",0.223478493221223,87,47
"NGL",7.81531961436845,9,47
"SLIT",0.374076700017001,76,47
"THBS",1.36884600640871,51,47
"DHT",1.04229102961047,55,47
"ADGRG",5.54752735060559,18,47
"TULP",1.604647473116,47,47
"ncWNT",5.48587011477666,19,47
"CD99",0.305425972581074,79,47
"UNC5",5.76106103239219,17,47
"ACTIVIN",16.1943466258966,3,47
"ANGPTL",15.6047170262748,5,47
"AGRN",15.4270699394278,6,47
"CD46",5.82656487461083,15,47
"PTN",2.42286615623383,43,47
"PECAM2",0.695673899716778,62,47
"EDA",3.56950664120366,33,47
"Adenosine",2.12424884384805,46,47
"KIT",6.0120079976244,14,47
"FN1",1.41058769687974,50,47
"LIFR",15.7909656370896,4,47
"NT",5.21900976923373,21,47
"ApoA",15.1305869087813,7,47
"VISFATIN",5.15527414739919,22,47
"CD45",3.49018156463821,34,47
"RA",3.93768704930452,29,47
"VEGF",4.74192701960872,24,47
"NEGR",3.82264552909513,31,47
"NPNT",3.78244755840577,32,47
"SEMA4",4.31110780650081,26,47
"DHEA",4.41110981253196,25,47
"FLRT",1.5793236997529,49,47
"ADGRA",8.09391002851816,8,47
"HSPG",1.12645299842189,54,47
"Prostaglandin",3.86565840148954,30,47
"ANGPT",5.80451215381349,16,47
"PECAM1",2.94180967674352,38,47
"TGFb",0.246134175071646,84,47
"OCLN",3.39709722290242,35,47
"VWF",2.98002818926489,37,47
"DESMOSOME",2.3053931554427,44,47
"HGF",2.94012268712056,39,47
"ADGRB",0.764556679804886,61,47
"CD200",1.32204276755376,52,47
"IL1",2.75243815287956,41,47
"CDH5",0.439348389647158,73,47
"CD6",1.58591158650019,48,47
"LAMININ",0.173124163754268,87,48
"ADGRL",0.971992485417107,57,48
"CADM",13.5618910360801,1,48
"PTPRM",7.46903582469228,15,48
"COLLAGEN",0.197170904532029,83,48
"NRG",0.916749090682898,59,48
"JAM",12.7808815759604,2,48
"CDH",9.12809138904047,7,48
"Testosterone",5.56307278020144,23,48
"Cholesterol",0.476033138972608,68,48
"BMP",3.25793951627189,40,48
"NRXN",7.48073492313324,14,48
"NCAM",6.9823468248178,16,48
"Glutamate",8.39514676066602,11,48
"APP",4.40541298817151,30,48
"Estradiol",0.285095765534296,78,48
"SEMA3",8.81950867922298,9,48
"MPZ",0.0597272391782841,89,48
"IGF",0.504995418172214,66,48
"PROS",0.819689423680138,60,48
"TENASCIN",0.456129744898244,70,48
"PCDH",1.21356308743974,53,48
"PTPR",0.486488191588625,67,48
"EPHA",0.742375722505336,61,48
"CD39",0.678213121089277,63,48
"Androstenedione",0.273644211479643,79,48
"NECTIN",0.21850851636609,81,48
"EPHB",0.423479741404923,71,48
"SEMA5",0.353045036659536,76,48
"EGF",2.48503842863676,44,48
"GAS",1.03495860255292,56,48
"Netrin",8.89966116728251,8,48
"CNTN",0.93795293415229,58,48
"SEMA7",0.365716897136197,75,48
"PDGF",0.715925384887783,62,48
"SEMA6",0.22530473903228,80,48
"CLDN",0.147985288619918,88,48
"PSAP",3.00189778567008,41,48
"FGF",0.468452601999771,69,48
"GAP",0.382431847814965,73,48
"RELN",0.657224318719409,65,48
"VCAM",0.186599226774871,84,48
"NOTCH",0.186268115155178,85,48
"NGL",12.4294205020844,3,48
"SLIT",0.296466598503109,77,48
"THBS",1.92941133641724,48,48
"DHT",1.29446541315683,51,48
"ADGRG",6.70552027674589,19,48
"TULP",1.77666306720754,49,48
"ncWNT",6.2121207902954,21,48
"CD99",0.38004921765518,74,48
"UNC5",8.34103145074957,12,48
"ACTIVIN",12.0129563985877,5,48
"ANGPTL",11.5216683718501,6,48
"AGRN",6.4818037789608,20,48
"CD46",8.46690635552505,10,48
"PTN",2.85240930817133,42,48
"PECAM2",0.400739896923055,72,48
"EDA",3.81489386497844,34,48
"Adenosine",2.31683061285557,45,48
"KIT",6.71951348678274,18,48
"FN1",1.20696803685873,54,48
"LIFR",12.1515101041735,4,48
"NT",5.34739572548919,24,48
"ApoA",6.96624387549249,17,48
"VISFATIN",5.14672332094994,25,48
"CD45",3.51239412799241,36,48
"RA",4.18919657172685,31,48
"VEGF",4.8686681672789,27,48
"NEGR",4.44944081467715,28,48
"NPNT",3.54031178848831,35,48
"SEMA4",4.43488152096582,29,48
"DHEA",5.09600858841066,26,48
"FLRT",1.26807004527791,52,48
"ADGRA",7.70203862224802,13,48
"HSPG",1.31784871447865,50,48
"Prostaglandin",3.876883758031,33,48
"ANGPT",5.75147789555618,22,48
"PECAM1",3.39721184565666,37,48
"TGFb",0.197237924740299,82,48
"OCLN",3.39273829301701,38,48
"VWF",3.3391181420586,39,48
"DESMOSOME",2.19069569003965,46,48
"HGF",3.92654175779391,32,48
"ADGRB",0.667368749921138,64,48
"CD200",1.08631543058706,55,48
"IL1",2.69603878580159,43,48
"CDH5",0.17709747741253,86,48
"CD6",2.05141730337685,47,48
"LAMININ",0.0946415938280906,87,49
"ADGRL",0.895398096230006,58,49
"CADM",9.46204992801231,2,49
"PTPRM",6.63998179577121,10,49
"COLLAGEN",0.151829006953992,84,49
"NRG",0.985303352260055,55,49
"JAM",10.2117490099629,1,49
"CDH",5.45043094279767,19,49
"Testosterone",5.80760789958775,16,49
"Cholesterol",0.568719025240672,68,49
"BMP",2.98980260634543,38,49
"NRXN",3.10715751514795,36,49
"NCAM",6.56111667314071,11,49
"Glutamate",4.24393132812724,27,49
"APP",4.17068640036448,28,49
"Estradiol",0.346172724363559,74,49
"SEMA3",5.91196874612665,15,49
"MPZ",0.024616871249114,89,49
"IGF",0.418568148010803,71,49
"PROS",0.632042526205077,64,49
"TENASCIN",0.288317694154276,78,49
"PCDH",0.993632203569768,54,49
"PTPR",0.588829768881366,65,49
"EPHA",0.904591016167187,57,49
"CD39",0.580835894014947,66,49
"Androstenedione",0.188484884124964,82,49
"NECTIN",0.180309013226047,83,49
"EPHB",0.262730657098985,80,49
"SEMA5",0.411750894692934,72,49
"EGF",2.16594391431728,45,49
"GAS",0.884669823249789,59,49
"Netrin",6.19621384666333,12,49
"CNTN",0.8788488467139,60,49
"SEMA7",0.578783414865584,67,49
"PDGF",0.641093458502217,63,49
"SEMA6",0.336470914897143,75,49
"CLDN",0.509388761269252,69,49
"PSAP",2.63235843179092,42,49
"FGF",0.11404188158502,86,49
"GAP",0.277682499351052,79,49
"RELN",0.728511436399635,61,49
"VCAM",0.425249616415109,70,49
"NOTCH",0.30146791338591,77,49
"NGL",8.53388345952443,6,49
"SLIT",0.0830859264513593,88,49
"THBS",1.91052909749363,47,49
"DHT",1.04192713219171,53,49
"ADGRG",6.18705690416207,13,49
"TULP",1.78511395499185,48,49
"ncWNT",5.63782726923776,17,49
"CD99",0.136052875843789,85,49
"UNC5",5.42483758246775,21,49
"ACTIVIN",8.98253392207953,3,49
"ANGPTL",8.57770743100836,5,49
"AGRN",8.27856589911404,8,49
"CD46",5.45166751482406,18,49
"PTN",2.58239198511798,43,49
"PECAM2",0.358318194309656,73,49
"EDA",3.1125455342328,35,49
"Adenosine",1.91279355001002,46,49
"KIT",6.07740241288502,14,49
"FN1",1.26575767589329,52,49
"LIFR",8.69508114916189,4,49
"NT",5.00585901200959,22,49
"ApoA",8.29214924136494,7,49
"VISFATIN",4.7302930429311,24,49
"CD45",3.36425759439771,34,49
"RA",3.86667481485353,31,49
"VEGF",4.65085744619567,25,49
"NEGR",3.72981225316425,33,49
"NPNT",3.82808391631154,32,49
"SEMA4",4.44530820708198,26,49
"DHEA",4.78037848050138,23,49
"FLRT",1.60828020887171,49,49
"ADGRA",7.84763429263309,9,49
"HSPG",1.34222890221413,51,49
"Prostaglandin",4.1216497328805,29,49
"ANGPT",5.42840010621308,20,49
"PECAM1",2.67312294786265,41,49
"TGFb",0.327986192185011,76,49
"OCLN",3.95891884670058,30,49
"VWF",2.85331047354556,39,49
"DESMOSOME",2.26039512759779,44,49
"HGF",3.04316037564464,37,49
"ADGRB",0.68387727535673,62,49
"CD200",0.975769188632337,56,49
"IL1",2.71689768041004,40,49
"CDH5",0.231944068348089,81,49
"CD6",1.54177601111118,50,49
"LAMININ",0.341896010064537,74,50
"ADGRL",0.797545436708006,58,50
"CADM",9.04301064206938,4,50
"PTPRM",6.52532634361232,16,50
"COLLAGEN",0.254314738142952,77,50
"NRG",1.20932913486525,54,50
"JAM",11.0284946467955,1,50
"CDH",6.75576587570857,15,50
"Testosterone",5.46017422105143,21,50
"Cholesterol",0.519654571664706,66,50
"BMP",3.14836544887012,38,50
"NRXN",4.59087905744111,27,50
"NCAM",6.76254826154285,14,50
"Glutamate",5.83530686942558,19,50
"APP",4.65343026182766,26,50
"Estradiol",0.13110673957524,82,50
"SEMA3",7.52141957991909,11,50
"MPZ",0.140040569460284,81,50
"IGF",0.344632938615184,73,50
"PROS",0.694287187121977,64,50
"TENASCIN",0.254233709045755,78,50
"PCDH",1.32845810011469,52,50
"PTPR",0.421049508562655,69,50
"EPHA",0.698343951380018,63,50
"CD39",0.746095182270091,62,50
"Androstenedione",0.0829468809367032,87,50
"NECTIN",0.121710093340636,84,50
"EPHB",0.409790040672981,71,50
"SEMA5",0.432281035725593,68,50
"EGF",2.16746900793554,46,50
"GAS",0.763708452756794,60,50
"Netrin",7.57440454309571,10,50
"CNTN",0.975128274701732,57,50
"SEMA7",0.413060362194349,70,50
"PDGF",0.569580535403131,65,50
"SEMA6",0.101991595746351,85,50
"CLDN",0.0977686741971673,86,50
"PSAP",2.71170651950957,42,50
"FGF",0.160359137749964,80,50
"GAP",0.299025413667697,75,50
"RELN",0.751012833688243,61,50
"VCAM",0.0204442175045753,89,50
"NOTCH",0.269167326332453,76,50
"NGL",9.16034914583061,3,50
"SLIT",0.130274087646379,83,50
"THBS",1.87235147134784,48,50
"DHT",1.12090296637688,55,50
"ADGRG",6.20651858500533,18,50
"TULP",1.68204626432826,49,50
"ncWNT",5.4659815803521,20,50
"CD99",0.182011068654479,79,50
"UNC5",7.25154937399172,12,50
"ACTIVIN",9.81249171450642,2,50
"ANGPTL",8.81873923641835,6,50
"AGRN",8.75649889308616,7,50
"CD46",7.0427648654187,13,50
"PTN",2.32748245624273,44,50
"PECAM2",0.484409331361405,67,50
"EDA",3.67269242634625,34,50
"Adenosine",2.13932691548814,47,50
"KIT",6.44807338978966,17,50
"FN1",1.42080065520346,51,50
"LIFR",8.96745335805628,5,50
"NT",5.43409106434369,22,50
"ApoA",8.46221347011995,8,50
"VISFATIN",4.83999704097295,25,50
"CD45",3.77099247201341,33,50
"RA",4.14497180513789,30,50
"VEGF",5.04525696453787,24,50
"NEGR",4.11050364202934,31,50
"NPNT",3.66014206079392,35,50
"SEMA4",4.30933340343604,29,50
"DHEA",4.38464096748402,28,50
"FLRT",1.47300081331543,50,50
"ADGRA",7.93286642813455,9,50
"HSPG",0.998221005738843,56,50
"Prostaglandin",3.83980400189166,32,50
"ANGPT",5.35508218941127,23,50
"PECAM1",3.17838460567426,37,50
"TGFb",0.379572783723182,72,50
"OCLN",3.04024094255579,40,50
"VWF",3.37877455149769,36,50
"DESMOSOME",2.41491629700204,43,50
"HGF",3.07628898806923,39,50
"ADGRB",0.779027592915697,59,50
"CD200",1.28907178491799,53,50
"IL1",2.83183046085765,41,50
"CDH5",0.0666219733617353,88,50
"CD6",2.24955911799193,45,50
"LAMININ",0.0917368820367427,88,51
"ADGRL",1.04977292885572,55,51
"CADM",15.1436127297637,1,51
"PTPRM",6.30411337396218,17,51
"COLLAGEN",0.153347574514971,86,51
"NRG",0.894456482083518,59,51
"JAM",12.9063583779839,5,51
"CDH",10.8388360265126,9,51
"Testosterone",5.32268751180681,21,51
"Cholesterol",0.737297529831155,61,51
"BMP",3.91393726881524,30,51
"NRXN",7.75216547620646,15,51
"NCAM",5.5142901738435,19,51
"Glutamate",9.72831292258144,14,51
"APP",3.76180896952773,31,51
"Estradiol",0.170326435889262,84,51
"SEMA3",11.0230534809965,8,51
"MPZ",0.235196027617808,81,51
"IGF",0.451400978898123,72,51
"PROS",0.686702991864816,63,51
"TENASCIN",0.265841811128715,78,51
"PCDH",1.54416958458811,51,51
"PTPR",0.641909726147684,65,51
"EPHA",0.588624285661738,68,51
"CD39",0.989333345951191,57,51
"Androstenedione",0.0851027116649063,89,51
"NECTIN",0.172435190024498,83,51
"EPHB",0.432714595122313,73,51
"SEMA5",0.465763373918552,71,51
"EGF",1.91686957227753,45,51
"GAS",0.828167456705248,60,51
"Netrin",11.5055634612511,7,51
"CNTN",0.947532044766459,58,51
"SEMA7",0.495657402824275,69,51
"PDGF",0.686745118094514,62,51
"SEMA6",0.380506071542201,75,51
"CLDN",0.34522656616001,76,51
"PSAP",2.5872345701892,44,51
"FGF",0.472411912482838,70,51
"GAP",0.426192653956184,74,51
"RELN",0.599063756608548,67,51
"VCAM",0.240173544559163,80,51
"NOTCH",0.240829883659738,79,51
"NGL",13.3727936633295,3,51
"SLIT",0.209034147777668,82,51
"THBS",1.63713607863744,50,51
"DHT",1.03129101657029,56,51
"ADGRG",5.06886181897141,23,51
"TULP",1.66341393576375,49,51
"ncWNT",5.18501752869779,22,51
"CD99",0.162501082212037,85,51
"UNC5",10.6169144546923,11,51
"ACTIVIN",12.8908438905082,6,51
"ANGPTL",13.1035602867792,4,51
"AGRN",10.3835476263297,13,51
"CD46",10.4606293813849,12,51
"PTN",3.36376429107568,38,51
"PECAM2",0.607968255389943,66,51
"EDA",3.17816559834117,41,51
"Adenosine",1.90808587306559,46,51
"KIT",5.55431671634242,18,51
"FN1",1.67516690392793,48,51
"LIFR",13.494383066272,2,51
"NT",4.49650080041768,26,51
"ApoA",10.7887771918919,10,51
"VISFATIN",4.60444941134135,24,51
"CD45",3.65309031483198,32,51
"RA",3.42089135807103,36,51
"VEGF",4.20787498563431,28,51
"NEGR",4.39871123855648,27,51
"NPNT",3.34769201350366,39,51
"SEMA4",4.01578796882233,29,51
"DHEA",4.53629155323246,25,51
"FLRT",1.54012079247353,52,51
"ADGRA",7.29119983704339,16,51
"HSPG",1.39118839795578,53,51
"Prostaglandin",3.38637859681913,37,51
"ANGPT",5.44405927363375,20,51
"PECAM1",3.44941410740612,35,51
"TGFb",0.266523475597809,77,51
"OCLN",3.60202285452509,33,51
"VWF",3.27012827083414,40,51
"DESMOSOME",2.83239768656348,43,51
"HGF",3.50793360527273,34,51
"ADGRB",0.671070380031859,64,51
"CD200",1.21508672245271,54,51
"IL1",3.0646537089719,42,51
"CDH5",0.121874136931947,87,51
"CD6",1.8771969420336,47,51
"LAMININ",0.272273143748224,81,52
"ADGRL",0.967371727332187,58,52
"CADM",16.4097776737504,2,52
"PTPRM",6.28328115716389,16,52
"COLLAGEN",0.142704340178112,88,52
"NRG",0.997924862123301,57,52
"JAM",16.9629340909549,1,52
"CDH",7.03980105972301,14,52
"Testosterone",5.80529023306422,19,52
"Cholesterol",0.630349673407484,65,52
"BMP",3.32017034050719,36,52
"NRXN",5.04816665826672,23,52
"NCAM",6.4053095223956,15,52
"Glutamate",5.84965649079969,18,52
"APP",4.11442022671804,28,52
"Estradiol",0.25689663021976,83,52
"SEMA3",8.37482068272961,10,52
"MPZ",0.284292674084136,78,52
"IGF",0.464601369802586,70,52
"PROS",0.7918382662386,60,52
"TENASCIN",0.380935870135263,73,52
"PCDH",1.27057090686664,54,52
"PTPR",0.261655073697611,82,52
"EPHA",0.78217335010416,61,52
"CD39",1.01297124545502,56,52
"Androstenedione",0.13650860930329,89,52
"NECTIN",0.250214747714895,84,52
"EPHB",0.333737037739728,75,52
"SEMA5",0.497572310110892,69,52
"EGF",2.05723158949636,46,52
"GAS",1.03391665798987,55,52
"Netrin",8.84261254146826,9,52
"CNTN",0.671562837216258,63,52
"SEMA7",0.36882737927478,74,52
"PDGF",0.545455473454829,67,52
"SEMA6",0.408925641176152,72,52
"CLDN",0.433561168390858,71,52
"PSAP",2.29454957687717,45,52
"FGF",0.286962002507224,77,52
"GAP",0.55269591084889,66,52
"RELN",0.516759526851359,68,52
"VCAM",0.318724245372025,76,52
"NOTCH",0.248580377036774,85,52
"NGL",9.47888415614728,8,52
"SLIT",0.272891982321171,80,52
"THBS",1.60660225327446,49,52
"DHT",0.886025298813481,59,52
"ADGRG",5.62674009752932,20,52
"TULP",1.65779843187783,48,52
"ncWNT",4.94494840778838,24,52
"CD99",0.201271408233382,86,52
"UNC5",8.05074415194366,11,52
"ACTIVIN",15.6482469876447,4,52
"ANGPTL",15.3244453004993,5,52
"AGRN",13.360517675066,7,52
"CD46",8.00610425441827,12,52
"PTN",2.77354641398277,41,52
"PECAM2",0.683871327615096,62,52
"EDA",3.4198013799822,35,52
"Adenosine",2.32206639167746,44,52
"KIT",5.96625539275777,17,52
"FN1",1.42405303739951,52,52
"LIFR",15.9627326505378,3,52
"NT",5.1581751761744,22,52
"ApoA",13.8627232086579,6,52
"VISFATIN",4.71505151467574,25,52
"CD45",3.65947790255228,30,52
"RA",3.5937511474817,32,52
"VEGF",4.65305984711613,26,52
"NEGR",3.48874103146597,34,52
"NPNT",3.65917187268579,31,52
"SEMA4",3.92432530793748,29,52
"DHEA",4.40798636457583,27,52
"FLRT",1.75005562880767,47,52
"ADGRA",7.6801545407609,13,52
"HSPG",1.39936893464205,53,52
"Prostaglandin",3.24051832917029,37,52
"ANGPT",5.34028522820724,21,52
"PECAM1",2.64930920089618,42,52
"TGFb",0.274155303660183,79,52
"OCLN",3.53097287797821,33,52
"VWF",3.02459222418932,38,52
"DESMOSOME",2.47644687300845,43,52
"HGF",2.87198208454351,40,52
"ADGRB",0.637803610998701,64,52
"CD200",1.57787011927482,50,52
"IL1",2.96944800246084,39,52
"CDH5",0.198723748205372,87,52
"CD6",1.44631402359092,51,52
"LAMININ",0.216651666535038,83,53
"ADGRL",0.869599306898383,59,53
"CADM",6.94104836776383,11,53
"PTPRM",5.50746060367684,17,53
"COLLAGEN",0.311059432591475,75,53
"NRG",0.955788196671095,57,53
"JAM",7.02069075697109,10,53
"CDH",11.4048340730021,7,53
"Testosterone",5.79805455992768,14,53
"Cholesterol",0.483584194299733,67,53
"BMP",3.54584431364475,33,53
"NRXN",10.6486420813089,8,53
"NCAM",6.79253385442028,12,53
"Glutamate",11.8925753316336,6,53
"APP",4.09071465055774,28,53
"Estradiol",0.28856198836651,77,53
"SEMA3",13.1013990239084,4,53
"MPZ",0.253353068962837,81,53
"IGF",0.382421227039686,70,53
"PROS",0.687866111469432,61,53
"TENASCIN",0.210018825421681,84,53
"PCDH",1.27135158858141,53,53
"PTPR",0.398617800483555,69,53
"EPHA",0.317840204170571,74,53
"CD39",0.60989623393071,65,53
"Androstenedione",0.152000343528665,86,53
"NECTIN",0.339447324432199,73,53
"EPHB",0.434628581264464,68,53
"SEMA5",0.362100608308082,72,53
"EGF",3.20105496230577,37,53
"GAS",1.0184734989544,56,53
"Netrin",12.4627263219354,5,53
"CNTN",1.01867467411842,55,53
"SEMA7",0.504651049859893,66,53
"PDGF",0.611890474486384,64,53
"SEMA6",0.371157789446414,71,53
"CLDN",0.123576223257313,87,53
"PSAP",2.80894006001626,41,53
"FGF",0.310187597647212,76,53
"GAP",0.229868319889577,82,53
"RELN",0.658506131960729,63,53
"VCAM",0.123228999601599,88,53
"NOTCH",0.274305931699977,79,53
"NGL",13.3694995819699,3,53
"SLIT",0.276738816514149,78,53
"THBS",1.49357967312605,49,53
"DHT",0.936753599078686,58,53
"ADGRG",5.12819171586902,20,53
"TULP",1.5519630327264,47,53
"ncWNT",4.53109533756435,24,53
"CD99",0.12123531978305,89,53
"UNC5",13.6539142019962,2,53
"ACTIVIN",5.70047048911949,15,53
"ANGPTL",5.40271286006891,18,53
"AGRN",3.69172704030076,31,53
"CD46",13.7115069974328,1,53
"PTN",3.12292352830526,39,53
"PECAM2",0.67834596770284,62,53
"EDA",3.49927495592977,36,53
"Adenosine",2.19052407905046,44,53
"KIT",6.7334511638593,13,53
"FN1",1.52565560444321,48,53
"LIFR",5.27100495620541,19,53
"NT",4.92335799407905,22,53
"ApoA",3.74640840371476,30,53
"VISFATIN",5.01232428233688,21,53
"CD45",3.1429662938023,38,53
"RA",4.27930560794937,26,53
"VEGF",4.46414560885428,25,53
"NEGR",3.76339553162559,29,53
"NPNT",3.50788937313433,35,53
"SEMA4",4.62257586382595,23,53
"DHEA",3.63994908199289,32,53
"FLRT",1.40185100227605,50,53
"ADGRA",7.91475104184529,9,53
"HSPG",1.36454997741817,52,53
"Prostaglandin",4.23998871870171,27,53
"ANGPT",5.69818104802774,16,53
"PECAM1",2.39612913858378,43,53
"TGFb",0.272108310577637,80,53
"OCLN",3.52193420085674,34,53
"VWF",2.1620466756304,45,53
"DESMOSOME",1.73374681337809,46,53
"HGF",3.04534633158296,40,53
"ADGRB",0.724782124750449,60,53
"CD200",1.40003944718218,51,53
"IL1",2.5203353239155,42,53
"CDH5",0.154920240056268,85,53
"CD6",1.14789466049343,54,53
"LAMININ",0.157916656763207,86,54
"ADGRL",0.943062986781994,56,54
"CADM",11.3273621116384,9,54
"PTPRM",6.56108947938363,16,54
"COLLAGEN",0.19086107276931,82,54
"NRG",1.19775022770186,53,54
"JAM",11.4331871151125,8,54
"CDH",12.3926778971845,4,54
"Testosterone",4.87196219948852,25,54
"Cholesterol",0.598376842651838,66,54
"BMP",3.20803485321755,37,54
"NRXN",11.0998316689585,10,54
"NCAM",6.50704859695622,17,54
"Glutamate",11.665612528591,7,54
"APP",4.41628522319276,27,54
"Estradiol",0.352300536027949,74,54
"SEMA3",12.5875951462626,3,54
"MPZ",0.175302881054027,84,54
"IGF",0.453445094846387,73,54
"PROS",0.685372051699201,63,54
"TENASCIN",0.225667138595026,80,54
"PCDH",1.12076767663881,54,54
"PTPR",0.587474705154207,68,54
"EPHA",0.594646422157025,67,54
"CD39",0.883865444251317,59,54
"Androstenedione",0.122007608100844,87,54
"NECTIN",0.260988192241124,79,54
"EPHB",0.308107926762173,77,54
"SEMA5",0.501770118312154,70,54
"EGF",2.18098889223023,45,54
"GAS",0.936172676040163,57,54
"Netrin",13.0150045987978,2,54
"CNTN",0.70252243651913,61,54
"SEMA7",0.672778036146936,64,54
"PDGF",0.689037990577556,62,54
"SEMA6",0.31789615138901,75,54
"CLDN",0.164638098289063,85,54
"PSAP",2.81481656895665,41,54
"FGF",0.490572436722739,72,54
"GAP",0.291251409224552,78,54
"RELN",0.635135668540388,65,54
"VCAM",0.199136230740969,81,54
"NOTCH",0.500808972933266,71,54
"NGL",15.3255832746034,1,54
"SLIT",0.183710153603884,83,54
"THBS",1.37336776198337,51,54
"DHT",0.916162468674575,58,54
"ADGRG",5.8764457026388,20,54
"TULP",1.804371643763,48,54
"ncWNT",5.25318860974735,22,54
"CD99",0.313548084854389,76,54
"UNC5",12.1986109416761,5,54
"ACTIVIN",10.4542501695492,11,54
"ANGPTL",9.96822225580419,12,54
"AGRN",6.12894569921767,19,54
"CD46",12.0922658510881,6,54
"PTN",2.60268305276802,43,54
"PECAM2",0.515825323437211,69,54
"EDA",3.6589420274098,31,54
"Adenosine",2.12217826171764,47,54
"KIT",6.2653600210882,18,54
"FN1",1.42484984357952,50,54
"LIFR",9.85985219344099,13,54
"NT",5.18874678097042,23,54
"ApoA",6.75529804432421,15,54
"VISFATIN",4.93298015949387,24,54
"CD45",3.45503201636293,34,54
"RA",3.79528748027602,30,54
"VEGF",4.74822351584317,26,54
"NEGR",3.40386513295344,35,54
"NPNT",3.49730334258944,33,54
"SEMA4",4.10581801547896,29,54
"DHEA",4.36418613327753,28,54
"FLRT",1.72559046240545,49,54
"ADGRA",8.06128460501449,14,54
"HSPG",1.27558886533147,52,54
"Prostaglandin",3.5911281635187,32,54
"ANGPT",5.35256592709038,21,54
"PECAM1",3.30113213138663,36,54
"TGFb",0.0950410747447496,88,54
"OCLN",3.00878689448433,39,54
"VWF",3.19652971978172,38,54
"DESMOSOME",2.22310187690699,44,54
"HGF",2.78460060162818,42,54
"ADGRB",0.803567367250989,60,54
"CD200",1.0772957889659,55,54
"IL1",2.89459477630161,40,54
"CDH5",0.0746494974498308,89,54
"CD6",2.17715994125935,46,54
"LAMININ",0.148535572731055,85,55
"ADGRL",0.896604801855053,61,55
"CADM",11.3378572985903,6,55
"PTPRM",6.64665457451637,10,55
"COLLAGEN",0.251849318853112,80,55
"NRG",1.1856844493734,55,55
"JAM",12.11031772616,2,55
"CDH",5.75542843203079,16,55
"Testosterone",5.7392201281617,17,55
"Cholesterol",0.429257225150663,71,55
"BMP",3.6270164753008,32,55
"NRXN",3.20573268682216,40,55
"NCAM",6.01609262483402,13,55
"Glutamate",4.69513477599751,26,55
"APP",4.0199242874285,28,55
"Estradiol",0.3489819388804,74,55
"SEMA3",5.79564513784321,15,55
"MPZ",0.167747381803803,84,55
"IGF",0.458686462885219,69,55
"PROS",0.612357972713897,66,55
"TENASCIN",0.547662425265428,67,55
"PCDH",1.28918006250324,54,55
"PTPR",0.424093090266313,72,55
"EPHA",0.62220806153812,65,55
"CD39",0.907541093014004,60,55
"Androstenedione",0.137747399750239,86,55
"NECTIN",0.346480236837833,76,55
"EPHB",0.348201451557034,75,55
"SEMA5",0.325470567801429,77,55
"EGF",2.19297384730062,46,55
"GAS",0.915698555096845,59,55
"Netrin",6.32134780323262,11,55
"CNTN",1.1558025647581,56,55
"SEMA7",0.485813748274283,68,55
"PDGF",2.93418121950311,43,55
"SEMA6",0.363656025662423,73,55
"CLDN",0.314516571229641,78,55
"PSAP",3.04370801394283,41,55
"FGF",0.230430247618365,81,55
"GAP",0.262138450492487,79,55
"RELN",0.720934445783843,62,55
"VCAM",0.0703821040859434,89,55
"NOTCH",0.455448909341549,70,55
"NGL",8.4084215526117,8,55
"SLIT",0.104816364250209,88,55
"THBS",1.56165882386492,51,55
"DHT",0.985712119528736,58,55
"ADGRG",5.35412389742954,20,55
"TULP",1.84346880482436,49,55
"ncWNT",5.06433921794081,23,55
"CD99",0.124626458118896,87,55
"UNC5",5.83798938720686,14,55
"ACTIVIN",11.7039660548924,4,55
"ANGPTL",11.4261539779614,5,55
"AGRN",11.9206180821558,3,55
"CD46",5.63111978040909,19,55
"PTN",2.86127815909943,44,55
"PECAM2",0.628737400624924,64,55
"EDA",3.43607473345921,36,55
"Adenosine",1.8984525722641,48,55
"KIT",6.10191111315238,12,55
"FN1",1.42166383008546,52,55
"LIFR",12.274560745862,1,55
"NT",5.20991808786537,21,55
"ApoA",10.9383075418401,7,55
"VISFATIN",5.15448744835277,22,55
"CD45",3.92851472728155,30,55
"RA",3.55228851018739,33,55
"VEGF",4.7586726934434,25,55
"NEGR",3.99958556597373,29,55
"NPNT",3.68614296264973,31,55
"SEMA4",4.38085098886302,27,55
"DHEA",4.94459657340093,24,55
"FLRT",1.70374615586959,50,55
"ADGRA",7.88278944200395,9,55
"HSPG",1.39991386187234,53,55
"Prostaglandin",3.51894752522778,34,55
"ANGPT",5.72029816076573,18,55
"PECAM1",3.4077711598106,37,55
"TGFb",0.188095918332613,83,55
"OCLN",3.27135268434454,38,55
"VWF",3.49089198446326,35,55
"DESMOSOME",2.22261296480828,45,55
"HGF",3.24456092285265,39,55
"ADGRB",0.655276171559972,63,55
"CD200",1.12146596128177,57,55
"IL1",2.98211312283179,42,55
"CDH5",0.200017545546551,82,55
"CD6",2.09330264109864,47,55
"LAMININ",0.193520339095959,81,56
"ADGRL",0.965330389956267,57,56
"CADM",11.6348521547109,2,56
"PTPRM",7.08433904732564,10,56
"COLLAGEN",0.329379069898302,74,56
"NRG",0.838637253927484,59,56
"JAM",12.8446729670148,1,56
"CDH",4.97474735776271,21,56
"Testosterone",5.31147044348519,18,56
"Cholesterol",0.537312127657941,65,56
"BMP",3.51601476591566,35,56
"NRXN",2.44112547734135,44,56
"NCAM",6.82262013997022,11,56
"Glutamate",4.00482395436943,30,56
"APP",4.51014266859772,28,56
"Estradiol",0.0870135142630731,88,56
"SEMA3",5.34550104881093,17,56
"MPZ",0.17899049404359,83,56
"IGF",0.516282824167071,67,56
"PROS",0.734525181334485,61,56
"TENASCIN",0.2921884705152,79,56
"PCDH",1.09868268969367,55,56
"PTPR",0.277777841920773,80,56
"EPHA",0.529474787646267,66,56
"CD39",1.06429330526329,56,56
"Androstenedione",0.18500459290519,82,56
"NECTIN",0.327659955396163,75,56
"EPHB",0.42957606726409,72,56
"SEMA5",0.30271781270288,78,56
"EGF",2.35999639126289,45,56
"GAS",0.73903292732741,60,56
"Netrin",5.46001427152079,15,56
"CNTN",0.669764007554288,62,56
"SEMA7",0.497783962806928,68,56
"PDGF",0.543852639378796,64,56
"SEMA6",0.439007525877649,71,56
"CLDN",0.122946093689103,86,56
"PSAP",2.70584680576958,41,56
"FGF",0.424282226464467,73,56
"GAP",0.458265030841145,70,56
"RELN",0.928951395215581,58,56
"VCAM",0.314966393311986,77,56
"NOTCH",0.321494931398634,76,56
"NGL",7.43353360861928,9,56
"SLIT",0.102832588689538,87,56
"THBS",1.86024518282143,49,56
"DHT",1.32974843463711,52,56
"ADGRG",6.76730470716467,12,56
"TULP",1.84116435887593,50,56
"ncWNT",5.65715532863441,14,56
"CD99",0.079816495240353,89,56
"UNC5",5.06578616308347,19,56
"ACTIVIN",11.5090510981558,3,56
"ANGPTL",10.7537325340906,5,56
"AGRN",8.00295374315686,7,56
"CD46",4.87675350566136,24,56
"PTN",2.67541847859752,42,56
"PECAM2",0.459498831563824,69,56
"EDA",3.77706938844243,32,56
"Adenosine",1.94487610374413,48,56
"KIT",6.30748156541298,13,56
"FN1",1.64343286163721,51,56
"LIFR",10.8169101880244,4,56
"NT",5.06285816827783,20,56
"ApoA",8.5352849370777,6,56
"VISFATIN",4.87740868533542,23,56
"CD45",3.69587614569429,33,56
"RA",4.17930476528958,29,56
"VEGF",4.64162188419431,25,56
"NEGR",4.61664113931902,27,56
"NPNT",3.65434251956964,34,56
"SEMA4",4.62585146408468,26,56
"DHEA",4.92963392339985,22,56
"FLRT",2.0083780109499,47,56
"ADGRA",7.45689603354898,8,56
"HSPG",1.22375029258754,53,56
"Prostaglandin",3.79152352823842,31,56
"ANGPT",5.45503197549726,16,56
"PECAM1",3.29871458632732,39,56
"TGFb",0.173299691808931,84,56
"OCLN",3.40909376276495,38,56
"VWF",3.45803595531206,37,56
"DESMOSOME",2.64892413656587,43,56
"HGF",3.50864532142106,36,56
"ADGRB",0.643531190393572,63,56
"CD200",1.21677727773487,54,56
"IL1",2.87351227774172,40,56
"CDH5",0.172044891432629,85,56
"CD6",2.09206349872975,46,56
"LAMININ",0.120515409991164,88,57
"ADGRL",1.11699317469928,56,57
"CADM",31.4504963836917,1,57
"PTPRM",6.0860448840883,10,57
"COLLAGEN",0.0729450114220161,89,57
"NRG",0.982814157844186,59,57
"JAM",30.7291989559468,2,57
"CDH",4.83108830703855,21,57
"Testosterone",5.41808337646371,13,57
"Cholesterol",0.443821014685663,71,57
"BMP",3.28418717098299,37,57
"NRXN",2.15739818074737,45,57
"NCAM",5.44370893175712,12,57
"Glutamate",3.78542015849899,30,57
"APP",3.7850592072653,31,57
"Estradiol",0.37068414720344,74,57
"SEMA3",5.55165524830585,11,57
"MPZ",0.145625985576049,85,57
"IGF",0.483532968480007,68,57
"PROS",0.785520550020236,62,57
"TENASCIN",0.355550069507868,75,57
"PCDH",1.20893683257232,54,57
"PTPR",0.435986326382314,72,57
"EPHA",0.560485314030319,65,57
"CD39",0.90983511115413,60,57
"Androstenedione",0.173374968798902,81,57
"NECTIN",0.246076561420065,79,57
"EPHB",0.516805778974749,66,57
"SEMA5",0.371984615684152,73,57
"EGF",1.88482343023753,48,57
"GAS",1.00398414774616,58,57
"Netrin",5.41669922149136,14,57
"CNTN",1.03673756988275,57,57
"SEMA7",0.49638883712906,67,57
"PDGF",0.566177973219607,64,57
"SEMA6",0.457057402681128,70,57
"CLDN",0.233231520220506,80,57
"PSAP",2.72932853488783,42,57
"FGF",0.460339229592239,69,57
"GAP",0.317419796073243,77,57
"RELN",0.712544478745278,63,57
"VCAM",0.141571658205998,86,57
"NOTCH",0.166977751693383,82,57
"NGL",7.15258457033365,8,57
"SLIT",0.260167063823989,78,57
"THBS",1.52515657066265,51,57
"DHT",1.26157467454362,53,57
"ADGRG",4.91556966978626,20,57
"TULP",1.99185047770174,47,57
"ncWNT",5.20219625604049,17,57
"CD99",0.148080161638325,84,57
"UNC5",4.98465109616899,18,57
"ACTIVIN",29.824117055835,3,57
"ANGPTL",29.5156140219171,5,57
"AGRN",25.3893176411985,7,57
"CD46",4.92239338306414,19,57
"PTN",2.76689963756531,41,57
"PECAM2",0.330996289713836,76,57
"EDA",3.42842956647179,34,57
"Adenosine",2.01938119122243,46,57
"KIT",5.27176356268602,16,57
"FN1",1.57079396013493,50,57
"LIFR",29.7005553398617,4,57
"NT",4.54596490235673,22,57
"ApoA",26.0603962269393,6,57
"VISFATIN",4.49657536683296,23,57
"CD45",3.78498250127294,32,57
"RA",3.40049952548825,36,57
"VEGF",4.45397707502411,25,57
"NEGR",3.98428237484689,27,57
"NPNT",3.89504368196363,28,57
"SEMA4",4.20690595180614,26,57
"DHEA",4.45906184952343,24,57
"FLRT",1.7611457219934,49,57
"ADGRA",7.09707319211393,9,57
"HSPG",1.15117696832344,55,57
"Prostaglandin",3.52311370324446,33,57
"ANGPT",5.33387422918694,15,57
"PECAM1",3.78660208017019,29,57
"TGFb",0.124804622191388,87,57
"OCLN",3.23462890707418,38,57
"VWF",3.42423719455912,35,57
"DESMOSOME",2.53130864206787,43,57
"HGF",3.14601478664684,39,57
"ADGRB",0.82775498726675,61,57
"CD200",1.38934832457809,52,57
"IL1",3.01771819552714,40,57
"CDH5",0.152110645326714,83,57
"CD6",2.36117695129979,44,57
"LAMININ",0.161721229230027,84,58
"ADGRL",0.811499334408512,60,58
"CADM",9.77213091545122,4,58
"PTPRM",7.06894234754138,11,58
"COLLAGEN",0.195134272541725,79,58
"NRG",0.84862340218944,58,58
"JAM",9.02848277934236,6,58
"CDH",5.27815122679231,24,58
"Testosterone",5.63115155377791,21,58
"Cholesterol",0.51824224164109,65,58
"BMP",3.31527807190691,37,58
"NRXN",2.68933565697477,40,58
"NCAM",7.69760038311441,10,58
"Glutamate",4.23706818373282,30,58
"APP",5.07768480374614,25,58
"Estradiol",0.205722361104641,78,58
"SEMA3",6.45042059503125,15,58
"MPZ",0.0874592812044278,87,58
"IGF",0.41269800905487,69,58
"PROS",0.68363029302891,62,58
"TENASCIN",0.297746944847359,75,58
"PCDH",1.29075452668682,52,58
"PTPR",0.394265121996238,70,58
"EPHA",0.563039771820056,63,58
"CD39",0.917419258576855,57,58
"Androstenedione",0.0659804715461814,88,58
"NECTIN",0.367419242786178,73,58
"EPHB",0.429395097869355,68,58
"SEMA5",0.290086888049255,76,58
"EGF",1.92884306153454,46,58
"GAS",1.1630797954185,54,58
"Netrin",6.68231102117799,13,58
"CNTN",0.835592157919517,59,58
"SEMA7",0.323322662319393,74,58
"PDGF",0.711977729079769,61,58
"SEMA6",0.186606748332971,81,58
"CLDN",0.188003988088401,80,58
"PSAP",3.31908545077445,36,58
"FGF",0.381672877009262,71,58
"GAP",0.153348870123282,85,58
"RELN",0.521032047505393,64,58
"VCAM",0.182542122875171,83,58
"NOTCH",0.37761413121723,72,58
"NGL",8.2400831243239,8,58
"SLIT",0.116752400423473,86,58
"THBS",1.77244035742786,48,58
"DHT",1.20346913016743,53,58
"ADGRG",6.89431072482782,12,58
"TULP",1.77883447760477,47,58
"ncWNT",5.9169818897411,18,58
"CD99",0.0629912148031269,89,58
"UNC5",6.11470175691553,16,58
"ACTIVIN",10.2206551628794,2,58
"ANGPTL",10.4747902322055,1,58
"AGRN",8.89670474697881,7,58
"CD46",6.11184630336221,17,58
"PTN",2.88155757825861,39,58
"PECAM2",0.481544264930003,67,58
"EDA",4.05697948738219,31,58
"Adenosine",2.13569982805994,45,58
"KIT",6.59402914162856,14,58
"FN1",1.64948134463969,49,58
"LIFR",9.60864618265276,5,58
"NT",5.80775504448996,19,58
"ApoA",10.1489246860023,3,58
"VISFATIN",4.36456133747764,28,58
"CD45",3.31154036399243,38,58
"RA",4.59001913940214,27,58
"VEGF",5.76473569392311,20,58
"NEGR",4.62490490831356,26,58
"NPNT",3.8388530091216,32,58
"SEMA4",4.24234935157367,29,58
"DHEA",5.32635378205037,23,58
"FLRT",1.55799996241114,50,58
"ADGRA",7.95947892380419,9,58
"HSPG",0.92484177190795,56,58
"Prostaglandin",3.53348446666499,34,58
"ANGPT",5.38462146392131,22,58
"PECAM1",2.54596695608278,41,58
"TGFb",0.183176958617108,82,58
"OCLN",3.43550166478953,35,58
"VWF",2.4275943974118,43,58
"DESMOSOME",2.51787774839739,42,58
"HGF",3.64985240681158,33,58
"ADGRB",0.510910200299896,66,58
"CD200",1.05680396472279,55,58
"IL1",2.42357095407933,44,58
"CDH5",0.234583778425466,77,58
"CD6",1.52628595133936,51,58
"LAMININ",0.190211407957926,81,59
"ADGRL",0.892194997867079,57,59
"CADM",16.2638476575639,1,59
"PTPRM",6.8711681736198,10,59
"COLLAGEN",0.121431216695318,83,59
"NRG",0.876572455013425,58,59
"JAM",14.8794756602319,2,59
"CDH",5.19603868998816,18,59
"Testosterone",5.65130141110148,16,59
"Cholesterol",0.683292696848653,63,59
"BMP",3.02053939639663,37,59
"NRXN",3.47331177445127,33,59
"NCAM",6.63260562840846,11,59
"Glutamate",4.3237158798035,28,59
"APP",4.54876087835193,24,59
"Estradiol",0.368427617387945,74,59
"SEMA3",5.08010068926303,19,59
"MPZ",0.0762270235575812,89,59
"IGF",0.504879382564565,69,59
"PROS",0.850724372340745,60,59
"TENASCIN",0.369204172468407,73,59
"PCDH",1.32960220805365,50,59
"PTPR",0.484663405513253,70,59
"EPHA",0.0805143131240194,88,59
"CD39",0.856539939367295,59,59
"Androstenedione",0.107553089022583,86,59
"NECTIN",0.228398011775652,80,59
"EPHB",0.458094817988605,71,59
"SEMA5",0.563087036691209,67,59
"EGF",2.18322350373572,45,59
"GAS",0.907963335101787,56,59
"Netrin",5.21796610869818,17,59
"CNTN",0.846534460845667,62,59
"SEMA7",0.249570342007367,79,59
"PDGF",0.847215026627103,61,59
"SEMA6",0.287079566955102,78,59
"CLDN",0.308138979962696,77,59
"PSAP",2.8539961081542,39,59
"FGF",0.516843418609627,68,59
"GAP",0.59974235084949,66,59
"RELN",0.608934038263097,65,59
"VCAM",0.0883890084930109,87,59
"NOTCH",0.31259910787772,76,59
"NGL",8.0586090557282,8,59
"SLIT",0.179245395482579,82,59
"THBS",1.20191864082884,52,59
"DHT",1.04245187101384,53,59
"ADGRG",6.28091725928676,12,59
"TULP",1.6968085922388,47,59
"ncWNT",5.98931702974588,14,59
"CD99",0.118914843178017,85,59
"UNC5",4.39888805916323,26,59
"ACTIVIN",14.1479290436128,4,59
"ANGPTL",13.7225991774401,5,59
"AGRN",11.2360977809017,7,59
"CD46",4.33987498535818,27,59
"PTN",2.55595173995742,42,59
"PECAM2",0.445860536441799,72,59
"EDA",3.24636508003314,35,59
"Adenosine",1.86513051057241,46,59
"KIT",6.04479480630676,13,59
"FN1",0.932164404435412,55,59
"LIFR",14.2484917978727,3,59
"NT",4.80183921768358,22,59
"ApoA",11.443213745799,6,59
"VISFATIN",4.91740214358115,20,59
"CD45",3.50724678914331,32,59
"RA",4.13831716750632,30,59
"VEGF",4.79741546470427,23,59
"NEGR",4.29568224994766,29,59
"NPNT",2.86906519556422,38,59
"SEMA4",4.47920038898161,25,59
"DHEA",4.84017839016087,21,59
"FLRT",1.59400779531943,48,59
"ADGRA",7.06002379643318,9,59
"HSPG",1.0246565347752,54,59
"Prostaglandin",3.67593634303697,31,59
"ANGPT",5.70692901273268,15,59
"PECAM1",2.74328759720587,40,59
"TGFb",0.364076986180531,75,59
"OCLN",3.38755260651472,34,59
"VWF",2.41431788869892,43,59
"DESMOSOME",2.35066317797559,44,59
"HGF",3.10248581004156,36,59
"ADGRB",0.677650498043198,64,59
"CD200",1.34874880400507,49,59
"IL1",2.72275177662915,41,59
"CDH5",0.120261731510133,84,59
"CD6",1.28431872434339,51,59
"LAMININ",0.423368278058656,73,60
"ADGRL",0.652589605087089,63,60
"CADM",17.0210296583104,3,60
"PTPRM",6.21251470893086,18,60
"COLLAGEN",0.173625480880563,84,60
"NRG",1.09167818578201,55,60
"JAM",16.1297474207656,7,60
"CDH",9.14127696178046,13,60
"Testosterone",5.43303901367948,21,60
"Cholesterol",0.643781395802192,64,60
"BMP",3.0130418649717,37,60
"NRXN",7.99268563027808,15,60
"NCAM",6.28512676661061,17,60
"Glutamate",8.64748902449975,14,60
"APP",4.12955236269432,28,60
"Estradiol",0.250421999512357,79,60
"SEMA3",11.9733361758729,8,60
"MPZ",0.13438083922672,86,60
"IGF",0.443698973169344,72,60
"PROS",0.785539758942514,57,60
"TENASCIN",0.454544240100239,71,60
"PCDH",1.16999273607297,53,60
"PTPR",0.419186211718557,74,60
"EPHA",0.732693345305976,60,60
"CD39",0.63345075232109,65,60
"Androstenedione",0.0595550644811583,89,60
"NECTIN",0.208166556176621,81,60
"EPHB",0.506358615540386,68,60
"SEMA5",0.180399318589777,83,60
"EGF",2.0129026668394,46,60
"GAS",0.767864079607101,59,60
"Netrin",11.8655848231759,9,60
"CNTN",0.775297674258687,58,60
"SEMA7",0.463366660633312,70,60
"PDGF",0.673772515602098,62,60
"SEMA6",0.309799693294395,78,60
"CLDN",0.207414965570872,82,60
"PSAP",2.55445745091382,41,60
"FGF",0.376273776885211,75,60
"GAP",0.476166270023128,69,60
"RELN",0.611595629687141,66,60
"VCAM",0.23420824689501,80,60
"NOTCH",0.356056044938843,76,60
"NGL",9.49244290937537,12,60
"SLIT",0.10573650551188,88,60
"THBS",1.47890758740938,50,60
"DHT",1.07837248669043,56,60
"ADGRG",5.94821240457992,20,60
"TULP",1.69057335869335,47,60
"ncWNT",5.04377053127471,23,60
"CD99",0.14653487813809,85,60
"UNC5",11.6106965902071,11,60
"ACTIVIN",16.7069336132449,4,60
"ANGPTL",17.1147552892679,2,60
"AGRN",16.3677493598604,6,60
"CD46",11.6642186675104,10,60
"PTN",2.74866776971566,39,60
"PECAM2",0.583016416344679,67,60
"EDA",3.09874765691561,36,60
"Adenosine",2.15459684800764,44,60
"KIT",6.18263586107145,19,60
"FN1",1.61797842152623,48,60
"LIFR",16.4545694737487,5,60
"NT",4.92475905315295,24,60
"ApoA",17.1931349986979,1,60
"VISFATIN",4.54437884466576,26,60
"CD45",3.16548721758127,35,60
"RA",3.95722097271893,30,60
"VEGF",4.55320710884269,25,60
"NEGR",3.21883334360582,34,60
"NPNT",3.50983054656977,31,60
"SEMA4",4.21690899880963,27,60
"DHEA",3.44820321370453,32,60
"FLRT",1.53944361317712,49,60
"ADGRA",7.36343394082881,16,60
"HSPG",1.14915679360685,54,60
"Prostaglandin",4.0750612286473,29,60
"ANGPT",5.42991401256464,22,60
"PECAM1",2.49007056771651,42,60
"TGFb",0.11363805812388,87,60
"OCLN",3.27702203743018,33,60
"VWF",2.46418677849901,43,60
"DESMOSOME",2.1366343945273,45,60
"HGF",2.79211615162252,38,60
"ADGRB",0.731194042549931,61,60
"CD200",1.39503017970801,51,60
"IL1",2.65375782030331,40,60
"CDH5",0.326657585560229,77,60
"CD6",1.17164973677901,52,60
"LAMININ",0.113770847313105,88,61
"ADGRL",0.812684510956474,60,61
"CADM",11.7603643206144,8,61
"PTPRM",6.95821235207731,17,61
"COLLAGEN",0.142025718804848,85,61
"NRG",1.04036410622879,56,61
"JAM",12.3437245699289,7,61
"CDH",10.1421214380893,13,61
"Testosterone",5.57172615539598,22,61
"Cholesterol",0.460221213619416,71,61
"BMP",3.26059452389825,38,61
"NRXN",8.0514426369592,15,61
"NCAM",6.04416054423121,20,61
"Glutamate",9.45558682330998,14,61
"APP",4.33613425028404,28,61
"Estradiol",0.41402996796676,75,61
"SEMA3",10.2287045755949,11,61
"MPZ",0.137925748075542,86,61
"IGF",0.381868843138783,76,61
"PROS",0.54001376856772,66,61
"TENASCIN",0.429372348142939,72,61
"PCDH",1.20536783461722,53,61
"PTPR",0.312012016782191,80,61
"EPHA",0.575811069328315,65,61
"CD39",0.892632002033211,58,61
"Androstenedione",0.114230337529995,87,61
"NECTIN",0.21247952943698,82,61
"EPHB",0.347457718113409,79,61
"SEMA5",0.495266483206561,68,61
"EGF",2.11891950055789,46,61
"GAS",0.728616574332028,62,61
"Netrin",10.4687346283258,9,61
"CNTN",0.991793504546871,57,61
"SEMA7",0.678938478446616,64,61
"PDGF",0.855882548961194,59,61
"SEMA6",0.475832619460164,69,61
"CLDN",0.3559542718423,78,61
"PSAP",2.62249771902838,43,61
"FGF",0.526715299505328,67,61
"GAP",0.469481397391993,70,61
"RELN",0.749685212828511,61,61
"VCAM",0.176493094384693,84,61
"NOTCH",0.425905516951618,74,61
"NGL",13.0423954270533,6,61
"SLIT",0.183545617361829,83,61
"THBS",1.48631480857015,49,61
"DHT",1.17764535813007,54,61
"ADGRG",6.0963609556609,18,61
"TULP",1.71044571960769,48,61
"ncWNT",6.07454747881859,19,61
"CD99",0.0136207520571963,89,61
"UNC5",10.4053703154713,10,61
"ACTIVIN",13.5212391655675,4,61
"ANGPTL",14.0988771330834,3,61
"AGRN",18.777183448242,1,61
"CD46",10.2134054478968,12,61
"PTN",2.65386133959945,42,61
"PECAM2",0.427042087103581,73,61
"EDA",3.19730785879597,40,61
"Adenosine",1.84308500670986,47,61
"KIT",5.93463614703529,21,61
"FN1",1.47617904268673,51,61
"LIFR",13.2204045184014,5,61
"NT",4.76990607154296,25,61
"ApoA",17.950259334485,2,61
"VISFATIN",4.5650804391413,27,61
"CD45",3.52058010894559,35,61
"RA",3.9565239589871,30,61
"VEGF",4.61007807779596,26,61
"NEGR",3.88760817705978,31,61
"NPNT",3.76650797915088,33,61
"SEMA4",3.86853794842762,32,61
"DHEA",4.77118871428397,24,61
"FLRT",1.47689574456736,50,61
"ADGRA",7.28635697788694,16,61
"HSPG",1.27434313368857,52,61
"Prostaglandin",4.08121698731888,29,61
"ANGPT",5.44640404675253,23,61
"PECAM1",3.40268730490121,36,61
"TGFb",0.24092633013454,81,61
"OCLN",3.53544816357703,34,61
"VWF",3.274564585039,37,61
"DESMOSOME",2.42841110619575,44,61
"HGF",3.20407071411376,39,61
"ADGRB",0.684547871233235,63,61
"CD200",1.1004998590321,55,61
"IL1",3.01344538985752,41,61
"CDH5",0.362994219458038,77,61
"CD6",2.29872802418642,45,61
"LAMININ",0.154560147556733,88,62
"ADGRL",0.62783076668179,64,62
"CADM",12.3133868881486,2,62
"PTPRM",6.7445040205591,16,62
"COLLAGEN",0.229855811358691,83,62
"NRG",0.858061996267868,58,62
"JAM",12.6479180363839,1,62
"CDH",8.80083597323373,11,62
"Testosterone",5.77827837159569,21,62
"Cholesterol",0.399719019748215,71,62
"BMP",2.82363005789993,40,62
"NRXN",6.84631075780387,15,62
"NCAM",6.55286347669448,17,62
"Glutamate",8.38411505537759,12,62
"APP",4.34905423741643,28,62
"Estradiol",0.173793731834553,85,62
"SEMA3",9.70843627775493,9,62
"MPZ",0.324132567218607,78,62
"IGF",0.390472388712688,72,62
"PROS",0.6727524522298,63,62
"TENASCIN",0.342116357294666,75,62
"PCDH",1.04986287166409,54,62
"PTPR",0.404661355602478,70,62
"EPHA",0.574945045986269,65,62
"CD39",0.768625685706527,60,62
"Androstenedione",0.077969546594862,89,62
"NECTIN",0.422340786954358,69,62
"EPHB",0.325189996822843,76,62
"SEMA5",0.357062394801823,74,62
"EGF",2.1831932687806,46,62
"GAS",0.897967672023975,56,62
"Netrin",9.98433794880248,7,62
"CNTN",0.785328931789632,59,62
"SEMA7",0.459357046367624,67,62
"PDGF",0.718758413374654,61,62
"SEMA6",0.374748673922806,73,62
"CLDN",0.254229835838214,82,62
"PSAP",3.33588212590849,36,62
"FGF",0.323290950117824,79,62
"GAP",0.325175552146607,77,62
"RELN",0.674003085638364,62,62
"VCAM",0.192504662073569,84,62
"NOTCH",0.428341078681653,68,62
"NGL",11.731131707271,3,62
"SLIT",0.169812428005365,86,62
"THBS",1.60114389211623,49,62
"DHT",0.873610219331357,57,62
"ADGRG",6.25266797090543,19,62
"TULP",1.61411824664912,48,62
"ncWNT",5.66453603409717,22,62
"CD99",0.255463302093684,81,62
"UNC5",9.39191520009179,10,62
"ACTIVIN",11.242368635846,4,62
"ANGPTL",11.0220130365325,5,62
"AGRN",6.44170672362821,18,62
"CD46",9.77597527822621,8,62
"PTN",2.42216469282022,44,62
"PECAM2",0.476942514223734,66,62
"EDA",3.49367747533318,35,62
"Adenosine",2.23025062076105,45,62
"KIT",6.22728583475026,20,62
"FN1",1.3407602671382,51,62
"LIFR",10.8975723131408,6,62
"NT",5.0635593212839,24,62
"ApoA",7.77266070778307,13,62
"VISFATIN",4.41822014949499,27,62
"CD45",3.0893163850339,38,62
"RA",3.88369175963442,30,62
"VEGF",4.55092759670303,26,62
"NEGR",3.83482898463466,31,62
"NPNT",3.67144947336594,32,62
"SEMA4",4.2952547359849,29,62
"DHEA",4.65949810738919,25,62
"FLRT",1.43268909649457,50,62
"ADGRA",7.44090786174428,14,62
"HSPG",1.26950996637055,52,62
"Prostaglandin",3.52299205301008,34,62
"ANGPT",5.25118401493182,23,62
"PECAM1",3.14242036071236,37,62
"TGFb",0.293134438055369,80,62
"OCLN",3.63317403211122,33,62
"VWF",2.91876814722124,39,62
"DESMOSOME",2.54347381293302,43,62
"HGF",2.79293585421286,41,62
"ADGRB",0.902104720355668,55,62
"CD200",1.13545455243081,53,62
"IL1",2.64262593703642,42,62
"CDH5",0.162320391062677,87,62
"CD6",2.03924118290119,47,62
"LAMININ",0.409726772440953,71,63
"ADGRL",0.926025682081809,57,63
"CADM",9.79065828449149,3,63
"PTPRM",7.93903394196226,7,63
"COLLAGEN",0.211261495520215,83,63
"NRG",0.889770297246433,58,63
"JAM",10.3376769951832,1,63
"CDH",6.87480796110581,12,63
"Testosterone",5.42635399396665,21,63
"Cholesterol",0.589431020842567,65,63
"BMP",3.23322875514948,38,63
"NRXN",4.34820261279456,29,63
"NCAM",7.66017012926452,8,63
"Glutamate",6.09086002405336,17,63
"APP",5.12754943384758,24,63
"Estradiol",0.226840275722195,81,63
"SEMA3",7.13368557220028,10,63
"MPZ",0.109678015738402,87,63
"IGF",0.319205608796239,78,63
"PROS",0.420246625432428,70,63
"TENASCIN",0.258105033825032,80,63
"PCDH",1.14673633619755,53,63
"PTPR",0.32975831331191,76,63
"EPHA",0.683208500111324,62,63
"CD39",0.623011570091232,63,63
"Androstenedione",0.151554080760733,85,63
"NECTIN",0.124536358774923,86,63
"EPHB",0.326022600805121,77,63
"SEMA5",0.448907194000912,69,63
"EGF",2.46231610789206,43,63
"GAS",0.800321535558341,59,63
"Netrin",7.12931538188936,11,63
"CNTN",0.727245952691932,61,63
"SEMA7",0.519197684530724,67,63
"PDGF",3.37848069657356,35,63
"SEMA6",0.28755832292012,79,63
"CLDN",0.370008005919589,74,63
"PSAP",2.54712381071443,42,63
"FGF",0.353993473317053,75,63
"GAP",0.487201254940938,68,63
"RELN",0.543334814572532,66,63
"VCAM",0.218822517898117,82,63
"NOTCH",0.389315564867832,73,63
"NGL",10.2227789540731,2,63
"SLIT",0.0910617904463794,88,63
"THBS",1.97457846055495,47,63
"DHT",0.958447290859221,56,63
"ADGRG",7.28034611920866,9,63
"TULP",1.50130322541937,49,63
"ncWNT",6.55653494916815,15,63
"CD99",0.186734898587035,84,63
"UNC5",6.42246114241968,16,63
"ACTIVIN",8.74574594265793,4,63
"ANGPTL",8.23730215395856,6,63
"AGRN",5.00792224161678,25,63
"CD46",6.72273021147149,14,63
"PTN",2.71429207939138,40,63
"PECAM2",0.613071555747371,64,63
"EDA",3.80335365652531,32,63
"Adenosine",1.92809891656752,48,63
"KIT",6.81409739248543,13,63
"FN1",1.12023747929105,54,63
"LIFR",8.34316214980585,5,63
"NT",5.48113420782526,20,63
"ApoA",5.68627392196139,19,63
"VISFATIN",4.26299596070809,30,63
"CD45",2.86199973178653,39,63
"RA",4.77129750180296,27,63
"VEGF",5.34186205852836,23,63
"NEGR",4.52841898702923,28,63
"NPNT",3.27333354096336,37,63
"SEMA4",3.9184684647085,31,63
"DHEA",5.36376722284114,22,63
"FLRT",1.46706192713275,50,63
"ADGRA",5.97342121685914,18,63
"HSPG",1.27528316420294,51,63
"Prostaglandin",3.58862243949172,34,63
"ANGPT",4.93816723284337,26,63
"PECAM1",2.27363523757217,46,63
"TGFb",0.393072013877454,72,63
"OCLN",3.2947572155589,36,63
"VWF",2.36790293764179,44,63
"DESMOSOME",2.55403520290445,41,63
"HGF",3.65054955880548,33,63
"ADGRB",0.780985576794222,60,63
"CD200",1.08159675626211,55,63
"IL1",2.29345492838512,45,63
"CDH5",0.090160335214837,89,63
"CD6",1.16328461684359,52,63
"LAMININ",0.274474226351134,78,64
"ADGRL",1.04398348453784,56,64
"CADM",5.94778500650296,6,64
"PTPRM",6.0905346568623,3,64
"COLLAGEN",0.0726503090031357,88,64
"NRG",0.907888282890243,59,64
"JAM",5.47006910475045,10,64
"CDH",5.97226038474871,5,64
"Testosterone",4.96764376259124,18,64
"Cholesterol",0.58386257750869,66,64
"BMP",3.12517428831245,40,64
"NRXN",2.71065870753543,42,64
"NCAM",5.28737045851584,16,64
"Glutamate",4.72313042606839,21,64
"APP",3.81728540355247,30,64
"Estradiol",0.257750398546886,79,64
"SEMA3",6.00183718831404,4,64
"MPZ",0.144917183701767,85,64
"IGF",0.34003151171013,74,64
"PROS",0.6837928378677,62,64
"TENASCIN",0.163588142087577,83,64
"PCDH",1.09278466291235,54,64
"PTPR",0.286686131234796,77,64
"EPHA",0.591328343056756,65,64
"CD39",0.992691422498759,58,64
"Androstenedione",0.15646022820216,84,64
"NECTIN",0.17594359759521,82,64
"EPHB",0.318412811200913,75,64
"SEMA5",0.519054874167079,70,64
"EGF",2.05036987884488,46,64
"GAS",1.1157103021028,53,64
"Netrin",5.85573517911969,8,64
"CNTN",0.825416241765362,61,64
"SEMA7",0.363438497449282,73,64
"PDGF",0.523141682891875,69,64
"SEMA6",0.424790763838283,71,64
"CLDN",0.403613690177888,72,64
"PSAP",2.63957892190185,43,64
"FGF",0.543537802048178,68,64
"GAP",0.568947123146813,67,64
"RELN",0.680394979086193,63,64
"VCAM",0.0720823180758805,89,64
"NOTCH",0.189097935031307,81,64
"NGL",8.4490096327264,1,64
"SLIT",0.227281545194345,80,64
"THBS",1.33116101969516,51,64
"DHT",1.0728122150222,55,64
"ADGRG",4.62841670023936,23,64
"TULP",1.56927276732084,49,64
"ncWNT",5.36080425748899,14,64
"CD99",0.0887223910072761,87,64
"UNC5",5.79581173537846,9,64
"ACTIVIN",4.64518500114076,22,64
"ANGPTL",4.97902191240796,17,64
"AGRN",5.90797625991798,7,64
"CD46",5.38693753582259,12,64
"PTN",2.72585981173408,41,64
"PECAM2",0.650527887395429,64,64
"EDA",3.49618757564641,34,64
"Adenosine",1.63453113786179,48,64
"KIT",5.35648781674976,15,64
"FN1",1.51010308658056,50,64
"LIFR",4.38931139897358,25,64
"NT",4.33738728822482,26,64
"ApoA",5.38332927552299,13,64
"VISFATIN",4.76528434768578,19,64
"CD45",3.78628770395878,31,64
"RA",3.28574588435211,37,64
"VEGF",4.00700548337635,27,64
"NEGR",4.73182997321028,20,64
"NPNT",3.86634288136,29,64
"SEMA4",3.97471280530619,28,64
"DHEA",4.50966071830348,24,64
"FLRT",1.68980183682628,47,64
"ADGRA",7.38343755000363,2,64
"HSPG",1.12499979167843,52,64
"Prostaglandin",3.51199466535612,33,64
"ANGPT",5.45743256693004,11,64
"PECAM1",3.40997172471632,36,64
"TGFb",0.295891825589589,76,64
"OCLN",3.26095938829171,38,64
"VWF",3.61287191088366,32,64
"DESMOSOME",2.58675128385089,44,64
"HGF",3.45717532590567,35,64
"ADGRB",0.880964876160209,60,64
"CD200",1.04262216522755,57,64
"IL1",3.14118225170585,39,64
"CDH5",0.142029838525123,86,64
"CD6",2.45165520400455,45,64
"LAMININ",0.332185509627295,75,65
"ADGRL",0.869333440805206,57,65
"CADM",15.9977769356742,1,65
"PTPRM",6.95786551682793,18,65
"COLLAGEN",0.208686119809171,83,65
"NRG",0.965492329401946,56,65
"JAM",15.3511751691989,2,65
"CDH",8.68584569938247,13,65
"Testosterone",5.69774213649259,22,65
"Cholesterol",0.591223391630986,66,65
"BMP",3.11052736658655,39,65
"NRXN",7.65065077563813,16,65
"NCAM",7.06996176907728,17,65
"Glutamate",7.79509902881845,15,65
"APP",4.53617353685916,28,65
"Estradiol",0.247138929848423,81,65
"SEMA3",10.0527360591346,10,65
"MPZ",0.235405603601847,82,65
"IGF",0.31375866251662,76,65
"PROS",0.674578390317453,64,65
"TENASCIN",0.251779375800579,80,65
"PCDH",1.09260347121467,54,65
"PTPR",0.3876057738505,72,65
"EPHA",0.441662302411899,70,65
"CD39",0.801423354990486,58,65
"Androstenedione",0.201727282235846,84,65
"NECTIN",0.359186751188918,74,65
"EPHB",0.38948508999202,71,65
"SEMA5",0.476664326645285,68,65
"EGF",2.08297184763841,46,65
"GAS",0.782682712859547,60,65
"Netrin",10.1654422255751,9,65
"CNTN",0.706819237154504,63,65
"SEMA7",0.598090662985469,65,65
"PDGF",0.75375802099212,61,65
"SEMA6",0.491163065396145,67,65
"CLDN",0.164241365522838,87,65
"PSAP",3.33237305857229,36,65
"FGF",0.288044321054347,77,65
"GAP",0.381624415449423,73,65
"RELN",0.795604122986103,59,65
"VCAM",0.252821854822831,79,65
"NOTCH",0.0966461770055983,89,65
"NGL",12.1242479160303,6,65
"SLIT",0.177750162133034,86,65
"THBS",1.69844441519352,47,65
"DHT",0.99701843615151,55,65
"ADGRG",6.48272236086507,19,65
"TULP",1.5429895886772,48,65
"ncWNT",6.11611809893573,20,65
"CD99",0.180150604778148,85,65
"UNC5",9.980634395881,11,65
"ACTIVIN",15.0192856158372,3,65
"ANGPTL",14.8736536825243,4,65
"AGRN",11.2816781293436,8,65
"CD46",9.38090616091869,12,65
"PTN",2.93457916229127,40,65
"PECAM2",0.45159922996206,69,65
"EDA",3.90218994612438,31,65
"Adenosine",2.17863744344251,45,65
"KIT",6.05919609160461,21,65
"FN1",1.3398585141784,53,65
"LIFR",14.5340318756722,5,65
"NT",5.59214351164411,23,65
"ApoA",11.9715653963948,7,65
"VISFATIN",4.59191654007412,27,65
"CD45",3.1361048693274,38,65
"RA",4.19556056784324,29,65
"VEGF",4.87040971870261,26,65
"NEGR",3.99287995430946,30,65
"NPNT",3.74456122583361,33,65
"SEMA4",3.83346222146799,32,65
"DHEA",4.8804101991534,25,65
"FLRT",1.49415595184438,49,65
"ADGRA",7.984555802302,14,65
"HSPG",1.43272704474695,51,65
"Prostaglandin",3.71779035070309,34,65
"ANGPT",5.48684533381997,24,65
"PECAM1",2.70891894278921,43,65
"TGFb",0.27596763691486,78,65
"OCLN",3.47341417501919,35,65
"VWF",2.78777921745922,41,65
"DESMOSOME",2.50101869791624,44,65
"HGF",3.18639384105512,37,65
"ADGRB",0.733124051794539,62,65
"CD200",1.34041433745004,52,65
"IL1",2.72086641857696,42,65
"CDH5",0.105172354874791,88,65
"CD6",1.48874677156872,50,65
"LAMININ",0.0723117921940349,85,66
"ADGRL",1.12799525583676,55,66
"CADM",8.45341491663379,9,66
"PTPRM",7.17515518133908,15,66
"COLLAGEN",0.211711130730699,80,66
"NRG",1.03256235401042,56,66
"JAM",11.3162143092319,1,66
"CDH",7.58080121154727,14,66
"Testosterone",5.15797855062309,22,66
"Cholesterol",0.383715931340244,69,66
"BMP",3.98498944528031,31,66
"NRXN",5.07093834100176,23,66
"NCAM",6.27105863375457,18,66
"Glutamate",6.39543090085117,16,66
"APP",4.30728212335919,28,66
"Estradiol",0.333148116793174,72,66
"SEMA3",8.85916897357257,7,66
"MPZ",0.0701047761002458,86,66
"IGF",0.367067656008447,70,66
"PROS",0.655885100382831,61,66
"TENASCIN",0.421358351255311,67,66
"PCDH",1.38416966911281,53,66
"PTPR",0.241931049151905,78,66
"EPHA",0.544108214466503,64,66
"CD39",0.691091453214729,59,66
"Androstenedione",0.0740100446696482,84,66
"NECTIN",0.317145135364263,73,66
"EPHB",0.436867669719014,66,66
"SEMA5",0.286874031477088,77,66
"EGF",2.2965158324134,44,66
"GAS",1.00716718352654,57,66
"Netrin",8.90807228416557,6,66
"CNTN",0.68784205666146,60,66
"SEMA7",0.340608301446295,71,66
"PDGF",0.644381341570633,62,66
"SEMA6",0.290288624061545,76,66
"CLDN",0.0136279887632417,89,66
"PSAP",2.88011914325288,42,66
"FGF",0.317088681977014,74,66
"GAP",0.415682304784985,68,66
"RELN",0.54563508307469,63,66
"VCAM",0.0665860095229739,87,66
"NOTCH",0.188009354797016,81,66
"NGL",10.6996120381166,2,66
"SLIT",0.060823428603001,88,66
"THBS",1.56855627212425,51,66
"DHT",0.910055819242994,58,66
"ADGRG",6.02414214104159,19,66
"TULP",1.82488841839016,49,66
"ncWNT",5.9358348938196,20,66
"CD99",0.156655165633488,82,66
"UNC5",8.48643308597732,8,66
"ACTIVIN",10.1252145220156,3,66
"ANGPTL",9.13624878312842,5,66
"AGRN",8.19836756390763,11,66
"CD46",8.36502681387388,10,66
"PTN",3.17897615657137,40,66
"PECAM2",0.310196062539111,75,66
"EDA",3.4182449584789,36,66
"Adenosine",2.0997377023108,47,66
"KIT",6.32560520319572,17,66
"FN1",1.9894637610739,48,66
"LIFR",9.14115490510441,4,66
"NT",4.85319566980307,25,66
"ApoA",8.16738575240424,12,66
"VISFATIN",4.64990910591352,26,66
"CD45",3.56659794561519,33,66
"RA",3.97725950855453,32,66
"VEGF",4.55252519242645,27,66
"NEGR",4.14024747812104,30,66
"NPNT",3.28911599087361,39,66
"SEMA4",4.15360349829386,29,66
"DHEA",5.03014404438004,24,66
"FLRT",1.64638850794309,50,66
"ADGRA",7.68762851438159,13,66
"HSPG",1.53059531713103,52,66
"Prostaglandin",3.52853656210757,34,66
"ANGPT",5.31935026842638,21,66
"PECAM1",3.45370745847224,35,66
"TGFb",0.22606855330704,79,66
"OCLN",3.29345900657786,38,66
"VWF",3.08154659273602,41,66
"DESMOSOME",2.27184111804787,45,66
"HGF",3.41039352442935,37,66
"ADGRB",0.505128429410071,65,66
"CD200",1.237430573597,54,66
"IL1",2.76130889462008,43,66
"CDH5",0.135444105920992,83,66
"CD6",2.16022930938471,46,66
"LAMININ",0.28488413769558,81,67
"ADGRL",0.820130491457625,59,67
"CADM",10.8310753485234,2,67
"PTPRM",6.58110745699305,13,67
"COLLAGEN",0.204438935886799,85,67
"NRG",1.06413823866866,56,67
"JAM",10.9757975122695,1,67
"CDH",5.77640760258301,17,67
"Testosterone",5.64059694081603,19,67
"Cholesterol",0.592441878938078,64,67
"BMP",3.17242021749357,37,67
"NRXN",3.28656772332598,35,67
"NCAM",6.30512210929566,14,67
"Glutamate",4.61285857572119,26,67
"APP",4.1563384619696,28,67
"Estradiol",0.213000574759297,83,67
"SEMA3",7.73249020838897,9,67
"MPZ",0.336532015629535,76,67
"IGF",0.345689573583152,75,67
"PROS",0.698312375724232,61,67
"TENASCIN",0.2873065195768,80,67
"PCDH",1.29342509527913,51,67
"PTPR",0.374046815059996,73,67
"EPHA",0.577723355987535,65,67
"CD39",0.807810879876977,60,67
"Androstenedione",0.118545399178625,88,67
"NECTIN",0.380918718967175,72,67
"EPHB",0.333809363003453,77,67
"SEMA5",0.546683251106196,66,67
"EGF",1.88688542191899,46,67
"GAS",0.868238000271587,58,67
"Netrin",7.82023892516209,8,67
"CNTN",0.926964660925525,57,67
"SEMA7",0.434049697807367,70,67
"PDGF",0.519210396444114,68,67
"SEMA6",0.317512793366114,79,67
"CLDN",0.146799678227598,86,67
"PSAP",3.03204515595441,38,67
"FGF",0.419151007525796,71,67
"GAP",0.353387099910058,74,67
"RELN",0.539984863404241,67,67
"VCAM",0.125143452307172,87,67
"NOTCH",0.434071135334739,69,67
"NGL",8.25070575183562,6,67
"SLIT",0.229049889822252,82,67
"THBS",1.55197099416502,48,67
"DHT",1.12778141599619,55,67
"ADGRG",5.74557198778243,18,67
"TULP",1.40518118129536,50,67
"ncWNT",5.35883401683189,21,67
"CD99",0.112378153194114,89,67
"UNC5",7.34146540891685,10,67
"ACTIVIN",9.75769538523964,3,67
"ANGPTL",9.41141647376306,4,67
"AGRN",5.997023500561,15,67
"CD46",6.8805441119545,11,67
"PTN",2.81450661879382,40,67
"PECAM2",0.597943836357977,63,67
"EDA",3.50732378017416,33,67
"Adenosine",2.07434412410252,45,67
"KIT",5.97577662523451,16,67
"FN1",1.42544879796004,49,67
"LIFR",9.29500708165226,5,67
"NT",5.30143810980338,22,67
"ApoA",6.65872841610972,12,67
"VISFATIN",4.86402628932573,23,67
"CD45",3.21797426681013,36,67
"RA",3.84100711311721,30,67
"VEGF",4.72744450258589,24,67
"NEGR",4.09929593512957,29,67
"NPNT",3.75696069650111,31,67
"SEMA4",4.284438536653,27,67
"DHEA",4.69314248484881,25,67
"FLRT",1.73256596429349,47,67
"ADGRA",7.93759021918888,7,67
"HSPG",1.2801274125357,52,67
"Prostaglandin",3.68165315267891,32,67
"ANGPT",5.46192590316596,20,67
"PECAM1",2.25806885261312,44,67
"TGFb",0.208171588902543,84,67
"OCLN",3.49345851901991,34,67
"VWF",2.39306044922356,41,67
"DESMOSOME",2.27395891332968,43,67
"HGF",2.98479469973483,39,67
"ADGRB",0.666309565773652,62,67
"CD200",1.14402800079389,54,67
"IL1",2.37106199473461,42,67
"CDH5",0.32343482487468,78,67
"CD6",1.18687345615268,53,67
"LAMININ",0.267430658572368,85,68
"ADGRL",0.837270058189696,58,68
"CADM",29.5866105975403,4,68
"PTPRM",6.96996451244165,10,68
"COLLAGEN",0.287467467681029,82,68
"NRG",1.02395740635956,56,68
"JAM",30.6829935236874,1,68
"CDH",5.62200220351754,18,68
"Testosterone",4.70711367077862,25,68
"Cholesterol",0.523754700135549,66,68
"BMP",3.4451834982097,37,68
"NRXN",2.86015231055313,43,68
"NCAM",6.82949470985101,11,68
"Glutamate",4.23906512836942,29,68
"APP",4.65827265431177,26,68
"Estradiol",0.366417166253499,76,68
"SEMA3",5.97873108458207,16,68
"MPZ",0.201625739242095,88,68
"IGF",0.493057587032899,69,68
"PROS",0.641953863599521,63,68
"TENASCIN",0.324742918253627,79,68
"PCDH",1.33068575514421,53,68
"PTPR",0.502791263952156,68,68
"EPHA",0.339557426098173,78,68
"CD39",0.684785001122843,62,68
"Androstenedione",0.192237154405032,89,68
"NECTIN",0.469011790142621,71,68
"EPHB",0.319610195043331,80,68
"SEMA5",0.429631407408393,74,68
"EGF",2.20796253889491,46,68
"GAS",0.764673231168232,59,68
"Netrin",6.11902715226111,14,68
"CNTN",0.92559653920509,57,68
"SEMA7",0.4515174227921,72,68
"PDGF",0.69202076892457,61,68
"SEMA6",0.341884391023927,77,68
"CLDN",0.477101204200548,70,68
"PSAP",3.0694821769947,42,68
"FGF",0.52237124974579,67,68
"GAP",0.602916886060623,65,68
"RELN",0.629098487798383,64,68
"VCAM",0.275775643222437,84,68
"NOTCH",0.368608404566205,75,68
"NGL",8.40455686396897,8,68
"SLIT",0.202310381083948,87,68
"THBS",1.73618435644617,50,68
"DHT",1.10443078308165,54,68
"ADGRG",6.28240560085998,13,68
"TULP",1.79528052936117,48,68
"ncWNT",6.04871695179138,15,68
"CD99",0.279753090544004,83,68
"UNC5",5.45860457923986,20,68
"ACTIVIN",29.9858829740106,3,68
"ANGPTL",29.3880325763448,5,68
"AGRN",26.924113029319,7,68
"CD46",5.52109310729367,19,68
"PTN",3.15745699671414,41,68
"PECAM2",0.451352898271812,73,68
"EDA",3.48884948960026,36,68
"Adenosine",1.8747679962287,47,68
"KIT",6.29470356319463,12,68
"FN1",1.33817850219357,52,68
"LIFR",30.0089978752633,2,68
"NT",5.39440491451633,21,68
"ApoA",27.7922586709216,6,68
"VISFATIN",4.75017227005895,24,68
"CD45",4.02831485602161,31,68
"RA",4.20857503428122,30,68
"VEGF",5.03074633273408,23,68
"NEGR",4.56526697307698,27,68
"NPNT",3.62690495879412,35,68
"SEMA4",4.35071393704941,28,68
"DHEA",5.23229327943345,22,68
"FLRT",1.79434139457434,49,68
"ADGRA",8.2411005479052,9,68
"HSPG",1.39742999567706,51,68
"Prostaglandin",3.79288605286334,33,68
"ANGPT",5.71523716873852,17,68
"PECAM1",3.80012301624741,32,68
"TGFb",0.261364312093173,86,68
"OCLN",3.2405902081988,39,68
"VWF",3.76380749565483,34,68
"DESMOSOME",2.39159374987681,44,68
"HGF",3.33956267057822,38,68
"ADGRB",0.704319209446662,60,68
"CD200",1.05019524009726,55,68
"IL1",3.18309091800158,40,68
"CDH5",0.298625038352051,81,68
"CD6",2.29261626098453,45,68
"LAMININ",0.137680194841897,88,69
"ADGRL",0.868427870103889,56,69
"CADM",14.1460240172344,2,69
"PTPRM",6.70679364049858,12,69
"COLLAGEN",0.141881627827305,87,69
"NRG",0.832177785583299,57,69
"JAM",14.223556720123,1,69
"CDH",5.98662707078709,17,69
"Testosterone",5.10348249480363,21,69
"Cholesterol",0.517176775945275,65,69
"BMP",3.40716192755598,37,69
"NRXN",3.90658442130894,30,69
"NCAM",6.0773911930137,16,69
"Glutamate",5.04288394730657,22,69
"APP",3.87497976644892,31,69
"Estradiol",0.261504418620783,81,69
"SEMA3",6.89626689297275,11,69
"MPZ",0.186362010635222,85,69
"IGF",0.446471095365305,69,69
"PROS",0.65189000961685,62,69
"TENASCIN",0.375355468903635,76,69
"PCDH",1.29337068113312,54,69
"PTPR",0.42007562806971,71,69
"EPHA",0.473524692145107,68,69
"CD39",0.818342653488857,59,69
"Androstenedione",0.189931239336156,83,69
"NECTIN",0.18979158184732,84,69
"EPHB",0.342488764674131,79,69
"SEMA5",0.393274333392436,74,69
"EGF",2.27318547257259,46,69
"GAS",0.895339920159967,55,69
"Netrin",7.09892977570153,10,69
"CNTN",0.795496460976783,60,69
"SEMA7",0.303299082435686,80,69
"PDGF",0.494413193598351,66,69
"SEMA6",0.441094335511589,70,69
"CLDN",0.361887197327174,77,69
"PSAP",2.71799782005416,43,69
"FGF",0.41698039062131,72,69
"GAP",0.604380662737695,63,69
"RELN",0.480514552176724,67,69
"VCAM",0.208619119191456,82,69
"NOTCH",0.388950371580135,75,69
"NGL",9.16804909043685,6,69
"SLIT",0.113991308757383,89,69
"THBS",1.48946798515193,50,69
"DHT",1.37788109849877,52,69
"ADGRG",5.56283401058531,19,69
"TULP",1.67289822220349,48,69
"ncWNT",5.16322091500229,20,69
"CD99",0.397139742921826,73,69
"UNC5",6.57862451728139,14,69
"ACTIVIN",12.7865657750892,3,69
"ANGPTL",12.2245215555224,5,69
"AGRN",8.33351307753516,8,69
"CD46",6.60074859144083,13,69
"PTN",2.86850446910022,42,69
"PECAM2",0.522248923389184,64,69
"EDA",3.09234714268621,40,69
"Adenosine",1.68588929735829,47,69
"KIT",6.12045535069804,15,69
"FN1",1.54596229773655,49,69
"LIFR",12.5178784154472,4,69
"NT",4.83779477274336,24,69
"ApoA",8.84933420902222,7,69
"VISFATIN",4.70320228780216,25,69
"CD45",3.6008779503535,34,69
"RA",3.63398746084969,32,69
"VEGF",4.26117873891042,26,69
"NEGR",4.17089730739877,28,69
"NPNT",3.25621856688117,39,69
"SEMA4",4.22219052379089,27,69
"DHEA",4.87592970887302,23,69
"FLRT",1.40658422182953,51,69
"ADGRA",7.69816809467707,9,69
"HSPG",1.29943756469805,53,69
"Prostaglandin",3.9665967107374,29,69
"ANGPT",5.66437456039583,18,69
"PECAM1",3.48417532289961,36,69
"TGFb",0.167058068324361,86,69
"OCLN",3.40424386304904,38,69
"VWF",3.61602746360366,33,69
"DESMOSOME",2.322087679355,45,69
"HGF",3.49026963685035,35,69
"ADGRB",0.827637985236683,58,69
"CD200",0.766616285534994,61,69
"IL1",2.9933468445512,41,69
"CDH5",0.346893607969184,78,69
"CD6",2.33386437658762,44,69
"LAMININ",0.0540457645437719,89,70
"ADGRL",0.787358902883596,59,70
"CADM",9.63598418033993,2,70
"PTPRM",7.25707712778799,8,70
"COLLAGEN",0.44270273581506,71,70
"NRG",0.971554246928636,56,70
"JAM",10.2591646736459,1,70
"CDH",5.4952502808843,22,70
"Testosterone",5.83975836144321,17,70
"Cholesterol",0.771025967235167,60,70
"BMP",3.34988290215487,36,70
"NRXN",2.71141260580128,44,70
"NCAM",6.96138855979222,10,70
"Glutamate",4.17534130772904,31,70
"APP",4.71368585247716,26,70
"Estradiol",0.19609354438423,82,70
"SEMA3",6.78789057861558,12,70
"MPZ",0.341617360016325,77,70
"IGF",0.417213569742357,73,70
"PROS",0.60927722544507,64,70
"TENASCIN",0.598730316910073,65,70
"PCDH",1.14350987467448,53,70
"PTPR",0.522044291347593,69,70
"EPHA",0.377048148704797,76,70
"CD39",0.827872348211192,58,70
"Androstenedione",0.0684937468923137,88,70
"NECTIN",0.397898486446346,75,70
"EPHB",0.57429744860177,66,70
"SEMA5",0.471016758104308,70,70
"EGF",2.18261721004106,45,70
"GAS",0.942591522537745,57,70
"Netrin",6.85629032826206,11,70
"CNTN",0.705837544645349,62,70
"SEMA7",0.42432549790362,72,70
"PDGF",0.561756999921175,67,70
"SEMA6",0.206765448573149,81,70
"CLDN",0.249111765625064,80,70
"PSAP",2.92194303777657,41,70
"FGF",0.399235074834486,74,70
"GAP",0.287448925386536,79,70
"RELN",0.733408281784412,61,70
"VCAM",0.0894983892923455,87,70
"NOTCH",0.169028313682795,85,70
"NGL",8.00160187226174,5,70
"SLIT",0.293250027978959,78,70
"THBS",1.76059888171981,47,70
"DHT",1.14406543436994,52,70
"ADGRG",6.96549780480813,9,70
"TULP",1.54410494661212,50,70
"ncWNT",6.46597557195728,14,70
"CD99",0.1560165721349,86,70
"UNC5",6.10529988329703,16,70
"ACTIVIN",9.15648908277881,3,70
"ANGPTL",7.82878228046977,6,70
"AGRN",5.50778341956386,21,70
"CD46",6.14490351364875,15,70
"PTN",2.73467059318537,43,70
"PECAM2",0.523899933108034,68,70
"EDA",3.81744480149779,34,70
"Adenosine",1.95641503612231,46,70
"KIT",6.58742573824751,13,70
"FN1",1.10532758520821,54,70
"LIFR",8.51390594920765,4,70
"NT",5.53339090376121,20,70
"ApoA",5.65556640835916,18,70
"VISFATIN",5.09952496034975,23,70
"CD45",3.48409115059848,35,70
"RA",4.51594706931608,27,70
"VEGF",5.08454072029949,24,70
"NEGR",4.45046467351083,28,70
"NPNT",3.91524587099634,32,70
"SEMA4",4.35451993856442,29,70
"DHEA",4.83736287999148,25,70
"FLRT",1.59962432390578,49,70
"ADGRA",7.57574186479981,7,70
"HSPG",0.994873765250979,55,70
"Prostaglandin",4.28725352070635,30,70
"ANGPT",5.55267303663642,19,70
"PECAM1",3.07922336580006,38,70
"TGFb",0.17076163229908,84,70
"OCLN",3.87686886945246,33,70
"VWF",2.97818368227167,39,70
"DESMOSOME",2.74086628026255,42,70
"HGF",3.28230354010137,37,70
"ADGRB",0.625517974272053,63,70
"CD200",1.2752799841608,51,70
"IL1",2.93647319468568,40,70
"CDH5",0.175829939791315,83,70
"CD6",1.6652803449751,48,70
"LAMININ",0.227853937221876,85,71
"ADGRL",0.733623555871267,61,71
"CADM",10.9521878361825,4,71
"PTPRM",6.60293270534758,15,71
"COLLAGEN",0.0259554948047525,89,71
"NRG",0.696809280298127,62,71
"JAM",9.87715046688469,7,71
"CDH",7.03879376108601,14,71
"Testosterone",5.10691486232682,21,71
"Cholesterol",0.47630911046637,67,71
"BMP",3.29000657900106,39,71
"NRXN",4.93400306399094,24,71
"NCAM",6.49549479672211,16,71
"Glutamate",6.28385789342518,17,71
"APP",3.99591400638421,30,71
"Estradiol",0.351619670324843,75,71
"SEMA3",8.95050707106014,9,71
"MPZ",0.557898272386094,65,71
"IGF",0.326704867365076,76,71
"PROS",0.529057445490365,66,71
"TENASCIN",0.155657486216258,88,71
"PCDH",1.19061735343738,53,71
"PTPR",0.385930800201439,73,71
"EPHA",0.595758694463567,63,71
"CD39",0.764180471024772,60,71
"Androstenedione",0.258753248881921,81,71
"NECTIN",0.401553678466802,72,71
"EPHB",0.415231632255721,69,71
"SEMA5",0.412616919709679,70,71
"EGF",2.03677759857539,47,71
"GAS",0.83144133810767,58,71
"Netrin",8.78592448264832,10,71
"CNTN",0.992206333839024,56,71
"SEMA7",0.23954256895585,83,71
"PDGF",2.41933457832107,45,71
"SEMA6",0.287958925177589,77,71
"CLDN",0.179866285144487,87,71
"PSAP",2.79943508308824,42,71
"FGF",0.402630072463871,71,71
"GAP",0.375958381957959,74,71
"RELN",0.580029226814481,64,71
"VCAM",0.257828566377779,82,71
"NOTCH",0.260338496439869,80,71
"NGL",8.97806702779974,8,71
"SLIT",0.279046436742555,78,71
"THBS",1.96809513261369,48,71
"DHT",0.984387798490017,57,71
"ADGRG",5.63751617422408,19,71
"TULP",1.67688547774261,50,71
"ncWNT",5.07466177146603,22,71
"CD99",0.232673890337416,84,71
"UNC5",8.64619974960415,11,71
"ACTIVIN",10.4713237411363,5,71
"ANGPTL",11.0690611688798,3,71
"AGRN",13.4425133791929,1,71
"CD46",8.43370395169524,12,71
"PTN",2.63859254179262,43,71
"PECAM2",0.435545457867,68,71
"EDA",3.51448801502867,36,71
"Adenosine",1.78238739373012,49,71
"KIT",6.17855476021628,18,71
"FN1",1.37185043915693,52,71
"LIFR",10.1679040923868,6,71
"NT",5.00020837229129,23,71
"ApoA",12.66037830453,2,71
"VISFATIN",4.52621875177405,27,71
"CD45",3.62222165618295,34,71
"RA",3.72410373391017,31,71
"VEGF",4.77840890235334,26,71
"NEGR",4.44029186866323,28,71
"NPNT",3.68699479325752,32,71
"SEMA4",4.27101318154972,29,71
"DHEA",4.83249027830099,25,71
"FLRT",1.48102174290367,51,71
"ADGRA",7.54028111461101,13,71
"HSPG",1.11633284974777,54,71
"Prostaglandin",3.38934838048005,37,71
"ANGPT",5.51189156988038,20,71
"PECAM1",3.52141065614796,35,71
"TGFb",0.275833450806998,79,71
"OCLN",3.00094308656467,41,71
"VWF",3.65281485843078,33,71
"DESMOSOME",2.42625806181786,44,71
"HGF",3.38247770349159,38,71
"ADGRB",0.768187219341446,59,71
"CD200",1.10909188966979,55,71
"IL1",3.17816851392766,40,71
"CDH5",0.196297840445994,86,71
"CD6",2.30040942197814,46,71
"LAMININ",0.335349161075452,75,72
"ADGRL",0.915896905496364,58,72
"CADM",15.431695632149,1,72
"PTPRM",6.99738397896804,17,72
"COLLAGEN",0.215501728576219,84,72
"NRG",1.09322827281017,55,72
"JAM",14.5335542096063,2,72
"CDH",8.35877224002755,13,72
"Testosterone",5.57565661444104,23,72
"Cholesterol",0.578843791551558,67,72
"BMP",2.97953172597008,37,72
"NRXN",7.03089717405173,16,72
"NCAM",6.83978943505262,18,72
"Glutamate",7.17145795797307,15,72
"APP",4.47964320580579,29,72
"Estradiol",0.222311606455926,82,72
"SEMA3",10.8156147112294,8,72
"MPZ",0.121311362422538,87,72
"IGF",0.273887193067212,77,72
"PROS",0.536583387762961,68,72
"TENASCIN",0.437642056016004,71,72
"PCDH",1.11948805095548,54,72
"PTPR",0.522293722395563,69,72
"EPHA",0.273651898147116,78,72
"CD39",0.780373278280676,61,72
"Androstenedione",0.193708675313343,85,72
"NECTIN",0.261131824479884,80,72
"EPHB",0.377960381575029,73,72
"SEMA5",0.584079764948682,65,72
"EGF",2.32760427442418,43,72
"GAS",0.822352768491843,60,72
"Netrin",11.0243521615148,6,72
"CNTN",0.890084365434488,59,72
"SEMA7",0.449867799573265,70,72
"PDGF",0.580496057019429,66,72
"SEMA6",0.349752253129786,74,72
"CLDN",0.157005243226421,86,72
"PSAP",2.76787020586742,39,72
"FGF",0.271736121015846,79,72
"GAP",0.629145752506738,64,72
"RELN",0.688289238962048,62,72
"VCAM",0.0813887944111608,89,72
"NOTCH",0.401850940043419,72,72
"NGL",10.9504372335755,7,72
"SLIT",0.121171127102109,88,72
"THBS",1.4736956305852,49,72
"DHT",1.13698944313373,53,72
"ADGRG",6.54398741421643,19,72
"TULP",1.55586457665344,48,72
"ncWNT",5.82094388232754,22,72
"CD99",0.334578968848952,76,72
"UNC5",10.0263301598193,9,72
"ACTIVIN",13.8584052686766,3,72
"ANGPTL",13.374632955794,5,72
"AGRN",8.83130741889699,12,72
"CD46",9.98859803817231,10,72
"PTN",2.54869086498194,41,72
"PECAM2",0.665837852407234,63,72
"EDA",3.50651383159893,34,72
"Adenosine",2.07969942918501,46,72
"KIT",6.43037326297715,20,72
"FN1",1.36620616201141,51,72
"LIFR",13.7733513802915,4,72
"NT",5.32006340689938,24,72
"ApoA",9.45646288994609,11,72
"VISFATIN",4.67735008352962,27,72
"CD45",3.09826164728528,36,72
"RA",4.38048751667743,30,72
"VEGF",4.87912932684819,25,72
"NEGR",3.79270148100107,31,72
"NPNT",3.56888299994715,32,72
"SEMA4",4.60253290091616,28,72
"DHEA",4.69792322967524,26,72
"FLRT",1.62345471744075,47,72
"ADGRA",7.62158068228344,14,72
"HSPG",1.37339919672624,50,72
"Prostaglandin",3.52816779638824,33,72
"ANGPT",5.85328527182102,21,72
"PECAM1",2.17327369993576,45,72
"TGFb",0.259677677051976,81,72
"OCLN",3.29594054170904,35,72
"VWF",2.52130481206613,42,72
"DESMOSOME",2.61655851340728,40,72
"HGF",2.90189915412925,38,72
"ADGRB",1.07616025736945,56,72
"CD200",1.01875982725031,57,72
"IL1",2.27092778923444,44,72
"CDH5",0.218666347378444,83,72
"CD6",1.17035608850026,52,72
"LAMININ",0.126967009143681,87,73
"ADGRL",0.829201199378466,58,73
"CADM",13.2354929202806,3,73
"PTPRM",7.29003021873662,18,73
"COLLAGEN",0.387495084382331,74,73
"NRG",0.934637411330651,56,73
"JAM",13.6654709338826,2,73
"CDH",10.9368415519602,10,73
"Testosterone",5.28212194466153,23,73
"Cholesterol",0.619375519110322,64,73
"BMP",3.48517640338633,36,73
"NRXN",8.46919750607721,14,73
"NCAM",7.35281281286564,17,73
"Glutamate",10.0713370692688,12,73
"APP",4.75353454451304,28,73
"Estradiol",0.221038690970438,82,73
"SEMA3",11.3195746451889,7,73
"MPZ",0.199584856768473,83,73
"IGF",0.326548206772325,76,73
"PROS",0.571974316322982,66,73
"TENASCIN",0.436162945008531,72,73
"PCDH",1.16574631323002,53,73
"PTPR",0.514325913797411,68,73
"EPHA",0.735978689317878,61,73
"CD39",0.825787083818743,59,73
"Androstenedione",0.174489828228984,86,73
"NECTIN",0.192681202701844,85,73
"EPHB",0.27797995823592,80,73
"SEMA5",0.509024425091111,69,73
"EGF",2.38654148151617,45,73
"GAS",0.857414067416293,57,73
"Netrin",11.3061031342146,8,73
"CNTN",0.813980403908567,60,73
"SEMA7",0.464057702394789,71,73
"PDGF",0.52960277122889,67,73
"SEMA6",0.316881108034452,77,73
"CLDN",0.377326344041347,75,73
"PSAP",3.16435435702006,41,73
"FGF",0.402768864674759,73,73
"GAP",0.489477049968516,70,73
"RELN",0.732584352675824,62,73
"VCAM",0.0867834591222649,88,73
"NOTCH",0.0854140219517428,89,73
"NGL",14.1001602051313,1,73
"SLIT",0.29531011884772,79,73
"THBS",1.48698931181169,50,73
"DHT",1.0150570748321,55,73
"ADGRG",6.66342158091535,19,73
"TULP",1.77450095700699,48,73
"ncWNT",6.32334606173964,21,73
"CD99",0.2394919225318,81,73
"UNC5",10.8712748284811,11,73
"ACTIVIN",12.2212685575152,4,73
"ANGPTL",11.7086512214781,6,73
"AGRN",7.79417578509253,16,73
"CD46",11.0974129286888,9,73
"PTN",3.05379997455631,42,73
"PECAM2",0.581578617272517,65,73
"EDA",3.59002504057399,35,73
"Adenosine",2.08705420665576,47,73
"KIT",6.62288825869988,20,73
"FN1",1.58184048076455,49,73
"LIFR",11.7612788433556,5,73
"NT",5.49454879475632,22,73
"ApoA",8.82279308255119,13,73
"VISFATIN",4.87321258805489,27,73
"CD45",3.62785519836016,33,73
"RA",4.30504171226445,31,73
"VEGF",5.11102591063772,25,73
"NEGR",4.36435928809737,29,73
"NPNT",3.41093845237014,38,73
"SEMA4",4.35281150406718,30,73
"DHEA",5.00932090048993,26,73
"FLRT",1.41692049260708,52,73
"ADGRA",8.08342628536849,15,73
"HSPG",1.43817180824791,51,73
"Prostaglandin",3.59059100318273,34,73
"ANGPT",5.24479746931724,24,73
"PECAM1",3.63840344536525,32,73
"TGFb",0.305151328875269,78,73
"OCLN",3.36236838385598,39,73
"VWF",3.36046091650821,40,73
"DESMOSOME",2.55852821847693,44,73
"HGF",3.41480250556852,37,73
"ADGRB",0.690293466177496,63,73
"CD200",1.11604486074026,54,73
"IL1",2.99520391658094,43,73
"CDH5",0.19319470293772,84,73
"CD6",2.2631696718479,46,73
"LAMININ",0.182006887603097,82,74
"ADGRL",0.972459806058582,57,74
"CADM",7.97120978247479,4,74
"PTPRM",7.52608784112427,8,74
"COLLAGEN",0.105120926612187,87,74
"NRG",0.956612228819316,58,74
"JAM",6.90252397527733,11,74
"CDH",8.4137792680899,3,74
"Testosterone",6.11395287138167,18,74
"Cholesterol",0.450802281960682,69,74
"BMP",2.77690731461922,40,74
"NRXN",9.22054021850716,1,74
"NCAM",7.72071482028989,6,74
"Glutamate",7.83182704463474,5,74
"APP",4.73129093878194,28,74
"Estradiol",0.482633930699843,67,74
"SEMA3",6.75477617041187,13,74
"MPZ",0.116884999347307,85,74
"IGF",0.464183731986897,68,74
"PROS",0.737398826909509,61,74
"TENASCIN",0.242934564043969,78,74
"PCDH",1.26895304922113,53,74
"PTPR",0.161960011873203,83,74
"EPHA",0.493240059663475,66,74
"CD39",0.751419300944504,60,74
"Androstenedione",0.116862765613618,86,74
"NECTIN",0.350185599767297,74,74
"EPHB",0.450173656423696,70,74
"SEMA5",0.40205057463,73,74
"EGF",2.60026278282457,43,74
"GAS",1.02193248118223,55,74
"Netrin",6.8283724800331,12,74
"CNTN",0.997896638369058,56,74
"SEMA7",0.660613513794504,63,74
"PDGF",0.685054643907622,62,74
"SEMA6",0.247241438231543,77,74
"CLDN",0.0496683935308042,89,74
"PSAP",3.06611997459789,38,74
"FGF",0.303228752436016,75,74
"GAP",0.550606601986179,65,74
"RELN",0.646168977809427,64,74
"VCAM",0.240602893100718,79,74
"NOTCH",0.184215143421711,81,74
"NGL",8.8125102947386,2,74
"SLIT",0.193102213341312,80,74
"THBS",1.50397702798731,48,74
"DHT",0.90746510854231,59,74
"ADGRG",6.74731227838624,14,74
"TULP",1.41994581199599,50,74
"ncWNT",5.82664700024135,20,74
"CD99",0.275740800990837,76,74
"UNC5",6.33170724487193,17,74
"ACTIVIN",6.63586796958244,15,74
"ANGPTL",7.06011599573142,9,74
"AGRN",4.98298806977033,26,74
"CD46",6.48806322056825,16,74
"PTN",2.39458513577507,44,74
"PECAM2",0.431318090484286,72,74
"EDA",3.82387185490463,32,74
"Adenosine",2.13454256349804,45,74
"KIT",7.05155015318572,10,74
"FN1",1.38675366531745,52,74
"LIFR",6.07993552835518,19,74
"NT",5.69964549533911,21,74
"ApoA",5.49299954893555,23,74
"VISFATIN",5.25993507707591,24,74
"CD45",3.29534133301323,37,74
"RA",4.50104198041283,30,74
"VEGF",5.00697507559091,25,74
"NEGR",4.19299306481014,31,74
"NPNT",3.66158930948323,34,74
"SEMA4",4.88956982171336,27,74
"DHEA",4.68141205643794,29,74
"FLRT",1.55978829958003,47,74
"ADGRA",7.59386726190596,7,74
"HSPG",1.05796695057661,54,74
"Prostaglandin",3.81386281628499,33,74
"ANGPT",5.57844765162144,22,74
"PECAM1",2.82509144423611,39,74
"TGFb",0.0513172190566472,88,74
"OCLN",3.63834599657109,35,74
"VWF",2.68452299493652,42,74
"DESMOSOME",1.99955620918466,46,74
"HGF",3.44939819081877,36,74
"ADGRB",0.445083608514588,71,74
"CD200",1.41713086300011,51,74
"IL1",2.74070050617627,41,74
"CDH5",0.146081928522681,84,74
"CD6",1.49163177307112,49,74
"LAMININ",0.164287526627832,86,75
"ADGRL",0.777664189683495,59,75
"CADM",13.0508940946329,5,75
"PTPRM",6.65686100364905,17,75
"COLLAGEN",0.261887636996681,78,75
"NRG",1.01141177153706,56,75
"JAM",15.1798918591172,1,75
"CDH",8.40052568520436,13,75
"Testosterone",5.56717208029353,22,75
"Cholesterol",0.578202772260086,65,75
"BMP",3.20372362084037,41,75
"NRXN",5.65633393344538,21,75
"NCAM",6.7971428847087,16,75
"Glutamate",7.50001680635043,15,75
"APP",4.62651995076953,29,75
"Estradiol",0.341395181498149,75,75
"SEMA3",8.89303043204174,9,75
"MPZ",0.13938224362538,87,75
"IGF",0.313821167109977,76,75
"PROS",0.599218918896754,63,75
"TENASCIN",0.486816636755143,68,75
"PCDH",1.0724592392071,53,75
"PTPR",0.366874481768571,72,75
"EPHA",0.247542660587752,80,75
"CD39",0.884970514437208,58,75
"Androstenedione",0.111804813281731,89,75
"NECTIN",0.342435427281433,74,75
"EPHB",0.464229719695142,69,75
"SEMA5",0.29644218415072,77,75
"EGF",2.30353792292986,44,75
"GAS",0.730951442459071,60,75
"Netrin",8.75210423370523,10,75
"CNTN",0.979619255557942,57,75
"SEMA7",0.549898462053679,66,75
"PDGF",0.643560143915998,62,75
"SEMA6",0.351866904465753,73,75
"CLDN",0.252117223095874,79,75
"PSAP",3.02887897896772,42,75
"FGF",0.246345227896328,81,75
"GAP",0.446395996273556,70,75
"RELN",0.688430750698131,61,75
"VCAM",0.126345605447006,88,75
"NOTCH",0.219130462524143,82,75
"NGL",11.2797635726421,6,75
"SLIT",0.179363120649633,84,75
"THBS",1.37837393249169,51,75
"DHT",1.02507700778489,55,75
"ADGRG",5.89756911683104,20,75
"TULP",1.88441875764418,48,75
"ncWNT",4.98815031755575,26,75
"CD99",0.214042195613849,83,75
"UNC5",8.45733318018795,12,75
"ACTIVIN",13.8180645553541,2,75
"ANGPTL",13.0522565232982,4,75
"AGRN",10.6574946984108,8,75
"CD46",7.94368129924536,14,75
"PTN",2.91532658823494,43,75
"PECAM2",0.593545840787957,64,75
"EDA",3.66553543689647,36,75
"Adenosine",2.19312779702669,46,75
"KIT",6.50447697104845,18,75
"FN1",1.39733844328971,50,75
"LIFR",13.2713571711581,3,75
"NT",5.27717443830394,24,75
"ApoA",11.2434572434019,7,75
"VISFATIN",5.43639063797892,23,75
"CD45",3.75944989951438,34,75
"RA",4.17155885613305,32,75
"VEGF",5.1421632737223,25,75
"NEGR",4.31149103852501,31,75
"NPNT",4.47699646901285,30,75
"SEMA4",4.74797475545367,27,75
"DHEA",4.64366512085164,28,75
"FLRT",1.51915913294961,49,75
"ADGRA",8.72289982882705,11,75
"HSPG",1.05185303582781,54,75
"Prostaglandin",3.91907357741163,33,75
"ANGPT",6.11887936043026,19,75
"PECAM1",3.7221294332485,35,75
"TGFb",0.408529386219793,71,75
"OCLN",3.49030578821535,38,75
"VWF",3.65391558042332,37,75
"DESMOSOME",2.07650944375457,47,75
"HGF",3.39820912885925,39,75
"ADGRB",0.518941936697327,67,75
"CD200",1.20523385039446,52,75
"IL1",3.2114553025478,40,75
"CDH5",0.173276294416585,85,75
"CD6",2.23958929739615,45,75
"LAMININ",0.344837303375161,73,76
"ADGRL",0.95095685114491,56,76
"CADM",8.69162102500454,3,76
"PTPRM",6.27016133754711,16,76
"COLLAGEN",0.194390131382355,84,76
"NRG",0.99760927364201,55,76
"JAM",10.1707753657306,1,76
"CDH",6.3059860665813,15,76
"Testosterone",5.17953320954431,22,76
"Cholesterol",0.606840865155176,65,76
"BMP",3.31323384570341,38,76
"NRXN",4.35831910869291,28,76
"NCAM",6.66456719230733,12,76
"Glutamate",5.20249241369309,21,76
"APP",4.53701904317878,27,76
"Estradiol",0.280254291557942,79,76
"SEMA3",7.95873221190745,9,76
"MPZ",0.169621818980765,86,76
"IGF",0.25934234362947,81,76
"PROS",0.813909876046985,59,76
"TENASCIN",0.28812753528117,77,76
"PCDH",1.17870138160257,54,76
"PTPR",0.384892005195516,72,76
"EPHA",0.490140894851699,69,76
"CD39",0.79025368124032,60,76
"Androstenedione",0.101794332927326,88,76
"NECTIN",0.230395641803744,83,76
"EPHB",0.318465836987902,75,76
"SEMA5",0.292686990789071,76,76
"EGF",2.48592421540661,45,76
"GAS",0.928991899341873,57,76
"Netrin",8.23382874310624,7,76
"CNTN",0.735664320895995,62,76
"SEMA7",0.618009172175081,64,76
"PDGF",0.760141350935839,61,76
"SEMA6",0.388034079123198,70,76
"CLDN",0.320183230760816,74,76
"PSAP",2.92874867635351,40,76
"FGF",0.28585999740923,78,76
"GAP",0.562742052626217,68,76
"RELN",0.571035981987988,67,76
"VCAM",0.387273708869923,71,76
"NOTCH",0.183355563576971,85,76
"NGL",8.42258844163775,5,76
"SLIT",0.0440284959016331,89,76
"THBS",1.34981747824742,51,76
"DHT",0.899590380073075,58,76
"ADGRG",5.91075286985243,18,76
"TULP",1.94287807528338,48,76
"ncWNT",5.17618165189229,23,76
"CD99",0.246594571499137,82,76
"UNC5",7.4024783687344,11,76
"ACTIVIN",8.97526147389463,2,76
"ANGPTL",8.17320028097851,8,76
"AGRN",5.95689488465027,17,76
"CD46",7.46159118910211,10,76
"PTN",2.75245070796014,41,76
"PECAM2",0.581631369581676,66,76
"EDA",4.11038440317869,30,76
"Adenosine",2.02460654685585,47,76
"KIT",6.57002709270321,13,76
"FN1",1.45361874664768,50,76
"LIFR",8.41099466398737,6,76
"NT",5.52698218762757,20,76
"ApoA",6.39727509970423,14,76
"VISFATIN",4.88780946039852,26,76
"CD45",3.64357691109265,34,76
"RA",4.0809987791053,31,76
"VEGF",4.98593210874342,24,76
"NEGR",3.35607406501277,36,76
"NPNT",4.89549260442962,25,76
"SEMA4",4.32107689443296,29,76
"DHEA",3.85909654058071,32,76
"FLRT",1.63471550952113,49,76
"ADGRA",8.47221149685514,4,76
"HSPG",1.22878371283093,53,76
"Prostaglandin",3.7279540955775,33,76
"ANGPT",5.6891748243361,19,76
"PECAM1",3.1859569534487,39,76
"TGFb",0.272978150228783,80,76
"OCLN",3.57197366684944,35,76
"VWF",3.34594930835068,37,76
"DESMOSOME",2.51459468930638,44,76
"HGF",2.58695933577198,43,76
"ADGRB",0.621082531301719,63,76
"CD200",1.29960225335308,52,76
"IL1",2.62343022697684,42,76
"CDH5",0.168570625524284,87,76
"CD6",2.12405999606837,46,76
"LAMININ",0.184639568836079,84,77
"ADGRL",1.3352712803848,53,77
"CADM",10.9457619987641,4,77
"PTPRM",6.67966258174516,10,77
"COLLAGEN",0.287585971487914,75,77
"NRG",1.01576869752382,57,77
"JAM",9.94695634877977,7,77
"CDH",4.61249719630472,19,77
"Testosterone",5.38913131170243,15,77
"Cholesterol",0.432225991188597,69,77
"BMP",3.2397731816379,39,77
"NRXN",2.3820382216678,44,77
"NCAM",5.88275150676434,11,77
"Glutamate",3.3540160652688,35,77
"APP",4.00931644448212,24,77
"Estradiol",0.199840078278475,82,77
"SEMA3",3.88216529610218,26,77
"MPZ",0.100345860026233,88,77
"IGF",0.48524919581202,67,77
"PROS",0.866943048725822,60,77
"TENASCIN",0.232653351575341,77,77
"PCDH",1.32998384589627,54,77
"PTPR",0.651288885315825,64,77
"EPHA",0.399278733310763,72,77
"CD39",0.862355820354638,61,77
"Androstenedione",0.142359742782402,85,77
"NECTIN",0.124243568631973,87,77
"EPHB",0.326011661189535,73,77
"SEMA5",0.417470374300406,71,77
"EGF",1.90477714105138,47,77
"GAS",0.882652227756095,58,77
"Netrin",4.00667034582113,25,77
"CNTN",0.665004211419726,62,77
"SEMA7",0.259479434047743,76,77
"PDGF",0.579273550968958,66,77
"SEMA6",0.429948403223286,70,77
"CLDN",0.207944378468753,80,77
"PSAP",2.99485471501995,41,77
"FGF",0.137935711801066,86,77
"GAP",0.439914515638436,68,77
"RELN",0.651542976689692,63,77
"VCAM",0.213628736375802,79,77
"NOTCH",0.306399599461956,74,77
"NGL",6.87005945259934,9,77
"SLIT",0.0659039973247085,89,77
"THBS",1.79390842490643,48,77
"DHT",1.12957330104655,56,77
"ADGRG",5.4969242654582,14,77
"TULP",1.73735585724623,49,77
"ncWNT",5.73675476056723,13,77
"CD99",0.206048453669913,81,77
"UNC5",3.8655355189889,27,77
"ACTIVIN",10.7777129972353,5,77
"ANGPTL",11.3196736256939,3,77
"AGRN",14.7289352172101,1,77
"CD46",4.02915123185172,23,77
"PTN",2.66376792924888,42,77
"PECAM2",0.593957822306489,65,77
"EDA",3.43816423766283,34,77
"Adenosine",2.00100404540336,46,77
"KIT",5.75267316191873,12,77
"FN1",1.44252374529744,51,77
"LIFR",10.3330901718791,6,77
"NT",4.866847908331,18,77
"ApoA",14.5243890123503,2,77
"VISFATIN",4.40725467631608,20,77
"CD45",3.71338348684319,29,77
"RA",3.58887900626814,30,77
"VEGF",4.40622208299129,21,77
"NEGR",4.20969007679309,22,77
"NPNT",3.25608620011129,37,77
"SEMA4",3.83246882632736,28,77
"DHEA",4.95384239223855,16,77
"FLRT",1.62535260406078,50,77
"ADGRA",7.33124002938354,8,77
"HSPG",1.40393916206852,52,77
"Prostaglandin",3.44764522762195,33,77
"ANGPT",4.89324982174602,17,77
"PECAM1",3.51472655662108,31,77
"TGFb",0.230263337171288,78,77
"OCLN",3.24331860608466,38,77
"VWF",3.4620296903181,32,77
"DESMOSOME",2.40978773033846,43,77
"HGF",3.34164988941595,36,77
"ADGRB",0.869996507954363,59,77
"CD200",1.19919719962977,55,77
"IL1",3.05111908358418,40,77
"CDH5",0.18752685027757,83,77
"CD6",2.12026882142472,45,77
"LAMININ",0.219693128209916,82,78
"ADGRL",0.728142459763102,60,78
"CADM",7.1850238124033,10,78
"PTPRM",6.77323894519542,12,78
"COLLAGEN",0.114816150708022,87,78
"NRG",1.22991025403362,55,78
"JAM",8.01837054422168,8,78
"CDH",9.02827836558186,6,78
"Testosterone",5.65518644741232,22,78
"Cholesterol",0.587822648048237,66,78
"BMP",2.80594975535335,42,78
"NRXN",6.42458111393345,14,78
"NCAM",6.70401445862878,13,78
"Glutamate",7.92271168584136,9,78
"APP",4.55247397961318,27,78
"Estradiol",0.223709483726749,81,78
"SEMA3",10.0502973665177,3,78
"MPZ",0.138320525562035,85,78
"IGF",0.392294483732006,73,78
"PROS",0.727494734243606,61,78
"TENASCIN",0.246125690831677,79,78
"PCDH",1.45481902570881,51,78
"PTPR",0.422448885871634,72,78
"EPHA",0.497265452124975,70,78
"CD39",0.518909583559411,68,78
"Androstenedione",0.100428555673455,88,78
"NECTIN",0.0631169305812351,89,78
"EPHB",0.459210116184521,71,78
"SEMA5",0.549473363557934,67,78
"EGF",2.11041439704434,46,78
"GAS",0.78185542369574,59,78
"Netrin",10.3082291729492,2,78
"CNTN",0.89191369767956,57,78
"SEMA7",0.378875342598746,75,78
"PDGF",0.677395539632168,63,78
"SEMA6",0.376872068775417,76,78
"CLDN",0.133750703492262,86,78
"PSAP",3.14740836938649,40,78
"FGF",0.669850377716558,64,78
"GAP",0.498678113466992,69,78
"RELN",0.692473092156823,62,78
"VCAM",0.142836672805824,84,78
"NOTCH",0.152163187713981,83,78
"NGL",12.1213208498824,1,78
"SLIT",0.282070904897947,78,78
"THBS",1.56591017019595,50,78
"DHT",1.23281685230684,54,78
"ADGRG",6.24721918729531,17,78
"TULP",1.68020722968222,48,78
"ncWNT",5.88764317387065,19,78
"CD99",0.23051672543006,80,78
"UNC5",9.4362514191093,5,78
"ACTIVIN",6.88080518191483,11,78
"ANGPTL",6.15005806716503,18,78
"AGRN",4.49185276919076,28,78
"CD46",9.47117385942398,4,78
"PTN",2.2452602180922,45,78
"PECAM2",0.604020906495189,65,78
"EDA",3.85148432275884,36,78
"Adenosine",1.92909172915737,47,78
"KIT",6.27385560182622,16,78
"FN1",1.38729100020299,52,78
"LIFR",6.27618192967016,15,78
"NT",5.72964933583948,21,78
"ApoA",4.9198879729602,23,78
"VISFATIN",4.90149566294858,25,78
"CD45",3.99142997650001,31,78
"RA",4.10515502324528,30,78
"VEGF",4.90574175322823,24,78
"NEGR",3.78450616955907,37,78
"NPNT",3.98436070761933,32,78
"SEMA4",4.36652863107114,29,78
"DHEA",4.5684479046083,26,78
"FLRT",1.60490589333774,49,78
"ADGRA",8.55274873560376,7,78
"HSPG",1.0835330435788,56,78
"Prostaglandin",3.95398289421246,33,78
"ANGPT",5.73505891674456,20,78
"PECAM1",3.93800572303516,34,78
"TGFb",0.325140408253004,77,78
"OCLN",3.54011768986603,38,78
"VWF",3.91957419421177,35,78
"DESMOSOME",2.50968406917215,43,78
"HGF",2.86564481104513,41,78
"ADGRB",0.791453672304052,58,78
"CD200",1.24706001890172,53,78
"IL1",3.3180535923438,39,78
"CDH5",0.387350378318532,74,78
"CD6",2.31546724474697,44,78
"LAMININ",0.256030408053975,79,79
"ADGRL",0.84111911837001,58,79
"CADM",17.1080492154694,5,79
"PTPRM",7.14578292636814,17,79
"COLLAGEN",0.060914186307113,89,79
"NRG",0.798382048833275,59,79
"JAM",18.7366148877823,1,79
"CDH",9.09374832996574,9,79
"Testosterone",5.34853240016777,23,79
"Cholesterol",0.596298262995595,65,79
"BMP",3.21359984361502,39,79
"NRXN",7.73633073017146,15,79
"NCAM",6.7908800402382,18,79
"Glutamate",8.37819946002192,14,79
"APP",4.3784782430726,29,79
"Estradiol",0.397671106958292,72,79
"SEMA3",9.02002408387707,10,79
"MPZ",0.0681834872714154,88,79
"IGF",0.475503774261206,69,79
"PROS",0.74471035053591,61,79
"TENASCIN",0.417059111689285,71,79
"PCDH",1.24581506524629,51,79
"PTPR",0.353934516527388,74,79
"EPHA",0.622592113874031,64,79
"CD39",0.567999432002102,66,79
"Androstenedione",0.118518651812208,87,79
"NECTIN",0.332373195185153,75,79
"EPHB",0.365105424385453,73,79
"SEMA5",0.49351251231088,68,79
"EGF",2.53113713793346,45,79
"GAS",0.937537114420384,56,79
"Netrin",8.95600609922765,11,79
"CNTN",0.796646292917262,60,79
"SEMA7",0.551525623830672,67,79
"PDGF",0.690348711158505,63,79
"SEMA6",0.258535372584202,78,79
"CLDN",0.183630422321351,82,79
"PSAP",2.66740508453722,43,79
"FGF",0.292419347582083,77,79
"GAP",0.305777377712365,76,79
"RELN",0.856528861375667,57,79
"VCAM",0.252359765880262,80,79
"NOTCH",0.127252678731748,84,79
"NGL",11.7887761068503,8,79
"SLIT",0.126193572616891,85,79
"THBS",1.23466059067845,52,79
"DHT",1.43594301051301,50,79
"ADGRG",6.36536175863638,19,79
"TULP",1.7493145125998,48,79
"ncWNT",6.07868480002195,21,79
"CD99",0.208122382657073,81,79
"UNC5",8.83296629123728,12,79
"ACTIVIN",17.7964747461818,2,79
"ANGPTL",17.5023028690574,4,79
"AGRN",15.6793202352932,7,79
"CD46",8.59047326812538,13,79
"PTN",2.74071451287503,41,79
"PECAM2",0.452632426162491,70,79
"EDA",3.59423988636395,36,79
"Adenosine",1.98238864869568,47,79
"KIT",6.33541544105127,20,79
"FN1",1.4711765368549,49,79
"LIFR",17.5555081974175,3,79
"NT",4.82272550242214,25,79
"ApoA",16.459019301698,6,79
"VISFATIN",5.33517166513343,24,79
"CD45",4.05916565006334,31,79
"RA",4.19622586648011,30,79
"VEGF",4.796636422984,26,79
"NEGR",3.60981726019635,35,79
"NPNT",3.43848673855912,38,79
"SEMA4",4.78982191893947,27,79
"DHEA",4.57616355211653,28,79
"FLRT",1.17776105788156,53,79
"ADGRA",7.44669182569508,16,79
"HSPG",1.05276690839225,55,79
"Prostaglandin",3.97190303800662,32,79
"ANGPT",5.72849711053924,22,79
"PECAM1",3.94413468821369,33,79
"TGFb",0.118858926051751,86,79
"OCLN",3.51317433396832,37,79
"VWF",3.76145950231909,34,79
"DESMOSOME",2.44160729256515,46,79
"HGF",2.7209009680655,42,79
"ADGRB",0.734633518766398,62,79
"CD200",1.12094333691209,54,79
"IL1",2.86372137284428,40,79
"CDH5",0.132072657773513,83,79
"CD6",2.55231173782654,44,79
"LAMININ",0.273755624251841,77,80
"ADGRL",0.841542768716481,58,80
"CADM",9.60607637596867,10,80
"PTPRM",7.2350616204201,14,80
"COLLAGEN",0.138413983248008,87,80
"NRG",0.883902543487357,57,80
"JAM",10.3092227460856,9,80
"CDH",18.2036337704379,6,80
"Testosterone",5.68626768270923,22,80
"Cholesterol",0.406774635501586,71,80
"BMP",3.05839835732207,37,80
"NRXN",17.0519612990507,8,80
"NCAM",6.74891628113766,16,80
"Glutamate",17.3130360329761,7,80
"APP",4.26260982941753,28,80
"Estradiol",0.171091042640826,86,80
"SEMA3",20.1349588295249,2,80
"MPZ",0.116323844043676,88,80
"IGF",0.326015417785485,75,80
"PROS",0.710148716792268,62,80
"TENASCIN",0.336212128222263,74,80
"PCDH",1.21443558833557,54,80
"PTPR",0.392621274868183,72,80
"EPHA",0.637773643450795,64,80
"CD39",0.825518519853542,59,80
"Androstenedione",0.18104336965755,83,80
"NECTIN",0.186644380879089,81,80
"EPHB",0.489608575975172,67,80
"SEMA5",0.370839624962388,73,80
"EGF",2.76410997687664,41,80
"GAS",0.918447066108014,56,80
"Netrin",19.6732132771409,5,80
"CNTN",0.785641213935267,61,80
"SEMA7",0.468259054700367,69,80
"PDGF",0.822576175151658,60,80
"SEMA6",0.433059489346109,70,80
"CLDN",0.290439671748726,76,80
"PSAP",2.79319336938286,40,80
"FGF",0.202691575193351,80,80
"GAP",0.483566780218511,68,80
"RELN",0.523281399590802,65,80
"VCAM",0.180098254230729,84,80
"NOTCH",0.210773576245213,79,80
"NGL",20.7969609559456,1,80
"SLIT",0.11556393897779,89,80
"THBS",1.84067056528844,47,80
"DHT",0.963146980278968,55,80
"ADGRG",6.48700623124483,18,80
"TULP",1.71002605081324,48,80
"ncWNT",5.97342630002195,20,80
"CD99",0.254624571388059,78,80
"UNC5",19.959272103708,3,80
"ACTIVIN",8.549231755915,11,80
"ANGPTL",8.07651555814778,12,80
"AGRN",5.92819811960424,21,80
"CD46",19.7689229547247,4,80
"PTN",2.95198940463088,39,80
"PECAM2",0.678394005163902,63,80
"EDA",3.12789347284131,36,80
"Adenosine",1.89231023253068,46,80
"KIT",6.67214233294003,17,80
"FN1",1.37934112622892,52,80
"LIFR",8.03665626572258,13,80
"NT",4.95743447498382,24,80
"ApoA",6.21874827861659,19,80
"VISFATIN",4.48769537393141,26,80
"CD45",3.03830845123081,38,80
"RA",4.11544907422119,30,80
"VEGF",4.47168200608667,27,80
"NEGR",3.8310052658327,32,80
"NPNT",3.21006919911595,34,80
"SEMA4",4.23163408405351,29,80
"DHEA",4.50188676005289,25,80
"FLRT",1.2556404615654,53,80
"ADGRA",7.20969698568984,15,80
"HSPG",1.44444397570726,50,80
"Prostaglandin",3.76698132424305,33,80
"ANGPT",5.62622027117413,23,80
"PECAM1",2.18522593491249,44,80
"TGFb",0.178169115698162,85,80
"OCLN",3.84861493120973,31,80
"VWF",2.36551274641861,43,80
"DESMOSOME",2.07514587392378,45,80
"HGF",3.13357635857925,35,80
"ADGRB",0.512540471965442,66,80
"CD200",1.44556068544398,49,80
"IL1",2.37847791427661,42,80
"CDH5",0.185722072707152,82,80
"CD6",1.38834350221673,51,80
"LAMININ",0.0954577072838266,89,81
"ADGRL",0.707557874003363,64,81
"CADM",21.8129969212373,1,81
"PTPRM",5.93154777291216,18,81
"COLLAGEN",0.292238992271175,77,81
"NRG",1.0114245264705,56,81
"JAM",20.1747314655016,4,81
"CDH",7.69187378333766,13,81
"Testosterone",5.3189245515129,22,81
"Cholesterol",0.5819642953458,68,81
"BMP",2.87181647927136,40,81
"NRXN",6.9124778154128,15,81
"NCAM",6.18265387667704,17,81
"Glutamate",6.69573584880642,16,81
"APP",3.8732122027397,32,81
"Estradiol",0.268861156218214,80,81
"SEMA3",9.97968083003692,9,81
"MPZ",0.251835237884766,82,81
"IGF",0.437324214818554,70,81
"PROS",0.784245577803203,61,81
"TENASCIN",0.341253578818321,74,81
"PCDH",1.32493339378526,53,81
"PTPR",0.152946531324385,85,81
"EPHA",0.820899645370474,58,81
"CD39",0.746630189257243,62,81
"Androstenedione",0.148542096403772,86,81
"NECTIN",0.186256959658106,84,81
"EPHB",0.25197770615912,81,81
"SEMA5",0.596044765083084,66,81
"EGF",1.80668278062114,47,81
"GAS",0.794783841899901,60,81
"Netrin",10.5218389853359,8,81
"CNTN",0.819016774221789,59,81
"SEMA7",0.500062478070603,69,81
"PDGF",1.26334804356842,55,81
"SEMA6",0.381385165993832,73,81
"CLDN",0.11070650463356,88,81
"PSAP",2.77833801053041,42,81
"FGF",0.412987419292429,71,81
"GAP",0.585474097341375,67,81
"RELN",0.675292866300723,65,81
"VCAM",0.321583989510933,75,81
"NOTCH",0.203782005909263,83,81
"NGL",9.28475359258905,12,81
"SLIT",0.284620679446492,78,81
"THBS",1.44655700303934,50,81
"DHT",1.61957373410134,48,81
"ADGRG",5.70548280082889,20,81
"TULP",1.46259827063842,49,81
"ncWNT",4.93166023028715,23,81
"CD99",0.280292266357921,79,81
"UNC5",9.91426526117346,10,81
"ACTIVIN",20.2068466169169,2,81
"ANGPTL",19.8636068790251,5,81
"AGRN",15.1294530236676,7,81
"CD46",9.55917374584102,11,81
"PTN",2.42980866949789,43,81
"PECAM2",0.38865767282074,72,81
"EDA",3.39236351282997,36,81
"Adenosine",1.86704188976857,46,81
"KIT",5.84227960724794,19,81
"FN1",1.34594435315065,52,81
"LIFR",20.1971036323497,3,81
"NT",4.92690981442269,24,81
"ApoA",16.382295699139,6,81
"VISFATIN",4.58820386266382,25,81
"CD45",3.53423306198231,35,81
"RA",3.92167196393525,31,81
"VEGF",4.31960687857386,27,81
"NEGR",3.93938897815398,30,81
"NPNT",3.86397152310015,33,81
"SEMA4",4.18596516483401,28,81
"DHEA",4.02018068797222,29,81
"FLRT",1.36908444846613,51,81
"ADGRA",7.49741557748275,14,81
"HSPG",0.930393768456423,57,81
"Prostaglandin",4.38880256223619,26,81
"ANGPT",5.34950159769357,21,81
"PECAM1",3.75904082457174,34,81
"TGFb",0.321159109556404,76,81
"OCLN",3.22774061479957,38,81
"VWF",3.31805264747004,37,81
"DESMOSOME",2.12824216601097,45,81
"HGF",2.84138545372572,41,81
"ADGRB",0.719144354817602,63,81
"CD200",1.32399760311884,54,81
"IL1",2.97883870055677,39,81
"CDH5",0.13170464593765,87,81
"CD6",2.34308435898933,44,81
"LAMININ",0.279946718068011,80,82
"ADGRL",1.01377572671102,55,82
"CADM",11.9783897900736,12,82
"PTPRM",6.99283051476011,17,82
"COLLAGEN",0.324366484026411,78,82
"NRG",1.09546659241615,54,82
"JAM",13.8286456154371,7,82
"CDH",14.1398769989843,6,82
"Testosterone",5.66919802230289,21,82
"Cholesterol",0.603811297901605,66,82
"BMP",3.53233942030084,36,82
"NRXN",11.8932286997839,13,82
"NCAM",6.99205316244463,18,82
"Glutamate",13.3954036413007,9,82
"APP",4.88201464376171,27,82
"Estradiol",0.208534298423828,85,82
"SEMA3",15.4937699677826,3,82
"MPZ",0.475836768752035,69,82
"IGF",0.411886831258861,74,82
"PROS",0.744766925512594,62,82
"TENASCIN",0.365299794239542,76,82
"PCDH",1.33050683147948,52,82
"PTPR",0.514480756598135,68,82
"EPHA",0.775043909705167,60,82
"CD39",0.757470411905277,61,82
"Androstenedione",0.0637517085048629,89,82
"NECTIN",0.258641885227927,81,82
"EPHB",0.474058425810877,70,82
"SEMA5",0.459274537609661,72,82
"EGF",2.07297158804012,45,82
"GAS",0.976225054630635,57,82
"Netrin",15.9345524238801,2,82
"CNTN",0.928770470974891,58,82
"SEMA7",0.436580680937515,73,82
"PDGF",0.62641039463782,64,82
"SEMA6",0.283644725665324,79,82
"CLDN",0.184746583159162,86,82
"PSAP",2.90038232428103,43,82
"FGF",0.240697001978157,82,82
"GAP",0.46273174142004,71,82
"RELN",0.603856724011971,65,82
"VCAM",0.100474459723815,88,82
"NOTCH",0.385909101998497,75,82
"NGL",17.3133599886779,1,82
"SLIT",0.361730256020649,77,82
"THBS",1.63684195396026,48,82
"DHT",0.883971494210691,59,82
"ADGRG",6.37890646335004,20,82
"TULP",1.626086949719,49,82
"ncWNT",5.59103296563298,22,82
"CD99",0.142392424518643,87,82
"UNC5",14.8438824605579,5,82
"ACTIVIN",12.4154958151882,11,82
"ANGPTL",11.7178047994968,15,82
"AGRN",13.5752229645169,8,82
"CD46",14.993537905861,4,82
"PTN",3.23333841691735,41,82
"PECAM2",0.522027167633362,67,82
"EDA",3.43514396498373,39,82
"Adenosine",2.01552658727913,46,82
"KIT",6.4834762495241,19,82
"FN1",1.3782322626148,51,82
"LIFR",11.7614448731676,14,82
"NT",4.86490434469488,28,82
"ApoA",12.4921948931651,10,82
"VISFATIN",4.9634369483391,26,82
"CD45",3.67382768233761,34,82
"RA",4.08370535010317,30,82
"VEGF",5.19116630455732,24,82
"NEGR",4.47825713703291,29,82
"NPNT",3.6993243747585,33,82
"SEMA4",4.07888861548815,31,82
"DHEA",5.18386264350041,25,82
"FLRT",1.60679779575672,50,82
"ADGRA",7.62721768969369,16,82
"HSPG",0.996126969865547,56,82
"Prostaglandin",3.92451082424417,32,82
"ANGPT",5.58677986983252,23,82
"PECAM1",3.42105831373369,40,82
"TGFb",0.239318508027653,83,82
"OCLN",3.57090107839677,35,82
"VWF",3.45795490049761,37,82
"DESMOSOME",2.32525270156177,44,82
"HGF",3.44057981002854,38,82
"ADGRB",0.728358922085186,63,82
"CD200",1.22288555134121,53,82
"IL1",3.00097408810889,42,82
"CDH5",0.213344924885916,84,82
"CD6",1.83325584752854,47,82
"LAMININ",0.102429826067726,87,83
"ADGRL",0.966854993488977,57,83
"CADM",9.33754232664976,6,83
"PTPRM",6.35642740092149,18,83
"COLLAGEN",0.0948011186177358,88,83
"NRG",0.986325712342359,56,83
"JAM",11.4275243746493,2,83
"CDH",8.66791021164793,8,83
"Testosterone",4.90878811957799,23,83
"Cholesterol",0.628484522423856,63,83
"BMP",2.67809099047446,41,83
"NRXN",6.53687443372494,16,83
"NCAM",6.46199450845567,17,83
"Glutamate",7.63194330692745,14,83
"APP",4.25367332466927,28,83
"Estradiol",0.237106629377112,80,83
"SEMA3",8.60881912210448,10,83
"MPZ",0.215731184311659,81,83
"IGF",0.424235004332758,69,83
"PROS",0.760136022129563,61,83
"TENASCIN",0.143422011661379,86,83
"PCDH",1.18438422581012,51,83
"PTPR",0.261578908482214,78,83
"EPHA",0.473648028217874,67,83
"CD39",0.853847313796627,59,83
"Androstenedione",0.305192793838175,75,83
"NECTIN",0.333842976057596,74,83
"EPHB",0.361774062939864,71,83
"SEMA5",0.485348094179696,66,83
"EGF",1.93714412081217,46,83
"GAS",0.881668621992289,58,83
"Netrin",8.63056737223192,9,83
"CNTN",1.03848124985398,53,83
"SEMA7",0.335798158793495,72,83
"PDGF",0.547034670395007,65,83
"SEMA6",0.298382635323851,77,83
"CLDN",0.167572344272904,85,83
"PSAP",2.59696221443152,42,83
"FGF",0.334852828684609,73,83
"GAP",0.572352444939561,64,83
"RELN",0.720672898458605,62,83
"VCAM",0.243969255640547,79,83
"NOTCH",0.167656276899785,84,83
"NGL",11.5321241965861,1,83
"SLIT",0.0909759033599303,89,83
"THBS",1.75889387050747,49,83
"DHT",0.839835349497674,60,83
"ADGRG",5.52532041164864,20,83
"TULP",1.94585847775568,45,83
"ncWNT",5.05377283348862,22,83
"CD99",0.181991317545618,83,83
"UNC5",8.49578559047562,11,83
"ACTIVIN",10.3701652833515,3,83
"ANGPTL",9.65418783125521,4,83
"AGRN",7.92155395042194,13,83
"CD46",8.85588359074996,7,83
"PTN",2.35749375374875,43,83
"PECAM2",0.449447480030554,68,83
"EDA",3.24853589501159,36,83
"Adenosine",1.7842372661496,48,83
"KIT",6.03634326246189,19,83
"FN1",1.17745628245591,52,83
"LIFR",9.64787000284,5,83
"NT",4.3905941562834,27,83
"ApoA",8.24842264713809,12,83
"VISFATIN",4.46991160884532,25,83
"CD45",3.96312201979814,30,83
"RA",3.69164506939129,31,83
"VEGF",4.45979949409761,26,83
"NEGR",3.67392057806298,32,83
"NPNT",2.99799134727309,38,83
"SEMA4",4.13440687356168,29,83
"DHEA",4.47904278355827,24,83
"FLRT",1.50193179760643,50,83
"ADGRA",7.24872544798128,15,83
"HSPG",1.0382299252088,54,83
"Prostaglandin",3.27317139138517,35,83
"ANGPT",5.3363096623462,21,83
"PECAM1",3.45896595845215,33,83
"TGFb",0.304803248684146,76,83
"OCLN",3.04794510690075,37,83
"VWF",3.4194380874041,34,83
"DESMOSOME",1.88675778091112,47,83
"HGF",2.89662985265108,40,83
"ADGRB",0.394268763371403,70,83
"CD200",1.01916069084458,55,83
"IL1",2.94074385412718,39,83
"CDH5",0.184366742652815,82,83
"CD6",2.09379271854948,44,83
"LAMININ",0.207946899918694,82,84
"ADGRL",1.05135386058807,55,84
"CADM",25.029535193692,1,84
"PTPRM",6.6435271956869,15,84
"COLLAGEN",0.163413973603691,84,84
"NRG",0.84261937413573,60,84
"JAM",24.856496426669,2,84
"CDH",7.8592907247899,13,84
"Testosterone",4.85712793340211,23,84
"Cholesterol",0.487555385823949,66,84
"BMP",3.48819386422462,35,84
"NRXN",5.43408703212735,21,84
"NCAM",5.82747428887002,18,84
"Glutamate",6.51613920215193,16,84
"APP",3.99735269431665,30,84
"Estradiol",0.279195880237293,79,84
"SEMA3",9.5246358527476,9,84
"MPZ",0.436475185720529,70,84
"IGF",0.410705253474341,71,84
"PROS",0.980039583588126,57,84
"TENASCIN",0.39380904103066,74,84
"PCDH",1.30017806925009,52,84
"PTPR",0.464910313476681,68,84
"EPHA",0.480442702925547,67,84
"CD39",0.953740959778315,58,84
"Androstenedione",0.282378064113129,78,84
"NECTIN",0.110021147452812,86,84
"EPHB",0.308343585707573,77,84
"SEMA5",0.337698203554645,75,84
"EGF",2.02608943549702,46,84
"GAS",0.730404065238129,63,84
"Netrin",9.50896769942527,10,84
"CNTN",0.803137113492601,61,84
"SEMA7",0.395341133263518,73,84
"PDGF",0.88334038971704,59,84
"SEMA6",0.403283962576557,72,84
"CLDN",0.0983495381778974,87,84
"PSAP",2.8149029006451,43,84
"FGF",0.330807778139085,76,84
"GAP",0.46115878188257,69,84
"RELN",0.748055364888726,62,84
"VCAM",0.148688597234493,85,84
"NOTCH",0.225026660399337,81,84
"NGL",10.4789232867573,8,84
"SLIT",0.0898151590031901,88,84
"THBS",1.71864707698219,49,84
"DHT",1.11924466285963,54,84
"ADGRG",5.51323119353337,20,84
"TULP",1.79128365605621,48,84
"ncWNT",5.61282065341881,19,84
"CD99",0.0583766374057548,89,84
"UNC5",8.85320841524776,11,84
"ACTIVIN",24.0058218924285,3,84
"ANGPTL",23.143230653128,5,84
"AGRN",17.7264461235235,7,84
"CD46",8.83968536684569,12,84
"PTN",2.99216266695199,41,84
"PECAM2",0.572860049965471,64,84
"EDA",3.23063756508523,40,84
"Adenosine",2.05911874864885,45,84
"KIT",5.88728388314902,17,84
"FN1",1.51649509265872,51,84
"LIFR",23.8664484653184,4,84
"NT",4.80498342913475,24,84
"ApoA",19.0236447690087,6,84
"VISFATIN",4.58253925867079,27,84
"CD45",3.51411955020835,34,84
"RA",3.76430454823522,32,84
"VEGF",4.59912103569201,26,84
"NEGR",4.29754784597264,28,84
"NPNT",3.78551523071985,31,84
"SEMA4",4.0304742316933,29,84
"DHEA",4.65260627958357,25,84
"FLRT",1.69768296142789,50,84
"ADGRA",7.75638111831107,14,84
"HSPG",1.25140974351934,53,84
"Prostaglandin",3.59722017313593,33,84
"ANGPT",5.27770655000387,22,84
"PECAM1",3.26386703596173,38,84
"TGFb",0.250970106113802,80,84
"OCLN",3.35080448364702,37,84
"VWF",3.36376943331302,36,84
"DESMOSOME",2.68862958439077,44,84
"HGF",3.25333516210628,39,84
"ADGRB",0.558310484004214,65,84
"CD200",1.02527661045602,56,84
"IL1",2.82199108790893,42,84
"CDH5",0.179893623201365,83,84
"CD6",1.87978662616311,47,84
"LAMININ",0.167391113053305,84,85
"ADGRL",0.70175235148046,60,85
"CADM",8.47853268428853,2,85
"PTPRM",6.58736345177373,8,85
"COLLAGEN",0.113357167530655,86,85
"NRG",0.925182442586931,56,85
"JAM",9.43585412385084,1,85
"CDH",5.46576663811552,17,85
"Testosterone",6.42292888794963,10,85
"Cholesterol",0.435513142903048,70,85
"BMP",3.5231300907367,35,85
"NRXN",3.01321491735309,37,85
"NCAM",6.56389584545477,9,85
"Glutamate",4.35983351663801,26,85
"APP",4.20770090720533,28,85
"Estradiol",0.406307447798704,72,85
"SEMA3",5.36793158963887,18,85
"MPZ",0.0894481409382258,88,85
"IGF",0.313461886851975,77,85
"PROS",0.695942867997193,61,85
"TENASCIN",0.307679793772268,78,85
"PCDH",1.21874232866811,54,85
"PTPR",0.336269113644436,76,85
"EPHA",0.472062617231298,68,85
"CD39",0.806139986291856,59,85
"Androstenedione",0.271039121579972,80,85
"NECTIN",0.365171839532147,74,85
"EPHB",0.520415585339181,65,85
"SEMA5",0.404385214811178,73,85
"EGF",2.54870632944177,43,85
"GAS",0.868052854342607,57,85
"Netrin",5.54368389818651,15,85
"CNTN",0.953218335014914,55,85
"SEMA7",0.618142319893218,63,85
"PDGF",0.441687942067086,69,85
"SEMA6",0.512623518615978,66,85
"CLDN",0.156307475796537,85,85
"PSAP",2.91202609760556,40,85
"FGF",0.429352641251152,71,85
"GAP",0.49740145268035,67,85
"RELN",0.639504877621125,62,85
"VCAM",0.184675483961641,83,85
"NOTCH",0.191960571393631,82,85
"NGL",8.00198458426706,4,85
"SLIT",0.196640425030429,81,85
"THBS",1.48380975803633,49,85
"DHT",0.863376654830384,58,85
"ADGRG",5.50352987459204,16,85
"TULP",1.91171599151746,46,85
"ncWNT",4.93828201460471,24,85
"CD99",0.0272119401073069,89,85
"UNC5",5.19529912472855,21,85
"ACTIVIN",7.94099806875411,5,85
"ANGPTL",7.27883614659997,7,85
"AGRN",6.17245795133093,12,85
"CD46",5.2017149810431,20,85
"PTN",2.94023320811157,39,85
"PECAM2",0.537009499567974,64,85
"EDA",3.45309693266094,36,85
"Adenosine",2.37252026752951,44,85
"KIT",6.41544416623222,11,85
"FN1",1.66017695791685,48,85
"LIFR",7.61346988954236,6,85
"NT",5.24608601301363,19,85
"ApoA",5.90188668534795,13,85
"VISFATIN",5.10887145955569,22,85
"CD45",3.57851368975796,34,85
"RA",3.60402559763066,33,85
"VEGF",4.58001585717448,25,85
"NEGR",3.87595768061886,29,85
"NPNT",3.61814703389974,32,85
"SEMA4",4.28815731348678,27,85
"DHEA",5.03110657338586,23,85
"FLRT",1.41880288664456,52,85
"ADGRA",8.13366653638122,3,85
"HSPG",1.38613236033424,53,85
"Prostaglandin",3.80441800382594,30,85
"ANGPT",5.75882536221921,14,85
"PECAM1",2.74758714365562,41,85
"TGFb",0.283031008187602,79,85
"OCLN",3.73783251993687,31,85
"VWF",2.29646140514592,45,85
"DESMOSOME",1.83243175192768,47,85
"HGF",2.99241017341808,38,85
"ADGRB",0.349223860862394,75,85
"CD200",1.47789155360714,50,85
"IL1",2.71909082965221,42,85
"CDH5",0.104576721815092,87,85
"CD6",1.47157887760285,51,85
"LAMININ",0.178105032063785,88,86
"ADGRL",0.652536669306697,62,86
"CADM",17.0305569867392,4,86
"PTPRM",6.91768379743767,10,86
"COLLAGEN",0.221806172027166,82,86
"NRG",0.797809176178274,58,86
"JAM",19.1391209620617,1,86
"CDH",5.44720483101271,21,86
"Testosterone",5.58702760754502,19,86
"Cholesterol",0.354379695814989,75,86
"BMP",3.27370994829699,39,86
"NRXN",3.04485173738069,42,86
"NCAM",6.40732311308878,12,86
"Glutamate",4.26255292185439,27,86
"APP",4.25261198015799,28,86
"Estradiol",0.253901133822031,79,86
"SEMA3",6.55150756988228,11,86
"MPZ",0.367140875463425,72,86
"IGF",0.428678971829664,69,86
"PROS",0.713964611975301,59,86
"TENASCIN",0.228801257920715,81,86
"PCDH",1.49698725542826,50,86
"PTPR",0.416410969011999,70,86
"EPHA",0.541620726299468,65,86
"CD39",0.703632926600844,60,86
"Androstenedione",0.190102925584917,85,86
"NECTIN",0.180021879072918,87,86
"EPHB",0.359628651169483,73,86
"SEMA5",0.443705172919119,68,86
"EGF",2.46067363106331,45,86
"GAS",1.00617108745827,55,86
"Netrin",6.16405482024869,13,86
"CNTN",0.931208371549857,57,86
"SEMA7",0.379590207936977,71,86
"PDGF",0.686431704274144,61,86
"SEMA6",0.33772550712498,76,86
"CLDN",0.229530261565355,80,86
"PSAP",3.10413439527055,41,86
"FGF",0.48378955542789,66,86
"GAP",0.559614975591951,64,86
"RELN",0.575022146160836,63,86
"VCAM",0.357200251838189,74,86
"NOTCH",0.16633558752606,89,86
"NGL",8.60031383868651,8,86
"SLIT",0.198012006053401,84,86
"THBS",1.77138695907564,48,86
"DHT",0.949530379157146,56,86
"ADGRG",5.56146829836324,20,86
"TULP",1.75993836114446,49,86
"ncWNT",5.76470623297496,17,86
"CD99",0.210241680280625,83,86
"UNC5",5.82069784114429,16,86
"ACTIVIN",17.8301344955046,2,86
"ANGPTL",16.8897441840801,5,86
"AGRN",15.4472664106667,7,86
"CD46",5.86522943109056,15,86
"PTN",2.39752678133314,46,86
"PECAM2",0.469601807268897,67,86
"EDA",3.47218718658514,35,86
"Adenosine",2.13011475407244,47,86
"KIT",6.06016986644061,14,86
"FN1",1.30046102686054,54,86
"LIFR",17.1309591007046,3,86
"NT",5.13920621971394,22,86
"ApoA",16.0622312301679,6,86
"VISFATIN",4.85138763034546,25,86
"CD45",3.80164189109546,32,86
"RA",3.80138132598548,33,86
"VEGF",4.88524225215261,24,86
"NEGR",4.2408768011653,29,86
"NPNT",3.49763098302899,34,86
"SEMA4",4.31826971869293,26,86
"DHEA",5.07046125446655,23,86
"FLRT",1.49507149060774,51,86
"ADGRA",8.23387538349672,9,86
"HSPG",1.36821431182712,52,86
"Prostaglandin",3.42660808093783,36,86
"ANGPT",5.7288019868942,18,86
"PECAM1",3.87969680421279,31,86
"TGFb",0.333244604263755,77,86
"OCLN",3.40850668294723,37,86
"VWF",3.88238794359804,30,86
"DESMOSOME",2.66883836210491,43,86
"HGF",3.39957349121677,38,86
"ADGRB",0.330493922695878,78,86
"CD200",1.33422407964496,53,86
"IL1",3.18131701053767,40,86
"CDH5",0.187419885855053,86,86
"CD6",2.63803069365046,44,86
"LAMININ",0.275616734193796,76,87
"ADGRL",0.811931965349475,60,87
"CADM",7.93387342880327,7,87
"PTPRM",6.67870458040445,14,87
"COLLAGEN",0.215466013356526,83,87
"NRG",0.854799323855263,58,87
"JAM",8.92563476197846,4,87
"CDH",7.8124759236095,8,87
"Testosterone",5.61823443121318,20,87
"Cholesterol",0.695827578700948,64,87
"BMP",3.32004401484147,39,87
"NRXN",5.27762658249018,22,87
"NCAM",6.28677809460685,15,87
"Glutamate",6.76905046133102,12,87
"APP",4.3761024776482,29,87
"Estradiol",0.260869112311855,78,87
"SEMA3",9.41116013012648,2,87
"MPZ",0.193957671310388,85,87
"IGF",0.303291882960557,75,87
"PROS",0.755901189668868,63,87
"TENASCIN",0.194323584418315,84,87
"PCDH",1.1952783072198,54,87
"PTPR",0.264358991953476,77,87
"EPHA",0.598676187492831,65,87
"CD39",0.890941446643163,56,87
"Androstenedione",0.258149157744148,80,87
"NECTIN",0.26056746195851,79,87
"EPHB",0.563323888772143,66,87
"SEMA5",0.466044318051728,70,87
"EGF",2.11988354563313,46,87
"GAS",0.805010734611407,61,87
"Netrin",9.12507471762549,3,87
"CNTN",0.821077909650992,59,87
"SEMA7",0.523602207898319,68,87
"PDGF",0.550105536047639,67,87
"SEMA6",0.444318840949396,71,87
"CLDN",0.342647107558986,74,87
"PSAP",2.95669658952427,41,87
"FGF",0.380764426408173,73,87
"GAP",0.498252681043866,69,87
"RELN",0.792332569916774,62,87
"VCAM",0.218013289029773,82,87
"NOTCH",0.257001651027653,81,87
"NGL",10.5170468082307,1,87
"SLIT",0.0972958062325925,88,87
"THBS",1.66949392674204,49,87
"DHT",1.03628479930182,55,87
"ADGRG",5.74848665170013,17,87
"TULP",1.4795100613601,50,87
"ncWNT",5.59375143623375,21,87
"CD99",0.0330540206279638,89,87
"UNC5",8.87333769994644,5,87
"ACTIVIN",7.5803027832178,9,87
"ANGPTL",6.71965214793701,13,87
"AGRN",5.728068141556,18,87
"CD46",8.79451798652932,6,87
"PTN",2.54021381169937,43,87
"PECAM2",0.397255288556609,72,87
"EDA",3.41740694458548,38,87
"Adenosine",2.18710158362186,45,87
"KIT",5.9447252344869,16,87
"FN1",1.35021090406679,51,87
"LIFR",7.0717367587467,11,87
"NT",5.03036713831222,24,87
"ApoA",5.10608226616167,23,87
"VISFATIN",4.50941960900674,26,87
"CD45",3.78048282626638,32,87
"RA",3.66727665256395,33,87
"VEGF",4.58678165082424,25,87
"NEGR",3.85213038737801,31,87
"NPNT",3.45980453378512,35,87
"SEMA4",4.39825752591451,28,87
"DHEA",4.42745333384741,27,87
"FLRT",1.74499217017203,48,87
"ADGRA",7.36001830819535,10,87
"HSPG",1.29349032826054,52,87
"Prostaglandin",3.91697504446062,30,87
"ANGPT",5.69580569151705,19,87
"PECAM1",3.42882260011744,36,87
"TGFb",0.130815233421361,87,87
"OCLN",3.57290375505909,34,87
"VWF",3.4250927822677,37,87
"DESMOSOME",2.31644332171529,44,87
"HGF",3.18176402562182,40,87
"ADGRB",0.888443506690943,57,87
"CD200",1.24084672169225,53,87
"IL1",2.86867770488142,42,87
"CDH5",0.181080705899305,86,87
"CD6",1.90189835924768,47,87
"LAMININ",0.399193332241945,72,88
"ADGRL",0.986902832851545,57,88
"CADM",8.41447620506016,3,88
"PTPRM",6.64472911342305,12,88
"COLLAGEN",0.181503637706615,85,88
"NRG",1.03394298300897,56,88
"JAM",9.94270531637096,1,88
"CDH",6.58587197007466,13,88
"Testosterone",5.49044929410553,21,88
"Cholesterol",0.54844928649524,66,88
"BMP",3.02754960284258,41,88
"NRXN",4.55894991661861,26,88
"NCAM",6.36402688660845,14,88
"Glutamate",5.64319903307617,19,88
"APP",3.86038553615411,30,88
"Estradiol",0.213222216101262,82,88
"SEMA3",8.38374252395658,5,88
"MPZ",0.269202463406312,80,88
"IGF",0.528173072769112,67,88
"PROS",0.698845445654881,63,88
"TENASCIN",0.41068224940684,71,88
"PCDH",1.32664015847037,55,88
"PTPR",0.293039739180325,77,88
"EPHA",0.720783978694971,62,88
"CD39",0.638543901824328,64,88
"Androstenedione",0.101627183857166,88,88
"NECTIN",0.196568792326048,84,88
"EPHB",0.386584493892399,73,88
"SEMA5",0.611203729199159,65,88
"EGF",2.53828054688411,43,88
"GAS",0.776915177312568,61,88
"Netrin",8.15738041108935,8,88
"CNTN",0.893529296263393,58,88
"SEMA7",0.467711314455932,70,88
"PDGF",0.777406587466697,60,88
"SEMA6",0.328836730872537,74,88
"CLDN",0.147689895949347,86,88
"PSAP",3.06290499404834,40,88
"FGF",0.313789485107681,76,88
"GAP",0.525617495307698,68,88
"RELN",0.520042399310752,69,88
"VCAM",0.2147607582368,81,88
"NOTCH",0.283082773796625,79,88
"NGL",9.3148180288244,2,88
"SLIT",0.070437788506454,89,88
"THBS",1.78796969993181,48,88
"DHT",1.34709890703859,53,88
"ADGRG",5.67278324315558,18,88
"TULP",1.70482255925286,49,88
"ncWNT",5.10802540980291,24,88
"CD99",0.19875434281713,83,88
"UNC5",8.22987321007025,6,88
"ACTIVIN",8.41421190553382,4,88
"ANGPTL",8.05082409413752,10,88
"AGRN",5.62632043227087,20,88
"CD46",8.22367531284584,7,88
"PTN",2.52352513253396,44,88
"PECAM2",0.314886181764611,75,88
"EDA",3.25726081987747,37,88
"Adenosine",2.24954317989138,45,88
"KIT",6.10503828606772,15,88
"FN1",1.39849373790703,51,88
"LIFR",8.03705512522426,11,88
"NT",5.2694373265439,23,88
"ApoA",5.87399998178125,17,88
"VISFATIN",5.3697567523836,22,88
"CD45",3.72544849941972,31,88
"RA",3.55323395542249,34,88
"VEGF",4.63433826300461,25,88
"NEGR",3.51628341147647,35,88
"NPNT",3.5870263286798,32,88
"SEMA4",4.50401431753282,28,88
"DHEA",4.54075763270517,27,88
"FLRT",1.51335094977926,50,88
"ADGRA",8.12325655784716,9,88
"HSPG",1.34872749266164,52,88
"Prostaglandin",3.86732771783848,29,88
"ANGPT",5.97871723708543,16,88
"PECAM1",3.55672399616726,33,88
"TGFb",0.287333633464967,78,88
"OCLN",3.30638808179573,36,88
"VWF",3.24003748304191,38,88
"DESMOSOME",2.1713196900615,46,88
"HGF",2.80531459877276,42,88
"ADGRB",0.823694987024925,59,88
"CD200",1.34587242247743,54,88
"IL1",3.10390424387692,39,88
"CDH5",0.113037957415609,87,88
"CD6",2.05104443731256,47,88
"LAMININ",0.213127830485293,82,89
"ADGRL",1.24843464020105,53,89
"CADM",14.3468061466405,7,89
"PTPRM",6.67792847527583,10,89
"COLLAGEN",0.171030484220034,85,89
"NRG",0.791298165018405,60,89
"JAM",17.0272598640042,1,89
"CDH",4.5862718636466,24,89
"Testosterone",5.69605187961271,16,89
"Cholesterol",0.401922549620333,74,89
"BMP",2.91458494382409,37,89
"NRXN",2.35733886793954,43,89
"NCAM",6.6267313380007,11,89
"Glutamate",3.02089326221071,36,89
"APP",4.28242735661312,26,89
"Estradiol",0.493158795450663,66,89
"SEMA3",5.80124081148642,15,89
"MPZ",0.25824126364894,80,89
"IGF",0.420804256483229,72,89
"PROS",0.466840231909614,68,89
"TENASCIN",0.255702781305774,81,89
"PCDH",1.12228649043661,56,89
"PTPR",0.560107836797045,65,89
"EPHA",0.462689735580383,70,89
"CD39",1.05630148172118,58,89
"Androstenedione",0.0526463231862144,88,89
"NECTIN",0.327880561971936,78,89
"EPHB",0.424778760030756,71,89
"SEMA5",0.402132549163322,73,89
"EGF",2.20983386922159,44,89
"GAS",0.708622770656038,61,89
"Netrin",5.89950271663623,14,89
"CNTN",0.864726702235819,59,89
"SEMA7",0.341121541421325,77,89
"PDGF",2.0717810634081,47,89
"SEMA6",0.464592203701563,69,89
"CLDN",0.28240280178971,79,89
"PSAP",2.82106288968745,38,89
"FGF",0.389316913133125,75,89
"GAP",0.482869694790095,67,89
"RELN",0.644125195811667,63,89
"VCAM",0.347538210589215,76,89
"NOTCH",0.198816324390955,84,89
"NGL",7.03419741259349,9,89
"SLIT",0.11734391991259,86,89
"THBS",1.47820771252804,50,89
"DHT",1.06152205543433,57,89
"ADGRG",6.22822194431186,13,89
"TULP",1.67401620728328,48,89
"ncWNT",5.27786145420068,20,89
"CD99",0.201929372592604,83,89
"UNC5",5.40027361294084,17,89
"ACTIVIN",15.433233639731,4,89
"ANGPTL",14.6691862006887,6,89
"AGRN",16.7110491777467,2,89
"CD46",5.38835996830461,18,89
"PTN",2.52381695392561,41,89
"PECAM2",0.588564010656613,64,89
"EDA",3.43282503647891,32,89
"Adenosine",2.15841631326402,46,89
"KIT",6.36724680843313,12,89
"FN1",1.32040876462893,52,89
"LIFR",15.1921058552752,5,89
"NT",5.13856970360972,21,89
"ApoA",16.0889676263111,3,89
"VISFATIN",4.32116188498874,25,89
"CD45",3.44783077718364,31,89
"RA",3.86754259214234,29,89
"VEGF",4.70423560804779,23,89
"NEGR",4.10895637874606,28,89
"NPNT",3.27994637716288,33,89
"SEMA4",4.12592275113403,27,89
"DHEA",4.78984661785472,22,89
"FLRT",1.57887172668917,49,89
"ADGRA",7.08617408360925,8,89
"HSPG",1.32859765703656,51,89
"Prostaglandin",3.27740479027211,34,89
"ANGPT",5.35582677133285,19,89
"PECAM1",2.4772899730713,42,89
"TGFb",0.109241695186888,87,89
"OCLN",3.49627128412828,30,89
"VWF",2.5305192919081,40,89
"DESMOSOME",2.16110001612309,45,89
"HGF",3.27723957441442,35,89
"ADGRB",0.661751092657905,62,89
"CD200",1.21467132930678,55,89
"IL1",2.64238574536248,39,89
"CDH5",0.0121311248506678,89,89
"CD6",1.23297559994992,54,89
"LAMININ",0.231332448590969,81,90
"ADGRL",1.10632804231184,54,90
"CADM",11.3795001028106,1,90
"PTPRM",6.63517032198132,14,90
"COLLAGEN",0.2501142128944,80,90
"NRG",1.03040180611535,56,90
"JAM",10.3714889145824,3,90
"CDH",7.90717772628023,12,90
"Testosterone",4.8103160179372,25,90
"Cholesterol",0.500937104982868,65,90
"BMP",3.50121618943897,38,90
"NRXN",5.16689395157881,21,90
"NCAM",5.70868921290709,18,90
"Glutamate",6.67309076132556,13,90
"APP",4.23841938706932,29,90
"Estradiol",0.358828455781481,72,90
"SEMA3",8.64583285748848,9,90
"MPZ",0.0807897435709107,88,90
"IGF",0.284913717308065,77,90
"PROS",0.536427913290146,63,90
"TENASCIN",0.131133975133219,85,90
"PCDH",1.4008500791026,51,90
"PTPR",0.491312307034351,66,90
"EPHA",0.202743671231561,83,90
"CD39",0.863596320641974,60,90
"Androstenedione",0.274788041135765,78,90
"NECTIN",0.251052777644757,79,90
"EPHB",0.289291046501848,76,90
"SEMA5",0.417807620278892,70,90
"EGF",2.30653252661949,46,90
"GAS",0.913013500849427,58,90
"Netrin",8.95590222269604,6,90
"CNTN",0.760979057867955,61,90
"SEMA7",0.530897776704339,64,90
"PDGF",0.46412609278534,67,90
"SEMA6",0.320092710774515,75,90
"CLDN",0.166968393551185,84,90
"PSAP",3.36459446759577,39,90
"FGF",0.34206053230289,73,90
"GAP",0.448179820602998,68,90
"RELN",0.682827585769154,62,90
"VCAM",0.115022433686037,87,90
"NOTCH",0.0409443511247223,89,90
"NGL",10.9012009053838,2,90
"SLIT",0.337569146626249,74,90
"THBS",1.59520332272942,50,90
"DHT",1.04512999674168,55,90
"ADGRG",5.7291485616922,16,90
"TULP",1.91875882862871,47,90
"ncWNT",5.47284902639934,20,90
"CD99",0.20438322544333,82,90
"UNC5",8.77843435763572,8,90
"ACTIVIN",9.57610362280864,5,90
"ANGPTL",8.92517089820321,7,90
"AGRN",5.06063295335011,22,90
"CD46",8.24886917039359,10,90
"PTN",3.01017892233432,43,90
"PECAM2",0.441909501116471,69,90
"EDA",3.6128641492534,35,90
"Adenosine",1.67399658602747,49,90
"KIT",5.84143735739901,15,90
"FN1",1.35326173823526,52,90
"LIFR",9.9296224094917,4,90
"NT",5.04364284823949,23,90
"ApoA",5.71466729078986,17,90
"VISFATIN",4.87673971578942,24,90
"CD45",3.77721873819363,32,90
"RA",3.59198439789683,37,90
"VEGF",4.7939733152404,27,90
"NEGR",4.14417946803716,30,90
"NPNT",3.68716435886359,33,90
"SEMA4",4.24653840826949,28,90
"DHEA",4.80191125756309,26,90
"FLRT",1.84477604587929,48,90
"ADGRA",7.94864140422875,11,90
"HSPG",1.34370672086959,53,90
"Prostaglandin",3.6564033992966,34,90
"ANGPT",5.62310146968889,19,90
"PECAM1",3.87484516926005,31,90
"TGFb",0.376599141319213,71,90
"OCLN",3.03119436431994,42,90
"VWF",3.60677848280946,36,90
"DESMOSOME",2.35652190383985,45,90
"HGF",3.34377667270104,40,90
"ADGRB",0.899586967648034,59,90
"CD200",0.932620069010063,57,90
"IL1",3.09731060858725,41,90
"CDH5",0.120190443548788,86,90
"CD6",2.35811138315519,44,90
"LAMININ",0.299476073921988,75,91
"ADGRL",1.08004294818195,56,91
"CADM",12.0510883434754,7,91
"PTPRM",6.80938679577187,13,91
"COLLAGEN",0.210782213258159,79,91
"NRG",0.928396054628425,58,91
"JAM",13.3926592778816,3,91
"CDH",6.15023069690976,18,91
"Testosterone",5.25437351134137,22,91
"Cholesterol",0.595899036806109,65,91
"BMP",3.13845211189413,39,91
"NRXN",4.27582746166965,28,91
"NCAM",6.92205828828517,12,91
"Glutamate",5.06230331172903,24,91
"APP",4.65224932509983,25,91
"Estradiol",0.231143668947214,77,91
"SEMA3",7.18088035211318,11,91
"MPZ",0.194042915595729,81,91
"IGF",0.40828732095158,69,91
"PROS",0.752268417205411,61,91
"TENASCIN",0.230677260995488,78,91
"PCDH",1.21023573230706,53,91
"PTPR",0.365155581161985,72,91
"EPHA",0.384152959877288,70,91
"CD39",0.701401491901228,62,91
"Androstenedione",0.231466984783117,76,91
"NECTIN",0.148598068316224,85,91
"EPHB",0.383572643062065,71,91
"SEMA5",0.525485039071946,67,91
"EGF",2.09635859056899,46,91
"GAS",0.681590753274922,63,91
"Netrin",7.57432716056611,10,91
"CNTN",0.939342727485752,57,91
"SEMA7",0.433798181099809,68,91
"PDGF",0.77479586167783,60,91
"SEMA6",0.324685600318955,73,91
"CLDN",0.127605990316777,87,91
"PSAP",2.90721723758396,42,91
"FGF",0.311726968759921,74,91
"GAP",0.176451001344167,83,91
"RELN",0.595908984920777,64,91
"VCAM",0.153502730946216,84,91
"NOTCH",0.0363900654900049,89,91
"NGL",7.8125684869658,9,91
"SLIT",0.100303295568154,88,91
"THBS",1.85982850272725,47,91
"DHT",1.20039077699155,54,91
"ADGRG",6.62287206143323,16,91
"TULP",1.84361487616418,48,91
"ncWNT",5.83852747338856,19,91
"CD99",0.146075868998525,86,91
"UNC5",6.76631540924132,14,91
"ACTIVIN",12.7565238395805,6,91
"ANGPTL",12.7793061376401,5,91
"AGRN",13.8763775816462,1,91
"CD46",6.68392369675189,15,91
"PTN",2.61478793719257,43,91
"PECAM2",0.541431973699387,66,91
"EDA",3.80619310893793,32,91
"Adenosine",1.63903743858906,50,91
"KIT",6.3031313963123,17,91
"FN1",1.33753364318433,51,91
"LIFR",12.8735521815146,4,91
"NT",5.73337325554671,20,91
"ApoA",13.5033003666915,2,91
"VISFATIN",4.55262351929922,27,91
"CD45",3.68188682957445,34,91
"RA",4.15898486868416,29,91
"VEGF",5.14264596755273,23,91
"NEGR",3.91573457740154,31,91
"NPNT",3.50845279119329,35,91
"SEMA4",4.02663285498644,30,91
"DHEA",4.59749958571353,26,91
"FLRT",1.710360192682,49,91
"ADGRA",8.00557771068261,8,91
"HSPG",1.08277801760665,55,91
"Prostaglandin",3.79776680218453,33,91
"ANGPT",5.31173430395155,21,91
"PECAM1",3.20770170574872,36,91
"TGFb",0.207846913357336,80,91
"OCLN",3.19046009483235,37,91
"VWF",3.15016036053612,38,91
"DESMOSOME",2.32841802147688,45,91
"HGF",2.98517777704277,41,91
"ADGRB",0.903416071289036,59,91
"CD200",1.22853077791291,52,91
"IL1",3.08140668534655,40,91
"CDH5",0.185571567268604,82,91
"CD6",2.45889461504358,44,91
"LAMININ",0.271366248665824,79,92
"ADGRL",1.18090668826336,53,92
"CADM",16.631165928264,1,92
"PTPRM",6.36837966055712,12,92
"COLLAGEN",0.103353722724835,87,92
"NRG",0.959512246945599,56,92
"JAM",15.916496562637,2,92
"CDH",6.06837054912146,15,92
"Testosterone",5.19786449423786,19,92
"Cholesterol",0.596134039564105,65,92
"BMP",3.32465251173018,39,92
"NRXN",3.37872286599999,36,92
"NCAM",5.84749299284321,16,92
"Glutamate",4.98403709829061,22,92
"APP",3.76378320058299,29,92
"Estradiol",0.34574196556217,77,92
"SEMA3",6.80687158131707,10,92
"MPZ",0.231124495006812,82,92
"IGF",0.397169681117808,74,92
"PROS",0.642329416089669,63,92
"TENASCIN",0.505677777995041,68,92
"PCDH",1.12404863521924,54,92
"PTPR",0.377450209851978,76,92
"EPHA",0.52974594109017,67,92
"CD39",0.898438981801491,57,92
"Androstenedione",0.232095976565135,81,92
"NECTIN",0.116043509978394,85,92
"EPHB",0.472306841391176,69,92
"SEMA5",0.446346508907381,72,92
"EGF",1.88190096506158,46,92
"GAS",0.785491329817942,60,92
"Netrin",6.65612337727798,11,92
"CNTN",0.862490281424393,59,92
"SEMA7",0.253258300789417,80,92
"PDGF",0.727245107934659,62,92
"SEMA6",0.382130686139228,75,92
"CLDN",0.111166531028626,86,92
"PSAP",2.64518436303823,43,92
"FGF",0.455262753665187,71,92
"GAP",0.458607329508493,70,92
"RELN",0.576715835271674,66,92
"VCAM",0.208925567518751,84,92
"NOTCH",0.0515040004737903,89,92
"NGL",9.16384044825553,7,92
"SLIT",0.4094822112861,73,92
"THBS",1.49447490713741,50,92
"DHT",0.866293424373874,58,92
"ADGRG",5.09361961730338,21,92
"TULP",1.65854884190997,49,92
"ncWNT",5.474807424183,17,92
"CD99",0.211651503008978,83,92
"UNC5",6.28707070622025,13,92
"ACTIVIN",14.7637412403542,4,92
"ANGPTL",14.5470760192051,5,92
"AGRN",9.05085542007521,8,92
"CD46",6.15778220612299,14,92
"PTN",2.99449915430457,41,92
"PECAM2",0.598256571372707,64,92
"EDA",3.34656479144576,37,92
"Adenosine",1.76999606630177,47,92
"KIT",5.3557306919341,18,92
"FN1",1.28181712961865,51,92
"LIFR",15.4653297690898,3,92
"NT",4.90722553791253,24,92
"ApoA",9.74212567265707,6,92
"VISFATIN",4.41584666689756,25,92
"CD45",3.56682082930294,31,92
"RA",3.38016595258688,35,92
"VEGF",4.35726023312208,27,92
"NEGR",4.38286135823302,26,92
"NPNT",3.58524353419416,30,92
"SEMA4",4.22120599382817,28,92
"DHEA",4.96979100996464,23,92
"FLRT",1.67723193072723,48,92
"ADGRA",7.76417982043138,9,92
"HSPG",1.26535353834277,52,92
"Prostaglandin",3.40939273745608,34,92
"ANGPT",5.16557138064512,20,92
"PECAM1",3.55701771727537,32,92
"TGFb",0.305007685744898,78,92
"OCLN",3.21586945093698,40,92
"VWF",3.4217624304194,33,92
"DESMOSOME",2.53061801941928,44,92
"HGF",3.32584067015277,38,92
"ADGRB",0.738848460633438,61,92
"CD200",1.04635153392293,55,92
"IL1",2.91939937323084,42,92
"CDH5",0.0855598322030208,88,92
"CD6",2.15158048505623,45,92
"LAMININ",0.36684213515129,71,93
"ADGRL",0.870544111969768,56,93
"CADM",8.35308267608379,2,93
"PTPRM",6.73720170956213,9,93
"COLLAGEN",0.0808672962271361,88,93
"NRG",0.728234304759184,57,93
"JAM",7.12731599955598,6,93
"CDH",6.25764418374073,12,93
"Testosterone",5.90500191412533,16,93
"Cholesterol",0.398103260094466,69,93
"BMP",3.31310411818318,38,93
"NRXN",3.50204464093965,35,93
"NCAM",5.67502892404722,20,93
"Glutamate",5.11157394124873,22,93
"APP",3.72170458919122,33,93
"Estradiol",0.230110928988376,81,93
"SEMA3",7.13577431360897,5,93
"MPZ",0.257222859772508,80,93
"IGF",0.398456446653607,68,93
"PROS",0.670408037264801,60,93
"TENASCIN",0.272680841314843,79,93
"PCDH",0.999515303255572,53,93
"PTPR",0.319000598839548,76,93
"EPHA",0.714041991080052,58,93
"CD39",0.509000367543689,65,93
"Androstenedione",0.159782204770478,83,93
"NECTIN",0.0890565035593968,86,93
"EPHB",0.355408108457615,73,93
"SEMA5",0.500825319603389,66,93
"EGF",2.56479493640115,44,93
"GAS",0.690517505346848,59,93
"Netrin",7.38868986028818,4,93
"CNTN",0.583867807150279,62,93
"SEMA7",0.361203156956489,72,93
"PDGF",0.38963699483798,70,93
"SEMA6",0.346104322395405,75,93
"CLDN",0.127784612949854,84,93
"PSAP",2.84749256050779,41,93
"FGF",0.351407345206756,74,93
"GAP",0.570814828417318,63,93
"RELN",0.631231197592533,61,93
"VCAM",0.303481788770491,78,93
"NOTCH",0.082026519045724,87,93
"NGL",9.19380247530666,1,93
"SLIT",0.0467905288813475,89,93
"THBS",1.41775479185023,49,93
"DHT",0.989106158547221,54,93
"ADGRG",5.24690184475865,21,93
"TULP",1.80036170087666,47,93
"ncWNT",5.72468320622993,18,93
"CD99",0.105591362206264,85,93
"UNC5",6.77720566717905,8,93
"ACTIVIN",6.39917874486794,11,93
"ANGPTL",6.4508263256266,10,93
"AGRN",5.7223866310343,19,93
"CD46",6.79128404071416,7,93
"PTN",2.87428277256317,40,93
"PECAM2",0.550132204680293,64,93
"EDA",3.48457758447164,36,93
"Adenosine",2.08747430676022,46,93
"KIT",5.92994096134511,15,93
"FN1",1.46803134414411,48,93
"LIFR",6.22740397262842,13,93
"NT",4.78696065902791,25,93
"ApoA",5.7338728172829,17,93
"VISFATIN",4.91151571215942,23,93
"CD45",3.37635240528284,37,93
"RA",3.7563413484922,32,93
"VEGF",4.42774533336138,29,93
"NEGR",4.68461014468326,26,93
"NPNT",4.62772737160884,27,93
"SEMA4",4.50683893063642,28,93
"DHEA",4.87854321302214,24,93
"FLRT",1.29985089707893,51,93
"ADGRA",7.66859711964866,3,93
"HSPG",0.969068268340208,55,93
"Prostaglandin",4.14575572642842,30,93
"ANGPT",6.09992366153037,14,93
"PECAM1",2.68487683330875,42,93
"TGFb",0.317488864101622,77,93
"OCLN",3.95268863522771,31,93
"VWF",2.88492067348099,39,93
"DESMOSOME",2.11209171650004,45,93
"HGF",3.62225176584442,34,93
"ADGRB",0.474291432754154,67,93
"CD200",1.23828909006274,52,93
"IL1",2.68101858393885,43,93
"CDH5",0.226798916553663,82,93
"CD6",1.37146084807896,50,93
"LAMININ",0.209652275538737,84,94
"ADGRL",0.806268406757825,59,94
"CADM",13.0361155046664,5,94
"PTPRM",7.5372164603894,10,94
"COLLAGEN",0.141018679586297,88,94
"NRG",0.86007418135029,58,94
"JAM",14.2864574881861,2,94
"CDH",5.75859419782579,21,94
"Testosterone",6.53586475483183,15,94
"Cholesterol",0.643065627120949,64,94
"BMP",3.1069825204975,39,94
"NRXN",3.58497749103221,35,94
"NCAM",7.02616067673121,11,94
"Glutamate",4.67774409309125,27,94
"APP",4.47235696911712,28,94
"Estradiol",0.236439132885074,80,94
"SEMA3",6.96465886427023,12,94
"MPZ",0.19935718150387,85,94
"IGF",0.483239061106278,70,94
"PROS",0.895506017724454,56,94
"TENASCIN",0.212526923439526,83,94
"PCDH",1.26421806355356,52,94
"PTPR",0.28571001671999,78,94
"EPHA",0.631300984814846,65,94
"CD39",0.881996021954406,57,94
"Androstenedione",0.160513014579933,87,94
"NECTIN",0.16729655798282,86,94
"EPHB",0.422173395140765,74,94
"SEMA5",0.409650688316325,76,94
"EGF",2.6533327177239,43,94
"GAS",0.756343925965312,61,94
"Netrin",6.94118457489534,13,94
"CNTN",0.79925231801108,60,94
"SEMA7",0.571337546968825,67,94
"PDGF",0.670872275865675,62,94
"SEMA6",0.410970315644625,75,94
"CLDN",0.138390364662605,89,94
"PSAP",3.05687770707914,40,94
"FGF",0.519660369201162,68,94
"GAP",0.455131110698965,71,94
"RELN",0.649945760107241,63,94
"VCAM",0.21728827449665,81,94
"NOTCH",0.451117110310514,72,94
"NGL",8.82980426198806,8,94
"SLIT",0.216733620517181,82,94
"THBS",1.53693706462023,49,94
"DHT",1.12533401950817,53,94
"ADGRG",6.49632274999299,16,94
"TULP",2.01653765922654,47,94
"ncWNT",5.90494290369782,20,94
"CD99",0.322451491364906,77,94
"UNC5",6.24467431920365,17,94
"ACTIVIN",13.4153589117679,4,94
"ANGPTL",12.8804857452769,7,94
"AGRN",14.930828356248,1,94
"CD46",6.12119393702665,18,94
"PTN",2.77816294012783,42,94
"PECAM2",0.612116118686496,66,94
"EDA",3.31247903856363,36,94
"Adenosine",2.14070288524298,46,94
"KIT",6.80240358876646,14,94
"FN1",1.29820127591104,51,94
"LIFR",12.8934665226734,6,94
"NT",5.04922834984336,24,94
"ApoA",13.8692898123422,3,94
"VISFATIN",5.25933243492815,22,94
"CD45",3.7090528824199,33,94
"RA",4.2520296189421,29,94
"VEGF",4.8294112715607,26,94
"NEGR",4.20882221912903,30,94
"NPNT",3.60122530435241,34,94
"SEMA4",5.10750293677886,23,94
"DHEA",4.90991114542475,25,94
"FLRT",1.5833849927543,48,94
"ADGRA",8.17616493779633,9,94
"HSPG",1.01250547776623,54,94
"Prostaglandin",3.87612762448935,32,94
"ANGPT",6.10165874665313,19,94
"PECAM1",2.61558611496966,44,94
"TGFb",0.439236403652189,73,94
"OCLN",3.95243631412153,31,94
"VWF",2.92193366021288,41,94
"DESMOSOME",2.38069466658508,45,94
"HGF",3.24118447357452,37,94
"ADGRB",0.511523900327401,69,94
"CD200",0.999578673220214,55,94
"IL1",3.15077312204656,38,94
"CDH5",0.254586589273029,79,94
"CD6",1.49216215881817,50,94
"LAMININ",0.131056732485243,87,95
"ADGRL",0.988566324450932,56,95
"CADM",12.4029533990982,1,95
"PTPRM",5.83101062231369,12,95
"COLLAGEN",0.257271206568474,80,95
"NRG",0.753516966045794,59,95
"JAM",12.029103194795,2,95
"CDH",6.5124828781424,10,95
"Testosterone",6.01887169505761,11,95
"Cholesterol",0.62619246294474,63,95
"BMP",3.07335489138297,37,95
"NRXN",5.75459823881484,14,95
"NCAM",5.36813807111167,16,95
"Glutamate",5.82777281817568,13,95
"APP",3.73305220448534,29,95
"Estradiol",0.294074174920436,79,95
"SEMA3",4.94051420937551,20,95
"MPZ",0.157657661735493,85,95
"IGF",0.397010652945103,71,95
"PROS",0.6026766775171,64,95
"TENASCIN",0.390963654025755,72,95
"PCDH",1.11682072439781,54,95
"PTPR",0.381147878979009,74,95
"EPHA",0.411501339264439,69,95
"CD39",0.932856839789741,57,95
"Androstenedione",0.234953258444199,81,95
"NECTIN",0.304671371919015,78,95
"EPHB",0.357892796539884,76,95
"SEMA5",0.402316816375508,70,95
"EGF",2.10624427356856,45,95
"GAS",0.740919106658547,60,95
"Netrin",4.9573036664324,19,95
"CNTN",0.671787058327011,62,95
"SEMA7",0.477727825862736,66,95
"PDGF",0.558152619192601,65,95
"SEMA6",0.363781107199092,75,95
"CLDN",0.312643998283582,77,95
"PSAP",2.66812725409205,42,95
"FGF",0.161010537010616,84,95
"GAP",0.440702675967956,67,95
"RELN",0.690231854073049,61,95
"VCAM",0.103570552062644,88,95
"NOTCH",0.382239621515935,73,95
"NGL",6.86682330892737,9,95
"SLIT",0.155026537877721,86,95
"THBS",1.57782435566021,49,95
"DHT",1.06247922597729,55,95
"ADGRG",4.62268584261213,23,95
"TULP",1.76109955143529,47,95
"ncWNT",5.05113647186251,17,95
"CD99",0.167234462733432,83,95
"UNC5",4.30941247126029,25,95
"ACTIVIN",11.1239800010625,4,95
"ANGPTL",11.1319362579993,3,95
"AGRN",7.77404945088593,7,95
"CD46",4.2307308006846,28,95
"PTN",2.71715537929812,41,95
"PECAM2",0.417971159148659,68,95
"EDA",3.31084406550052,35,95
"Adenosine",1.95236662544366,46,95
"KIT",5.47471946410147,15,95
"FN1",1.38496588337472,51,95
"LIFR",10.8766506657527,5,95
"NT",4.77813467005292,21,95
"ApoA",8.36278000382381,6,95
"VISFATIN",4.65015427144352,22,95
"CD45",3.56346160966455,33,95
"RA",3.28831854948716,36,95
"VEGF",4.30975066376703,24,95
"NEGR",3.65369772357028,31,95
"NPNT",3.59651868274384,32,95
"SEMA4",4.23153881760909,27,95
"DHEA",4.27979031162428,26,95
"FLRT",1.73936334878749,48,95
"ADGRA",7.55698976198699,8,95
"HSPG",1.31639701298617,52,95
"Prostaglandin",3.38767522053515,34,95
"ANGPT",4.99599123190589,18,95
"PECAM1",2.84849212112981,40,95
"TGFb",0.174246204513365,82,95
"OCLN",3.70897334744622,30,95
"VWF",2.96687930451924,39,95
"DESMOSOME",2.58373682582459,43,95
"HGF",2.97616412838766,38,95
"ADGRB",0.770218155357819,58,95
"CD200",1.11713216924488,53,95
"IL1",2.56626994295744,44,95
"CDH5",0.0671386239843653,89,95
"CD6",1.50328864636575,50,95
"LAMININ",0.220360707104777,82,96
"ADGRL",0.753312149526654,63,96
"CADM",17.3101332020798,2,96
"PTPRM",6.85384542520285,14,96
"COLLAGEN",0.181662364117914,83,96
"NRG",0.979051835431393,56,96
"JAM",18.4926223535376,1,96
"CDH",6.80988490790084,15,96
"Testosterone",5.26627424677761,22,96
"Cholesterol",0.524720364535475,68,96
"BMP",3.26119820956568,38,96
"NRXN",3.98016447271898,29,96
"NCAM",5.82241240985315,17,96
"Glutamate",5.54759820385583,20,96
"APP",3.87649122738921,30,96
"Estradiol",0.266682194559932,79,96
"SEMA3",7.67818732774105,10,96
"MPZ",0.0787545221517214,89,96
"IGF",0.430273307445375,71,96
"PROS",0.654658154115424,64,96
"TENASCIN",0.338849990228854,76,96
"PCDH",1.24677403476144,54,96
"PTPR",0.424856360257512,72,96
"EPHA",0.831398353107166,60,96
"CD39",0.946169611683465,58,96
"Androstenedione",0.103838098290002,88,96
"NECTIN",0.410470685695983,73,96
"EPHB",0.27839799923775,78,96
"SEMA5",0.341146564856756,75,96
"EGF",1.95343915567116,48,96
"GAS",0.841056081486756,59,96
"Netrin",7.20411580024366,11,96
"CNTN",0.81023396956245,61,96
"SEMA7",0.542458628369294,67,96
"PDGF",2.34642518887198,46,96
"SEMA6",0.397442999020514,74,96
"CLDN",0.118768122689367,87,96
"PSAP",2.71944648938386,43,96
"FGF",0.444738370440215,70,96
"GAP",0.584992174966967,66,96
"RELN",0.589372095071004,65,96
"VCAM",0.12990995490072,85,96
"NOTCH",0.125834830822324,86,96
"NGL",9.91769248854449,8,96
"SLIT",0.281368309433438,77,96
"THBS",1.77272751965846,51,96
"DHT",0.96970792278501,57,96
"ADGRG",5.46221862680589,21,96
"TULP",1.89378591124426,49,96
"ncWNT",5.78565919236252,18,96
"CD99",0.151238374492571,84,96
"UNC5",6.91375725155711,13,96
"ACTIVIN",17.1133300692885,3,96
"ANGPTL",16.5188047902866,5,96
"AGRN",14.2279006732275,7,96
"CD46",6.92569306344141,12,96
"PTN",2.79231103324906,42,96
"PECAM2",0.480012595489784,69,96
"EDA",3.73669540670847,33,96
"Adenosine",1.97488352238606,47,96
"KIT",5.84043747350193,16,96
"FN1",1.2616877901357,52,96
"LIFR",16.701026989341,4,96
"NT",5.23648434769271,23,96
"ApoA",15.1742965109828,6,96
"VISFATIN",4.49256021969081,26,96
"CD45",3.86941806738086,31,96
"RA",3.59713016342247,36,96
"VEGF",4.66946987555334,25,96
"NEGR",4.24185866938389,27,96
"NPNT",3.83004566436977,32,96
"SEMA4",4.20146936621776,28,96
"DHEA",4.96720125980557,24,96
"FLRT",1.81929540287546,50,96
"ADGRA",7.9359807593515,9,96
"HSPG",1.25204898067114,53,96
"Prostaglandin",3.44343885857231,37,96
"ANGPT",5.57272804475439,19,96
"PECAM1",3.62033917602312,35,96
"TGFb",0.25062716384338,80,96
"OCLN",3.13380999095235,41,96
"VWF",3.71413175335783,34,96
"DESMOSOME",2.67081591667858,44,96
"HGF",3.26017594816444,39,96
"ADGRB",0.784465832395006,62,96
"CD200",1.08614236492891,55,96
"IL1",3.13563287725915,40,96
"CDH5",0.25032763808538,81,96
"CD6",2.42407467888832,45,96
"LAMININ",0.34132078362016,75,97
"ADGRL",1.09006530642017,54,97
"CADM",14.5307473306409,4,97
"PTPRM",6.35748605281826,17,97
"COLLAGEN",0.198605449469395,84,97
"NRG",0.879975613726913,59,97
"JAM",13.5965796362547,7,97
"CDH",13.3744921477928,8,97
"Testosterone",5.45830236836705,23,97
"Cholesterol",0.475760871209138,69,97
"BMP",2.97141922734322,39,97
"NRXN",11.402689400469,13,97
"NCAM",6.29954927589532,19,97
"Glutamate",12.0656945748578,12,97
"APP",4.50831651298947,27,97
"Estradiol",0.172414973084979,85,97
"SEMA3",14.9147577916289,2,97
"MPZ",0.0886455704872628,89,97
"IGF",0.463392076994896,70,97
"PROS",0.602460559310842,65,97
"TENASCIN",0.391477812107011,74,97
"PCDH",1.15446367845594,53,97
"PTPR",0.441861607835338,71,97
"EPHA",0.479649117558155,68,97
"CD39",0.90232880226571,58,97
"Androstenedione",0.0944968262799386,88,97
"NECTIN",0.275964249020491,79,97
"EPHB",0.248201264770341,80,97
"SEMA5",0.315513962503832,77,97
"EGF",2.25868229072014,44,97
"GAS",0.981532759888255,57,97
"Netrin",14.9207078521834,1,97
"CNTN",0.794340985572729,60,97
"SEMA7",0.245087650012233,82,97
"PDGF",0.771040863721857,61,97
"SEMA6",0.487190010153881,67,97
"CLDN",0.205142799695489,83,97
"PSAP",2.77888596294359,42,97
"FGF",0.715934337569114,62,97
"GAP",0.41984996354327,72,97
"RELN",0.703646406695154,63,97
"VCAM",0.143112701429203,87,97
"NOTCH",0.328164528128685,76,97
"NGL",14.867530106674,3,97
"SLIT",0.247771391985305,81,97
"THBS",1.34387287698489,50,97
"DHT",1.17262840065079,51,97
"ADGRG",5.93831676078072,20,97
"TULP",1.6114793564874,49,97
"ncWNT",5.155919499641,24,97
"CD99",0.293897371159893,78,97
"UNC5",14.4047334726899,5,97
"ACTIVIN",12.8099461734164,9,97
"ANGPTL",12.4968646208322,11,97
"AGRN",8.93704147265791,15,97
"CD46",14.2985595933845,6,97
"PTN",2.68509211005203,43,97
"PECAM2",0.498596541724784,66,97
"EDA",3.39427265349283,36,97
"Adenosine",1.63473679378335,48,97
"KIT",6.33171526503158,18,97
"FN1",1.17075232048464,52,97
"LIFR",12.5100760196581,10,97
"NT",5.5795614737474,22,97
"ApoA",9.83385451513083,14,97
"VISFATIN",5.01997399491541,25,97
"CD45",3.62424638217909,33,97
"RA",4.0904849676013,29,97
"VEGF",4.87043764441995,26,97
"NEGR",3.32922179715252,37,97
"NPNT",4.0320175774193,30,97
"SEMA4",4.48021872686724,28,97
"DHEA",3.95211613203102,31,97
"FLRT",1.63907878317911,47,97
"ADGRA",8.13148459517479,16,97
"HSPG",1.06657008710585,55,97
"Prostaglandin",3.66783798481545,32,97
"ANGPT",5.81739398442098,21,97
"PECAM1",3.48243755904093,35,97
"TGFb",0.398611158773048,73,97
"OCLN",3.50713194014847,34,97
"VWF",3.31666819778512,38,97
"DESMOSOME",2.08821595579706,46,97
"HGF",2.81928470300045,41,97
"ADGRB",0.606297862109712,64,97
"CD200",1.00866996424093,56,97
"IL1",2.89986359738444,40,97
"CDH5",0.151867358352027,86,97
"CD6",2.21422998481982,45,97
"LAMININ",0.170821363663799,85,98
"ADGRL",0.755190587825474,59,98
"CADM",9.55746699339916,10,98
"PTPRM",6.38734165829076,15,98
"COLLAGEN",0.138565945446592,86,98
"NRG",1.01196394776816,56,98
"JAM",11.0309488549552,9,98
"CDH",16.2172327384353,7,98
"Testosterone",5.35899563091511,21,98
"Cholesterol",0.568129351304471,65,98
"BMP",2.96755220811388,41,98
"NRXN",13.9589792870035,8,98
"NCAM",5.91551314431858,17,98
"Glutamate",16.4694836141099,6,98
"APP",4.04626490115935,29,98
"Estradiol",0.210060650432921,81,98
"SEMA3",17.1015955083739,4,98
"MPZ",0.283396315665123,78,98
"IGF",0.26392696673681,79,98
"PROS",0.514226953728001,67,98
"TENASCIN",0.246507565265922,80,98
"PCDH",1.02992483531259,55,98
"PTPR",0.410478654464641,70,98
"EPHA",0.569905504783079,64,98
"CD39",0.952051386182775,57,98
"Androstenedione",0.174936208339403,84,98
"NECTIN",0.288887993035309,77,98
"EPHB",0.454977304137474,69,98
"SEMA5",0.393757743642737,71,98
"EGF",2.11177972156971,45,98
"GAS",0.934208806059891,58,98
"Netrin",16.6030492234282,5,98
"CNTN",0.736713699153895,60,98
"SEMA7",0.372206666445416,72,98
"PDGF",0.614032798985927,63,98
"SEMA6",0.302069947806369,76,98
"CLDN",0.345675259051847,73,98
"PSAP",2.63002331977416,43,98
"FGF",0.102798501436461,87,98
"GAP",0.633325627988895,62,98
"RELN",0.727242384174148,61,98
"VCAM",0.198726438661438,83,98
"NOTCH",0.32155246101573,74,98
"NGL",19.8015977943228,1,98
"SLIT",0.0434430118596662,89,98
"THBS",1.47863859142337,50,98
"DHT",1.12281260909887,54,98
"ADGRG",5.45983291842484,20,98
"TULP",1.95690669761182,48,98
"ncWNT",5.35617241087542,22,98
"CD99",0.0922536650806645,88,98
"UNC5",17.1568190049888,3,98
"ACTIVIN",9.36112590712048,11,98
"ANGPTL",8.55434552678865,13,98
"AGRN",5.16049534225672,23,98
"CD46",17.4434761601404,2,98
"PTN",2.70112952989809,42,98
"PECAM2",0.50725658176785,68,98
"EDA",3.51507055286409,37,98
"Adenosine",2.03803371655145,47,98
"KIT",5.92432435649595,16,98
"FN1",1.50315429851565,49,98
"LIFR",8.86189822908546,12,98
"NT",5.13775486970527,24,98
"ApoA",5.90698531683557,18,98
"VISFATIN",4.64639788866357,26,98
"CD45",3.87725370073304,31,98
"RA",3.5995697168356,33,98
"VEGF",4.46821879758869,27,98
"NEGR",3.98677420473417,30,98
"NPNT",3.56855056328205,34,98
"SEMA4",4.10678465793927,28,98
"DHEA",4.65680938524083,25,98
"FLRT",1.47533963369822,51,98
"ADGRA",7.79825873544159,14,98
"HSPG",1.17733743855351,53,98
"Prostaglandin",3.86242403062761,32,98
"ANGPT",5.52023740807727,19,98
"PECAM1",3.56002898559913,35,98
"TGFb",0.313692438329721,75,98
"OCLN",3.44207727631448,38,98
"VWF",3.55449059043912,36,98
"DESMOSOME",2.47229439736604,44,98
"HGF",3.02532240078983,40,98
"ADGRB",0.558354534262267,66,98
"CD200",1.23801924678974,52,98
"IL1",3.03256009997756,39,98
"CDH5",0.204355305973533,82,98
"CD6",2.07724332454151,46,98
"LAMININ",0.264586036459744,82,99
"ADGRL",0.852889091824617,58,99
"CADM",11.6911874116757,7,99
"PTPRM",7.1471432058784,10,99
"COLLAGEN",0.291547233806155,80,99
"NRG",0.990540257837178,55,99
"JAM",13.619785347484,2,99
"CDH",4.95451858253091,19,99
"Testosterone",5.91138929603884,14,99
"Cholesterol",0.57096830228665,66,99
"BMP",2.69672774555288,40,99
"NRXN",3.25374057158695,36,99
"NCAM",7.11300484708965,11,99
"Glutamate",3.93469078247989,30,99
"APP",4.30894363610504,27,99
"Estradiol",0.41505900511282,72,99
"SEMA3",4.66952456029814,23,99
"MPZ",0.356069218109852,77,99
"IGF",0.423706462983322,70,99
"PROS",0.726456012233318,61,99
"TENASCIN",0.490847476553024,69,99
"PCDH",1.33415349196529,51,99
"PTPR",0.292386960945192,79,99
"EPHA",0.415461867274006,71,99
"CD39",0.809777296497836,59,99
"Androstenedione",0.0879747260206012,88,99
"NECTIN",0.204642009759775,85,99
"EPHB",0.410608525943813,73,99
"SEMA5",0.409257812058955,74,99
"EGF",2.32685600854142,44,99
"GAS",0.790819211801148,60,99
"Netrin",4.8929555806032,21,99
"CNTN",0.920115799692737,57,99
"SEMA7",0.582518483873044,65,99
"PDGF",0.629346020344949,64,99
"SEMA6",0.367858126091069,75,99
"CLDN",0.125964545306747,87,99
"PSAP",2.8376243607046,38,99
"FGF",0.359953951952008,76,99
"GAP",0.551538039839609,68,99
"RELN",0.560116253542463,67,99
"VCAM",0.199762519622675,86,99
"NOTCH",0.284238184022013,81,99
"NGL",8.14526358269325,9,99
"SLIT",0.221521115240446,84,99
"THBS",1.36918668684007,50,99
"DHT",0.940822962766787,56,99
"ADGRG",6.16223675953449,13,99
"TULP",1.72118595318206,47,99
"ncWNT",5.73183735084767,16,99
"CD99",0.0727362586803147,89,99
"UNC5",4.44196319946505,26,99
"ACTIVIN",12.9709378821257,4,99
"ANGPTL",11.928970586629,6,99
"AGRN",14.6052748278132,1,99
"CD46",4.61576906329614,24,99
"PTN",2.45733459713958,43,99
"PECAM2",0.65102349627628,63,99
"EDA",3.86697417082538,32,99
"Adenosine",1.6748917743064,49,99
"KIT",6.46709910287511,12,99
"FN1",1.28974022888245,52,99
"LIFR",12.2661343857213,5,99
"NT",5.78684943594823,15,99
"ApoA",13.3708012925807,3,99
"VISFATIN",4.72097146651519,22,99
"CD45",3.53390597288897,33,99
"RA",3.88057292992193,31,99
"VEGF",4.90448164372392,20,99
"NEGR",3.96899088964405,29,99
"NPNT",3.99215448995393,28,99
"SEMA4",4.4536095285103,25,99
"DHEA",5.16501261874751,18,99
"FLRT",1.79216979608752,46,99
"ADGRA",8.1553445030925,8,99
"HSPG",1.0426474948567,54,99
"Prostaglandin",3.51750827030025,34,99
"ANGPT",5.42672177957322,17,99
"PECAM1",2.60345719233358,41,99
"TGFb",0.248018698183746,83,99
"OCLN",3.48398204890981,35,99
"VWF",2.55796901571763,42,99
"DESMOSOME",2.31067321773331,45,99
"HGF",2.94348694773349,37,99
"ADGRB",0.719346352032034,62,99
"CD200",1.2462913747828,53,99
"IL1",2.72683115283051,39,99
"CDH5",0.318285437052498,78,99
"CD6",1.68834797750343,48,99
"LAMININ",0.15226428264396,83,100
"ADGRL",1.04696452826243,56,100
"CADM",7.10179948609826,11,100
"PTPRM",6.93066868026335,13,100
"COLLAGEN",0.113051241420539,86,100
"NRG",0.903348904483738,57,100
"JAM",7.96338935823399,7,100
"CDH",8.24856634758192,6,100
"Testosterone",5.72355385227644,22,100
"Cholesterol",0.551848284050275,67,100
"BMP",3.00691427157449,37,100
"NRXN",5.74970659508959,21,100
"NCAM",6.67927098547576,16,100
"Glutamate",7.1153819182994,10,100
"APP",4.42876870950063,28,100
"Estradiol",0.340605494906748,77,100
"SEMA3",9.32034867077064,3,100
"MPZ",0.108151670983591,87,100
"IGF",0.359737152659524,75,100
"PROS",0.809049569578789,62,100
"TENASCIN",0.320150702935826,78,100
"PCDH",1.11381390633013,55,100
"PTPR",0.427188376802226,70,100
"EPHA",0.408015257109126,73,100
"CD39",0.877531542367639,59,100
"Androstenedione",0.0754703187876181,89,100
"NECTIN",0.281077279918481,79,100
"EPHB",0.426163456814689,71,100
"SEMA5",0.223335641633121,82,100
"EGF",2.34925400345935,45,100
"GAS",0.876922450433577,60,100
"Netrin",9.50097251043844,2,100
"CNTN",0.886399690923111,58,100
"SEMA7",0.537371440863459,68,100
"PDGF",0.56560221958379,66,100
"SEMA6",0.420277722451028,72,100
"CLDN",0.359131555543331,76,100
"PSAP",2.75039864128778,39,100
"FGF",0.592261522173516,65,100
"GAP",0.444846850674432,69,100
"RELN",0.628938218208012,64,100
"VCAM",0.10347829559528,88,100
"NOTCH",0.36874625548448,74,100
"NGL",11.0702905482681,1,100
"SLIT",0.1171971655341,85,100
"THBS",1.61449979214143,48,100
"DHT",1.12436892195109,54,100
"ADGRG",6.10279886585431,19,100
"TULP",1.78406036255803,47,100
"ncWNT",5.78627787769561,20,100
"CD99",0.275193123000872,80,100
"UNC5",8.75778715366066,5,100
"ACTIVIN",6.95962896200355,12,100
"ANGPTL",6.15648847266181,18,100
"AGRN",7.64804817846881,9,100
"CD46",8.81982735131432,4,100
"PTN",2.62664624077663,41,100
"PECAM2",0.755017434400182,63,100
"EDA",3.56610838159707,33,100
"Adenosine",2.08558324348246,46,100
"KIT",6.67997441072824,15,100
"FN1",1.4987333428547,49,100
"LIFR",6.67832256653235,17,100
"NT",5.33125613010209,24,100
"ApoA",6.78771368323055,14,100
"VISFATIN",4.55185654498078,27,100
"CD45",3.17791561746411,36,100
"RA",3.8076519902625,31,100
"VEGF",4.74838839721444,26,100
"NEGR",4.10686676517954,29,100
"NPNT",3.53173362073407,34,100
"SEMA4",3.99862152133199,30,100
"DHEA",4.81534979937423,25,100
"FLRT",1.47068958018158,50,100
"ADGRA",7.92231258462296,8,100
"HSPG",1.22340766253975,52,100
"Prostaglandin",3.76586956827971,32,100
"ANGPT",5.58314853067865,23,100
"PECAM1",2.70336112669335,40,100
"TGFb",0.271908559877985,81,100
"OCLN",3.3628365046683,35,100
"VWF",2.41888446810167,43,100
"DESMOSOME",2.37106588007018,44,100
"HGF",2.94517244791301,38,100
"ADGRB",0.831000565348346,61,100
"CD200",1.19696691235556,53,100
"IL1",2.58757568497743,42,100
"CDH5",0.129668350671799,84,100
"CD6",1.3917579530331,51,100
