"","ACTIVIN","Adenosine","ADGRA","ADGRB","ADGRG","ADGRL","AGRN","Androstenedione","ANGPT","ANGPTL","ApoA","APP","BMP","CADM","CD200","CD39","CD45","CD46","CD6","CD99","CDH","CDH5","Cholesterol","CLDN","CNTN","COLLAGEN","DESMOSOME","DHEA","DHT","EDA","EGF","EPHA","EPHB","Estradiol","FGF","FLRT","FN1","GAP","GAS","Glutamate","HGF","HSPG","IGF","IL1","JAM","KIT","LAMININ","LIFR","MPZ","NCAM","ncWNT","NECTIN","NEGR","Netrin","NGL","NOTCH","NPNT","NRG","NRXN","NT","OCLN","PCDH","PDGF","PECAM1","PECAM2","PROS","Prostaglandin","PSAP","PTN","PTPR","PTPRM","RA","RELN","SEMA3","SEMA4","SEMA5","SEMA6","SEMA7","SLIT","TENASCIN","Testosterone","TGFb","THBS","TULP","UNC5","VCAM","VEGF","VISFATIN","VWF"
"ACTIVIN",NA,8.87912089602372,3.27757386411938,10.1227390483523,4.93907838005923,9.84287610959833,2.33529869870826,10.6915901864628,5.34618984324753,0.478244255324929,2.07058904101126,6.83085547559138,7.76249745738258,-0.480190050489528,9.55044388725242,9.99137043632163,7.04064827845252,2.9443684212076,8.72215446427079,10.6059526565535,3.57633082155075,10.658986865137,10.3413576086177,10.5669364180246,9.99752986236073,10.4677476360395,8.42566638466863,6.30473874044847,9.71981274175647,7.46589241351549,8.71976646583958,10.3345789890606,10.4693641405737,10.6163203187128,10.6118490985785,9.25628380453839,9.37438932899795,10.3842443341024,9.85432884268254,4.85987518450103,7.83502767232784,9.58341637616772,10.3910096659886,7.85174099402408,-1.1132770852554,5.01729285440366,10.649670927162,0.329793725950311,10.5956991596265,4.68312237412688,5.35652720976656,10.6242969308205,6.93461711255352,2.38992526455175,1.09079150522941,10.5874847366464,7.35737615222836,9.90412308448321,5.91219770809386,5.97469059288048,7.45792196481821,9.59054885176173,9.83006704611645,7.55261711833669,10.3793868436203,10.0229767797232,7.18065863721715,7.84467239607644,8.20663622995112,10.3589525403929,4.20404952512936,7.17255449778681,10.1140857578975,2.5967972421668,6.50389628652462,10.4333334965668,10.3958150005168,10.4457065741126,10.7312334406931,10.4931109149927,5.4249794246532,10.6029670817623,9.25470799895223,9.11836806087411,3.00788640596744,10.5838238114447,6.42046783614,6.15916007642017,7.57153189897848
"Adenosine",-8.87912089602372,NA,-5.74153353730066,1.35956465581686,-3.88154551811181,1.12903952387491,-6.53691909407289,1.86348375254776,-3.49988864936004,-8.73584079693729,-6.96781437236388,-2.21263449923814,-1.21847366173945,-9.32229428812345,0.797455735983905,1.23485100948478,-1.55638373579204,-5.37612319428378,0.163487707411891,1.83851326938831,-4.76822002449544,1.85175919046332,1.47523850166355,1.80986441756623,1.17301954036683,1.83824964829541,-0.376580584228351,-2.7010403722133,0.955066647362759,-1.4578008321247,-0.211490152010674,1.50047173403128,1.62278285123381,1.75419863533687,1.68053258607781,0.433038868436343,0.599811947226264,1.5502277213741,1.13041613808291,-3.75198488584384,-1.15489421718818,0.811376426540336,1.61789076154311,-0.809938560566047,-9.96404173627191,-4.16602481712327,1.81635673379807,-8.71619415489779,1.79895293487381,-4.48333454485172,-3.55608034432931,1.76259581793373,-1.99824655604707,-5.9605437691759,-7.36584522166075,1.75989038816345,-1.6022856014668,1.0601796806545,-2.67636038998705,-3.09391319369262,-1.38938900718744,0.774797032677695,1.38070455880575,-1.1798392651732,1.49199991816226,1.34156694527353,-1.7206630032603,-0.811340111975116,-0.735352434772343,1.62800459712755,-4.68406423378326,-1.90472041524123,1.38013665219889,-5.80778825624151,-2.271003298214,1.60454921908834,1.66828235502732,1.56373536259794,1.8489966647385,1.66457041466638,-3.51959628990727,1.77115856008364,0.45428711504139,0.310631144515641,-5.37590031013734,1.83671327461226,-2.69024033078891,-2.71667261230454,-1.08317172798044
"ADGRA",-3.27757386411938,5.74153353730066,NA,7.12547264639248,1.91580402657452,6.80235528320932,-0.814594671217364,7.58102808211291,2.2672545964857,-2.97763068535349,-1.33779860843273,3.54431546731551,4.53248549152647,-3.57518243898186,6.59994871957128,6.92742042135618,4.20536620756556,0.480492117031198,5.87702653413907,7.56271077667739,0.929798543975518,7.57775167600939,7.22576582719571,7.54250568753698,6.89888295336693,7.58407156967384,5.34396600257286,3.07068059850513,6.71482417442332,4.2602635812835,5.50331992159548,7.21166855931349,7.36701881954684,7.48659498850536,7.37853026006005,6.17069711112625,6.34879598369,7.28220430946791,6.87159238069832,1.77985749688626,4.65200106564423,6.54305068787823,7.35296547935345,4.92524532254878,-4.34223401117448,1.57813980572192,7.54668840970498,-2.92557240566937,7.52130370358475,1.28393353033825,2.17971691670394,7.5222394578126,3.81346517507542,0.0032468028417405,-1.79303381524634,7.50495470521208,4.07649358586632,6.816580126175,3.22852141063861,2.62289166328879,4.34091079985075,6.52494197822706,7.03900966888037,4.49813140728024,7.19801918844836,7.09903846068431,4.02663431186876,4.85996658707388,4.99279281535141,7.34063847849837,1.02776189853575,3.8726607145147,7.11125354722086,-0.010681710581887,3.48737438697118,7.36111360614792,7.38539623802208,7.35403009899142,7.5969036311305,7.39026995336429,2.17501329998232,7.49566135769149,6.15556914569563,6.03322711251601,0.357046967710805,7.52175375762395,3.09873546750424,2.99480991661976,4.59383431999794
"ADGRB",-10.1227390483523,-1.35956465581686,-7.12547264639248,NA,-5.28073431952834,-0.247943341877872,-7.69862371845683,0.510617503144649,-4.81558751716622,-10.0801947296736,-8.25804619047545,-3.61109485552356,-2.54575489025258,-10.6626038092284,-0.539328662239876,-0.129480976538709,-2.87412818481087,-6.84729125370294,-1.33047358512463,0.504251572209141,-6.03641803632501,0.473494854875558,0.122345390795157,0.43225347673583,-0.201041053967793,0.479463435173427,-1.70638009074472,-4.08430995223553,-0.39994126820571,-2.83499803829893,-1.55295657468447,0.102936528400424,0.293569658894704,0.394892039882806,0.294260896802254,-0.923213014334721,-0.762763445355937,0.204903763084316,-0.202416015075961,-5.15058847091821,-2.50034177539954,-0.541207477270639,0.266486872829679,-2.15102429281821,-11.2184589725047,-5.47209729167969,0.448517733094893,-10.0436101062904,0.465924906641409,-5.86535398967885,-4.79292610752767,0.3910520512499,-3.33311663232768,-7.40037458460197,-8.57117041108322,0.388600883901906,-2.97522677157172,-0.295003224784479,-3.91403929795308,-4.44844752933691,-2.77437008755936,-0.557497530633131,-0.0130977184242075,-2.57266458027274,0.110335608125509,-0.0128547218012342,-3.07743398334505,-2.18530366923804,-2.06840841901928,0.255556034988769,-6.00884788352394,-3.26377244257449,0.0138851640239837,-7.36879513976338,-3.62700494939699,0.241569318093899,0.311575419380827,0.210934209027996,0.490891388944387,0.3138061996893,-4.8941286586042,0.423692845783454,-0.922097987056585,-1.02668977406655,-6.79974139098917,0.46328570035201,-4.04494063920314,-4.07800871652154,-2.51058009172482
"ADGRG",-4.93907838005923,3.88154551811181,-1.91580402657452,5.28073431952834,NA,4.99682350645039,-2.60347366518784,5.77289055752235,0.408138946424308,-4.67381763599787,-3.0504063959001,1.64598854004698,2.71665119353179,-5.44967185055607,4.71346839013541,5.12343188717548,2.43231812898069,-1.5476102576026,3.9592876155594,5.7265960611785,-1.22341472831607,5.74665413368209,5.35904754441679,5.71952832848562,5.07575414838732,5.76881384783343,3.62585445622378,1.31259884748448,4.8943434162519,2.47541714796748,3.68516456054112,5.45672064679865,5.53286786953462,5.68666250597128,5.57465371863673,4.33870379052726,4.45587498614142,5.46277055069977,4.98786298690381,-0.0278976834852651,2.85388715215185,4.72898849431051,5.54725337047799,3.09111512433088,-6.07636477953234,-0.264799000319667,5.71615616047405,-4.81527067669697,5.73344948418351,-0.528255006350837,0.46721976558919,5.62242669273946,2.01918436209388,-2.10822747645459,-3.59224293580585,5.65370527276214,2.29764878080957,4.9249763774167,1.23403960762981,0.748290986797085,2.50382913747417,4.69565466333153,5.23341999901901,2.70588557551805,5.35456421226724,5.27878339874041,2.22899227206054,3.02550935471917,3.20058518024847,5.52986041396192,-0.771145555342209,2.06186526987877,5.32181315456565,-2.01744878133077,1.628431749076,5.55130104547887,5.55212588180754,5.45803198522871,5.75091041260938,5.60084431078019,0.383003626945155,5.63277662381503,4.41048019970281,4.23642060847658,-1.56577573308306,5.7665153995655,1.20545503250427,1.16085619102333,2.7330430322261
"ADGRL",-9.84287610959833,-1.12903952387491,-6.80235528320932,0.247943341877872,-4.99682350645039,NA,-7.49209672666813,0.7182320596805,-4.60078314437628,-9.80469262235709,-7.99438706567699,-3.38921222532574,-2.36136462722156,-10.3287355926776,-0.28172693208504,0.120173470038804,-2.61065675318056,-6.49256947745228,-1.03985292212397,0.747262346159864,-6.03172657904637,0.730550089157525,0.345253911681617,0.669583128074693,0.0314458011274281,0.737550840861688,-1.48813901846324,-3.78537119684089,-0.145555267903024,-2.604605024019,-1.32652822414586,0.331889548632916,0.520640626544834,0.642922693161126,0.553381622859962,-0.692785727914286,-0.503740735822365,0.451975531467167,0.0189911021957456,-4.98211969379265,-2.22834349438164,-0.276417757348468,0.49088879815354,-1.90445345430666,-11.0191872972492,-5.22217656842427,0.701933858757512,-9.86983206968491,0.7000100594213,-5.57774795368505,-4.62080932278638,0.652372190617275,-3.07129705787917,-7.08529300597113,-8.54435407370039,0.61953052685358,-2.69129185534006,-0.0432566420946696,-3.75941433007139,-4.25953759293522,-2.54403295930726,-0.3461517607541,0.227241234137,-2.33610092231205,0.36179672103214,0.232933093885428,-2.84187375895764,-1.9558689528665,-1.81230499403902,0.502816411294185,-5.82053604449418,-3.01036463944016,0.27854799737175,-6.93925663849443,-3.41654749224876,0.479170246806837,0.533692194599793,0.435357600099818,0.731917911535836,0.577093326549857,-4.6803752976684,0.650270226554385,-0.6584321018532,-0.823547988306617,-6.53846225070447,0.697779209831022,-3.82137012472806,-3.80312468126496,-2.24194982212585
"AGRN",-2.33529869870826,6.53691909407289,0.814594671217364,7.69862371845683,2.60347366518784,7.49209672666813,NA,8.20017829931363,2.86459154419111,-1.88062151617384,-0.416632384665817,4.14554430839672,5.3180869402131,-2.84379207373532,7.38511190932494,7.73080728812934,4.94990736289454,1.17083316106086,6.61487563146616,8.17164834544109,1.49838768964956,8.21613387385734,7.81549396707863,8.14508667584855,7.52427106190227,8.20502929713582,6.12477253750026,3.64374526483378,7.35104799855949,5.09396320466112,6.2921753319177,7.91717216670891,8.00342977743804,8.12299068496138,8.07002579545371,6.80213642740983,7.08730288924341,7.9741450175058,7.44439046495652,2.65394619464245,5.24112893181831,7.15017412385799,7.9359310870296,5.64537857044949,-3.51624409962914,2.32346517892423,8.24210234507979,-1.86187914063287,8.20055004738243,2.09500157661904,2.99504319690358,8.18705972135065,4.56772719205286,0.668745181804696,-0.955422088333354,8.13419071946489,4.91640708809144,7.4557786872264,3.80188485149605,3.37444094699675,5.09058111813131,7.21692374470241,7.78046786196956,5.47422080820841,7.9537536897534,7.80850077642182,4.65910678041842,5.75999722751819,5.74626987827946,8.0243271071531,1.83084291968319,4.54862899467352,7.82224724624854,0.694581235166971,4.08800382291616,7.92586613828663,8.0076671126996,7.97436941214792,8.20750087072023,8.04380601545162,3.17969187513837,8.1105716913933,6.87627898127137,6.78320097257405,1.11705379346087,8.1928096371739,3.74090374426434,3.64963336508346,5.40148988357847
"Androstenedione",-10.6915901864628,-1.86348375254776,-7.58102808211291,-0.510617503144649,-5.77289055752235,-0.7182320596805,-8.20017829931363,NA,-5.33471745332563,-10.5605092940627,-8.81342892214702,-4.09855900747976,-3.06810618652042,-11.1524109802575,-1.04447012141688,-0.615831051229959,-3.35607273564544,-7.34289874522965,-1.78318650830425,-0.0236336080404409,-6.69200312955517,-0.00610902571246524,-0.386395280258774,-0.0653482030977469,-0.692041614285074,-0.0140202672986157,-2.24055501496709,-4.53057249823534,-0.901934072907002,-3.3156220643229,-2.08388818011763,-0.387728453577895,-0.230696449631008,-0.0936607985117972,-0.182906353832,-1.43130757196815,-1.27140897234631,-0.303036215510478,-0.699588304212027,-5.73275393499264,-2.96251851173119,-1.04147510134068,-0.244868000996896,-2.64064127327482,-11.730700145462,-5.96970249610369,-0.0360754069529278,-10.6064378319578,-0.0270556630471795,-6.32604504648202,-5.34903148256462,-0.109751341925718,-3.85201866356316,-7.90688680112744,-9.17540881673383,-0.104157142442864,-3.44816321830601,-0.784060859045117,-4.48499453503264,-4.95925351238708,-3.27584320513774,-1.07596158822871,-0.511919887660047,-3.06993009981773,-0.357526913916993,-0.520152371634857,-3.57032669786232,-2.67547667553243,-2.57728150272505,-0.23504686104119,-6.54020238426432,-3.77647887173096,-0.485998149169678,-7.82124221112625,-4.13413758063918,-0.241840084091588,-0.198507296030006,-0.266025653465409,-0.0215577874420499,-0.175450124840734,-5.41698702915027,-0.103600434872468,-1.37425426054023,-1.58096399881346,-7.27127821966769,-0.0411906301762301,-4.56347070971996,-4.54987163723003,-3.03583463646863
"ANGPT",-5.34618984324753,3.49988864936004,-2.2672545964857,4.81558751716622,-0.408138946424308,4.60078314437628,-2.86459154419111,5.33471745332563,NA,-5.23545851341574,-3.47657968748347,1.27200108850892,2.2756001145332,-5.75995413087183,4.3076452861736,4.6824875510726,1.98944667311153,-1.80468245872161,3.61507975963412,5.33385657030294,-1.52169691872107,5.31668152726519,4.93547078089806,5.26223938054525,4.61757710902876,5.29754501353323,3.10084103495121,0.77372473663906,4.43551261041622,2.00624768757567,3.27606720011189,4.92656926596263,5.11275957835523,5.24112471987172,5.1257408747359,3.92003251724216,4.10432135634075,5.06174482676078,4.65882335328575,-0.494797971303376,2.40293519490312,4.31702338285415,5.11525012460868,2.69736285221585,-6.23296038750209,-0.70017572942633,5.30179610456871,-5.30111179907408,5.2963476780274,-0.979497797406477,-0.0401180238214738,5.22191361310073,1.49355364534796,-2.50316085725922,-4.03039898221057,5.21606353998561,1.82937789678499,4.54510438570319,0.761319631656732,0.387328172795717,2.06474739380644,4.26505022300322,4.80646905241064,2.27287506877422,5.00127308902686,4.83315013003122,1.77955169877175,2.66455144778958,2.79420639922435,5.12713422031577,-1.20566591610262,1.57392098438285,4.85090612273776,-2.27678777473555,1.20398634476122,5.10199621175527,5.15192146016975,5.06662225464963,5.32298989594821,5.16662243766139,-0.0495106010056574,5.25211784007737,3.91902140683115,3.77831678304384,-1.88800334516567,5.29508495560344,0.803840356268757,0.773735861732462,2.34068991517844
"ANGPTL",-0.478244255324929,8.73584079693729,2.97763068535349,10.0801947296736,4.67381763599787,9.80469262235709,1.88062151617384,10.5605092940627,5.23545851341574,NA,1.60467189359931,6.6760503899275,7.40765038008364,-1.00666966128267,9.53715435565379,9.89084432860101,7.07465701735868,2.63914406128939,8.76893749695065,10.5937941341429,3.70008011650546,10.5569693772208,10.1790560730443,10.4597315454094,9.85799678177327,10.3831605948851,8.24525598663549,5.94882728902906,9.58958877089093,7.30896035924745,8.47794162303807,10.1509445207453,10.3078234701977,10.5285008166765,10.3500858985647,9.13284397739913,9.42302066476841,10.3084544326658,9.91516634494732,4.71424679261401,7.57066418381467,9.62495207564958,10.3274892873267,7.88711665219685,-1.61679008083349,4.56268188197239,10.5354720746934,-0.12174879032933,10.4460462825404,4.25227748456699,5.20306239350544,10.408404925587,6.62192355914657,1.93398167010364,0.776221530285439,10.4749165845366,7.10591496647064,9.75783242732836,5.82709258150896,5.7455348985172,7.36673888787346,9.59730559785771,9.78399843680763,7.48875938142268,10.336857871653,9.97539192689974,6.95175738569632,7.86700831947251,8.03166502885644,10.3586573699063,3.98748669603376,6.92758043215851,9.98352677864997,2.05779310507068,6.31788076899436,10.34656162746,10.3382249506269,10.2591709702381,10.5789458327684,10.4857292956016,5.17839961393928,10.467561641756,9.14935640489766,9.01377529645958,2.48069673102786,10.4116352938183,6.16331940805874,5.9932763717415,7.44538680480988
"ApoA",-2.07058904101126,6.96781437236388,1.33779860843273,8.25804619047545,3.0504063959001,7.99438706567699,0.416632384665817,8.81342892214702,3.47657968748347,-1.60467189359931,NA,4.84427661058672,5.75550440602012,-2.61679659346527,7.71949319067546,8.13155511979818,5.31981199161674,1.25674882123611,6.90360090746966,8.74826981905733,1.81328154117441,8.70842604989848,8.39020568524698,8.64270692158567,8.11980606855345,8.78553744091997,6.63726320958936,4.39694182317042,7.83592471401987,5.77466811668442,6.64566930483134,8.44869574564395,8.57167318353825,8.71057310502639,8.54251243926697,7.50220999143975,7.59878177182629,8.52492698104253,7.95968665199858,2.77835505288585,5.8890496286535,7.61557195387079,8.57034338389846,5.93515402966059,-3.16396514216941,2.94040062177492,8.76742589002455,-1.82217753220944,8.6906300862237,2.62225371127319,3.51838341849585,8.66086101007325,5.109498495254,0.623005857092839,-0.695702285573255,8.65392751670135,5.54678304808994,7.95983075827338,3.94073302721454,4.1619675736848,5.51537671418193,7.78579718559151,8.19382061103264,5.56665708809814,8.3730632031468,8.26307465612976,5.13224592936168,6.15401441754953,6.14159352484621,8.55345990315001,2.26172283060379,5.16357694226981,8.36236200778929,0.737374492954971,4.64731923971297,8.51689344950016,8.55564779178063,8.56988242157119,8.80484895263912,8.63126176180108,3.55707764391664,8.68432064655122,7.34798619038919,7.25008289595588,0.958625828373812,8.79840640075401,4.46213943421458,4.10088527913522,5.60371469901708
"APP",-6.83085547559138,2.21263449923814,-3.54431546731551,3.61109485552356,-1.64598854004698,3.38921222532574,-4.14554430839672,4.09855900747976,-1.27200108850892,-6.6760503899275,-4.84427661058672,NA,1.07712620971563,-7.11743636834195,3.05582891400091,3.49317930894838,0.766433481068292,-3.05939064378757,2.35103991878214,4.07164768563417,-2.70700995712509,4.08800671829262,3.75508154906033,4.03345102908516,3.37100771984808,4.11037333144112,1.90900720842748,-0.429873047563495,3.21917935582295,0.781528708667776,2.02909535421073,3.75646255166072,3.89244129535895,3.98959059797135,3.90758967537555,2.65690226048158,2.87126981184303,3.81070716356228,3.37435433749322,-1.67679870937258,1.17106225178705,3.02041679107831,3.8734301366258,1.5073655299824,-7.98130888015113,-1.87800823780776,4.07767559432189,-6.6337873376515,4.09299922377599,-2.18172619930388,-1.28273162415122,4.01824121751294,0.32720584197277,-3.66544286714472,-5.35157854394399,4.02034686636223,0.599370337068328,3.31216063751559,-0.321069129541499,-0.848281274045092,0.840461140117732,3.0215572346962,3.63886959005643,1.04312178489038,3.76453923821406,3.58410559418154,0.559496694956907,1.43184797222649,1.53092843873463,3.89517829507189,-2.41114564001482,0.379419068955171,3.61256588240302,-3.62202123774972,-0.0730570724081949,3.87283884396059,3.90764795974828,3.80359068812791,4.11531245486861,3.94374315759811,-1.29615292954793,4.01922677105039,2.69313216208946,2.5426961741859,-3.13085634646679,4.09240910784541,-0.423218946808134,-0.511965726807262,1.18299968673643
"BMP",-7.76249745738258,1.21847366173945,-4.53248549152647,2.54575489025258,-2.71665119353179,2.36136462722156,-5.3180869402131,3.06810618652042,-2.2756001145332,-7.40765038008364,-5.75550440602012,-1.07712620971563,NA,-7.9808501714204,2.03295090579764,2.42252302171517,-0.298962583613763,-4.09067789911405,1.39111063066132,3.05599587295037,-3.5785479148394,3.0807681661704,2.67589886812545,3.00194836825998,2.3521570271567,3.0519173519924,0.804799185125556,-1.46390762756822,2.13472719421242,-0.249041946052436,0.988250272948063,2.68262650644849,2.83653531467854,2.9604973657585,2.8725752414127,1.67694148586848,1.80758321106857,2.79548589625286,2.37119550996176,-2.58912626714176,0.102529077647112,1.99802867912773,2.83797793929381,0.406704638374001,-8.74277386517721,-2.96824676906862,3.01476068852251,-7.63613134579155,3.03430481929329,-3.31680763827644,-2.31958031842737,2.9640780618878,-0.776793906781979,-4.66232900290104,-6.2101871705873,3.01049177862134,-0.367272210216833,2.30634081021037,-1.36793291448004,-1.92969021538705,-0.202913867733736,2.02122372029599,2.55662798584597,0.0684755207470158,2.68460318343551,2.53756119174277,-0.529954515799857,0.384449527791076,0.485954010066034,2.84380003283997,-3.45203286837495,-0.710257613452632,2.58764678782414,-4.60278417854972,-1.06603241198116,2.8224504188669,2.87699886372411,2.78935517523638,3.03413671178697,2.89719936238718,-2.30813244771364,2.99684639653029,1.64649771659366,1.49206741979459,-4.25855950137287,3.03972738890484,-1.5401769532483,-1.46865881701866,0.0833844197429683
"CADM",0.480190050489528,9.32229428812345,3.57518243898186,10.6626038092284,5.44967185055607,10.3287355926776,2.84379207373532,11.1524109802575,5.75995413087183,1.00666966128267,2.61679659346527,7.11743636834195,7.9808501714204,NA,10.2332288299905,10.4369064364817,7.61041947115524,3.68884280877794,9.28942352567828,11.0769928878154,4.29705352867107,11.1716560586426,10.7937647406251,11.0245017580355,10.3536187726986,11.0826453288842,9.02509901808995,6.57771982223053,10.2938047663116,7.7030555328396,9.1456283353489,10.7241824632668,10.9649123402299,10.9819684676601,10.8618956893476,9.59005388513885,9.90935286828183,10.962445845772,10.4066740895458,5.43797133989657,8.11375533027353,10.043783314124,10.8765439262485,8.44639034456276,-0.550087563948097,5.26937144899266,11.1588065545474,0.87095841577107,11.1367117264872,4.9757415129581,5.93300056861964,11.0288754905748,7.28679618369502,3.03107223608428,1.67517716560999,10.943998018275,7.67069506729668,10.2536195845776,6.72001125999376,6.13327727069643,8.12560833602202,10.0136636298975,10.5203716189218,8.16899305618448,10.8023421028278,10.6837446929078,7.67298526034527,8.38256279933564,8.5841868932861,10.8525435174367,4.71776625245161,7.53292939953085,10.6545746479522,3.17664349357752,7.05790312847166,10.8879488394267,10.9918336165886,10.842067100491,11.0804907130272,10.9777442540178,5.87075440805351,11.0641287335502,9.77056201952643,9.47756488397393,3.58201979988369,11.196351775011,6.60701024739358,6.46436473571485,8.15382429562773
"CD200",-9.55044388725242,-0.797455735983905,-6.59994871957128,0.539328662239876,-4.71346839013541,0.28172693208504,-7.38511190932494,1.04447012141688,-4.3076452861736,-9.53715435565379,-7.71949319067546,-3.05582891400091,-2.03295090579764,-10.2332288299905,NA,0.429646339226125,-2.37865615216966,-6.2407109016478,-0.798742518273969,1.04228283388934,-5.46431251561938,1.0461135793539,0.647035962931495,0.972006996083008,0.329912511320531,1.01281603527775,-1.17564798595634,-3.4909022719203,0.139846479004495,-2.31003980455193,-1.05272744348058,0.671006488226291,0.802963569119991,0.959820280428022,0.860904801165699,-0.367998897398849,-0.214126978262806,0.749900901643373,0.365700344859648,-4.52991868857491,-1.92221057123328,-0.00969558628120359,0.818971403334827,-1.6102505988193,-10.7029599895481,-4.97607395436763,0.976142430067075,-9.52076117709533,0.999018702342468,-5.30706525158619,-4.35381253767481,0.930153009701131,-2.7749019277804,-6.80591200450657,-8.0892769465249,0.968155014776877,-2.42878639772916,0.236710538046327,-3.33672779568855,-3.9237316391847,-2.21347778778883,-0.044896163219873,0.545031967472257,-2.06751196468114,0.673502101865652,0.521453489733765,-2.52954022362303,-1.63122527372769,-1.52408223800165,0.803989252839729,-5.4911393822573,-2.67751077701569,0.542199857565775,-6.68277432615719,-3.09770386216219,0.782350934715926,0.854616747574932,0.766066594877214,1.02532049464359,0.877925116279851,-4.32092813615642,0.934613227420252,-0.352712694228862,-0.526054258757351,-6.20114340272533,0.993991038430938,-3.49206336605822,-3.506140471208,-1.95314059214143
"CD39",-9.99137043632163,-1.23485100948478,-6.92742042135618,0.129480976538709,-5.12343188717548,-0.120173470038804,-7.73080728812934,0.615831051229959,-4.6824875510726,-9.89084432860101,-8.13155511979818,-3.49317930894838,-2.42252302171517,-10.4369064364817,-0.429646339226125,NA,-2.73247387422718,-6.65906043905841,-1.14767167933674,0.611754709246226,-6.01765261897909,0.624546244198707,0.266036529586522,0.573259665165283,-0.0912920575593942,0.594956413390869,-1.60177491938844,-3.93761941987752,-0.257055835324032,-2.71079526787859,-1.4526727225906,0.287276026785088,0.399442169370735,0.530631411743894,0.424907479025678,-0.794079915600467,-0.619920274082499,0.335478825215441,-0.0795460938339664,-5.04693340920367,-2.33360681781889,-0.40193757862053,0.409257513881307,-2.0292316934658,-11.0914712057759,-5.39121249715853,0.609877778419152,-9.9476753287077,0.620809269687019,-5.72839865524073,-4.75949214782657,0.521807692633479,-3.22425071285839,-7.25617212604864,-8.60909744064007,0.535724093639679,-2.86629298697803,-0.173784223406359,-3.86690221238009,-4.31243483671672,-2.62406185624548,-0.474879662674732,0.102172157551664,-2.43335146479759,0.264326242977012,0.102419218643646,-2.94214779611338,-2.05863884032854,-1.93849310771154,0.39049539917398,-5.94180214663655,-3.17201875418149,0.138335825091619,-7.13829643567511,-3.52492525486825,0.389730422382906,0.416439720887145,0.353320979426862,0.60911498833501,0.438633131168687,-4.79502240394727,0.523207462260964,-0.74835892066542,-0.93593939693426,-6.60782540130977,0.604107225020349,-3.9356262599677,-3.89591330991752,-2.38619386126354
"CD45",-7.04064827845252,1.55638373579204,-4.20536620756556,2.87412818481087,-2.43231812898069,2.61065675318056,-4.94990736289454,3.35607273564544,-1.98944667311153,-7.07465701735868,-5.31981199161674,-0.766433481068292,0.298962583613763,-7.61041947115524,2.37865615216966,2.73247387422718,NA,-3.85452384158635,1.66819071165531,3.38746666851015,-3.38307847219557,3.41075540967155,3.00100811965001,3.32157679354816,2.69489675048525,3.35668863522871,1.13700173740594,-1.16661756851444,2.45820644982888,0.0718872138491662,1.28024430334634,3.02103826261023,3.16078290807312,3.26999471030111,3.18360466590073,1.92632606499322,2.13383535577749,3.10888316337062,2.69445032149683,-2.32564425127589,0.372552331693001,2.32777832331823,3.16456176776264,0.690934682819126,-8.18294079624422,-2.65848891421216,3.34153911461535,-7.12620315374545,3.36740252462594,-3.00627303537206,-1.93924223311775,3.2852114352776,-0.463974632288747,-4.58372175256013,-5.81842816180941,3.28150619060348,-0.0391463210073009,2.58935196139481,-1.11492948019409,-1.62559946014852,0.119675008801998,2.31063482102908,2.85381251965285,0.330621777716893,3.04423350720165,2.87122678073354,-0.174930971618146,0.679197447049716,0.847006964081495,3.15796796094338,-3.11289199560311,-0.408926153798318,2.91143251628841,-4.41418439848416,-0.77618904821796,3.14069055912092,3.18451569177406,3.1291165476927,3.35292102278066,3.19498934962224,-2.02832306386506,3.29534005470509,1.96850204349906,1.8102862931212,-4.01218645955577,3.36074221424056,-1.20265037272786,-1.20805768367552,0.383015848423752
"CD46",-2.9443684212076,5.37612319428378,-0.480492117031198,6.84729125370294,1.5476102576026,6.49256947745228,-1.17083316106086,7.34289874522965,1.80468245872161,-2.63914406128939,-1.25674882123611,3.05939064378757,4.09067789911405,-3.68884280877794,6.2407109016478,6.65906043905841,3.85452384158635,NA,5.59675073515033,7.19139273496057,0.533666428407782,7.27009508265319,6.81601742137367,7.18501400189458,6.56444265970842,7.24372168201988,5.02982967373383,2.98140572438423,6.42323879603887,3.77455712490581,4.9846628318655,6.9099950591018,7.13899716179736,7.17596126983639,7.11518531168546,5.84078110992069,5.99826917247122,6.84262204475266,6.59005483845185,1.56682152660114,4.36665675156029,6.2619222728628,7.02900281804816,4.65808509998655,-4.04049159084591,0.898165791559447,7.23518122946671,-2.79520338319018,7.30017201205684,0.975100349775049,1.92126820678909,7.23834330495283,3.47632045852576,-0.511963559099855,-2.3463534292126,7.22712662141818,3.64160092748981,6.48934279462259,2.91276735666896,2.08907273842735,4.08441433580738,6.24941488992932,6.71190025187476,4.22267992019674,6.92859506821289,6.74251948808724,3.77130114979159,4.52379789055976,4.70258269121313,6.95421641361116,0.698541869467215,3.35457765500788,6.75355506618266,-0.441512977688736,2.97778230304149,7.131304809579,7.09307909874688,6.91043073886256,7.30507871598291,7.05040397713722,1.97700423451796,7.21730302555456,6.01184005363208,5.6379588216588,-0.0127183465191485,7.20823119534744,2.50977894749407,2.48351245601492,4.40070596782774
"CD6",-8.72215446427079,-0.163487707411891,-5.87702653413907,1.33047358512463,-3.9592876155594,1.03985292212397,-6.61487563146616,1.78318650830425,-3.61507975963412,-8.76893749695065,-6.90360090746966,-2.35103991878214,-1.39111063066132,-9.28942352567828,0.798742518273969,1.14767167933674,-1.66819071165531,-5.59675073515033,NA,1.82178733364875,-4.99666856743613,1.77954903662058,1.43329951466972,1.77911809521044,1.0546207665469,1.74192782411452,-0.443574850817115,-2.75948544103125,0.855564585002946,-1.52576283167483,-0.308198298990164,1.40380837296799,1.54915056842113,1.75362969856051,1.58776177346373,0.332169245802465,0.536766870126808,1.50873817182941,1.10420423405249,-4.15253798465349,-1.21886404302815,0.702190518134497,1.59343439258609,-0.948760618590935,-9.84347572280885,-4.28490303217008,1.73702577710257,-8.74734688100838,1.7231091419029,-4.58145025880832,-3.602899020594,1.70811620081039,-2.09530543580892,-6.12696554784423,-7.61421921113997,1.66555546704493,-1.67588722623513,0.969177317989368,-2.82501472240381,-3.22254380315136,-1.47413578750286,0.712234831077654,1.1377900701823,-1.31250957944502,1.46117886296165,1.2425268261978,-1.83441816000901,-0.952910158659889,-0.81897328726406,1.54533420937996,-4.75856464063986,-1.9671008172954,1.32117709394595,-6.0564124628451,-2.39465826558109,1.53816192157079,1.63803258067646,1.50521636450285,1.79318115967463,1.6258586594053,-3.53322560239812,1.74238071988457,0.30836938154041,0.210475952039689,-5.63302209240723,1.73871555970609,-2.78428867424252,-2.85610870892567,-1.25899307913169
"CD99",-10.6059526565535,-1.83851326938831,-7.56271077667739,-0.504251572209141,-5.7265960611785,-0.747262346159864,-8.17164834544109,0.0236336080404409,-5.33385657030294,-10.5937941341429,-8.74826981905733,-4.07164768563417,-3.05599587295037,-11.0769928878154,-1.04228283388934,-0.611754709246226,-3.38746666851015,-7.19139273496057,-1.82178733364875,NA,-6.67335979796352,0.0228496282436432,-0.379797817514688,-0.0423226029857151,-0.698750194200657,-0.0208422142513335,-2.23232678157257,-4.50378589838872,-0.868535738799788,-3.31036214669014,-2.0712041348201,-0.385302616119706,-0.220216887083849,-0.0939051539938341,-0.168607378428236,-1.40368016962638,-1.20963585126186,-0.274636068877384,-0.703178404276359,-5.66365172374393,-2.94304321152583,-1.01064308953411,-0.227563285783852,-2.64922930392123,-11.7856260665974,-5.98019338848462,-0.0215200837379706,-10.6433956821876,-0.0157322828936652,-6.29472038987559,-5.38818775820351,-0.0967404610312526,-3.84108270838466,-7.83675498072314,-9.11717273350246,-0.0906459305940127,-3.44180256146526,-0.791142820638116,-4.38453178129406,-4.94726374535334,-3.27045951996659,-1.06250826712126,-0.479684910531698,-3.09989846598397,-0.379496659974499,-0.509240455785276,-3.5553488164917,-2.68492942254379,-2.54565479417539,-0.221344437836515,-6.49999216925341,-3.74509943628892,-0.461710333110045,-7.75165514627532,-4.07066748358847,-0.241254877544069,-0.17852232463924,-0.277334553903378,0.00282612687399897,-0.157761731987804,-5.38693226574535,-0.0859607534332383,-1.38756011466203,-1.5383947099023,-7.2412437460066,-0.0204558175599211,-4.54514268500758,-4.53293739827308,-3.01342765908141
"CDH",-3.57633082155075,4.76822002449544,-0.929798543975518,6.03641803632501,1.22341472831607,6.03172657904637,-1.49838768964956,6.69200312955517,1.52169691872107,-3.70008011650546,-1.81328154117441,2.70700995712509,3.5785479148394,-4.29705352867107,5.46431251561938,6.01765261897909,3.38307847219557,-0.533666428407782,4.99666856743613,6.67335979796352,NA,6.68251215389537,6.2852707418143,6.59312500826753,5.9680781651209,6.61027480580334,4.35441948115323,2.14694182461346,5.83967981055213,3.26512498141954,4.50085751509415,6.22461358530667,6.48776466102808,6.59789144846542,6.60851898038304,5.28625524665424,5.44158116913512,6.38401791254793,6.03444095391537,1.04002598507706,3.6616691596976,5.69898849752534,6.42360763192482,3.98187386797625,-4.72953952009047,0.762778354088069,6.57982398880151,-3.48562164842849,6.64121547139107,0.608553398510459,1.23344920445545,6.62459063828948,2.69290168330231,-1.10334905832088,-2.70899692767486,6.58482713704202,3.1985920779702,5.88279026218089,2.33136928927417,1.6634757210287,3.47915544745854,5.61201662557926,6.00008727477015,3.6888486052632,6.34290102225949,6.20159477363491,3.14199435934551,4.11776478872105,4.11519801893265,6.43506115349569,0.158265608855086,3.00860350087903,6.25044336722686,-0.908620063353429,2.51109149261636,6.44144926367247,6.58231614969216,6.36910493242672,6.64595603410783,6.4862835421674,1.26505124065797,6.56437219065024,5.05392800835735,5.1141018491989,-0.601023524453512,6.67702781142113,2.02172004909292,2.2281039794872,3.61333899021373
"CDH5",-10.658986865137,-1.85175919046332,-7.57775167600939,-0.473494854875558,-5.74665413368209,-0.730550089157525,-8.21613387385734,0.00610902571246524,-5.31668152726519,-10.5569693772208,-8.70842604989848,-4.08800671829262,-3.0807681661704,-11.1716560586426,-1.0461135793539,-0.624546244198707,-3.41075540967155,-7.27009508265319,-1.77954903662058,-0.0228496282436432,-6.68251215389537,NA,-0.389135231308792,-0.0491678572751179,-0.682957120131961,-0.0189336588206566,-2.22187673478951,-4.54867464310066,-0.886188988836111,-3.31784244431257,-2.09348089226476,-0.374355177282184,-0.219154992444465,-0.0895881689805068,-0.182258271117789,-1.40992856732854,-1.23387872699504,-0.296689871869646,-0.704238866438582,-5.76465954512758,-2.98816257716925,-1.03640567974536,-0.22840223474163,-2.66572586505334,-11.7846494929452,-5.98712862421119,-0.0205552785462857,-10.6147463702264,-0.00770847546904301,-6.33948504314954,-5.38883073398872,-0.100674983389606,-3.81356284132747,-7.88147693177068,-9.18378269761197,-0.070859086824282,-3.46445097345539,-0.786550520367689,-4.53427351695534,-4.95400669192129,-3.23510851266441,-1.05637337462203,-0.493761453399224,-3.0839185294319,-0.347399588344738,-0.528983363373463,-3.58484125009228,-2.67454217082714,-2.55106045627704,-0.228136085189015,-6.50401333375681,-3.72243123789163,-0.488345675689618,-7.80249558098677,-4.11653040607537,-0.23793656837329,-0.184607000151125,-0.267045394705801,0.00458012934220525,-0.183716432011266,-5.39372401678332,-0.0978502300823909,-1.40252656239021,-1.57275374249818,-7.3496306174312,-0.0262608072161309,-4.56909085068145,-4.53939242422673,-3.00172836729273
"Cholesterol",-10.3413576086177,-1.47523850166355,-7.22576582719571,-0.122345390795157,-5.35904754441679,-0.345253911681617,-7.81549396707863,0.386395280258774,-4.93547078089806,-10.1790560730443,-8.39020568524698,-3.75508154906033,-2.67589886812545,-10.7937647406251,-0.647035962931495,-0.266036529586522,-3.00100811965001,-6.81601742137367,-1.43329951466972,0.379797817514688,-6.2852707418143,0.389135231308792,NA,0.328963094002209,-0.317965015321009,0.365401994874223,-1.86166677532325,-4.16096829353592,-0.510444383178578,-2.98619872292893,-1.72575183160329,-0.00567700594854173,0.150039019628569,0.29889593689806,0.196858708261818,-1.03020747627186,-0.872143503067699,0.0894730742950429,-0.317114161875189,-5.28550749440134,-2.59421189133999,-0.661555183451646,0.156337151158276,-2.27516921684654,-11.2607700481104,-5.66981853321904,0.334097330659045,-10.1844287812278,0.360495307735427,-5.95962781192094,-4.9738859186621,0.275006181200478,-3.48606196095716,-7.43982078075297,-8.80661800316718,0.266919125196867,-3.08150922371138,-0.415705657491248,-4.04086255794989,-4.57999772835969,-2.89083029462611,-0.718579824592508,-0.125188360753913,-2.72255579949573,0.0109465020021067,-0.141191677072146,-3.20686943507881,-2.31158669089266,-2.14768823128383,0.128690495633516,-6.15391105936681,-3.39606663805913,-0.098739243844444,-7.35802677124635,-3.74591339481095,0.123445272432956,0.185110247200201,0.108455225653383,0.367963049669986,0.203720178764985,-5.00870084065245,0.287551190558448,-1.02237227160282,-1.17824334710753,-6.9470808092646,0.3427208437259,-4.17004878039187,-4.12868241981167,-2.61753367218584
"CLDN",-10.5669364180246,-1.80986441756623,-7.54250568753698,-0.43225347673583,-5.71952832848562,-0.669583128074693,-8.14508667584855,0.0653482030977469,-5.26223938054525,-10.4597315454094,-8.64270692158567,-4.03345102908516,-3.00194836825998,-11.0245017580355,-0.972006996083008,-0.573259665165283,-3.32157679354816,-7.18501400189458,-1.77911809521044,0.0423226029857151,-6.59312500826753,0.0491678572751179,-0.328963094002209,NA,-0.651760036925081,0.0318223115405717,-2.18216973405429,-4.47811635542551,-0.822781910617613,-3.28786250843903,-2.00093710037574,-0.316398185726205,-0.17303485925188,-0.0332720403363795,-0.139292598400586,-1.33700737771139,-1.18129669431441,-0.226615589887393,-0.654789565280718,-5.68450560069006,-2.88666740001687,-0.953007623995711,-0.197815148978711,-2.62466860988181,-11.6280430773797,-5.96257186992661,0.0142007241464679,-10.5249760237282,0.0609690083529462,-6.30096239738078,-5.31022489937829,-0.026672572500146,-3.77957376482588,-7.7880381824581,-9.1665172623892,-0.0202540451958949,-3.38950452264586,-0.721759897040281,-4.36415632316234,-4.88906396540353,-3.22488119691169,-1.01913755481408,-0.460715010122614,-3.08035582345451,-0.30645905043311,-0.452010431890903,-3.52362723249687,-2.61399366363884,-2.48463506799642,-0.189573465374676,-6.46727586774751,-3.69882029829587,-0.434102856466793,-7.68668036203517,-4.06888691323527,-0.201545750136721,-0.122476988901131,-0.217162458391366,0.0696248278667506,-0.107635203791406,-5.34296091464748,-0.0468172062168311,-1.32456120718871,-1.46694809889235,-7.32659004302675,0.0137326647667331,-4.50799905306859,-4.48084353926158,-2.99163732427768
"CNTN",-9.99752986236073,-1.17301954036683,-6.89888295336693,0.201041053967793,-5.07575414838732,-0.0314458011274281,-7.52427106190227,0.692041614285074,-4.61757710902876,-9.85799678177327,-8.11980606855345,-3.37100771984808,-2.3521570271567,-10.3536187726986,-0.329912511320531,0.0912920575593942,-2.69489675048525,-6.56444265970842,-1.0546207665469,0.698750194200657,-5.9680781651209,0.682957120131961,0.317965015321009,0.651760036925081,NA,0.693479616676697,-1.52740756386399,-3.81071762066141,-0.207358351539487,-2.62748960758663,-1.380910681382,0.330766868137388,0.484327800620072,0.59554905614552,0.481824876508368,-0.713568610055764,-0.528030286672331,0.398559268064234,-0.0158476592070201,-5.09659641762552,-2.25856308931921,-0.338290628690745,0.474754983533416,-1.95015096180066,-11.0094423370508,-5.33551602195804,0.657069659511313,-9.92324126009204,0.674083393014512,-5.66356547921949,-4.6757690575945,0.601052027340405,-3.12289746493262,-7.10182368390854,-8.52207043356628,0.601281614036423,-2.72076382223835,-0.0820420553575006,-3.64403770407607,-4.2804470899329,-2.54566101459229,-0.382825829755237,0.217653932620271,-2.40915106345882,0.330125278839903,0.204507581392086,-2.88285778946328,-1.96974318170218,-1.88773064833957,0.454740364969228,-5.84900837647388,-3.08507669834903,0.235466884713695,-7.06909669361249,-3.42590573032921,0.457095407139485,0.498928746940892,0.435507185922051,0.69959757275606,0.501225682578689,-4.66446520392254,0.615563929659492,-0.694786938651046,-0.839915076887662,-6.63360474976323,0.670428349600622,-3.84169321601154,-3.85815648124421,-2.34079880324184
"COLLAGEN",-10.4677476360395,-1.83824964829541,-7.58407156967384,-0.479463435173427,-5.76881384783343,-0.737550840861688,-8.20502929713582,0.0140202672986157,-5.29754501353323,-10.3831605948851,-8.78553744091997,-4.11037333144112,-3.0519173519924,-11.0826453288842,-1.01281603527775,-0.594956413390869,-3.35668863522871,-7.24372168201988,-1.74192782411452,0.0208422142513335,-6.61027480580334,0.0189336588206566,-0.365401994874223,-0.0318223115405717,-0.693479616676697,NA,-2.22564322224165,-4.51262346597491,-0.865941608686493,-3.31345725495315,-2.0550379480751,-0.375268651579776,-0.201474609772644,-0.0792286215369691,-0.160974083563039,-1.41364682729548,-1.21862497735348,-0.290935982048643,-0.679895611985837,-5.6439721409521,-2.97652388109536,-1.05292001375099,-0.216277160200243,-2.63411912003452,-11.5732549043583,-6.00281543160386,-0.0212051551101221,-10.4207319638275,0.00449977058312704,-6.3645208375836,-5.33206898653522,-0.0702904650519729,-3.80336904241158,-7.84551403467444,-9.18411359702712,-0.0788488103362497,-3.42603299540433,-0.75815393503542,-4.43685249890111,-4.96947604444633,-3.24345099330909,-1.04310388306511,-0.494504975949888,-3.09857244603266,-0.353369009483717,-0.494192209383662,-3.55042099076868,-2.65558145480033,-2.56031208051464,-0.237033559151803,-6.52205546221486,-3.74206237942743,-0.461570399469396,-7.75011439918868,-4.08227648342115,-0.225331267762355,-0.174388577750768,-0.246705231618375,0.0233221051219916,-0.15624249162074,-5.36556165559363,-0.0652800719011835,-1.36374864139794,-1.55379575812129,-7.27565370126221,-0.0269373245866115,-4.51668053681855,-4.51530351774775,-2.98118260508662
"DESMOSOME",-8.42566638466863,0.376580584228351,-5.34396600257286,1.70638009074472,-3.62585445622378,1.48813901846324,-6.12477253750026,2.24055501496709,-3.10084103495121,-8.24525598663549,-6.63726320958936,-1.90900720842748,-0.804799185125556,-9.02509901808995,1.17564798595634,1.60177491938844,-1.13700173740594,-5.02982967373383,0.443574850817115,2.23232678157257,-4.35441948115323,2.22187673478951,1.86166677532325,2.18216973405429,1.52740756386399,2.22564322224165,NA,-2.30368280569003,1.30757535759709,-1.10376236730973,0.177438525103162,1.87198500062425,2.01489274386423,2.11511393586662,2.03342073557835,0.809963680624065,0.98020769544665,1.9418515521813,1.50508028328586,-3.42895056279805,-0.731722564285309,1.24439966027564,1.99081330375889,-0.458455936244436,-9.53068559321542,-3.80609121045645,2.18499218451214,-8.23044994569329,2.20483654741872,-4.19351879300179,-3.11654428031854,2.1216990960893,-1.64903236769528,-5.67743750949802,-7.04207402097273,2.10351749833982,-1.18581309674449,1.4495201737918,-2.22192681043306,-2.75684384883661,-1.05163286225301,1.16337487554786,1.72308792447275,-0.803586545893308,1.88188634956364,1.70463740703102,-1.38827162186781,-0.522299297041938,-0.323708627849151,1.98461878639921,-4.37092396343129,-1.57104265777882,1.74358983752703,-5.51817258706908,-1.89221680543182,1.97495927058315,2.05050876503062,1.92757834307686,2.22584195716157,2.0826616541429,-3.16050412044244,2.12971350708921,0.829654243893201,0.689604994112901,-5.09644198523266,2.19270326032377,-2.38301571920773,-2.35861860013467,-0.745870156465529
"DHEA",-6.30473874044847,2.7010403722133,-3.07068059850513,4.08430995223553,-1.31259884748448,3.78537119684089,-3.64374526483378,4.53057249823534,-0.77372473663906,-5.94882728902906,-4.39694182317042,0.429873047563495,1.46390762756822,-6.57771982223053,3.4909022719203,3.93761941987752,1.16661756851444,-2.98140572438423,2.75948544103125,4.50378589838872,-2.14694182461346,4.54867464310066,4.16096829353592,4.47811635542551,3.81071762066141,4.51262346597491,2.30368280569003,NA,3.64775436110059,1.17581966836533,2.47775248069989,4.17284719149475,4.32063660037663,4.44323531049566,4.33552838678096,3.12799640104434,3.29029876968101,4.27096761026975,3.87779707671275,-1.19445547090238,1.5809630981437,3.48219340385841,4.33257148066898,1.84605355190095,-7.33079028892098,-1.43930063717414,4.49512575186716,-6.16303297269984,4.48922924729333,-1.86162297343048,-0.853230700568438,4.45543378664004,0.705318953970872,-3.45945250874028,-4.7612948967899,4.44669866720226,1.0781051808965,3.77042520442246,-0.0294932902675842,-0.457363892869932,1.26119688683197,3.47615742073408,3.9730665234272,1.43173422684025,4.16418252508217,4.0396151596895,0.984468625306675,1.88430701678176,1.95809232511803,4.29422430156482,-2.02209283312817,0.800816465630559,4.0556208370331,-3.41486208867132,0.388341319682603,4.2803876609928,4.34057188835359,4.24057887190944,4.53059392552313,4.35573270876541,-0.896463125084146,4.43177883443357,3.15207010692581,2.96799541937037,-3.05309132410371,4.50815852699304,0.0232285821286342,0.0110830622565596,1.46109518635814
"DHT",-9.71981274175647,-0.955066647362759,-6.71482417442332,0.39994126820571,-4.8943434162519,0.145555267903024,-7.35104799855949,0.901934072907002,-4.43551261041622,-9.58958877089093,-7.83592471401987,-3.21917935582295,-2.13472719421242,-10.2938047663116,-0.139846479004495,0.257055835324032,-2.45820644982888,-6.42323879603887,-0.855564585002946,0.868535738799788,-5.83967981055213,0.886188988836111,0.510444383178578,0.822781910617613,0.207358351539487,0.865941608686493,-1.30757535759709,-3.64775436110059,NA,-2.45259394372349,-1.19030472340488,0.489552975737427,0.662942633237217,0.780311442876344,0.68665287687313,-0.513659543472643,-0.349923956909525,0.604791981094765,0.189849721900758,-4.83543143640848,-2.11049063542793,-0.141333461347006,0.661575752078563,-1.74168935885858,-10.7464013916324,-5.10355262324061,0.844721826628987,-9.58048215858769,0.86402874095182,-5.4979369550021,-4.45979840635044,0.79117743296385,-2.96636664221835,-6.91884591951558,-8.26911595514843,0.779631477650649,-2.56275653501478,0.104383639129603,-3.52671233717115,-4.07563576271919,-2.35736740674472,-0.180015518520508,0.390226533811145,-2.14204473178625,0.526551387880956,0.381186761984672,-2.64544124000367,-1.80809333575422,-1.65011222427497,0.658694400494097,-5.6270671702258,-2.85298075556737,0.400476952437749,-6.8830815301569,-3.22110797381362,0.626872580869888,0.697302420055037,0.61442735362795,0.883353004150414,0.718577219234405,-4.48400146609345,0.802088996271546,-0.497596925518164,-0.660081116573067,-6.4320911647408,0.874263371389287,-3.6826474406349,-3.63455292197894,-2.10441208428243
"EDA",-7.46589241351549,1.4578008321247,-4.2602635812835,2.83499803829893,-2.47541714796748,2.604605024019,-5.09396320466112,3.3156220643229,-2.00624768757567,-7.30896035924745,-5.77466811668442,-0.781528708667776,0.249041946052436,-7.7030555328396,2.31003980455193,2.71079526787859,-0.0718872138491662,-3.77455712490581,1.52576283167483,3.31036214669014,-3.26512498141954,3.31784244431257,2.98619872292893,3.28786250843903,2.62748960758663,3.31345725495315,1.10376236730973,-1.17581966836533,2.45259394372349,NA,1.22769067409819,2.97089153669422,3.12886146301896,3.22368028354908,3.14260774703779,1.87574756482992,2.07618470927995,3.00040618785915,2.60379927113939,-2.40789666200809,0.352796022040972,2.28264802336742,3.08488075553705,0.71919221382472,-8.58928255108926,-2.73546832382821,3.29082961829122,-7.24889095495101,3.29521662909251,-3.04739340844886,-2.03748695187833,3.22418198905857,-0.543891924453246,-4.33881381177121,-5.95967307923793,3.24951147056691,-0.118566419481832,2.53062522875121,-1.26657920253389,-1.6577061432085,0.0668599812403419,2.23832505612476,2.85932990889587,0.331908610361304,2.97226286639148,2.81181193659581,-0.181182847968996,0.636870740946298,0.748379388357445,3.10262452692283,-3.24006976444006,-0.404986078948706,2.85740719376021,-4.36241769013834,-0.80399330850544,3.07987965323594,3.14190653819336,3.06900386097453,3.30643223495199,3.17730527492856,-2.1109960109008,3.22852604520187,1.94545719269411,1.78060570474632,-3.85563849716972,3.31395294662162,-1.20683006785304,-1.28263385316643,0.325407912701386
"EGF",-8.71976646583958,0.211490152010674,-5.50331992159548,1.55295657468447,-3.68516456054112,1.32652822414586,-6.2921753319177,2.08388818011763,-3.27606720011189,-8.47794162303807,-6.64566930483134,-2.02909535421073,-0.988250272948063,-9.1456283353489,1.05272744348058,1.4526727225906,-1.28024430334634,-4.9846628318655,0.308198298990164,2.0712041348201,-4.50085751509415,2.09348089226476,1.72575183160329,2.00093710037574,1.380910681382,2.0550379480751,-0.177438525103162,-2.47775248069989,1.19030472340488,-1.22769067409819,NA,1.69529402368812,1.86626456408122,1.96990629170803,1.89019094956767,0.646075540230416,0.849548482429082,1.83551996742924,1.38006030643576,-3.64819088882567,-0.916402492762976,1.00129665660912,1.82177637817514,-0.570690624420052,-9.60306187433765,-3.91535564379446,2.04851380501034,-8.44261341379457,2.0626227454308,-4.24680886946971,-3.29783575489404,1.98104436937439,-1.7471946094855,-5.57167397952024,-7.2013265276,1.99418717602799,-1.42488243056267,1.29050950214639,-2.26522168785235,-2.87569733288364,-1.18123065447515,0.991535446499937,1.58428178115574,-1.01850758631708,1.70505100100219,1.57418588785356,-1.4372779425248,-0.603992135678462,-0.425369789387515,1.81201474594036,-4.49339882248996,-1.66846605263887,1.60179294135141,-5.64063816085012,-2.06401645358865,1.83000416778885,1.90751846801225,1.79667710542038,2.08550773545817,1.89411332008267,-3.32808525345023,1.99697312058989,0.688684650224906,0.52693523209989,-5.08523919622292,2.0533083508592,-2.48929968292948,-2.53165595147462,-0.935267109769303
"EPHA",-10.3345789890606,-1.50047173403128,-7.21166855931349,-0.102936528400424,-5.45672064679865,-0.331889548632916,-7.91717216670891,0.387728453577895,-4.92656926596263,-10.1509445207453,-8.44869574564395,-3.75646255166072,-2.68262650644849,-10.7241824632668,-0.671006488226291,-0.287276026785088,-3.02103826261023,-6.9099950591018,-1.40380837296799,0.385302616119706,-6.22461358530667,0.374355177282184,0.00567700594854173,0.316398185726205,-0.330766868137388,0.375268651579776,-1.87198500062425,-4.17284719149475,-0.489552975737427,-2.97089153669422,-1.69529402368812,NA,0.136194809342488,0.276391831755055,0.156095164909646,-1.04493051806561,-0.879781718914346,0.103376589192643,-0.328361729285853,-5.34400788168794,-2.62096507341419,-0.694689530575996,0.14647755613574,-2.25849965303124,-11.3212099399766,-5.66010837921355,0.32303091873003,-10.1949131009274,0.339295265987473,-5.95223861513062,-4.9853554211059,0.278372668224029,-3.45182649762947,-7.42238610585104,-8.72823018505626,0.305793182179856,-3.06035175019679,-0.397985675746091,-4.00071632051743,-4.55825135638556,-2.89935705027498,-0.676951557684999,-0.148612870807725,-2.73082832851122,-0.0082331333184828,-0.136642781845164,-3.18947605600177,-2.33523556325297,-2.18759680766082,0.134957369612658,-6.1712026861636,-3.32649644050464,-0.0873597576366529,-7.40987065696234,-3.73567703750009,0.124489735556013,0.176117640423702,0.111164806515552,0.381131131371007,0.205234123353599,-5.00773666489401,0.309219344746253,-1.02532345189386,-1.15758244007477,-6.96796754929069,0.33865081979237,-4.16381070139806,-4.16660778990773,-2.61527300937467
"EPHB",-10.4693641405737,-1.62278285123381,-7.36701881954684,-0.293569658894704,-5.53286786953462,-0.520640626544834,-8.00342977743804,0.230696449631008,-5.11275957835523,-10.3078234701977,-8.57167318353825,-3.89244129535895,-2.83653531467854,-10.9649123402299,-0.802963569119991,-0.399442169370735,-3.16078290807312,-7.13899716179736,-1.54915056842113,0.220216887083849,-6.48776466102808,0.219154992444465,-0.150039019628569,0.17303485925188,-0.484327800620072,0.201474609772644,-2.01489274386423,-4.32063660037663,-0.662942633237217,-3.12886146301896,-1.86626456408122,-0.136194809342488,NA,0.121821663220574,0.0340338432381519,-1.1643333196019,-1.04947867129941,-0.0487629481508589,-0.48053570770415,-5.49289973734788,-2.72034940539513,-0.812477901406509,-0.0133536935855957,-2.42525569347503,-11.460379484693,-5.81465862071387,0.199184929252372,-10.3773365241145,0.19993930594521,-6.11446759129695,-5.13963092572348,0.120758413384231,-3.5969199329444,-7.65461687115868,-9.00090433300189,0.139076043905519,-3.22070161310156,-0.558949320489937,-4.18408671977803,-4.76048060550441,-3.05838737482217,-0.859072830559242,-0.25339405567948,-2.86831481776201,-0.155128554594898,-0.286159235405623,-3.35074747268196,-2.42666986661547,-2.3445987200918,0.00850578123165555,-6.3405314427294,-3.52016935377003,-0.234856447837289,-7.51236548809783,-3.89385658948754,-0.0324605883876098,0.0266776681227231,-0.0505364551990769,0.233836410476446,0.0490257098457592,-5.1955579638599,0.138584185466846,-1.13444704325301,-1.32114972974928,-7.06220742943598,0.191868774838403,-4.3838273073888,-4.33807734355453,-2.84543333243067
"Estradiol",-10.6163203187128,-1.75419863533687,-7.48659498850536,-0.394892039882806,-5.68666250597128,-0.642922693161126,-8.12299068496138,0.0936607985117972,-5.24112471987172,-10.5285008166765,-8.71057310502639,-3.98959059797135,-2.9604973657585,-10.9819684676601,-0.959820280428022,-0.530631411743894,-3.26999471030111,-7.17596126983639,-1.75362969856051,0.0939051539938341,-6.59789144846542,0.0895881689805068,-0.29889593689806,0.0332720403363795,-0.59554905614552,0.0792286215369691,-2.11511393586662,-4.44323531049566,-0.780311442876344,-3.22368028354908,-1.96990629170803,-0.276391831755055,-0.121821663220574,NA,-0.0989487465539126,-1.31947875486132,-1.15805386629403,-0.210595441606609,-0.599302134415904,-5.64847999521513,-2.8749958135266,-0.947568417110534,-0.133865216432557,-2.54254472397265,-11.6065062335907,-5.88295204147446,0.0715796510750356,-10.4996201640236,0.0845143108569349,-6.20130612515158,-5.2907856849609,0.0152778288402829,-3.72365580253234,-7.81016305943408,-9.08393184433325,0.0188990254391174,-3.33313971014733,-0.67079497018639,-4.40474804902301,-4.87028807651069,-3.14151578263136,-0.957668208184367,-0.402311237001216,-2.98666424632944,-0.279286296071185,-0.406243902081881,-3.48959447545988,-2.56192331596986,-2.48926034156718,-0.130126138825789,-6.43055204225101,-3.63777225538078,-0.370948325248831,-7.69470391138508,-4.03743019200575,-0.146284285851529,-0.0927756143725951,-0.192695103570726,0.108415701245414,-0.0750472081288534,-5.32234903634163,0.00445104465685003,-1.30204302486153,-1.46884990008334,-7.21542302781316,0.0630750802897083,-4.42395263946592,-4.45659668076483,-2.9134976331371
"FGF",-10.6118490985785,-1.68053258607781,-7.37853026006005,-0.294260896802254,-5.57465371863673,-0.553381622859962,-8.07002579545371,0.182906353832,-5.1257408747359,-10.3500858985647,-8.54251243926697,-3.90758967537555,-2.8725752414127,-10.8618956893476,-0.860904801165699,-0.424907479025678,-3.18360466590073,-7.11518531168546,-1.58776177346373,0.168607378428236,-6.60851898038304,0.182258271117789,-0.196858708261818,0.139292598400586,-0.481824876508368,0.160974083563039,-2.03342073557835,-4.33552838678096,-0.68665287687313,-3.14260774703779,-1.89019094956767,-0.156095164909646,-0.0340338432381519,0.0989487465539126,NA,-1.21832813019089,-1.07641926455326,-0.121215737100142,-0.520794394740066,-5.62903038690366,-2.81529558455063,-0.839215310600537,-0.0425366069882714,-2.47249333826101,-11.6351125512965,-5.83403098678564,0.152822976656349,-10.4016320349515,0.15961432733505,-6.10107347908737,-5.21538990298983,0.0823599386249871,-3.65422930912156,-7.75592722455589,-9.08012596484491,0.102645864449046,-3.24056761149502,-0.576714109700771,-4.21079337364859,-4.78000180158903,-3.06877595270634,-0.881063851434595,-0.328229954524743,-2.87735778835208,-0.171481007328655,-0.336338686068467,-3.37115333217437,-2.49915012111006,-2.3905305492758,-0.0250870538093181,-6.35371906559343,-3.5747084773976,-0.288863299829966,-7.66790190123784,-3.89482239238431,-0.0543115606952723,-0.00591946997737361,-0.0870839712631377,0.16690338982408,0.0174320494712653,-5.20891747228868,0.0990432267434835,-1.18930578325247,-1.38646593885227,-7.1814779423239,0.159136190673064,-4.34257315819981,-4.33246384877373,-2.77713250242112
"FLRT",-9.25628380453839,-0.433038868436343,-6.17069711112625,0.923213014334721,-4.33870379052726,0.692785727914286,-6.80213642740983,1.43130757196815,-3.92003251724216,-9.13284397739913,-7.50220999143975,-2.65690226048158,-1.67694148586848,-9.59005388513885,0.367998897398849,0.794079915600467,-1.92632606499322,-5.84078110992069,-0.332169245802465,1.40368016962638,-5.28625524665424,1.40992856732854,1.03020747627186,1.33700737771139,0.713568610055764,1.41364682729548,-0.809963680624065,-3.12799640104434,0.513659543472643,-1.87574756482992,-0.646075540230416,1.04493051806561,1.1643333196019,1.31947875486132,1.21832813019089,NA,0.18039775655959,1.11002254037146,0.71171328737656,-4.359063432034,-1.50437266259665,0.407733393776108,1.17067932330803,-1.24735100260578,-10.331455071484,-4.61032690095666,1.38127747031766,-9.04454826779314,1.39106110412621,-4.91548266741757,-3.93413200450197,1.33033790821033,-2.4228125765909,-6.36204421394022,-7.891986009488,1.31875490697163,-2.02111752190286,0.61548629916402,-3.0655121090897,-3.53966617887978,-1.88482431343256,0.346130730659182,0.897363278336331,-1.66731660415426,1.0440165034595,0.875890414238184,-2.16665179874308,-1.29380884767835,-1.13734765144997,1.16093705785174,-5.13454001717162,-2.36484271734943,0.9349560046781,-6.23928267198113,-2.71869652841289,1.17482344498467,1.22883887222252,1.13312359981657,1.42237880167662,1.2249168897694,-4.00734383808778,1.35203275478328,0.0465079056755348,-0.13648866621847,-5.85907733549833,1.36805756447976,-3.12662915882054,-3.10636268488205,-1.53793519787083
"FN1",-9.37438932899795,-0.599811947226264,-6.34879598369,0.762763445355937,-4.45587498614142,0.503740735822365,-7.08730288924341,1.27140897234631,-4.10432135634075,-9.42302066476841,-7.59878177182629,-2.87126981184303,-1.80758321106857,-9.90935286828183,0.214126978262806,0.619920274082499,-2.13383535577749,-5.99826917247122,-0.536766870126808,1.20963585126186,-5.44158116913512,1.23387872699504,0.872143503067699,1.18129669431441,0.528030286672331,1.21862497735348,-0.98020769544665,-3.29029876968101,0.349923956909525,-2.07618470927995,-0.849548482429082,0.879781718914346,1.04947867129941,1.15805386629403,1.07641926455326,-0.18039775655959,NA,0.938123799399835,0.542855371732648,-4.42005483381115,-1.70343883829677,0.234514173406366,1.0353968492971,-1.41219662073529,-10.6458257963215,-4.80917452902554,1.18587491065712,-9.51672254822037,1.24160122048829,-5.12622065648793,-4.07305119514337,1.16481763548933,-2.57058505995194,-6.57237119902726,-7.92756676517789,1.14405858760022,-2.2437181540361,0.436971015509345,-3.16504263227524,-3.75290172008755,-1.9857054354077,0.173069311806452,0.733191530775626,-1.81028633190446,0.88784504447946,0.726824945158643,-2.36860078431833,-1.4231961316995,-1.31958824029418,1.01942742792523,-5.26038279721464,-2.52064406968008,0.767424228627919,-6.53269730432718,-2.8909047091334,0.981294233187308,1.0436642184626,0.960604858153105,1.23595624929417,1.07826774914577,-4.14957829176126,1.160497794762,-0.155493785526174,-0.301164538004693,-6.03378749271263,1.21624043856633,-3.29986095261175,-3.27809343267251,-1.80942535820522
"GAP",-10.3842443341024,-1.5502277213741,-7.28220430946791,-0.204903763084316,-5.46277055069977,-0.451975531467167,-7.9741450175058,0.303036215510478,-5.06174482676078,-10.3084544326658,-8.52492698104253,-3.81070716356228,-2.79548589625286,-10.962445845772,-0.749900901643373,-0.335478825215441,-3.10888316337062,-6.84262204475266,-1.50873817182941,0.274636068877384,-6.38401791254793,0.296689871869646,-0.0894730742950429,0.226615589887393,-0.398559268064234,0.290935982048643,-1.9418515521813,-4.27096761026975,-0.604791981094765,-3.00040618785915,-1.83551996742924,-0.103376589192643,0.0487629481508589,0.210595441606609,0.121215737100142,-1.11002254037146,-0.938123799399835,NA,-0.414539300040495,-5.44327218596742,-2.67934755888771,-0.775026856824995,0.0549275907598211,-2.36940821651259,-11.5004152971322,-5.77743790211439,0.258647739436463,-10.3423974734219,0.273838886781154,-6.04967883516669,-5.10129409376411,0.198774022588562,-3.55002192819854,-7.49355587908588,-8.83052670941597,0.217491049207362,-3.16404768375641,-0.486041538187227,-4.2095811214517,-4.67903675586174,-2.99429852142204,-0.76487603558072,-0.217184519907084,-2.81677106518089,-0.0788829066204476,-0.225326236319983,-3.32306938311378,-2.36046951489215,-2.28875725738675,0.0694394471909845,-6.26332945117875,-3.46789106464755,-0.188571970810386,-7.38754663388007,-3.85675815387047,0.0360806019174611,0.099726802198502,0.0140536674539796,0.294555109459346,0.132350645654645,-5.10971459511004,0.206008626534524,-1.1351945750389,-1.27747349583897,-7.00583113771989,0.262031464804386,-4.26039147180785,-4.20987186005013,-2.73886100003268
"GAS",-9.85432884268254,-1.13041613808291,-6.87159238069832,0.202416015075961,-4.98786298690381,-0.0189911021957456,-7.44439046495652,0.699588304212027,-4.65882335328575,-9.91516634494732,-7.95968665199858,-3.37435433749322,-2.37119550996176,-10.4066740895458,-0.365700344859648,0.0795460938339664,-2.69445032149683,-6.59005483845185,-1.10420423405249,0.703178404276359,-6.03444095391537,0.704238866438582,0.317114161875189,0.654789565280718,0.0158476592070201,0.679895611985837,-1.50508028328586,-3.87779707671275,-0.189849721900758,-2.60379927113939,-1.38006030643576,0.328361729285853,0.48053570770415,0.599302134415904,0.520794394740066,-0.71171328737656,-0.542855371732648,0.414539300040495,NA,-5.07683420571401,-2.29394853490582,-0.356245980179776,0.482028351971894,-1.9636528795643,-10.976739351628,-5.32925275388716,0.661309302513126,-9.86419634855493,0.665057806768018,-5.65947463164247,-4.69579461098018,0.627552345657083,-3.13952977893631,-7.22006893708982,-8.52059391073583,0.60982236811659,-2.75036337940717,-0.0774892428113111,-3.78324167722776,-4.27424461482843,-2.51860503005402,-0.366565634886326,0.215463847560319,-2.36812594412977,0.33557009198415,0.209615869633324,-2.86768782097467,-1.96687653077967,-1.8649794858928,0.45946304709384,-5.85312110795763,-3.07170181855159,0.230906104662545,-6.98530874403064,-3.4125362813345,0.437421663194467,0.512323874066969,0.41179834677306,0.707823199832791,0.543016752129548,-4.69114810780502,0.603837562156636,-0.693331615129886,-0.850073884562535,-6.60566051185183,0.676421667102118,-3.87090269572713,-3.86301504053104,-2.32517290869362
"Glutamate",-4.85987518450103,3.75198488584384,-1.77985749688626,5.15058847091821,0.0278976834852651,4.98211969379265,-2.65394619464245,5.73275393499264,0.494797971303376,-4.71424679261401,-2.77835505288585,1.67679870937258,2.58912626714176,-5.43797133989657,4.52991868857491,5.04693340920367,2.32564425127589,-1.56682152660114,4.15253798465349,5.66365172374393,-1.04002598507706,5.76465954512758,5.28550749440134,5.68450560069006,5.09659641762552,5.6439721409521,3.42895056279805,1.19445547090238,4.83543143640848,2.40789666200809,3.64819088882567,5.34400788168794,5.49289973734788,5.64847999521513,5.62903038690366,4.359063432034,4.42005483381115,5.44327218596742,5.07683420571401,NA,2.7477506746571,4.7135112923086,5.46071804802049,3.04910865791585,-5.90226487748445,-0.27403844775781,5.64900654319987,-4.5729784201755,5.65353636467585,-0.559554007197205,0.266358858269542,5.56127159467073,1.7841846260791,-2.01036341164857,-3.75038395144821,5.58360782842802,2.21086937677286,4.96299374040314,1.24418053115458,0.733679388214503,2.35398326688196,4.64501883885545,5.23666053209912,2.78034641467137,5.33960519468787,5.18310750262775,2.26855768959638,3.13511174851526,3.14462169433821,5.51731317814937,-0.844895157898559,2.00049735909768,5.24321730752659,-1.87501605577994,1.53963403929279,5.42489759207355,5.53438864560058,5.50823315273461,5.68888953103858,5.52489689052213,0.178010830410037,5.63038420801686,4.24650135002035,4.17255933200959,-1.56253757270115,5.76953245901702,1.09206160520768,1.15611176142806,2.71626721677672
"HGF",-7.83502767232784,1.15489421718818,-4.65200106564423,2.50034177539954,-2.85388715215185,2.22834349438164,-5.24112893181831,2.96251851173119,-2.40293519490312,-7.57066418381467,-5.8890496286535,-1.17106225178705,-0.102529077647112,-8.11375533027353,1.92221057123328,2.33360681781889,-0.372552331693001,-4.36665675156029,1.21886404302815,2.94304321152583,-3.6616691596976,2.98816257716925,2.59421189133999,2.88666740001687,2.25856308931921,2.97652388109536,0.731722564285309,-1.5809630981437,2.11049063542793,-0.352796022040972,0.916402492762976,2.62096507341419,2.72034940539513,2.8749958135266,2.81529558455063,1.50437266259665,1.70343883829677,2.67934755888771,2.29394853490582,-2.7477506746571,NA,1.92101419911848,2.75967042326063,0.269701649921735,-8.8600483107369,-3.0573908749997,2.92511433508191,-7.81993301806652,2.93931313568786,-3.45809200398369,-2.37564406325982,2.87924642596047,-0.867146655437695,-4.86513779033305,-6.31840967526884,2.83832861886388,-0.537704115552898,2.1863750603512,-1.53305771493562,-1.98670014403221,-0.330907159423282,1.9034226200695,2.40667825947316,-0.0921139472420671,2.62244593855787,2.43122383119668,-0.60271895760318,0.300725181396153,0.350524819236701,2.71777465352403,-3.53187485256227,-0.799544592878547,2.43914007211607,-4.82033121504161,-1.22436206175196,2.71428064449618,2.78977640189974,2.66670659733307,2.95664530651944,2.78463977633144,-2.4309792226411,2.89143955766968,1.54925671873424,1.40338466791553,-4.53465947010293,2.95861442047029,-1.61259847725347,-1.58998292663101,-0.0794325103377731
"HSPG",-9.58341637616772,-0.811376426540336,-6.54305068787823,0.541207477270639,-4.72898849431051,0.276417757348468,-7.15017412385799,1.04147510134068,-4.31702338285415,-9.62495207564958,-7.61557195387079,-3.02041679107831,-1.99802867912773,-10.043783314124,0.00969558628120359,0.40193757862053,-2.32777832331823,-6.2619222728628,-0.702190518134497,1.01064308953411,-5.69898849752534,1.03640567974536,0.661555183451646,0.953007623995711,0.338290628690745,1.05292001375099,-1.24439966027564,-3.48219340385841,0.141333461347006,-2.28264802336742,-1.00129665660912,0.694689530575996,0.812477901406509,0.947568417110534,0.839215310600537,-0.407733393776108,-0.234514173406366,0.775026856824995,0.356245980179776,-4.7135112923086,-1.92101419911848,NA,0.818110564071859,-1.64062795978328,-10.6279378467994,-4.98091097768931,1.02014491095207,-9.54178785940425,0.999441358309667,-5.23584177537684,-4.29618570722942,0.945554814878712,-2.78989172624777,-6.84053237528961,-8.28909341177045,0.932763623667524,-2.36010975320549,0.24761303503212,-3.4341243238694,-3.89851671909124,-2.19808896337336,-0.0256414886907441,0.536759585629211,-2.01015729519032,0.679134153659651,0.52154890577339,-2.53222535909736,-1.62944658582662,-1.52296334358703,0.778270144385396,-5.4937547993604,-2.68812168592204,0.562720792558212,-6.67658749619418,-3.0648042794125,0.781386023775031,0.860468899207923,0.772487156565026,1.02747103152636,0.899032436575675,-4.33481857066106,0.966750804778138,-0.329476569856468,-0.536039207359434,-6.37595542169935,1.01030968505319,-3.45569144796305,-3.48944809428975,-1.91458100003568
"IGF",-10.3910096659886,-1.61789076154311,-7.35296547935345,-0.266486872829679,-5.54725337047799,-0.49088879815354,-7.9359310870296,0.244868000996896,-5.11525012460868,-10.3274892873267,-8.57034338389846,-3.8734301366258,-2.83797793929381,-10.8765439262485,-0.818971403334827,-0.409257513881307,-3.16456176776264,-7.02900281804816,-1.59343439258609,0.227563285783852,-6.42360763192482,0.22840223474163,-0.156337151158276,0.197815148978711,-0.474754983533416,0.216277160200243,-1.99081330375889,-4.33257148066898,-0.661575752078563,-3.08488075553705,-1.82177637817514,-0.14647755613574,0.0133536935855957,0.133865216432557,0.0425366069882714,-1.17067932330803,-1.0353968492971,-0.0549275907598211,-0.482028351971894,-5.46071804802049,-2.75967042326063,-0.818110564071859,NA,-2.42224357892346,-11.525431272302,-5.792774194758,0.205115611785605,-10.3966674240086,0.209609583399823,-6.09162304004893,-5.14787394773684,0.136619020488439,-3.65536070538405,-7.58312997852163,-8.84524974662765,0.13734791391376,-3.19845680364754,-0.55383335641429,-4.1912600402213,-4.73204814690218,-3.02511832345307,-0.836767283070061,-0.242350306923864,-2.87222832925982,-0.131576862690404,-0.279635323452966,-3.36939774819664,-2.42199538544878,-2.31880087489802,0.0129986857426596,-6.34100631950596,-3.4942684552279,-0.223725072552365,-7.61902815529975,-3.90520050677012,-0.0188960932237295,0.033029927085436,-0.0293764876088242,0.215467266368714,0.0715149456747776,-5.1823165706714,0.139160190532322,-1.18340530437174,-1.31277402286318,-7.08606412704595,0.218914032543221,-4.29738232577748,-4.29005322671847,-2.82738804819674
"IL1",-7.85174099402408,0.809938560566047,-4.92524532254878,2.15102429281821,-3.09111512433088,1.90445345430666,-5.64537857044949,2.64064127327482,-2.69736285221585,-7.88711665219685,-5.93515402966059,-1.5073655299824,-0.406704638374001,-8.44639034456276,1.6102505988193,2.0292316934658,-0.690934682819126,-4.65808509998655,0.948760618590935,2.64922930392123,-3.98187386797625,2.66572586505334,2.27516921684654,2.62466860988181,1.95015096180066,2.63411912003452,0.458455936244436,-1.84605355190095,1.74168935885858,-0.71919221382472,0.570690624420052,2.25849965303124,2.42525569347503,2.54254472397265,2.47249333826101,1.24735100260578,1.41219662073529,2.36940821651259,1.9636528795643,-3.04910865791585,-0.269701649921735,1.64062795978328,2.42224357892346,NA,-9.00239319677048,-3.33413095989062,2.6124456398446,-7.958656448761,2.63818777755352,-3.66121023094339,-2.6769148883863,2.54467828377679,-1.15933586524724,-5.3230736321183,-6.48506311845342,2.56900583352855,-0.789154437774252,1.85016557582956,-1.80069171528313,-2.2977944864504,-0.61951775302404,1.57818744764324,2.12287514335602,-0.402517562887195,2.31865389018151,2.14692680552564,-0.920773993315984,0.0108091720864698,0.123924617710114,2.42702166271468,-3.85259353383834,-1.12475612957096,2.17327746371932,-5.13042720201359,-1.48658374399972,2.39665115582931,2.47087715866393,2.3643036973552,2.64123349939748,2.44122755306956,-2.75333186583084,2.55557037198728,1.25825286256386,1.07249289871514,-4.74904355304836,2.63010426153721,-1.91738136729412,-1.91399838764071,-0.304268135476729
"JAM",1.1132770852554,9.96404173627191,4.34223401117448,11.2184589725047,6.07636477953234,11.0191872972492,3.51624409962914,11.730700145462,6.23296038750209,1.61679008083349,3.16396514216941,7.98130888015113,8.74277386517721,0.550087563948097,10.7029599895481,11.0914712057759,8.18294079624422,4.04049159084591,9.84347572280885,11.7856260665974,4.72953952009047,11.7846494929452,11.2607700481104,11.6280430773797,11.0094423370508,11.5732549043583,9.53068559321542,7.33079028892098,10.7464013916324,8.58928255108926,9.60306187433765,11.3212099399766,11.460379484693,11.6065062335907,11.6351125512965,10.331455071484,10.6458257963215,11.5004152971322,10.976739351628,5.90226487748445,8.8600483107369,10.6279378467994,11.525431272302,9.00239319677048,NA,5.98592686017889,11.6492167518852,1.35684769847712,11.6165904718376,5.75928234716776,6.47456614712149,11.5305229486137,8.11247611465062,3.4284822245418,1.92328166812706,11.6052465873961,8.42685389544322,10.876952672207,6.84528625814348,6.96866492833024,8.45566782784752,10.7497850450671,10.9548776052241,8.61370957840001,11.2643519152245,11.2763856108121,8.14287558661385,9.01365196902845,9.28049369127869,11.450111790806,5.31738820885331,8.36088315808068,11.3229630929838,3.54676470427729,7.50659047546437,11.4821821137794,11.5062848195196,11.3795455083459,11.749101848868,11.6003974208319,6.39676643092476,11.5777678123842,10.3907855425681,10.2213869333568,3.98916375239873,11.6656890276579,7.36751114241957,6.95672152180558,8.59659795881792
"KIT",-5.01729285440366,4.16602481712327,-1.57813980572192,5.47209729167969,0.264799000319667,5.22217656842427,-2.32346517892423,5.96970249610369,0.70017572942633,-4.56268188197239,-2.94040062177492,1.87800823780776,2.96824676906862,-5.26937144899266,4.97607395436763,5.39121249715853,2.65848891421216,-0.898165791559447,4.28490303217008,5.98019338848462,-0.762778354088069,5.98712862421119,5.66981853321904,5.96257186992661,5.33551602195804,6.00281543160386,3.80609121045645,1.43930063717414,5.10355262324061,2.73546832382821,3.91535564379446,5.66010837921355,5.81465862071387,5.88295204147446,5.83403098678564,4.61032690095666,4.80917452902554,5.77743790211439,5.32925275388716,0.27403844775781,3.0573908749997,4.98091097768931,5.792774194758,3.33413095989062,-5.98592686017889,NA,5.96920366009366,-4.68028961402502,5.98602596023541,-0.315031583771716,0.551647213075102,5.9195666312962,2.16921330452829,-1.56032914870502,-3.34130679252692,5.89222901283545,2.57020787085314,5.17949153451955,1.53221605233742,1.07945684706602,2.71338417822203,4.94063923676986,5.5088528196865,3.03559245743804,5.65316607046168,5.48981526868796,2.48751409987014,3.36814257400046,3.48220753798836,5.78333832661107,-0.564965001735481,2.24996047584528,5.5621614902481,-1.57957252323203,1.90010060790368,5.77118919292878,5.84171373644087,5.78955714075999,6.02811165197002,5.88809997447433,0.594376109343251,5.95005829584287,4.62783156466719,4.49574276810578,-1.06584126490874,5.98824693425334,1.45112924310992,1.43268925277886,3.03431966861647
"LAMININ",-10.649670927162,-1.81635673379807,-7.54668840970498,-0.448517733094893,-5.71615616047405,-0.701933858757512,-8.24210234507979,0.0360754069529278,-5.30179610456871,-10.5354720746934,-8.76742589002455,-4.07767559432189,-3.01476068852251,-11.1588065545474,-0.976142430067075,-0.609877778419152,-3.34153911461535,-7.23518122946671,-1.73702577710257,0.0215200837379706,-6.57982398880151,0.0205552785462857,-0.334097330659045,-0.0142007241464679,-0.657069659511313,0.0212051551101221,-2.18499218451214,-4.49512575186716,-0.844721826628987,-3.29082961829122,-2.04851380501034,-0.32303091873003,-0.199184929252372,-0.0715796510750356,-0.152822976656349,-1.38127747031766,-1.18587491065712,-0.258647739436463,-0.661309302513126,-5.64900654319987,-2.92511433508191,-1.02014491095207,-0.205115611785605,-2.6124456398446,-11.6492167518852,-5.96920366009366,NA,-10.571869393837,0.0264029682256723,-6.32143171843932,-5.31295959072282,-0.0632485970960431,-3.83513668262255,-7.71111026420609,-9.05372108918311,-0.0593637032057385,-3.40489973947852,-0.747354774384204,-4.31503543142203,-4.90734235475404,-3.22414178892905,-1.03599636909099,-0.455105134981908,-3.03107431638648,-0.325493487770868,-0.468122545889888,-3.5146023113773,-2.6184379315103,-2.49491436272394,-0.200414062304912,-6.49379824496515,-3.68351857022751,-0.443405190024868,-7.69395508296021,-4.09767288214135,-0.216047367612973,-0.159799984843499,-0.244947806784492,0.0176222767306224,-0.121635185396434,-5.37932245355598,-0.0446378120452261,-1.35144354303277,-1.50824331422325,-7.2574271856404,-0.00799049180399115,-4.53367053493755,-4.49996048947558,-2.98822970957024
"LIFR",-0.329793725950311,8.71619415489779,2.92557240566937,10.0436101062904,4.81527067669697,9.86983206968491,1.86187914063287,10.6064378319578,5.30111179907408,0.12174879032933,1.82217753220944,6.6337873376515,7.63613134579155,-0.87095841577107,9.52076117709533,9.9476753287077,7.12620315374545,2.79520338319018,8.74734688100838,10.6433956821876,3.48562164842849,10.6147463702264,10.1844287812278,10.5249760237282,9.92324126009204,10.4207319638275,8.23044994569329,6.16303297269984,9.58048215858769,7.24889095495101,8.44261341379457,10.1949131009274,10.3773365241145,10.4996201640236,10.4016320349515,9.04454826779314,9.51672254822037,10.3423974734219,9.86419634855493,4.5729784201755,7.81993301806652,9.54178785940425,10.3966674240086,7.958656448761,-1.35684769847712,4.68028961402502,10.571869393837,NA,10.5623754473146,4.42940234780235,5.31290328992804,10.4464954396764,6.98620437343628,2.09059089188875,0.724035253724747,10.492281219154,7.12476687578948,9.86063235797386,5.66541210703216,5.71082305426398,7.28167050738601,9.67418159372351,9.60965646880823,7.25743918065026,10.2101368907015,10.1246373498687,6.9802499421009,7.67684560544178,8.15049349794069,10.3693561102572,4.1524970661185,7.00076879612109,10.1899097176597,2.31400118537634,6.43796369842312,10.408022790003,10.4148715106507,10.2277838461624,10.6254114151735,10.505204364618,5.1193001665498,10.5158061347194,9.19338818051116,9.02118426534042,2.79347287443382,10.4764749573884,6.22844598194621,5.87987903622419,7.47300246150466
"MPZ",-10.5956991596265,-1.79895293487381,-7.52130370358475,-0.465924906641409,-5.73344948418351,-0.7000100594213,-8.20055004738243,0.0270556630471795,-5.2963476780274,-10.4460462825404,-8.6906300862237,-4.09299922377599,-3.03430481929329,-11.1367117264872,-0.999018702342468,-0.620809269687019,-3.36740252462594,-7.30017201205684,-1.7231091419029,0.0157322828936652,-6.64121547139107,0.00770847546904301,-0.360495307735427,-0.0609690083529462,-0.674083393014512,-0.00449977058312704,-2.20483654741872,-4.48922924729333,-0.86402874095182,-3.29521662909251,-2.0626227454308,-0.339295265987473,-0.19993930594521,-0.0845143108569349,-0.15961432733505,-1.39106110412621,-1.24160122048829,-0.273838886781154,-0.665057806768018,-5.65353636467585,-2.93931313568786,-0.999441358309667,-0.209609583399823,-2.63818777755352,-11.6165904718376,-5.98602596023541,-0.0264029682256723,-10.5623754473146,NA,-6.30873763761191,-5.28119923345611,-0.0741697491556696,-3.76011913510383,-7.87709640747995,-9.06611367325041,-0.0713050077431958,-3.40303435319894,-0.768387622770445,-4.29985498427194,-4.92191001173909,-3.2350921876346,-1.05415145950496,-0.477132679890944,-3.02381575741675,-0.340767550063977,-0.505624244403681,-3.57393358172843,-2.66494830752489,-2.55206892618945,-0.220247726802448,-6.48236287944184,-3.71533638652332,-0.448806044799334,-7.78077238996317,-4.08301344088826,-0.224842140759079,-0.176610635025901,-0.255155089027156,0.0131354151772294,-0.138828791660955,-5.36064358056902,-0.0519644951617925,-1.35711746913773,-1.54194619949408,-7.25575559160337,-0.0174867684243844,-4.51773575078772,-4.49004839464755,-2.97914898147443
"NCAM",-4.68312237412688,4.48333454485172,-1.28393353033825,5.86535398967885,0.528255006350837,5.57774795368505,-2.09500157661904,6.32604504648202,0.979497797406477,-4.25227748456699,-2.62225371127319,2.18172619930388,3.31680763827644,-4.9757415129581,5.30706525158619,5.72839865524073,3.00627303537206,-0.975100349775049,4.58145025880832,6.29472038987559,-0.608553398510459,6.33948504314954,5.95962781192094,6.30096239738078,5.66356547921949,6.3645208375836,4.19351879300179,1.86162297343048,5.4979369550021,3.04739340844886,4.24680886946971,5.95223861513062,6.11446759129695,6.20130612515158,6.10107347908737,4.91548266741757,5.12622065648793,6.04967883516669,5.65947463164247,0.559554007197205,3.45809200398369,5.23584177537684,6.09162304004893,3.66121023094339,-5.75928234716776,0.315031583771716,6.32143171843932,-4.42940234780235,6.30873763761191,NA,0.958744556817017,6.22391156980283,2.51235995584655,-1.40974833952332,-3.08518990803196,6.25703392178827,2.90445521241206,5.49389833044407,1.82113340912829,1.35419128441566,2.98820802865913,5.298140842482,5.81152672126866,3.38871402628556,5.98747482158093,5.8107629275325,2.81656337568352,3.64973097548791,3.79963373835607,6.14157422052515,-0.256558301071507,2.5967568045708,5.87761229527892,-1.3507804328712,2.16168161501058,6.09380266251663,6.16287550371548,6.05050982300767,6.35635827480251,6.20251149841635,0.89295004485512,6.24431586985735,4.88654564766577,4.74025054765605,-0.955140710192441,6.26507294909544,1.7758727036926,1.75378808187396,3.30954200631278
"ncWNT",-5.35652720976656,3.55608034432931,-2.17971691670394,4.79292610752767,-0.46721976558919,4.62080932278638,-2.99504319690358,5.34903148256462,0.0401180238214738,-5.20306239350544,-3.51838341849585,1.28273162415122,2.31958031842737,-5.93300056861964,4.35381253767481,4.75949214782657,1.93924223311775,-1.92126820678909,3.602899020594,5.38818775820351,-1.23344920445545,5.38883073398872,4.9738859186621,5.31022489937829,4.6757690575945,5.33206898653522,3.11654428031854,0.853230700568438,4.45979840635044,2.03748695187833,3.29783575489404,4.9853554211059,5.13963092572348,5.2907856849609,5.21538990298983,3.93413200450197,4.07305119514337,5.10129409376411,4.69579461098018,-0.266358858269542,2.37564406325982,4.29618570722942,5.14787394773684,2.6769148883863,-6.47456614712149,-0.551647213075102,5.31295959072282,-5.31290328992804,5.28119923345611,-0.958744556817017,NA,5.33278752734014,1.5444060035716,-2.46712318938737,-3.88076659273578,5.33115081841565,1.94225958515562,4.63854899154094,0.841379548008607,0.422424707674576,2.11232811900475,4.31285086743436,4.86801233266837,2.27045724580084,5.03561052337438,4.85897675794618,1.84708266581618,2.70992172509332,2.7675818117842,5.14719584335944,-1.1562593957661,1.70911340141252,4.85523065887229,-2.37855131357837,1.19877441541404,5.1190563768616,5.2093839241005,5.1207796707508,5.34711826714095,5.20448199335388,0.0014920696304892,5.28762860763557,3.93355192257625,3.81889778981781,-2.13525588497422,5.34354746660766,0.849535161800901,0.784551491034933,2.32197819809832
"NECTIN",-10.6242969308205,-1.76259581793373,-7.5222394578126,-0.3910520512499,-5.62242669273946,-0.652372190617275,-8.18705972135065,0.109751341925718,-5.22191361310073,-10.408404925587,-8.66086101007325,-4.01824121751294,-2.9640780618878,-11.0288754905748,-0.930153009701131,-0.521807692633479,-3.2852114352776,-7.23834330495283,-1.70811620081039,0.0967404610312526,-6.62459063828948,0.100674983389606,-0.275006181200478,0.026672572500146,-0.601052027340405,0.0702904650519729,-2.1216990960893,-4.45543378664004,-0.79117743296385,-3.22418198905857,-1.98104436937439,-0.278372668224029,-0.120758413384231,-0.0152778288402829,-0.0823599386249871,-1.33033790821033,-1.16481763548933,-0.198774022588562,-0.627552345657083,-5.56127159467073,-2.87924642596047,-0.945554814878712,-0.136619020488439,-2.54467828377679,-11.5305229486137,-5.9195666312962,0.0632485970960431,-10.4464954396764,0.0741697491556696,-6.22391156980283,-5.33278752734014,NA,-3.73145225565434,-7.81954291936528,-9.11192589027777,0.00417491991067109,-3.32264568492405,-0.696148968582779,-4.35913496105642,-4.87405525015369,-3.16903895165524,-0.988303026677774,-0.3675600898693,-3.03642306365362,-0.278719788133023,-0.418360507404417,-3.46662908687085,-2.57313693083169,-2.4249074422973,-0.126392852559319,-6.44618157120311,-3.67160788254748,-0.386195202277522,-7.67462197052361,-3.99587646738647,-0.152806552456037,-0.117171937642941,-0.188115437473726,0.101385889555782,-0.0910637254225928,-5.32696773332782,0.0049647063044172,-1.29307309254396,-1.46989066053005,-7.19809221208921,0.0655751220526299,-4.46371969153084,-4.43724690094331,-2.93643779285783
"NEGR",-6.93461711255352,1.99824655604707,-3.81346517507542,3.33311663232768,-2.01918436209388,3.07129705787917,-4.56772719205286,3.85201866356316,-1.49355364534796,-6.62192355914657,-5.109498495254,-0.32720584197277,0.776793906781979,-7.28679618369502,2.7749019277804,3.22425071285839,0.463974632288747,-3.47632045852576,2.09530543580892,3.84108270838466,-2.69290168330231,3.81356284132747,3.48606196095716,3.77957376482588,3.12289746493262,3.80336904241158,1.64903236769528,-0.705318953970872,2.96636664221835,0.543891924453246,1.7471946094855,3.45182649762947,3.5969199329444,3.72365580253234,3.65422930912156,2.4228125765909,2.57058505995194,3.55002192819854,3.13952977893631,-1.7841846260791,0.867146655437695,2.78989172624777,3.65536070538405,1.15933586524724,-8.11247611465062,-2.16921330452829,3.83513668262255,-6.98620437343628,3.76011913510383,-2.51235995584655,-1.5444060035716,3.73145225565434,NA,-3.82668605205684,-5.37249798321887,3.73697862958381,0.334605244014897,3.01442792095511,-0.605321490425154,-1.14058508581503,0.553993247242291,2.73828309060696,3.28798380343981,0.727359309310715,3.47004185646126,3.33052429602964,0.268361071586406,1.15266097770679,1.25483707308669,3.61145685114761,-2.69385335831459,0.114218786256497,3.30621557446802,-3.95020976619542,-0.337049697129587,3.57745024431084,3.63146501874478,3.55093743766586,3.81528053700491,3.65908444169137,-1.57899323180933,3.73215854630708,2.46529191474083,2.24518739172796,-3.67889656691412,3.79662770020012,-0.710470823915843,-0.723288053193317,0.810743116482277
"Netrin",-2.38992526455175,5.9605437691759,-0.0032468028417405,7.40037458460197,2.10822747645459,7.08529300597113,-0.668745181804696,7.90688680112744,2.50316085725922,-1.93398167010364,-0.623005857092839,3.66544286714472,4.66232900290104,-3.03107223608428,6.80591200450657,7.25617212604864,4.58372175256013,0.511963559099855,6.12696554784423,7.83675498072314,1.10334905832088,7.88147693177068,7.43982078075297,7.7880381824581,7.10182368390854,7.84551403467444,5.67743750949802,3.45945250874028,6.91884591951558,4.33881381177121,5.57167397952024,7.42238610585104,7.65461687115868,7.81016305943408,7.75592722455589,6.36204421394022,6.57237119902726,7.49355587908588,7.22006893708982,2.01036341164857,4.86513779033305,6.84053237528961,7.58312997852163,5.3230736321183,-3.4284822245418,1.56032914870502,7.71111026420609,-2.09059089188875,7.87709640747995,1.40974833952332,2.46712318938737,7.81954291936528,3.82668605205684,NA,-1.8745642081264,7.79439679419803,4.2076932362367,7.12857193864848,3.31100456249044,2.65428787836947,4.64175261106424,6.81391449934782,7.26564338225678,4.86227882536468,7.66015256304055,7.32854722856389,4.33202412791249,5.06622140371726,5.25571459021283,7.56646351800876,1.19895359602778,3.94288830085409,7.40255715982699,0.091644909445777,3.54174734704438,7.59346380029286,7.72480709849145,7.55255732374843,7.90602183829742,7.62195001353038,2.3807869864188,7.79386451719274,6.40657338304718,6.27152743392902,0.481065966135499,7.82344344667366,3.16341720319,3.09091827416679,5.03638994745663
"NGL",-1.09079150522941,7.36584522166075,1.79303381524634,8.57117041108322,3.59224293580585,8.54435407370039,0.955422088333354,9.17540881673383,4.03039898221057,-0.776221530285439,0.695702285573255,5.35157854394399,6.2101871705873,-1.67517716560999,8.0892769465249,8.60909744064007,5.81842816180941,2.3463534292126,7.61421921113997,9.11717273350246,2.70899692767486,9.18378269761197,8.80661800316718,9.1665172623892,8.52207043356628,9.18411359702712,7.04207402097273,4.7612948967899,8.26911595514843,5.95967307923793,7.2013265276,8.72823018505626,9.00090433300189,9.08393184433325,9.08012596484491,7.891986009488,7.92756676517789,8.83052670941597,8.52059391073583,3.75038395144821,6.31840967526884,8.28909341177045,8.84524974662765,6.48506311845342,-1.92328166812706,3.34130679252692,9.05372108918311,-0.724035253724747,9.06611367325041,3.08518990803196,3.88076659273578,9.11192589027777,5.37249798321887,1.8745642081264,NA,9.12436165610913,5.77375199180304,8.34447239247669,4.9952180762237,4.39398590560956,6.01033366914112,8.13759153627,8.63220225363299,6.29142108036707,8.87549148588665,8.6515092365391,5.62933749065097,6.51253583363797,6.76753401797508,9.01873245053759,2.65255585880982,5.49277154092863,8.77315390581607,2.03575084916017,5.05273165042913,8.9336793635373,9.0641580325277,8.93505136456619,9.20690597689491,8.99069934152293,3.8712768314685,9.01423770873597,7.84720963861472,7.71492373067446,2.35852815055076,9.15003241955065,4.79909419133772,4.7222717556416,6.2795971095064
"NOTCH",-10.5874847366464,-1.75989038816345,-7.50495470521208,-0.388600883901906,-5.65370527276214,-0.61953052685358,-8.13419071946489,0.104157142442864,-5.21606353998561,-10.4749165845366,-8.65392751670135,-4.02034686636223,-3.01049177862134,-10.943998018275,-0.968155014776877,-0.535724093639679,-3.28150619060348,-7.22712662141818,-1.66555546704493,0.0906459305940127,-6.58482713704202,0.070859086824282,-0.266919125196867,0.0202540451958949,-0.601281614036423,0.0788488103362497,-2.10351749833982,-4.44669866720226,-0.779631477650649,-3.24951147056691,-1.99418717602799,-0.305793182179856,-0.139076043905519,-0.0188990254391174,-0.102645864449046,-1.31875490697163,-1.14405858760022,-0.217491049207362,-0.60982236811659,-5.58360782842802,-2.83832861886388,-0.932763623667524,-0.13734791391376,-2.56900583352855,-11.6052465873961,-5.89222901283545,0.0593637032057385,-10.492281219154,0.0713050077431958,-6.25703392178827,-5.33115081841565,-0.00417491991067109,-3.73697862958381,-7.79439679419803,-9.12436165610913,NA,-3.3473230677662,-0.698217319483495,-4.30599025562623,-4.86154425595369,-3.16867839527749,-0.991415371417097,-0.412882410968636,-3.00422070359603,-0.268286371184888,-0.434442498495098,-3.48360055388818,-2.58020972563002,-2.39922048726735,-0.127081979180604,-6.4386887021502,-3.63261375178744,-0.374620723584655,-7.73314583764597,-4.04440988251543,-0.156172235993493,-0.0995655635054834,-0.180287676479537,0.0878434040257764,-0.0707039343828353,-5.28353006956227,0.000232151253028015,-1.27446528434055,-1.43966687889091,-7.21881867660355,0.0469809595776576,-4.41207607770793,-4.45132327895635,-2.88529897381641
"NPNT",-7.35737615222836,1.6022856014668,-4.07649358586632,2.97522677157172,-2.29764878080957,2.69129185534006,-4.91640708809144,3.44816321830601,-1.82937789678499,-7.10591496647064,-5.54678304808994,-0.599370337068328,0.367272210216833,-7.67069506729668,2.42878639772916,2.86629298697803,0.0391463210073009,-3.64160092748981,1.67588722623513,3.44180256146526,-3.1985920779702,3.46445097345539,3.08150922371138,3.38950452264586,2.72076382223835,3.42603299540433,1.18581309674449,-1.0781051808965,2.56275653501478,0.118566419481832,1.42488243056267,3.06035175019679,3.22070161310156,3.33313971014733,3.24056761149502,2.02111752190286,2.2437181540361,3.16404768375641,2.75036337940717,-2.21086937677286,0.537704115552898,2.36010975320549,3.19845680364754,0.789154437774252,-8.42685389544322,-2.57020787085314,3.40489973947852,-7.12476687578948,3.40303435319894,-2.90445521241206,-1.94225958515562,3.32264568492405,-0.334605244014897,-4.2076932362367,-5.77375199180304,3.3473230677662,NA,2.65900478165537,-0.973071002063827,-1.50211001536548,0.192466200335137,2.3917132220341,2.93261860917814,0.395172434194826,3.09921973370438,2.93449588106853,-0.159127300435493,0.742331299810729,0.882494381074374,3.22148203063873,-3.11645723613326,-0.280512821173979,2.95275633335576,-4.10556174660661,-0.635491297249632,3.19573770887703,3.25182219597355,3.15641256946098,3.42044073081803,3.27470586709611,-1.91501578919491,3.3638214992115,2.06338533026521,1.88869747854203,-3.62940621462633,3.38913549993544,-1.04534424829886,-1.10682091813537,0.495297435013121
"NRG",-9.90412308448321,-1.0601796806545,-6.816580126175,0.295003224784479,-4.9249763774167,0.0432566420946696,-7.4557786872264,0.784060859045117,-4.54510438570319,-9.75783242732836,-7.95983075827338,-3.31216063751559,-2.30634081021037,-10.2536195845776,-0.236710538046327,0.173784223406359,-2.58935196139481,-6.48934279462259,-0.969177317989368,0.791142820638116,-5.88279026218089,0.786550520367689,0.415705657491248,0.721759897040281,0.0820420553575006,0.75815393503542,-1.4495201737918,-3.77042520442246,-0.104383639129603,-2.53062522875121,-1.29050950214639,0.397985675746091,0.558949320489937,0.67079497018639,0.576714109700771,-0.61548629916402,-0.436971015509345,0.486041538187227,0.0774892428113111,-4.96299374040314,-2.1863750603512,-0.24761303503212,0.55383335641429,-1.85016557582956,-10.876952672207,-5.17949153451955,0.747354774384204,-9.86063235797386,0.768387622770445,-5.49389833044407,-4.63854899154094,0.696148968582779,-3.01442792095511,-7.12857193864848,-8.34447239247669,0.698217319483495,-2.65900478165537,NA,-3.61626956120525,-4.18236099147502,-2.49426292421044,-0.293128530771289,0.295847459235216,-2.27039358875361,0.418526066806296,0.272718569808867,-2.79324166036549,-1.9023284059421,-1.7693689490581,0.557010456660155,-5.8043751259759,-2.95110830384374,0.314088396906622,-6.92496414888459,-3.34865641541889,0.529210695102968,0.590772097148944,0.50388701086008,0.762330433109836,0.611097880420479,-4.59034942800552,0.686602289290272,-0.603757420084044,-0.767328627017766,-6.4788578238366,0.744512576357474,-3.753793914641,-3.73283057023501,-2.20421023330258
"NRXN",-5.91219770809386,2.67636038998705,-3.22852141063861,3.91403929795308,-1.23403960762981,3.75941433007139,-3.80188485149605,4.48499453503264,-0.761319631656732,-5.82709258150896,-3.94073302721454,0.321069129541499,1.36793291448004,-6.72001125999376,3.33672779568855,3.86690221238009,1.11492948019409,-2.91276735666896,2.82501472240381,4.38453178129406,-2.33136928927417,4.53427351695534,4.04086255794989,4.36415632316234,3.64403770407607,4.43685249890111,2.22192681043306,0.0294932902675842,3.52671233717115,1.26657920253389,2.26522168785235,4.00071632051743,4.18408671977803,4.40474804902301,4.21079337364859,3.0655121090897,3.16504263227524,4.2095811214517,3.78324167722776,-1.24418053115458,1.53305771493562,3.4341243238694,4.1912600402213,1.80069171528313,-6.84528625814348,-1.53221605233742,4.31503543142203,-5.66541210703216,4.29985498427194,-1.82113340912829,-0.841379548008607,4.35913496105642,0.605321490425154,-3.31100456249044,-4.9952180762237,4.30599025562623,0.973071002063827,3.61626956120525,NA,-0.643559773530516,1.22291478703058,3.27916730916026,3.87050934647688,1.43220762767619,4.06795774714623,3.91227392884063,0.84675092087229,1.77137315882738,1.88559100711533,4.21613184137206,-2.09499801857088,0.812885378766287,4.04203301210628,-3.25370046106445,0.416340347297816,4.15225944693394,4.21962300196332,4.1528937777822,4.47279896807692,4.33822333256956,-0.955022713579321,4.25283214013275,2.99697130936042,2.85080620905601,-2.92125895419164,4.4097558243551,-0.256505920536896,-0.154544501778373,1.49262360398881
"NT",-5.97469059288048,3.09391319369262,-2.62289166328879,4.44844752933691,-0.748290986797085,4.25953759293522,-3.37444094699675,4.95925351238708,-0.387328172795717,-5.7455348985172,-4.1619675736848,0.848281274045092,1.92969021538705,-6.13327727069643,3.9237316391847,4.31243483671672,1.62559946014852,-2.08907273842735,3.22254380315136,4.94726374535334,-1.6634757210287,4.95400669192129,4.57999772835969,4.88906396540353,4.2804470899329,4.96947604444633,2.75684384883661,0.457363892869932,4.07563576271919,1.6577061432085,2.87569733288364,4.55825135638556,4.76048060550441,4.87028807651069,4.78000180158903,3.53966617887978,3.75290172008755,4.67903675586174,4.27424461482843,-0.733679388214503,1.98670014403221,3.89851671909124,4.73204814690218,2.2977944864504,-6.96866492833024,-1.07945684706602,4.90734235475404,-5.71082305426398,4.92191001173909,-1.35419128441566,-0.422424707674576,4.87405525015369,1.14058508581503,-2.65428787836947,-4.39398590560956,4.86154425595369,1.50211001536548,4.18236099147502,0.643559773530516,NA,1.70959060428108,3.91906526192407,4.48614617067089,1.91757122202325,4.60243167167057,4.45524767036559,1.395122965105,2.26090581397306,2.37752340956643,4.76085842918476,-1.59547001195155,1.24748816337949,4.49171407493979,-2.56686280519454,0.797732744842051,4.73621039819855,4.77316354830938,4.72233650371529,4.95757080892378,4.83637249014887,-0.375911366860132,4.85898114697296,3.5439101773335,3.38182149788845,-2.1509283829792,4.85988563299433,0.424675789497881,0.408855279190444,1.99352635097367
"OCLN",-7.45792196481821,1.38938900718744,-4.34091079985075,2.77437008755936,-2.50382913747417,2.54403295930726,-5.09058111813131,3.27584320513774,-2.06474739380644,-7.36673888787346,-5.51537671418193,-0.840461140117732,0.202913867733736,-8.12560833602202,2.21347778778883,2.62406185624548,-0.119675008801998,-4.08441433580738,1.47413578750286,3.27045951996659,-3.47915544745854,3.23510851266441,2.89083029462611,3.22488119691169,2.54566101459229,3.24345099330909,1.05163286225301,-1.26119688683197,2.35736740674472,-0.0668599812403419,1.18123065447515,2.89935705027498,3.05838737482217,3.14151578263136,3.06877595270634,1.88482431343256,1.9857054354077,2.99429852142204,2.51860503005402,-2.35398326688196,0.330907159423282,2.19808896337336,3.02511832345307,0.61951775302404,-8.45566782784752,-2.71338417822203,3.22414178892905,-7.28167050738601,3.2350921876346,-2.98820802865913,-2.11232811900475,3.16903895165524,-0.553993247242291,-4.64175261106424,-6.01033366914112,3.16867839527749,-0.192466200335137,2.49426292421044,-1.22291478703058,-1.70959060428108,NA,2.18276605062243,2.80451566464748,0.138421006808732,2.90566994541601,2.75779491373948,-0.288434266346268,0.579854224023671,0.727245520522437,3.05017994615969,-3.33837019544444,-0.486172642362984,2.78624137737812,-4.512777987076,-0.86364674887299,3.03185625119253,3.07112562030872,2.97780343746711,3.26017493640349,3.09674323424159,-2.1211283850006,3.16449731712933,1.90969286620062,1.76320800943327,-4.19722567762415,3.2481551897837,-1.31436141397585,-1.28218343477398,0.225628631690215
"PCDH",-9.59054885176173,-0.774797032677695,-6.52494197822706,0.557497530633131,-4.69565466333153,0.3461517607541,-7.21692374470241,1.07596158822871,-4.26505022300322,-9.59730559785771,-7.78579718559151,-3.0215572346962,-2.02122372029599,-10.0136636298975,0.044896163219873,0.474879662674732,-2.31063482102908,-6.24941488992932,-0.712234831077654,1.06250826712126,-5.61201662557926,1.05637337462203,0.718579824592508,1.01913755481408,0.382825829755237,1.04310388306511,-1.16337487554786,-3.47615742073408,0.180015518520508,-2.23832505612476,-0.991535446499937,0.676951557684999,0.859072830559242,0.957668208184367,0.881063851434595,-0.346130730659182,-0.173069311806452,0.76487603558072,0.366565634886326,-4.64501883885545,-1.9034226200695,0.0256414886907441,0.836767283070061,-1.57818744764324,-10.7497850450671,-4.94063923676986,1.03599636909099,-9.67418159372351,1.05415145950496,-5.298140842482,-4.31285086743436,0.988303026677774,-2.73828309060696,-6.81391449934782,-8.13759153627,0.991415371417097,-2.3917132220341,0.293128530771289,-3.27916730916026,-3.91906526192407,-2.18276605062243,NA,0.578758576741396,-2.01087906520383,0.723608158806073,0.551567571246956,-2.54062863742247,-1.58588074046583,-1.54145809435472,0.846972461952733,-5.48393682985955,-2.69349792300932,0.609126763118739,-6.65780253583877,-3.05816562377766,0.842189749904694,0.885775861237188,0.785183015082779,1.05947773911376,0.893339829246548,-4.33388099321297,0.998365004285233,-0.306124907882681,-0.487174037611595,-6.28014820172046,1.03621829532458,-3.47410585242418,-3.44557862252443,-1.9442742507872
"PDGF",-9.83006704611645,-1.38070455880575,-7.03900966888037,0.0130977184242075,-5.23341999901901,-0.227241234137,-7.78046786196956,0.511919887660047,-4.80646905241064,-9.78399843680763,-8.19382061103264,-3.63886959005643,-2.55662798584597,-10.5203716189218,-0.545031967472257,-0.102172157551664,-2.85381251965285,-6.71190025187476,-1.1377900701823,0.479684910531698,-6.00008727477015,0.493761453399224,0.125188360753913,0.460715010122614,-0.217653932620271,0.494504975949888,-1.72308792447275,-3.9730665234272,-0.390226533811145,-2.85932990889587,-1.58428178115574,0.148612870807725,0.25339405567948,0.402311237001216,0.328229954524743,-0.897363278336331,-0.733191530775626,0.217184519907084,-0.215463847560319,-5.23666053209912,-2.40667825947316,-0.536759585629211,0.242350306923864,-2.12287514335602,-10.9548776052241,-5.5088528196865,0.455105134981908,-9.60965646880823,0.477132679890944,-5.81152672126866,-4.86801233266837,0.3675600898693,-3.28798380343981,-7.26564338225678,-8.63220225363299,0.412882410968636,-2.93261860917814,-0.295847459235216,-3.87050934647688,-4.48614617067089,-2.80451566464748,-0.578758576741396,NA,-2.45044527058943,0.12832184412532,-0.0156126138951045,-3.10204694372656,-2.16422192718463,-2.0441554787858,0.283646755171457,-6.03016827063924,-3.2673376833469,0.0295821671186839,-7.20593533645823,-3.64080410795957,0.249550344392093,0.305430795078694,0.200397316919691,0.491774717051641,0.349216251445112,-4.85779845540084,0.418801545444936,-0.862800717379519,-1.05985174188053,-6.75423278392811,0.469638237752221,-4.05881653422979,-4.04781261964668,-2.41538187511181
"PECAM1",-7.55261711833669,1.1798392651732,-4.49813140728024,2.57266458027274,-2.70588557551805,2.33610092231205,-5.47422080820841,3.06993009981773,-2.27287506877422,-7.48875938142268,-5.56665708809814,-1.04312178489038,-0.0684755207470158,-8.16899305618448,2.06751196468114,2.43335146479759,-0.330621777716893,-4.22267992019674,1.31250957944502,3.09989846598397,-3.6888486052632,3.0839185294319,2.72255579949573,3.08035582345451,2.40915106345882,3.09857244603266,0.803586545893308,-1.43173422684025,2.14204473178625,-0.331908610361304,1.01850758631708,2.73082832851122,2.86831481776201,2.98666424632944,2.87735778835208,1.66731660415426,1.81028633190446,2.81677106518089,2.36812594412977,-2.78034641467137,0.0921139472420671,2.01015729519032,2.87222832925982,0.402517562887195,-8.61370957840001,-3.03559245743804,3.03107431638648,-7.25743918065026,3.02381575741675,-3.38871402628556,-2.27045724580084,3.03642306365362,-0.727359309310715,-4.86227882536468,-6.29142108036707,3.00422070359603,-0.395172434194826,2.27039358875361,-1.43220762767619,-1.91757122202325,-0.138421006808732,2.01087906520383,2.45044527058943,NA,2.69249113015455,2.55220077699103,-0.540590120767067,0.35337381239351,0.493720860104026,2.81049563098438,-3.39324807932434,-0.71032018472897,2.6201722542583,-4.74684127620467,-1.10489896994113,2.86569980502998,2.89133489877995,2.78741707408465,3.10407182866706,2.91589755307825,-2.30661929186414,3.06533538973594,1.58790226380912,1.52463440183276,-4.42518244648564,3.06997897491584,-1.46635743212973,-1.5818979370885,0.0425080238320006
"PECAM2",-10.3793868436203,-1.49199991816226,-7.19801918844836,-0.110335608125509,-5.35456421226724,-0.36179672103214,-7.9537536897534,0.357526913916993,-5.00127308902686,-10.336857871653,-8.3730632031468,-3.76453923821406,-2.68460318343551,-10.8023421028278,-0.673502101865652,-0.264326242977012,-3.04423350720165,-6.92859506821289,-1.46117886296165,0.379496659974499,-6.34290102225949,0.347399588344738,-0.0109465020021067,0.30645905043311,-0.330125278839903,0.353369009483717,-1.88188634956364,-4.16418252508217,-0.526551387880956,-2.97226286639148,-1.70505100100219,0.0082331333184828,0.155128554594898,0.279286296071185,0.171481007328655,-1.0440165034595,-0.88784504447946,0.0788829066204476,-0.33557009198415,-5.33960519468787,-2.62244593855787,-0.679134153659651,0.131576862690404,-2.31865389018151,-11.2643519152245,-5.65316607046168,0.325493487770868,-10.2101368907015,0.340767550063977,-5.98747482158093,-5.03561052337438,0.278719788133023,-3.47004185646126,-7.66015256304055,-8.87549148588665,0.268286371184888,-3.09921973370438,-0.418526066806296,-4.06795774714623,-4.60243167167057,-2.90566994541601,-0.723608158806073,-0.12832184412532,-2.69249113015455,NA,-0.126257655933968,-3.19779265490072,-2.32394023011521,-2.20584301734749,0.138951476805447,-6.18550246590055,-3.38566707677752,-0.107389919236579,-7.34123118544598,-3.76687030568531,0.114986971032359,0.191803840935184,0.109972322582623,0.357568909772455,0.187132187911223,-5.0177937541494,0.277653893319716,-1.0099357946046,-1.16312566314245,-6.89125551818081,0.347313232195676,-4.20140891835429,-4.17209620184459,-2.66017921694628
"PROS",-10.0229767797232,-1.34156694527353,-7.09903846068431,0.0128547218012342,-5.27878339874041,-0.232933093885428,-7.80850077642182,0.520152371634857,-4.83315013003122,-9.97539192689974,-8.26307465612976,-3.58410559418154,-2.53756119174277,-10.6837446929078,-0.521453489733765,-0.102419218643646,-2.87122678073354,-6.74251948808724,-1.2425268261978,0.509240455785276,-6.20159477363491,0.528983363373463,0.141191677072146,0.452010431890903,-0.204507581392086,0.494192209383662,-1.70463740703102,-4.0396151596895,-0.381186761984672,-2.81181193659581,-1.57418588785356,0.136642781845164,0.286159235405623,0.406243902081881,0.336338686068467,-0.875890414238184,-0.726824945158643,0.225326236319983,-0.209615869633324,-5.18310750262775,-2.43122383119668,-0.52154890577339,0.279635323452966,-2.14692680552564,-11.2763856108121,-5.48981526868796,0.468122545889888,-10.1246373498687,0.505624244403681,-5.8107629275325,-4.85897675794618,0.418360507404417,-3.33052429602964,-7.32854722856389,-8.6515092365391,0.434442498495098,-2.93449588106853,-0.272718569808867,-3.91227392884063,-4.45524767036559,-2.75779491373948,-0.551567571246956,0.0156126138951045,-2.55220077699103,0.126257655933968,NA,-3.04435517268238,-2.16565124634517,-2.03739342917879,0.288110463726415,-6.05601100472409,-3.22278579802654,0.0371501195147965,-7.168586148726,-3.61511915679987,0.267560075520431,0.314145335371245,0.237060979206293,0.503562118735134,0.373565219147992,-4.87968417275755,0.430441020658803,-0.891512482505848,-1.00749795538727,-6.80647957004271,0.483875941756929,-4.02832417500843,-4.06157223507381,-2.454398746667
"Prostaglandin",-7.18065863721715,1.7206630032603,-4.02663431186876,3.07743398334505,-2.22899227206054,2.84187375895764,-4.65910678041842,3.57032669786232,-1.77955169877175,-6.95175738569632,-5.13224592936168,-0.559496694956907,0.529954515799857,-7.67298526034527,2.52954022362303,2.94214779611338,0.174930971618146,-3.77130114979159,1.83441816000901,3.5553488164917,-3.14199435934551,3.58484125009228,3.20686943507881,3.52362723249687,2.88285778946328,3.55042099076868,1.38827162186781,-0.984468625306675,2.64544124000367,0.181182847968996,1.4372779425248,3.18947605600177,3.35074747268196,3.48959447545988,3.37115333217437,2.16665179874308,2.36860078431833,3.32306938311378,2.86768782097467,-2.26855768959638,0.60271895760318,2.53222535909736,3.36939774819664,0.920773993315984,-8.14287558661385,-2.48751409987014,3.5146023113773,-6.9802499421009,3.57393358172843,-2.81656337568352,-1.84708266581618,3.46662908687085,-0.268361071586406,-4.33202412791249,-5.62933749065097,3.48360055388818,0.159127300435493,2.79324166036549,-0.84675092087229,-1.395122965105,0.288434266346268,2.54062863742247,3.10204694372656,0.540590120767067,3.19779265490072,3.04435517268238,NA,0.820595076146496,1.01987363231915,3.33507721088089,-2.99519345813603,-0.201580624166751,3.1163919126756,-4.22897103978066,-0.592299231023711,3.34729203571898,3.36177536203574,3.3178851373793,3.59358998912387,3.42113674753549,-1.75293966943059,3.48089948053597,2.18050573343117,2.01746907689337,-3.69126478249425,3.54276256919534,-0.996842635901991,-0.99275606230808,0.503522544248288
"PSAP",-7.84467239607644,0.811340111975116,-4.85996658707388,2.18530366923804,-3.02550935471917,1.9558689528665,-5.75999722751819,2.67547667553243,-2.66455144778958,-7.86700831947251,-6.15401441754953,-1.43184797222649,-0.384449527791076,-8.38256279933564,1.63122527372769,2.05863884032854,-0.679197447049716,-4.52379789055976,0.952910158659889,2.68492942254379,-4.11776478872105,2.67454217082714,2.31158669089266,2.61399366363884,1.96974318170218,2.65558145480033,0.522299297041938,-1.88430701678176,1.80809333575422,-0.636870740946298,0.603992135678462,2.33523556325297,2.42666986661547,2.56192331596986,2.49915012111006,1.29380884767835,1.4231961316995,2.36046951489215,1.96687653077967,-3.13511174851526,-0.300725181396153,1.62944658582662,2.42199538544878,-0.0108091720864698,-9.01365196902845,-3.36814257400046,2.6184379315103,-7.67684560544178,2.66494830752489,-3.64973097548791,-2.70992172509332,2.57313693083169,-1.15266097770679,-5.06622140371726,-6.51253583363797,2.58020972563002,-0.742331299810729,1.9023284059421,-1.77137315882738,-2.26090581397306,-0.579854224023671,1.58588074046583,2.16422192718463,-0.35337381239351,2.32394023011521,2.16565124634517,-0.820595076146496,NA,0.129282837288832,2.41191327120975,-3.83332137916601,-1.09428508984501,2.18410782820421,-4.98242282549688,-1.4357122249832,2.43473716765851,2.49602773237955,2.41586800402166,2.67619007153834,2.49141298121465,-2.69105055569901,2.59524768390434,1.30112490583738,1.12446683935934,-4.56236610102846,2.65967688998913,-1.88713414487829,-1.89570854189977,-0.313881393813362
"PTN",-8.20663622995112,0.735352434772343,-4.99279281535141,2.06840841901928,-3.20058518024847,1.81230499403902,-5.74626987827946,2.57728150272505,-2.79420639922435,-8.03166502885644,-6.14159352484621,-1.53092843873463,-0.485954010066034,-8.5841868932861,1.52408223800165,1.93849310771154,-0.847006964081495,-4.70258269121313,0.81897328726406,2.54565479417539,-4.11519801893265,2.55106045627704,2.14768823128383,2.48463506799642,1.88773064833957,2.56031208051464,0.323708627849151,-1.95809232511803,1.65011222427497,-0.748379388357445,0.425369789387515,2.18759680766082,2.3445987200918,2.48926034156718,2.3905305492758,1.13734765144997,1.31958824029418,2.28875725738675,1.8649794858928,-3.14462169433821,-0.350524819236701,1.52296334358703,2.31880087489802,-0.123924617710114,-9.28049369127869,-3.48220753798836,2.49491436272394,-8.15049349794069,2.55206892618945,-3.79963373835607,-2.7675818117842,2.4249074422973,-1.25483707308669,-5.25571459021283,-6.76753401797508,2.39922048726735,-0.882494381074374,1.7693689490581,-1.88559100711533,-2.37752340956643,-0.727245520522437,1.54145809435472,2.0441554787858,-0.493720860104026,2.20584301734749,2.03739342917879,-1.01987363231915,-0.129282837288832,NA,2.33395634569813,-3.99423265698883,-1.18599915566497,2.04512329653171,-5.22336202647255,-1.57554919963365,2.31787380410348,2.35889545046799,2.30835895785609,2.55848067004656,2.38012296112766,-2.76700235101312,2.4495972785497,1.15945136110707,0.973303901331615,-4.82194094719137,2.49905427075566,-2.02033128724889,-1.94508706578028,-0.399435021237929
"PTPR",-10.3589525403929,-1.62800459712755,-7.34063847849837,-0.255556034988769,-5.52986041396192,-0.502816411294185,-8.0243271071531,0.23504686104119,-5.12713422031577,-10.3586573699063,-8.55345990315001,-3.89517829507189,-2.84380003283997,-10.8525435174367,-0.803989252839729,-0.39049539917398,-3.15796796094338,-6.95421641361116,-1.54533420937996,0.221344437836515,-6.43506115349569,0.228136085189015,-0.128690495633516,0.189573465374676,-0.454740364969228,0.237033559151803,-1.98461878639921,-4.29422430156482,-0.658694400494097,-3.10262452692283,-1.81201474594036,-0.134957369612658,-0.00850578123165555,0.130126138825789,0.0250870538093181,-1.16093705785174,-1.01942742792523,-0.0694394471909845,-0.45946304709384,-5.51731317814937,-2.71777465352403,-0.778270144385396,-0.0129986857426596,-2.42702166271468,-11.450111790806,-5.78333832661107,0.200414062304912,-10.3693561102572,0.220247726802448,-6.14157422052515,-5.14719584335944,0.126392852559319,-3.61145685114761,-7.56646351800876,-9.01873245053759,0.127081979180604,-3.22148203063873,-0.557010456660155,-4.21613184137206,-4.76085842918476,-3.05017994615969,-0.846972461952733,-0.283646755171457,-2.81049563098438,-0.138951476805447,-0.288110463726415,-3.33507721088089,-2.41191327120975,-2.33395634569813,NA,-6.32385351375376,-3.56400424135898,-0.227009481094382,-7.47155116013374,-3.88767745502371,0.00165143956453198,0.0321906927193107,-0.0431915035158477,0.224361645887579,0.0669696721149228,-5.17096959437741,0.122523476008534,-1.14384168235681,-1.29742897780833,-7.0618440849884,0.211954454666056,-4.34682456380977,-4.30746753628545,-2.79197962142555
"PTPRM",-4.20404952512936,4.68406423378326,-1.02776189853575,6.00884788352394,0.771145555342209,5.82053604449418,-1.83084291968319,6.54020238426432,1.20566591610262,-3.98748669603376,-2.26172283060379,2.41114564001482,3.45203286837495,-4.71776625245161,5.4911393822573,5.94180214663655,3.11289199560311,-0.698541869467215,4.75856464063986,6.49999216925341,-0.158265608855086,6.50401333375681,6.15391105936681,6.46727586774751,5.84900837647388,6.52205546221486,4.37092396343129,2.02209283312817,5.6270671702258,3.24006976444006,4.49339882248996,6.1712026861636,6.3405314427294,6.43055204225101,6.35371906559343,5.13454001717162,5.26038279721464,6.26332945117875,5.85312110795763,0.844895157898559,3.53187485256227,5.4937547993604,6.34100631950596,3.85259353383834,-5.31738820885331,0.564965001735481,6.49379824496515,-4.1524970661185,6.48236287944184,0.256558301071507,1.1562593957661,6.44618157120311,2.69385335831459,-1.19895359602778,-2.65255585880982,6.4386887021502,3.11645723613326,5.8043751259759,2.09499801857088,1.59547001195155,3.33837019544444,5.48393682985955,6.03016827063924,3.39324807932434,6.18550246590055,6.05601100472409,2.99519345813603,3.83332137916601,3.99423265698883,6.32385351375376,NA,2.82912750231651,6.03746293652648,-1.23227397662603,2.39029984917501,6.26722507063503,6.3150256956884,6.29826688551251,6.55924947879105,6.41230667861724,1.16239749281839,6.4503844135388,5.1637900885737,4.98484209380012,-0.744504396948933,6.49883715094402,2.01075513892674,1.95575732417251,3.52800748244931
"RA",-7.17255449778681,1.90472041524123,-3.8726607145147,3.26377244257449,-2.06186526987877,3.01036463944016,-4.54862899467352,3.77647887173096,-1.57392098438285,-6.92758043215851,-5.16357694226981,-0.379419068955171,0.710257613452632,-7.53292939953085,2.67751077701569,3.17201875418149,0.408926153798318,-3.35457765500788,1.9671008172954,3.74509943628892,-3.00860350087903,3.72243123789163,3.39606663805913,3.69882029829587,3.08507669834903,3.74206237942743,1.57104265777882,-0.800816465630559,2.85298075556737,0.404986078948706,1.66846605263887,3.32649644050464,3.52016935377003,3.63777225538078,3.5747084773976,2.36484271734943,2.52064406968008,3.46789106464755,3.07170181855159,-2.00049735909768,0.799544592878547,2.68812168592204,3.4942684552279,1.12475612957096,-8.36088315808068,-2.24996047584528,3.68351857022751,-7.00076879612109,3.71533638652332,-2.5967568045708,-1.70911340141252,3.67160788254748,-0.114218786256497,-3.94288830085409,-5.49277154092863,3.63261375178744,0.280512821173979,2.95110830384374,-0.812885378766287,-1.24748816337949,0.486172642362984,2.69349792300932,3.2673376833469,0.71032018472897,3.38566707677752,3.22278579802654,0.201580624166751,1.09428508984501,1.18599915566497,3.56400424135898,-2.82912750231651,NA,3.27077507370973,-3.88460826403696,-0.389130800283231,3.47930650354583,3.52907461289278,3.42979645809962,3.73498209759641,3.56881645472152,-1.59920178158428,3.67738742551186,2.37799171363234,2.21248976725571,-3.46744433862007,3.69416378643165,-0.799491337115993,-0.81830519024176,0.756351891059435
"RELN",-10.1140857578975,-1.38013665219889,-7.11125354722086,-0.0138851640239837,-5.32181315456565,-0.27854799737175,-7.82224724624854,0.485998149169678,-4.85090612273776,-9.98352677864997,-8.36236200778929,-3.61256588240302,-2.58764678782414,-10.6545746479522,-0.542199857565775,-0.138335825091619,-2.91143251628841,-6.75355506618266,-1.32117709394595,0.461710333110045,-6.25044336722686,0.488345675689618,0.098739243844444,0.434102856466793,-0.235466884713695,0.461570399469396,-1.74358983752703,-4.0556208370331,-0.400476952437749,-2.85740719376021,-1.60179294135141,0.0873597576366529,0.234856447837289,0.370948325248831,0.288863299829966,-0.9349560046781,-0.767424228627919,0.188571970810386,-0.230906104662545,-5.24321730752659,-2.43914007211607,-0.562720792558212,0.223725072552365,-2.17327746371932,-11.3229630929838,-5.5621614902481,0.443405190024868,-10.1899097176597,0.448806044799334,-5.87761229527892,-4.85523065887229,0.386195202277522,-3.30621557446802,-7.40255715982699,-8.77315390581607,0.374620723584655,-2.95275633335576,-0.314088396906622,-4.04203301210628,-4.49171407493979,-2.78624137737812,-0.609126763118739,-0.0295821671186839,-2.6201722542583,0.107389919236579,-0.0371501195147965,-3.1163919126756,-2.18410782820421,-2.04512329653171,0.227009481094382,-6.03746293652648,-3.27077507370973,NA,-7.28077238223985,-3.64943306212939,0.235222233544428,0.288270382337597,0.196472699112246,0.452722089694702,0.296750821779443,-4.89946334473417,0.359957518738265,-0.911768468183059,-1.09448584181661,-6.85878928661292,0.447736592716422,-4.09562175497679,-4.04612576928486,-2.54620154836318
"SEMA3",-2.5967972421668,5.80778825624151,0.010681710581887,7.36879513976338,2.01744878133077,6.93925663849443,-0.694581235166971,7.82124221112625,2.27678777473555,-2.05779310507068,-0.737374492954971,3.62202123774972,4.60278417854972,-3.17664349357752,6.68277432615719,7.13829643567511,4.41418439848416,0.441512977688736,6.0564124628451,7.75165514627532,0.908620063353429,7.80249558098677,7.35802677124635,7.68668036203517,7.06909669361249,7.75011439918868,5.51817258706908,3.41486208867132,6.8830815301569,4.36241769013834,5.64063816085012,7.40987065696234,7.51236548809783,7.69470391138508,7.66790190123784,6.23928267198113,6.53269730432718,7.38754663388007,6.98530874403064,1.87501605577994,4.82033121504161,6.67658749619418,7.61902815529975,5.13042720201359,-3.54676470427729,1.57957252323203,7.69395508296021,-2.31400118537634,7.78077238996317,1.3507804328712,2.37855131357837,7.67462197052361,3.95020976619542,-0.091644909445777,-2.03575084916017,7.73314583764597,4.10556174660661,6.92496414888459,3.25370046106445,2.56686280519454,4.512777987076,6.65780253583877,7.20593533645823,4.74684127620467,7.34123118544598,7.168586148726,4.22897103978066,4.98242282549688,5.22336202647255,7.47155116013374,1.23227397662603,3.88460826403696,7.28077238223985,NA,3.49952012981585,7.62113275169513,7.58168786287133,7.5140529129111,7.77497903470161,7.63173778860148,2.28764661239407,7.70295566356869,6.41223208762306,6.20293214206768,0.388601925131891,7.74646417876676,2.99884485436169,3.01288344074161,4.89329893297341
"SEMA4",-6.50389628652462,2.271003298214,-3.48737438697118,3.62700494939699,-1.628431749076,3.41654749224876,-4.08800382291616,4.13413758063918,-1.20398634476122,-6.31788076899436,-4.64731923971297,0.0730570724081949,1.06603241198116,-7.05790312847166,3.09770386216219,3.52492525486825,0.77618904821796,-2.97778230304149,2.39465826558109,4.07066748358847,-2.51109149261636,4.11653040607537,3.74591339481095,4.06888691323527,3.42590573032921,4.08227648342115,1.89221680543182,-0.388341319682603,3.22110797381362,0.80399330850544,2.06401645358865,3.73567703750009,3.89385658948754,4.03743019200575,3.89482239238431,2.71869652841289,2.8909047091334,3.85675815387047,3.4125362813345,-1.53963403929279,1.22436206175196,3.0648042794125,3.90520050677012,1.48658374399972,-7.50659047546437,-1.90010060790368,4.09767288214135,-6.43796369842312,4.08301344088826,-2.16168161501058,-1.19877441541404,3.99587646738647,0.337049697129587,-3.54174734704438,-5.05273165042913,4.04440988251543,0.635491297249632,3.34865641541889,-0.416340347297816,-0.797732744842051,0.86364674887299,3.05816562377766,3.64080410795957,1.10489896994113,3.76687030568531,3.61511915679987,0.592299231023711,1.4357122249832,1.57554919963365,3.88767745502371,-2.39029984917501,0.389130800283231,3.64943306212939,-3.49952012981585,NA,3.86376196295395,3.93877470846977,3.88500078961559,4.10748356778192,3.95726672475719,-1.24218308508706,4.04787945969804,2.72636905122087,2.58621912543365,-3.12265067943702,4.07358255474164,-0.389665686378522,-0.458076190773654,1.09491127696879
"SEMA5",-10.4333334965668,-1.60454921908834,-7.36111360614792,-0.241569318093899,-5.55130104547887,-0.479170246806837,-7.92586613828663,0.241840084091588,-5.10199621175527,-10.34656162746,-8.51689344950016,-3.87283884396059,-2.8224504188669,-10.8879488394267,-0.782350934715926,-0.389730422382906,-3.14069055912092,-7.131304809579,-1.53816192157079,0.241254877544069,-6.44144926367247,0.23793656837329,-0.123445272432956,0.201545750136721,-0.457095407139485,0.225331267762355,-1.97495927058315,-4.2803876609928,-0.626872580869888,-3.07987965323594,-1.83000416778885,-0.124489735556013,0.0324605883876098,0.146284285851529,0.0543115606952723,-1.17482344498467,-0.981294233187308,-0.0360806019174611,-0.437421663194467,-5.42489759207355,-2.71428064449618,-0.781386023775031,0.0188960932237295,-2.39665115582931,-11.4821821137794,-5.77118919292878,0.216047367612973,-10.408022790003,0.224842140759079,-6.09380266251663,-5.1190563768616,0.152806552456037,-3.57745024431084,-7.59346380029286,-8.9336793635373,0.156172235993493,-3.19573770887703,-0.529210695102968,-4.15225944693394,-4.73621039819855,-3.03185625119253,-0.842189749904694,-0.249550344392093,-2.86569980502998,-0.114986971032359,-0.267560075520431,-3.34729203571898,-2.43473716765851,-2.31787380410348,-0.00165143956453198,-6.26722507063503,-3.47930650354583,-0.235222233544428,-7.62113275169513,-3.86376196295395,NA,0.0531166131666526,-0.0190220158848402,0.238927625793554,0.0814220672692971,-5.11100616754288,0.159880625391359,-1.13175732859567,-1.30903976017337,-7.07851856171871,0.210365951196158,-4.3026134847788,-4.29931591372767,-2.71615554134566
"SEMA6",-10.3958150005168,-1.66828235502732,-7.38539623802208,-0.311575419380827,-5.55212588180754,-0.533692194599793,-8.0076671126996,0.198507296030006,-5.15192146016975,-10.3382249506269,-8.55564779178063,-3.90764795974828,-2.87699886372411,-10.9918336165886,-0.854616747574932,-0.416439720887145,-3.18451569177406,-7.09307909874688,-1.63803258067646,0.17852232463924,-6.58231614969216,0.184607000151125,-0.185110247200201,0.122476988901131,-0.498928746940892,0.174388577750768,-2.05050876503062,-4.34057188835359,-0.697302420055037,-3.14190653819336,-1.90751846801225,-0.176117640423702,-0.0266776681227231,0.0927756143725951,0.00591946997737361,-1.22883887222252,-1.0436642184626,-0.099726802198502,-0.512323874066969,-5.53438864560058,-2.78977640189974,-0.860468899207923,-0.033029927085436,-2.47087715866393,-11.5062848195196,-5.84171373644087,0.159799984843499,-10.4148715106507,0.176610635025901,-6.16287550371548,-5.2093839241005,0.117171937642941,-3.63146501874478,-7.72480709849145,-9.0641580325277,0.0995655635054834,-3.25182219597355,-0.590772097148944,-4.21962300196332,-4.77316354830938,-3.07112562030872,-0.885775861237188,-0.305430795078694,-2.89133489877995,-0.191803840935184,-0.314145335371245,-3.36177536203574,-2.49602773237955,-2.35889545046799,-0.0321906927193107,-6.3150256956884,-3.52907461289278,-0.288270382337597,-7.58168786287133,-3.93877470846977,-0.0531166131666526,NA,-0.102817173860359,0.19669343566544,0.0387982355989042,-5.21094212346211,0.107582807612213,-1.19163008555547,-1.36215779101179,-7.09860314781296,0.171506511911656,-4.35367866403494,-4.33885959934913,-2.83012572043249
"SEMA7",-10.4457065741126,-1.56373536259794,-7.35403009899142,-0.210934209027996,-5.45803198522871,-0.435357600099818,-7.97436941214792,0.266025653465409,-5.06662225464963,-10.2591709702381,-8.56988242157119,-3.80359068812791,-2.78935517523638,-10.842067100491,-0.766066594877214,-0.353320979426862,-3.1291165476927,-6.91043073886256,-1.50521636450285,0.277334553903378,-6.36910493242672,0.267045394705801,-0.108455225653383,0.217162458391366,-0.435507185922051,0.246705231618375,-1.92757834307686,-4.24057887190944,-0.61442735362795,-3.06900386097453,-1.79667710542038,-0.111164806515552,0.0505364551990769,0.192695103570726,0.0870839712631377,-1.13312359981657,-0.960604858153105,-0.0140536674539796,-0.41179834677306,-5.50823315273461,-2.66670659733307,-0.772487156565026,0.0293764876088242,-2.3643036973552,-11.3795455083459,-5.78955714075999,0.244947806784492,-10.2277838461624,0.255155089027156,-6.05050982300767,-5.1207796707508,0.188115437473726,-3.55093743766586,-7.55255732374843,-8.93505136456619,0.180287676479537,-3.15641256946098,-0.50388701086008,-4.1528937777822,-4.72233650371529,-2.97780343746711,-0.785183015082779,-0.200397316919691,-2.78741707408465,-0.109972322582623,-0.237060979206293,-3.3178851373793,-2.41586800402166,-2.30835895785609,0.0431915035158477,-6.29826688551251,-3.42979645809962,-0.196472699112246,-7.5140529129111,-3.88500078961559,0.0190220158848402,0.102817173860359,NA,0.282847886534864,0.0949459396405953,-5.13738303991603,0.169036600296482,-1.11722526481902,-1.29377226447224,-6.9923594178108,0.266962922908658,-4.2676972971266,-4.29049783668204,-2.72215115780596
"SLIT",-10.7312334406931,-1.8489966647385,-7.5969036311305,-0.490891388944387,-5.75091041260938,-0.731917911535836,-8.20750087072023,0.0215577874420499,-5.32298989594821,-10.5789458327684,-8.80484895263912,-4.11531245486861,-3.03413671178697,-11.0804907130272,-1.02532049464359,-0.60911498833501,-3.35292102278066,-7.30507871598291,-1.79318115967463,-0.00282612687399897,-6.64595603410783,-0.00458012934220525,-0.367963049669986,-0.0696248278667506,-0.69959757275606,-0.0233221051219916,-2.22584195716157,-4.53059392552313,-0.883353004150414,-3.30643223495199,-2.08550773545817,-0.381131131371007,-0.233836410476446,-0.108415701245414,-0.16690338982408,-1.42237880167662,-1.23595624929417,-0.294555109459346,-0.707823199832791,-5.68888953103858,-2.95664530651944,-1.02747103152636,-0.215467266368714,-2.64123349939748,-11.749101848868,-6.02811165197002,-0.0176222767306224,-10.6254114151735,-0.0131354151772294,-6.35635827480251,-5.34711826714095,-0.101385889555782,-3.81528053700491,-7.90602183829742,-9.20690597689491,-0.0878434040257764,-3.42044073081803,-0.762330433109836,-4.47279896807692,-4.95757080892378,-3.26017493640349,-1.05947773911376,-0.491774717051641,-3.10407182866706,-0.357568909772455,-0.503562118735134,-3.59358998912387,-2.67619007153834,-2.55848067004656,-0.224361645887579,-6.55924947879105,-3.73498209759641,-0.452722089694702,-7.77497903470161,-4.10748356778192,-0.238927625793554,-0.19669343566544,-0.282847886534864,NA,-0.165244439267059,-5.39039209902326,-0.0680692260135437,-1.368599572464,-1.55820768357463,-7.35706110841334,-0.0325993283388027,-4.56451660957454,-4.54265075759503,-3.01254989265557
"TENASCIN",-10.4931109149927,-1.66457041466638,-7.39026995336429,-0.3138061996893,-5.60084431078019,-0.577093326549857,-8.04380601545162,0.175450124840734,-5.16662243766139,-10.4857292956016,-8.63126176180108,-3.94374315759811,-2.89719936238718,-10.9777442540178,-0.877925116279851,-0.438633131168687,-3.19498934962224,-7.05040397713722,-1.6258586594053,0.157761731987804,-6.4862835421674,0.183716432011266,-0.203720178764985,0.107635203791406,-0.501225682578689,0.15624249162074,-2.0826616541429,-4.35573270876541,-0.718577219234405,-3.17730527492856,-1.89411332008267,-0.205234123353599,-0.0490257098457592,0.0750472081288534,-0.0174320494712653,-1.2249168897694,-1.07826774914577,-0.132350645654645,-0.543016752129548,-5.52489689052213,-2.78463977633144,-0.899032436575675,-0.0715149456747776,-2.44122755306956,-11.6003974208319,-5.88809997447433,0.121635185396434,-10.505204364618,0.138828791660955,-6.20251149841635,-5.20448199335388,0.0910637254225928,-3.65908444169137,-7.62195001353038,-8.99069934152293,0.0707039343828353,-3.27470586709611,-0.611097880420479,-4.33822333256956,-4.83637249014887,-3.09674323424159,-0.893339829246548,-0.349216251445112,-2.91589755307825,-0.187132187911223,-0.373565219147992,-3.42113674753549,-2.49141298121465,-2.38012296112766,-0.0669696721149228,-6.41230667861724,-3.56881645472152,-0.296750821779443,-7.63173778860148,-3.95726672475719,-0.0814220672692971,-0.0387982355989042,-0.0949459396405953,0.165244439267059,NA,-5.19953079641587,0.0869765701605612,-1.22408565718073,-1.36988361322736,-7.09136614317684,0.144754306932747,-4.40413099526872,-4.37567405953133,-2.83477911371486
"Testosterone",-5.4249794246532,3.51959628990727,-2.17501329998232,4.8941286586042,-0.383003626945155,4.6803752976684,-3.17969187513837,5.41698702915027,0.0495106010056574,-5.17839961393928,-3.55707764391664,1.29615292954793,2.30813244771364,-5.87075440805351,4.32092813615642,4.79502240394727,2.02832306386506,-1.97700423451796,3.53322560239812,5.38693226574535,-1.26505124065797,5.39372401678332,5.00870084065245,5.34296091464748,4.66446520392254,5.36556165559363,3.16050412044244,0.896463125084146,4.48400146609345,2.1109960109008,3.32808525345023,5.00773666489401,5.1955579638599,5.32234903634163,5.20891747228868,4.00734383808778,4.14957829176126,5.10971459511004,4.69114810780502,-0.178010830410037,2.4309792226411,4.33481857066106,5.1823165706714,2.75333186583084,-6.39676643092476,-0.594376109343251,5.37932245355598,-5.1193001665498,5.36064358056902,-0.89295004485512,-0.0014920696304892,5.32696773332782,1.57899323180933,-2.3807869864188,-3.8712768314685,5.28353006956227,1.91501578919491,4.59034942800552,0.955022713579321,0.375911366860132,2.1211283850006,4.33388099321297,4.85779845540084,2.30661929186414,5.0177937541494,4.87968417275755,1.75293966943059,2.69105055569901,2.76700235101312,5.17096959437741,-1.16239749281839,1.59920178158428,4.89946334473417,-2.28764661239407,1.24218308508706,5.11100616754288,5.21094212346211,5.13738303991603,5.39039209902326,5.19953079641587,NA,5.29926933845705,3.97675166071843,3.85874537521684,-2.07544776991213,5.3778652740852,0.848094851145208,0.805187869239302,2.31144728677809
"TGFb",-10.6029670817623,-1.77115856008364,-7.49566135769149,-0.423692845783454,-5.63277662381503,-0.650270226554385,-8.1105716913933,0.103600434872468,-5.25211784007737,-10.467561641756,-8.68432064655122,-4.01922677105039,-2.99684639653029,-11.0641287335502,-0.934613227420252,-0.523207462260964,-3.29534005470509,-7.21730302555456,-1.74238071988457,0.0859607534332383,-6.56437219065024,0.0978502300823909,-0.287551190558448,0.0468172062168311,-0.615563929659492,0.0652800719011835,-2.12971350708921,-4.43177883443357,-0.802088996271546,-3.22852604520187,-1.99697312058989,-0.309219344746253,-0.138584185466846,-0.00445104465685003,-0.0990432267434835,-1.35203275478328,-1.160497794762,-0.206008626534524,-0.603837562156636,-5.63038420801686,-2.89143955766968,-0.966750804778138,-0.139160190532322,-2.55557037198728,-11.5777678123842,-5.95005829584287,0.0446378120452261,-10.5158061347194,0.0519644951617925,-6.24431586985735,-5.28762860763557,-0.0049647063044172,-3.73215854630708,-7.79386451719274,-9.01423770873597,-0.000232151253028015,-3.3638214992115,-0.686602289290272,-4.25283214013275,-4.85898114697296,-3.16449731712933,-0.998365004285233,-0.418801545444936,-3.06533538973594,-0.277653893319716,-0.430441020658803,-3.48089948053597,-2.59524768390434,-2.4495972785497,-0.122523476008534,-6.4503844135388,-3.67738742551186,-0.359957518738265,-7.70295566356869,-4.04787945969804,-0.159880625391359,-0.107582807612213,-0.169036600296482,0.0680692260135437,-0.0869765701605612,-5.29926933845705,NA,-1.32806056679924,-1.47658700903784,-7.19258355558475,0.058249806161712,-4.44444465442153,-4.42833752933101,-2.95944068245871
"THBS",-9.25470799895223,-0.45428711504139,-6.15556914569563,0.922097987056585,-4.41048019970281,0.6584321018532,-6.87627898127137,1.37425426054023,-3.91902140683115,-9.14935640489766,-7.34798619038919,-2.69313216208946,-1.64649771659366,-9.77056201952643,0.352712694228862,0.74835892066542,-1.96850204349906,-6.01184005363208,-0.30836938154041,1.38756011466203,-5.05392800835735,1.40252656239021,1.02237227160282,1.32456120718871,0.694786938651046,1.36374864139794,-0.829654243893201,-3.15207010692581,0.497596925518164,-1.94545719269411,-0.688684650224906,1.02532345189386,1.13444704325301,1.30204302486153,1.18930578325247,-0.0465079056755348,0.155493785526174,1.1351945750389,0.693331615129886,-4.24650135002035,-1.54925671873424,0.329476569856468,1.18340530437174,-1.25825286256386,-10.3907855425681,-4.62783156466719,1.35144354303277,-9.19338818051116,1.35711746913773,-4.88654564766577,-3.93355192257625,1.29307309254396,-2.46529191474083,-6.40657338304718,-7.84720963861472,1.27446528434055,-2.06338533026521,0.603757420084044,-2.99697130936042,-3.5439101773335,-1.90969286620062,0.306124907882681,0.862800717379519,-1.58790226380912,1.0099357946046,0.891512482505848,-2.18050573343117,-1.30112490583738,-1.15945136110707,1.14384168235681,-5.1637900885737,-2.37799171363234,0.911768468183059,-6.41223208762306,-2.72636905122087,1.13175732859567,1.19163008555547,1.11722526481902,1.368599572464,1.22408565718073,-3.97675166071843,1.32806056679924,NA,-0.151570684631928,-6.07272324823525,1.38372555824457,-3.12882593714941,-3.09530552097658,-1.59439984870376
"TULP",-9.11836806087411,-0.310631144515641,-6.03322711251601,1.02668977406655,-4.23642060847658,0.823547988306617,-6.78320097257405,1.58096399881346,-3.77831678304384,-9.01377529645958,-7.25008289595588,-2.5426961741859,-1.49206741979459,-9.47756488397393,0.526054258757351,0.93593939693426,-1.8102862931212,-5.6379588216588,-0.210475952039689,1.5383947099023,-5.1141018491989,1.57275374249818,1.17824334710753,1.46694809889235,0.839915076887662,1.55379575812129,-0.689604994112901,-2.96799541937037,0.660081116573067,-1.78060570474632,-0.52693523209989,1.15758244007477,1.32114972974928,1.46884990008334,1.38646593885227,0.13648866621847,0.301164538004693,1.27747349583897,0.850073884562535,-4.17255933200959,-1.40338466791553,0.536039207359434,1.31277402286318,-1.07249289871514,-10.2213869333568,-4.49574276810578,1.50824331422325,-9.02118426534042,1.54194619949408,-4.74025054765605,-3.81889778981781,1.46989066053005,-2.24518739172796,-6.27152743392902,-7.71492373067446,1.43966687889091,-1.88869747854203,0.767328627017766,-2.85080620905601,-3.38182149788845,-1.76320800943327,0.487174037611595,1.05985174188053,-1.52463440183276,1.16312566314245,1.00749795538727,-2.01746907689337,-1.12446683935934,-0.973303901331615,1.29742897780833,-4.98484209380012,-2.21248976725571,1.09448584181661,-6.20293214206768,-2.58621912543365,1.30903976017337,1.36215779101179,1.29377226447224,1.55820768357463,1.36988361322736,-3.85874537521684,1.47658700903784,0.151570684631928,NA,-5.69193389470061,1.52257527721491,-2.95910095663522,-2.99520035858319,-1.43323272625847
"UNC5",-3.00788640596744,5.37590031013734,-0.357046967710805,6.79974139098917,1.56577573308306,6.53846225070447,-1.11705379346087,7.27127821966769,1.88800334516567,-2.48069673102786,-0.958625828373812,3.13085634646679,4.25855950137287,-3.58201979988369,6.20114340272533,6.60782540130977,4.01218645955577,0.0127183465191485,5.63302209240723,7.2412437460066,0.601023524453512,7.3496306174312,6.9470808092646,7.32659004302675,6.63360474976323,7.27565370126221,5.09644198523266,3.05309132410371,6.4320911647408,3.85563849716972,5.08523919622292,6.96796754929069,7.06220742943598,7.21542302781316,7.1814779423239,5.85907733549833,6.03378749271263,7.00583113771989,6.60566051185183,1.56253757270115,4.53465947010293,6.37595542169935,7.08606412704595,4.74904355304836,-3.98916375239873,1.06584126490874,7.2574271856404,-2.79347287443382,7.25575559160337,0.955140710192441,2.13525588497422,7.19809221208921,3.67889656691412,-0.481065966135499,-2.35852815055076,7.21881867660355,3.62940621462633,6.4788578238366,2.92125895419164,2.1509283829792,4.19722567762415,6.28014820172046,6.75423278392811,4.42518244648564,6.89125551818081,6.80647957004271,3.69126478249425,4.56236610102846,4.82194094719137,7.0618440849884,0.744504396948933,3.46744433862007,6.85878928661292,-0.388601925131891,3.12265067943702,7.07851856171871,7.09860314781296,6.9923594178108,7.35706110841334,7.09136614317684,2.07544776991213,7.19258355558475,6.07272324823525,5.69193389470061,NA,7.32165576322023,2.59684719846913,2.51166825057418,4.4173768325475
"VCAM",-10.5838238114447,-1.83671327461226,-7.52175375762395,-0.46328570035201,-5.7665153995655,-0.697779209831022,-8.1928096371739,0.0411906301762301,-5.29508495560344,-10.4116352938183,-8.79840640075401,-4.09240910784541,-3.03972738890484,-11.196351775011,-0.993991038430938,-0.604107225020349,-3.36074221424056,-7.20823119534744,-1.73871555970609,0.0204558175599211,-6.67702781142113,0.0262608072161309,-0.3427208437259,-0.0137326647667331,-0.670428349600622,0.0269373245866115,-2.19270326032377,-4.50815852699304,-0.874263371389287,-3.31395294662162,-2.0533083508592,-0.33865081979237,-0.191868774838403,-0.0630750802897083,-0.159136190673064,-1.36805756447976,-1.21624043856633,-0.262031464804386,-0.676421667102118,-5.76953245901702,-2.95861442047029,-1.01030968505319,-0.218914032543221,-2.63010426153721,-11.6656890276579,-5.98824693425334,0.00799049180399115,-10.4764749573884,0.0174867684243844,-6.26507294909544,-5.34354746660766,-0.0655751220526299,-3.79662770020012,-7.82344344667366,-9.15003241955065,-0.0469809595776576,-3.38913549993544,-0.744512576357474,-4.4097558243551,-4.85988563299433,-3.2481551897837,-1.03621829532458,-0.469638237752221,-3.06997897491584,-0.347313232195676,-0.483875941756929,-3.54276256919534,-2.65967688998913,-2.49905427075566,-0.211954454666056,-6.49883715094402,-3.69416378643165,-0.447736592716422,-7.74646417876676,-4.07358255474164,-0.210365951196158,-0.171506511911656,-0.266962922908658,0.0325993283388027,-0.144754306932747,-5.3778652740852,-0.058249806161712,-1.38372555824457,-1.52257527721491,-7.32165576322023,NA,-4.51927339851265,-4.49438527355899,-2.99656314377451
"VEGF",-6.42046783614,2.69024033078891,-3.09873546750424,4.04494063920314,-1.20545503250427,3.82137012472806,-3.74090374426434,4.56347070971996,-0.803840356268757,-6.16331940805874,-4.46213943421458,0.423218946808134,1.5401769532483,-6.60701024739358,3.49206336605822,3.9356262599677,1.20265037272786,-2.50977894749407,2.78428867424252,4.54514268500758,-2.02172004909292,4.56909085068145,4.17004878039187,4.50799905306859,3.84169321601154,4.51668053681855,2.38301571920773,-0.0232285821286342,3.6826474406349,1.20683006785304,2.48929968292948,4.16381070139806,4.3838273073888,4.42395263946592,4.34257315819981,3.12662915882054,3.29986095261175,4.26039147180785,3.87090269572713,-1.09206160520768,1.61259847725347,3.45569144796305,4.29738232577748,1.91738136729412,-7.36751114241957,-1.45112924310992,4.53367053493755,-6.22844598194621,4.51773575078772,-1.7758727036926,-0.849535161800901,4.46371969153084,0.710470823915843,-3.16341720319,-4.79909419133772,4.41207607770793,1.04534424829886,3.753793914641,0.256505920536896,-0.424675789497881,1.31436141397585,3.47410585242418,4.05881653422979,1.46635743212973,4.20140891835429,4.02832417500843,0.996842635901991,1.88713414487829,2.02033128724889,4.34682456380977,-2.01075513892674,0.799491337115993,4.09562175497679,-2.99884485436169,0.389665686378522,4.3026134847788,4.35367866403494,4.2676972971266,4.56451660957454,4.40413099526872,-0.848094851145208,4.44444465442153,3.12882593714941,2.95910095663522,-2.59684719846913,4.51927339851265,NA,-0.0139352372441537,1.58451331446404
"VISFATIN",-6.15916007642017,2.71667261230454,-2.99480991661976,4.07800871652154,-1.16085619102333,3.80312468126496,-3.64963336508346,4.54987163723003,-0.773735861732462,-5.9932763717415,-4.10088527913522,0.511965726807262,1.46865881701866,-6.46436473571485,3.506140471208,3.89591330991752,1.20805768367552,-2.48351245601492,2.85610870892567,4.53293739827308,-2.2281039794872,4.53939242422673,4.12868241981167,4.48084353926158,3.85815648124421,4.51530351774775,2.35861860013467,-0.0110830622565596,3.63455292197894,1.28263385316643,2.53165595147462,4.16660778990773,4.33807734355453,4.45659668076483,4.33246384877373,3.10636268488205,3.27809343267251,4.20987186005013,3.86301504053104,-1.15611176142806,1.58998292663101,3.48944809428975,4.29005322671847,1.91399838764071,-6.95672152180558,-1.43268925277886,4.49996048947558,-5.87987903622419,4.49004839464755,-1.75378808187396,-0.784551491034933,4.43724690094331,0.723288053193317,-3.09091827416679,-4.7222717556416,4.45132327895635,1.10682091813537,3.73283057023501,0.154544501778373,-0.408855279190444,1.28218343477398,3.44557862252443,4.04781261964668,1.5818979370885,4.17209620184459,4.06157223507381,0.99275606230808,1.89570854189977,1.94508706578028,4.30746753628545,-1.95575732417251,0.81830519024176,4.04612576928486,-3.01288344074161,0.458076190773654,4.29931591372767,4.33885959934913,4.29049783668204,4.54265075759503,4.37567405953133,-0.805187869239302,4.42833752933101,3.09530552097658,2.99520035858319,-2.51166825057418,4.49438527355899,0.0139352372441537,NA,1.65804875207986
"VWF",-7.57153189897848,1.08317172798044,-4.59383431999794,2.51058009172482,-2.7330430322261,2.24194982212585,-5.40148988357847,3.03583463646863,-2.34068991517844,-7.44538680480988,-5.60371469901708,-1.18299968673643,-0.0833844197429683,-8.15382429562773,1.95314059214143,2.38619386126354,-0.383015848423752,-4.40070596782774,1.25899307913169,3.01342765908141,-3.61333899021373,3.00172836729273,2.61753367218584,2.99163732427768,2.34079880324184,2.98118260508662,0.745870156465529,-1.46109518635814,2.10441208428243,-0.325407912701386,0.935267109769303,2.61527300937467,2.84543333243067,2.9134976331371,2.77713250242112,1.53793519787083,1.80942535820522,2.73886100003268,2.32517290869362,-2.71626721677672,0.0794325103377731,1.91458100003568,2.82738804819674,0.304268135476729,-8.59659795881792,-3.03431966861647,2.98822970957024,-7.47300246150466,2.97914898147443,-3.30954200631278,-2.32197819809832,2.93643779285783,-0.810743116482277,-5.03638994745663,-6.2795971095064,2.88529897381641,-0.495297435013121,2.20421023330258,-1.49262360398881,-1.99352635097367,-0.225628631690215,1.9442742507872,2.41538187511181,-0.0425080238320006,2.66017921694628,2.454398746667,-0.503522544248288,0.313881393813362,0.399435021237929,2.79197962142555,-3.52800748244931,-0.756351891059435,2.54620154836318,-4.89329893297341,-1.09491127696879,2.71615554134566,2.83012572043249,2.72215115780596,3.01254989265557,2.83477911371486,-2.31144728677809,2.95944068245871,1.59439984870376,1.43323272625847,-4.4173768325475,2.99656314377451,-1.58451331446404,-1.65804875207986,NA
