"","ACTIVIN","Adenosine","ADGRA","ADGRB","ADGRG","ADGRL","AGRN","Androstenedione","ANGPT","ANGPTL","ApoA","APP","BMP","CADM","CD200","CD39","CD45","CD46","CD6","CD99","CDH","CDH5","Cholesterol","CLDN","CNTN","COLLAGEN","DESMOSOME","DHEA","DHT","EDA","EGF","EPHA","EPHB","Estradiol","FGF","FLRT","FN1","GAP","GAS","Glutamate","HGF","HSPG","IGF","IL1","JAM","KIT","LAMININ","LIFR","MPZ","NCAM","ncWNT","NECTIN","NEGR","Netrin","NGL","NOTCH","NPNT","NRG","NRXN","NT","OCLN","PCDH","PDGF","PECAM1","PECAM2","PROS","Prostaglandin","PSAP","PTN","PTPR","PTPRM","RA","RELN","SEMA3","SEMA4","SEMA5","SEMA6","SEMA7","SLIT","TENASCIN","Testosterone","TGFb","THBS","TULP","UNC5","VCAM","VEGF","VISFATIN","VWF"
"ACTIVIN",NA,3.95591160889952e-18,2.6487943018047e-15,3.95591160889952e-18,4.20237510796545e-18,3.95591160889952e-18,1.2361571407864e-10,3.95591160889952e-18,4.33123080260219e-18,1.61401436578402e-09,9.32988561277412e-12,3.95591160889952e-18,3.95591160889952e-18,1.12075261221947e-05,3.95591160889952e-18,3.95591160889952e-18,3.95591160889952e-18,1.20848257306689e-10,3.95591160889952e-18,3.95591160889952e-18,1.00235423925907e-11,3.95591160889952e-18,3.95591160889952e-18,3.95591160889952e-18,3.95591160889952e-18,3.95591160889952e-18,3.95591160889952e-18,3.95591160889952e-18,3.95591160889952e-18,3.95591160889952e-18,3.95591160889952e-18,3.95591160889952e-18,3.95591160889952e-18,3.95591160889952e-18,3.95591160889952e-18,3.95591160889952e-18,3.95591160889952e-18,3.95591160889952e-18,3.95591160889952e-18,8.24671508947323e-14,3.95591160889952e-18,3.95591160889952e-18,3.95591160889952e-18,3.95591160889952e-18,7.10218821207328e-15,7.67117051473693e-18,3.95591160889952e-18,2.47183536657071e-08,3.95591160889952e-18,1.03462871215398e-17,4.33123080260219e-18,3.95591160889952e-18,4.07730530936212e-18,6.15510428365837e-09,0.00385349643922982,3.95591160889952e-18,3.95591160889952e-18,3.95591160889952e-18,1.95369926417803e-15,3.95591160889952e-18,3.95591160889952e-18,3.95591160889952e-18,3.95591160889952e-18,3.95591160889952e-18,3.95591160889952e-18,3.95591160889952e-18,3.95591160889952e-18,3.95591160889952e-18,3.95591160889952e-18,3.95591160889952e-18,1.61703099974578e-17,3.95591160889952e-18,3.95591160889952e-18,2.12642543372231e-09,3.95591160889952e-18,3.95591160889952e-18,3.95591160889952e-18,3.95591160889952e-18,3.95591160889952e-18,3.95591160889952e-18,4.33123080260219e-18,3.95591160889952e-18,3.95591160889952e-18,3.95591160889952e-18,9.85177821693811e-11,3.95591160889952e-18,3.95591160889952e-18,4.07730530936212e-18,3.95591160889952e-18
"Adenosine",3.95591160889952e-18,NA,3.95591160889952e-18,3.95591160889952e-18,3.95591160889952e-18,3.95591160889952e-18,3.95591160889952e-18,3.95591160889952e-18,3.95591160889952e-18,3.95591160889952e-18,3.95591160889952e-18,3.95591160889952e-18,3.95591160889952e-18,3.95591160889952e-18,3.95591160889952e-18,3.95591160889952e-18,3.95591160889952e-18,3.95591160889952e-18,0.00377003607169207,3.95591160889952e-18,3.95591160889952e-18,3.95591160889952e-18,3.95591160889952e-18,3.95591160889952e-18,3.95591160889952e-18,3.95591160889952e-18,1.97889645678163e-14,3.95591160889952e-18,3.95591160889952e-18,3.95591160889952e-18,1.93947551011479e-10,3.95591160889952e-18,3.95591160889952e-18,3.95591160889952e-18,3.95591160889952e-18,1.31328151759545e-17,3.95591160889952e-18,3.95591160889952e-18,3.95591160889952e-18,3.95591160889952e-18,3.95591160889952e-18,3.95591160889952e-18,3.95591160889952e-18,3.95591160889952e-18,3.95591160889952e-18,3.95591160889952e-18,3.95591160889952e-18,3.95591160889952e-18,3.95591160889952e-18,3.95591160889952e-18,3.95591160889952e-18,3.95591160889952e-18,3.95591160889952e-18,3.95591160889952e-18,3.95591160889952e-18,3.95591160889952e-18,3.95591160889952e-18,3.95591160889952e-18,4.33123080260219e-18,3.95591160889952e-18,3.95591160889952e-18,3.95591160889952e-18,9.39832757318043e-17,4.07730530936212e-18,3.95591160889952e-18,3.95591160889952e-18,3.95591160889952e-18,4.07730530936212e-18,4.20237510796545e-18,3.95591160889952e-18,3.95591160889952e-18,3.95591160889952e-18,3.95591160889952e-18,3.95591160889952e-18,3.95591160889952e-18,3.95591160889952e-18,3.95591160889952e-18,3.95591160889952e-18,3.95591160889952e-18,3.95591160889952e-18,3.95591160889952e-18,3.95591160889952e-18,1.20103554938643e-17,3.42240488544539e-16,3.95591160889952e-18,3.95591160889952e-18,3.95591160889952e-18,3.95591160889952e-18,5.51265575167599e-18
"ADGRA",2.6487943018047e-15,3.95591160889952e-18,NA,3.95591160889952e-18,5.56757734645411e-17,3.95591160889952e-18,0.000660041410131463,3.95591160889952e-18,3.95591160889952e-18,2.516262652751e-14,1.60778502598506e-05,4.07730530936212e-18,3.95591160889952e-18,8.61523599774715e-17,3.95591160889952e-18,3.95591160889952e-18,3.95591160889952e-18,0.5881380789044,3.95591160889952e-18,3.95591160889952e-18,0.0225290134833312,3.95591160889952e-18,3.95591160889952e-18,3.95591160889952e-18,3.95591160889952e-18,3.95591160889952e-18,3.95591160889952e-18,3.95591160889952e-18,3.95591160889952e-18,3.95591160889952e-18,3.95591160889952e-18,3.95591160889952e-18,3.95591160889952e-18,3.95591160889952e-18,3.95591160889952e-18,3.95591160889952e-18,3.95591160889952e-18,3.95591160889952e-18,3.95591160889952e-18,4.84816792258483e-06,3.95591160889952e-18,3.95591160889952e-18,3.95591160889952e-18,3.95591160889952e-18,6.63198319372062e-17,1.09826784591644e-17,3.95591160889952e-18,4.50888000065235e-14,3.95591160889952e-18,1.18365549303848e-15,6.60252524033002e-18,3.95591160889952e-18,3.95591160889952e-18,0.128144757031376,1.12726673058647e-13,3.95591160889952e-18,3.95591160889952e-18,3.95591160889952e-18,1.48215309320209e-09,4.33123080260219e-18,3.95591160889952e-18,3.95591160889952e-18,3.95591160889952e-18,3.95591160889952e-18,3.95591160889952e-18,3.95591160889952e-18,3.95591160889952e-18,3.95591160889952e-18,3.95591160889952e-18,3.95591160889952e-18,6.34751871194282e-14,3.95591160889952e-18,3.95591160889952e-18,0.257244475350515,3.95591160889952e-18,3.95591160889952e-18,3.95591160889952e-18,3.95591160889952e-18,3.95591160889952e-18,3.95591160889952e-18,4.33123080260219e-18,3.95591160889952e-18,3.95591160889952e-18,3.95591160889952e-18,0.776669572170889,3.95591160889952e-18,4.20237510796545e-18,3.95591160889952e-18,3.95591160889952e-18
"ADGRB",3.95591160889952e-18,3.95591160889952e-18,3.95591160889952e-18,NA,3.95591160889952e-18,4.6770678927578e-16,3.95591160889952e-18,3.95591160889952e-18,3.95591160889952e-18,3.95591160889952e-18,3.95591160889952e-18,3.95591160889952e-18,3.95591160889952e-18,3.95591160889952e-18,4.60075532902844e-18,1.30606051743935e-08,3.95591160889952e-18,3.95591160889952e-18,3.95591160889952e-18,3.95591160889952e-18,3.95591160889952e-18,3.95591160889952e-18,3.10491639557607e-09,4.20237510796545e-18,1.6405603505616e-14,3.95591160889952e-18,3.95591160889952e-18,3.95591160889952e-18,4.07730530936212e-18,3.95591160889952e-18,3.95591160889952e-18,9.51890008323197e-07,1.49207992017746e-16,4.33123080260219e-18,4.27915994019688e-17,3.95591160889952e-18,3.95591160889952e-18,1.94013486907276e-13,1.6405603505616e-14,3.95591160889952e-18,3.95591160889952e-18,3.95591160889952e-18,5.9021772052104e-17,3.95591160889952e-18,3.95591160889952e-18,3.95591160889952e-18,4.33123080260219e-18,3.95591160889952e-18,4.07730530936212e-18,3.95591160889952e-18,3.95591160889952e-18,4.20237510796545e-18,3.95591160889952e-18,3.95591160889952e-18,3.95591160889952e-18,4.07730530936212e-18,3.95591160889952e-18,1.03462871215398e-17,3.95591160889952e-18,3.95591160889952e-18,3.95591160889952e-18,3.95591160889952e-18,0.103514959854991,3.95591160889952e-18,2.37603815731769e-08,0.285701045040383,3.95591160889952e-18,3.95591160889952e-18,3.95591160889952e-18,1.56972981663118e-17,3.95591160889952e-18,3.95591160889952e-18,0.390968642603049,3.95591160889952e-18,3.95591160889952e-18,7.02956749043176e-17,1.66573808352069e-17,4.34549849531847e-15,3.95591160889952e-18,1.1315207851887e-17,3.95591160889952e-18,4.07730530936212e-18,3.95591160889952e-18,3.95591160889952e-18,3.95591160889952e-18,4.07730530936212e-18,3.95591160889952e-18,3.95591160889952e-18,3.95591160889952e-18
"ADGRG",4.20237510796545e-18,3.95591160889952e-18,5.56757734645411e-17,3.95591160889952e-18,NA,3.95591160889952e-18,4.01023197103379e-12,3.95591160889952e-18,4.70774723729727e-09,4.20237510796545e-18,6.02293219069779e-14,3.95591160889952e-18,3.95591160889952e-18,3.95591160889952e-18,3.95591160889952e-18,3.95591160889952e-18,3.95591160889952e-18,1.12904270586492e-10,3.95591160889952e-18,3.95591160889952e-18,1.59081283823739e-07,3.95591160889952e-18,3.95591160889952e-18,3.95591160889952e-18,3.95591160889952e-18,3.95591160889952e-18,3.95591160889952e-18,3.95591160889952e-18,3.95591160889952e-18,3.95591160889952e-18,3.95591160889952e-18,3.95591160889952e-18,3.95591160889952e-18,3.95591160889952e-18,3.95591160889952e-18,3.95591160889952e-18,3.95591160889952e-18,3.95591160889952e-18,3.95591160889952e-18,0.696351788404892,3.95591160889952e-18,3.95591160889952e-18,3.95591160889952e-18,3.95591160889952e-18,3.95591160889952e-18,2.47183536657071e-08,3.95591160889952e-18,5.51265575167599e-18,3.95591160889952e-18,9.45934121085736e-18,6.92330066388704e-13,3.95591160889952e-18,4.07730530936212e-18,2.26170696377025e-14,4.74166029806301e-18,3.95591160889952e-18,3.95591160889952e-18,3.95591160889952e-18,0.000581619609529607,1.20103554938643e-17,3.95591160889952e-18,3.95591160889952e-18,3.95591160889952e-18,3.95591160889952e-18,3.95591160889952e-18,3.95591160889952e-18,3.95591160889952e-18,3.95591160889952e-18,3.95591160889952e-18,3.95591160889952e-18,3.95591160889952e-18,3.95591160889952e-18,3.95591160889952e-18,8.03407756685263e-14,3.95591160889952e-18,3.95591160889952e-18,3.95591160889952e-18,3.95591160889952e-18,3.95591160889952e-18,3.95591160889952e-18,1.66134194997656e-08,3.95591160889952e-18,3.95591160889952e-18,3.95591160889952e-18,4.83934814686181e-11,3.95591160889952e-18,3.95591160889952e-18,4.46398542390809e-18,3.95591160889952e-18
"ADGRL",3.95591160889952e-18,3.95591160889952e-18,3.95591160889952e-18,4.6770678927578e-16,3.95591160889952e-18,NA,3.95591160889952e-18,3.95591160889952e-18,3.95591160889952e-18,3.95591160889952e-18,3.95591160889952e-18,3.95591160889952e-18,3.95591160889952e-18,3.95591160889952e-18,3.05390148966701e-16,6.39438808026142e-10,3.95591160889952e-18,3.95591160889952e-18,4.07730530936212e-18,3.95591160889952e-18,3.95591160889952e-18,3.95591160889952e-18,4.33123080260219e-18,3.95591160889952e-18,0.0430263440477245,3.95591160889952e-18,3.95591160889952e-18,3.95591160889952e-18,7.84247127474228e-11,3.95591160889952e-18,3.95591160889952e-18,7.01109588958762e-18,3.95591160889952e-18,3.95591160889952e-18,3.95591160889952e-18,3.95591160889952e-18,3.95591160889952e-18,4.33123080260219e-18,0.101346245405105,3.95591160889952e-18,3.95591160889952e-18,2.17457280454137e-17,3.95591160889952e-18,3.95591160889952e-18,3.95591160889952e-18,3.95591160889952e-18,3.95591160889952e-18,3.95591160889952e-18,3.95591160889952e-18,3.95591160889952e-18,3.95591160889952e-18,3.95591160889952e-18,3.95591160889952e-18,3.95591160889952e-18,3.95591160889952e-18,3.95591160889952e-18,3.95591160889952e-18,0.00728314581528016,3.95591160889952e-18,3.95591160889952e-18,3.95591160889952e-18,7.22464014675288e-18,2.81936837354087e-07,3.95591160889952e-18,4.20237510796545e-18,2.43029640397951e-16,3.95591160889952e-18,3.95591160889952e-18,3.95591160889952e-18,3.95591160889952e-18,3.95591160889952e-18,3.95591160889952e-18,3.09807318224499e-17,3.95591160889952e-18,3.95591160889952e-18,3.95591160889952e-18,3.95591160889952e-18,3.95591160889952e-18,3.95591160889952e-18,3.95591160889952e-18,3.95591160889952e-18,3.95591160889952e-18,3.95591160889952e-18,3.95591160889952e-18,3.95591160889952e-18,3.95591160889952e-18,3.95591160889952e-18,3.95591160889952e-18,3.95591160889952e-18
"AGRN",1.2361571407864e-10,3.95591160889952e-18,0.000660041410131463,3.95591160889952e-18,4.01023197103379e-12,3.95591160889952e-18,NA,3.95591160889952e-18,6.91165804858095e-15,4.90658485583722e-09,0.000890099233056898,9.18070868811165e-18,3.95591160889952e-18,1.05471498191107e-10,3.95591160889952e-18,3.95591160889952e-18,3.95591160889952e-18,0.00532375159940146,3.95591160889952e-18,3.95591160889952e-18,0.000320418619559613,3.95591160889952e-18,3.95591160889952e-18,3.95591160889952e-18,3.95591160889952e-18,3.95591160889952e-18,3.95591160889952e-18,1.23735672047013e-17,3.95591160889952e-18,3.95591160889952e-18,3.95591160889952e-18,3.95591160889952e-18,3.95591160889952e-18,3.95591160889952e-18,3.95591160889952e-18,3.95591160889952e-18,3.95591160889952e-18,3.95591160889952e-18,3.95591160889952e-18,3.26221965329065e-07,3.95591160889952e-18,3.95591160889952e-18,3.95591160889952e-18,3.95591160889952e-18,9.35473964577657e-13,8.02383015321399e-11,3.95591160889952e-18,6.02989686550988e-09,3.95591160889952e-18,2.62532899043992e-09,4.50888000065235e-14,3.95591160889952e-18,4.74166029806301e-18,0.0774663702065603,0.309617485874071,3.95591160889952e-18,3.95591160889952e-18,3.95591160889952e-18,1.41568911620959e-10,6.56520707337055e-16,4.07730530936212e-18,3.95591160889952e-18,3.95591160889952e-18,3.95591160889952e-18,3.95591160889952e-18,3.95591160889952e-18,4.46398542390809e-18,3.95591160889952e-18,3.95591160889952e-18,3.95591160889952e-18,3.38555195252633e-08,5.0363722610573e-18,3.95591160889952e-18,0.0498132293275047,6.80378409415447e-18,3.95591160889952e-18,3.95591160889952e-18,3.95591160889952e-18,3.95591160889952e-18,3.95591160889952e-18,1.32319872769224e-14,3.95591160889952e-18,3.95591160889952e-18,3.95591160889952e-18,0.00790487764075502,3.95591160889952e-18,3.19057193919638e-17,2.23981235913202e-17,3.95591160889952e-18
"Androstenedione",3.95591160889952e-18,3.95591160889952e-18,3.95591160889952e-18,3.95591160889952e-18,3.95591160889952e-18,3.95591160889952e-18,3.95591160889952e-18,NA,3.95591160889952e-18,3.95591160889952e-18,3.95591160889952e-18,3.95591160889952e-18,3.95591160889952e-18,3.95591160889952e-18,3.95591160889952e-18,3.95591160889952e-18,3.95591160889952e-18,3.95591160889952e-18,3.95591160889952e-18,0.194298458996803,3.95591160889952e-18,0.4141558258227,3.95591160889952e-18,1.82023844029906e-05,3.95591160889952e-18,0.143465403084259,3.95591160889952e-18,3.95591160889952e-18,3.95591160889952e-18,3.95591160889952e-18,3.95591160889952e-18,4.74166029806301e-18,4.07730530936212e-18,9.89815757508727e-14,1.15089193145036e-16,3.95591160889952e-18,3.95591160889952e-18,1.35294980380649e-17,3.95591160889952e-18,3.95591160889952e-18,3.95591160889952e-18,3.95591160889952e-18,1.1315207851887e-17,3.95591160889952e-18,3.95591160889952e-18,3.95591160889952e-18,0.000676861224046455,3.95591160889952e-18,0.0115550355231428,3.95591160889952e-18,3.95591160889952e-18,7.1562828978595e-11,3.95591160889952e-18,3.95591160889952e-18,3.95591160889952e-18,8.22747396833576e-08,3.95591160889952e-18,3.95591160889952e-18,3.95591160889952e-18,3.95591160889952e-18,3.95591160889952e-18,3.95591160889952e-18,3.95591160889952e-18,3.95591160889952e-18,3.95591160889952e-18,3.95591160889952e-18,3.95591160889952e-18,3.95591160889952e-18,3.95591160889952e-18,5.0363722610573e-18,3.95591160889952e-18,3.95591160889952e-18,3.95591160889952e-18,3.95591160889952e-18,3.95591160889952e-18,4.46398542390809e-18,8.64752108146507e-18,7.67117051473693e-18,0.299896698810111,2.96806408851454e-16,3.95591160889952e-18,7.44544116741657e-10,3.95591160889952e-18,3.95591160889952e-18,3.95591160889952e-18,0.00100630609831396,3.95591160889952e-18,3.95591160889952e-18,3.95591160889952e-18
"ANGPT",4.33123080260219e-18,3.95591160889952e-18,3.95591160889952e-18,3.95591160889952e-18,4.70774723729727e-09,3.95591160889952e-18,6.91165804858095e-15,3.95591160889952e-18,NA,4.60075532902844e-18,1.72289135006331e-16,6.25659385293209e-17,3.95591160889952e-18,3.95591160889952e-18,3.95591160889952e-18,3.95591160889952e-18,3.95591160889952e-18,5.86681492545193e-14,3.95591160889952e-18,3.95591160889952e-18,5.68750712431423e-11,3.95591160889952e-18,3.95591160889952e-18,3.95591160889952e-18,3.95591160889952e-18,3.95591160889952e-18,3.95591160889952e-18,2.92094064174088e-17,3.95591160889952e-18,3.95591160889952e-18,3.95591160889952e-18,3.95591160889952e-18,3.95591160889952e-18,3.95591160889952e-18,3.95591160889952e-18,3.95591160889952e-18,3.95591160889952e-18,3.95591160889952e-18,3.95591160889952e-18,0.0299083407560621,3.95591160889952e-18,3.95591160889952e-18,3.95591160889952e-18,3.95591160889952e-18,3.95591160889952e-18,7.67117051473693e-18,3.95591160889952e-18,5.19043683699158e-18,3.95591160889952e-18,9.74631639820544e-18,0.501461150611938,3.95591160889952e-18,4.07730530936212e-18,2.72456795287507e-16,4.20237510796545e-18,3.95591160889952e-18,3.95591160889952e-18,3.95591160889952e-18,0.0291378027971749,8.89806815099546e-13,4.07730530936212e-18,3.95591160889952e-18,3.95591160889952e-18,3.95591160889952e-18,3.95591160889952e-18,3.95591160889952e-18,4.07730530936212e-18,3.95591160889952e-18,3.95591160889952e-18,3.95591160889952e-18,4.74166029806301e-18,1.56972981663118e-17,3.95591160889952e-18,6.38268446287644e-16,3.95591160889952e-18,3.95591160889952e-18,3.95591160889952e-18,3.95591160889952e-18,3.95591160889952e-18,3.95591160889952e-18,0.352336462781542,3.95591160889952e-18,3.95591160889952e-18,3.95591160889952e-18,3.8479191600766e-14,3.95591160889952e-18,1.49207992017746e-16,3.95591160889952e-18,3.95591160889952e-18
"ANGPTL",1.61401436578402e-09,3.95591160889952e-18,2.516262652751e-14,3.95591160889952e-18,4.20237510796545e-18,3.95591160889952e-18,4.90658485583722e-09,3.95591160889952e-18,4.60075532902844e-18,NA,2.16906701228079e-10,3.95591160889952e-18,3.95591160889952e-18,2.83535655639509e-11,3.95591160889952e-18,3.95591160889952e-18,3.95591160889952e-18,1.48215309320209e-09,3.95591160889952e-18,3.95591160889952e-18,9.20129385608661e-11,3.95591160889952e-18,3.95591160889952e-18,3.95591160889952e-18,3.95591160889952e-18,3.95591160889952e-18,3.95591160889952e-18,3.95591160889952e-18,3.95591160889952e-18,3.95591160889952e-18,3.95591160889952e-18,3.95591160889952e-18,3.95591160889952e-18,3.95591160889952e-18,3.95591160889952e-18,3.95591160889952e-18,3.95591160889952e-18,3.95591160889952e-18,3.95591160889952e-18,3.87024774392195e-13,3.95591160889952e-18,3.95591160889952e-18,3.95591160889952e-18,3.95591160889952e-18,5.86681492545193e-14,8.91017949833904e-18,3.95591160889952e-18,0.0105763130537246,3.95591160889952e-18,1.71589226164853e-17,4.33123080260219e-18,3.95591160889952e-18,3.95591160889952e-18,5.29379933428281e-08,0.0192950992114399,3.95591160889952e-18,3.95591160889952e-18,3.95591160889952e-18,4.71750274773695e-15,3.95591160889952e-18,3.95591160889952e-18,3.95591160889952e-18,3.95591160889952e-18,3.95591160889952e-18,3.95591160889952e-18,3.95591160889952e-18,3.95591160889952e-18,3.95591160889952e-18,3.95591160889952e-18,3.95591160889952e-18,3.19057193919638e-17,3.95591160889952e-18,3.95591160889952e-18,2.15204164931701e-08,3.95591160889952e-18,3.95591160889952e-18,3.95591160889952e-18,3.95591160889952e-18,3.95591160889952e-18,3.95591160889952e-18,4.20237510796545e-18,3.95591160889952e-18,3.95591160889952e-18,3.95591160889952e-18,1.39020767863208e-09,3.95591160889952e-18,3.95591160889952e-18,3.95591160889952e-18,3.95591160889952e-18
"ApoA",9.32988561277412e-12,3.95591160889952e-18,1.60778502598506e-05,3.95591160889952e-18,6.02293219069779e-14,3.95591160889952e-18,0.000890099233056898,3.95591160889952e-18,1.72289135006331e-16,2.16906701228079e-10,NA,4.33123080260219e-18,3.95591160889952e-18,1.73098541386611e-11,3.95591160889952e-18,3.95591160889952e-18,3.95591160889952e-18,0.00126665455835116,3.95591160889952e-18,3.95591160889952e-18,3.45098640493243e-05,3.95591160889952e-18,3.95591160889952e-18,3.95591160889952e-18,3.95591160889952e-18,3.95591160889952e-18,3.95591160889952e-18,4.20237510796545e-18,3.95591160889952e-18,3.95591160889952e-18,3.95591160889952e-18,3.95591160889952e-18,3.95591160889952e-18,3.95591160889952e-18,3.95591160889952e-18,3.95591160889952e-18,3.95591160889952e-18,3.95591160889952e-18,3.95591160889952e-18,2.15204164931701e-08,3.95591160889952e-18,3.95591160889952e-18,3.95591160889952e-18,3.95591160889952e-18,2.20621507806548e-13,1.39377693273043e-12,3.95591160889952e-18,6.67893697750306e-10,3.95591160889952e-18,2.14000183496733e-11,1.21719180671223e-15,3.95591160889952e-18,4.07730530936212e-18,0.0148485025182023,0.600038924104394,3.95591160889952e-18,3.95591160889952e-18,3.95591160889952e-18,1.94769938577893e-11,4.15558647672897e-17,3.95591160889952e-18,3.95591160889952e-18,3.95591160889952e-18,3.95591160889952e-18,3.95591160889952e-18,3.95591160889952e-18,4.07730530936212e-18,3.95591160889952e-18,3.95591160889952e-18,3.95591160889952e-18,2.96246526336765e-10,4.07730530936212e-18,3.95591160889952e-18,0.00866079994497808,4.74166029806301e-18,3.95591160889952e-18,3.95591160889952e-18,3.95591160889952e-18,3.95591160889952e-18,3.95591160889952e-18,4.41933584361518e-16,3.95591160889952e-18,3.95591160889952e-18,3.95591160889952e-18,0.00162587344905187,3.95591160889952e-18,6.80378409415447e-18,6.80378409415447e-18,3.95591160889952e-18
"APP",3.95591160889952e-18,3.95591160889952e-18,4.07730530936212e-18,3.95591160889952e-18,3.95591160889952e-18,3.95591160889952e-18,9.18070868811165e-18,3.95591160889952e-18,6.25659385293209e-17,3.95591160889952e-18,4.33123080260219e-18,NA,4.07730530936212e-18,3.95591160889952e-18,3.95591160889952e-18,3.95591160889952e-18,5.85460438279782e-18,4.20237510796545e-18,3.95591160889952e-18,3.95591160889952e-18,6.4071449084651e-18,3.95591160889952e-18,3.95591160889952e-18,3.95591160889952e-18,3.95591160889952e-18,3.95591160889952e-18,3.95591160889952e-18,2.53563160347356e-10,3.95591160889952e-18,3.95591160889952e-18,3.95591160889952e-18,3.95591160889952e-18,3.95591160889952e-18,3.95591160889952e-18,3.95591160889952e-18,3.95591160889952e-18,3.95591160889952e-18,3.95591160889952e-18,3.95591160889952e-18,2.52066612236704e-12,3.95591160889952e-18,3.95591160889952e-18,3.95591160889952e-18,3.95591160889952e-18,3.95591160889952e-18,3.95591160889952e-18,3.95591160889952e-18,3.95591160889952e-18,3.95591160889952e-18,3.95591160889952e-18,3.95591160889952e-18,3.95591160889952e-18,1.02505625945033e-08,4.07730530936212e-18,3.95591160889952e-18,3.95591160889952e-18,3.62275687081267e-16,3.95591160889952e-18,0.0155691657246611,4.88682363326271e-18,4.88682363326271e-18,3.95591160889952e-18,3.95591160889952e-18,4.33123080260219e-18,3.95591160889952e-18,3.95591160889952e-18,4.54640239489517e-16,3.95591160889952e-18,3.95591160889952e-18,3.95591160889952e-18,3.95591160889952e-18,1.93184612806882e-17,3.95591160889952e-18,4.07730530936212e-18,0.266010006166207,3.95591160889952e-18,3.95591160889952e-18,3.95591160889952e-18,3.95591160889952e-18,3.95591160889952e-18,3.95591160889952e-18,3.95591160889952e-18,3.95591160889952e-18,3.95591160889952e-18,5.0363722610573e-18,3.95591160889952e-18,3.95591160889952e-18,1.21856720323564e-13,3.95591160889952e-18
"BMP",3.95591160889952e-18,3.95591160889952e-18,3.95591160889952e-18,3.95591160889952e-18,3.95591160889952e-18,3.95591160889952e-18,3.95591160889952e-18,3.95591160889952e-18,3.95591160889952e-18,3.95591160889952e-18,3.95591160889952e-18,4.07730530936212e-18,NA,3.95591160889952e-18,3.95591160889952e-18,3.95591160889952e-18,5.66895832024706e-09,3.95591160889952e-18,3.95591160889952e-18,3.95591160889952e-18,3.95591160889952e-18,3.95591160889952e-18,3.95591160889952e-18,3.95591160889952e-18,3.95591160889952e-18,3.95591160889952e-18,4.33123080260219e-18,3.95591160889952e-18,3.95591160889952e-18,9.0754856977923e-09,3.95591160889952e-18,3.95591160889952e-18,3.95591160889952e-18,3.95591160889952e-18,3.95591160889952e-18,3.95591160889952e-18,3.95591160889952e-18,3.95591160889952e-18,3.95591160889952e-18,6.4071449084651e-18,7.85058646747035e-05,3.95591160889952e-18,3.95591160889952e-18,4.71750274773695e-15,3.95591160889952e-18,3.95591160889952e-18,3.95591160889952e-18,3.95591160889952e-18,3.95591160889952e-18,3.95591160889952e-18,3.95591160889952e-18,3.95591160889952e-18,3.95591160889952e-18,3.95591160889952e-18,3.95591160889952e-18,3.95591160889952e-18,3.75039198207249e-11,3.95591160889952e-18,1.65748338642235e-10,3.95591160889952e-18,1.95144159111743e-07,3.95591160889952e-18,4.07730530936212e-18,0.182744916073403,3.95591160889952e-18,3.95591160889952e-18,1.47963037864232e-15,2.50805798607392e-13,3.95591160889952e-18,3.95591160889952e-18,3.95591160889952e-18,2.17457280454137e-17,3.95591160889952e-18,3.95591160889952e-18,5.51265575167599e-18,3.95591160889952e-18,3.95591160889952e-18,3.95591160889952e-18,3.95591160889952e-18,3.95591160889952e-18,3.95591160889952e-18,3.95591160889952e-18,3.95591160889952e-18,3.95591160889952e-18,3.95591160889952e-18,3.95591160889952e-18,3.95591160889952e-18,4.60075532902844e-18,0.0376663334325845
"CADM",1.12075261221947e-05,3.95591160889952e-18,8.61523599774715e-17,3.95591160889952e-18,3.95591160889952e-18,3.95591160889952e-18,1.05471498191107e-10,3.95591160889952e-18,3.95591160889952e-18,2.83535655639509e-11,1.73098541386611e-11,3.95591160889952e-18,3.95591160889952e-18,NA,3.95591160889952e-18,3.95591160889952e-18,3.95591160889952e-18,1.17109990312272e-12,3.95591160889952e-18,3.95591160889952e-18,2.38274094035444e-13,3.95591160889952e-18,3.95591160889952e-18,3.95591160889952e-18,3.95591160889952e-18,3.95591160889952e-18,3.95591160889952e-18,3.95591160889952e-18,3.95591160889952e-18,3.95591160889952e-18,3.95591160889952e-18,3.95591160889952e-18,3.95591160889952e-18,3.95591160889952e-18,3.95591160889952e-18,3.95591160889952e-18,3.95591160889952e-18,3.95591160889952e-18,3.95591160889952e-18,6.36974578787234e-15,3.95591160889952e-18,3.95591160889952e-18,3.95591160889952e-18,3.95591160889952e-18,0.00246630570492196,3.95591160889952e-18,3.95591160889952e-18,7.49169819997142e-11,3.95591160889952e-18,3.95591160889952e-18,3.95591160889952e-18,3.95591160889952e-18,3.95591160889952e-18,1.69056784422049e-11,8.19580559815536e-05,3.95591160889952e-18,3.95591160889952e-18,3.95591160889952e-18,2.96806408851454e-16,3.95591160889952e-18,3.95591160889952e-18,3.95591160889952e-18,3.95591160889952e-18,3.95591160889952e-18,3.95591160889952e-18,3.95591160889952e-18,3.95591160889952e-18,3.95591160889952e-18,3.95591160889952e-18,3.95591160889952e-18,5.0363722610573e-18,3.95591160889952e-18,3.95591160889952e-18,1.21297756505333e-11,3.95591160889952e-18,3.95591160889952e-18,3.95591160889952e-18,3.95591160889952e-18,3.95591160889952e-18,3.95591160889952e-18,3.95591160889952e-18,3.95591160889952e-18,3.95591160889952e-18,3.95591160889952e-18,8.25379982634727e-13,3.95591160889952e-18,3.95591160889952e-18,3.95591160889952e-18,3.95591160889952e-18
"CD200",3.95591160889952e-18,3.95591160889952e-18,3.95591160889952e-18,4.60075532902844e-18,3.95591160889952e-18,3.05390148966701e-16,3.95591160889952e-18,3.95591160889952e-18,3.95591160889952e-18,3.95591160889952e-18,3.95591160889952e-18,3.95591160889952e-18,3.95591160889952e-18,3.95591160889952e-18,NA,4.20237510796545e-18,3.95591160889952e-18,3.95591160889952e-18,1.87578208756053e-14,3.95591160889952e-18,3.95591160889952e-18,3.95591160889952e-18,3.95591160889952e-18,3.95591160889952e-18,1.52379449675399e-17,3.95591160889952e-18,3.95591160889952e-18,3.95591160889952e-18,3.13037835424195e-08,3.95591160889952e-18,4.07730530936212e-18,3.95591160889952e-18,3.95591160889952e-18,3.95591160889952e-18,3.95591160889952e-18,9.12979818140614e-17,5.25367281515946e-10,3.95591160889952e-18,2.11120885994692e-17,3.95591160889952e-18,3.95591160889952e-18,0.954758396030865,3.95591160889952e-18,3.95591160889952e-18,3.95591160889952e-18,3.95591160889952e-18,3.95591160889952e-18,3.95591160889952e-18,3.95591160889952e-18,3.95591160889952e-18,3.95591160889952e-18,3.95591160889952e-18,3.95591160889952e-18,3.95591160889952e-18,3.95591160889952e-18,3.95591160889952e-18,3.95591160889952e-18,7.7734256797095e-16,3.95591160889952e-18,3.95591160889952e-18,3.95591160889952e-18,0.189614312882507,1.72034486377129e-09,3.95591160889952e-18,3.95591160889952e-18,3.95591160889952e-18,3.95591160889952e-18,3.95591160889952e-18,3.95591160889952e-18,3.95591160889952e-18,3.95591160889952e-18,3.95591160889952e-18,3.95591160889952e-18,3.95591160889952e-18,3.95591160889952e-18,3.95591160889952e-18,3.95591160889952e-18,3.95591160889952e-18,3.95591160889952e-18,3.95591160889952e-18,3.95591160889952e-18,3.95591160889952e-18,9.20013610281032e-16,3.95591160889952e-18,3.95591160889952e-18,3.95591160889952e-18,3.95591160889952e-18,3.95591160889952e-18,3.95591160889952e-18
"CD39",3.95591160889952e-18,3.95591160889952e-18,3.95591160889952e-18,1.30606051743935e-08,3.95591160889952e-18,6.39438808026142e-10,3.95591160889952e-18,3.95591160889952e-18,3.95591160889952e-18,3.95591160889952e-18,3.95591160889952e-18,3.95591160889952e-18,3.95591160889952e-18,3.95591160889952e-18,4.20237510796545e-18,NA,3.95591160889952e-18,3.95591160889952e-18,3.95591160889952e-18,3.95591160889952e-18,3.95591160889952e-18,3.95591160889952e-18,9.39832757318043e-17,3.95591160889952e-18,1.12075261221947e-05,3.95591160889952e-18,3.95591160889952e-18,3.95591160889952e-18,1.20103554938643e-17,3.95591160889952e-18,3.95591160889952e-18,6.91165804858095e-15,4.33123080260219e-18,3.95591160889952e-18,4.46398542390809e-18,3.95591160889952e-18,4.07730530936212e-18,6.0333467812047e-18,4.32083259764571e-06,3.95591160889952e-18,3.95591160889952e-18,3.95591160889952e-18,3.95591160889952e-18,3.95591160889952e-18,3.95591160889952e-18,3.95591160889952e-18,3.95591160889952e-18,3.95591160889952e-18,3.95591160889952e-18,3.95591160889952e-18,3.95591160889952e-18,3.95591160889952e-18,3.95591160889952e-18,3.95591160889952e-18,3.95591160889952e-18,3.95591160889952e-18,3.95591160889952e-18,1.57857024855841e-13,3.95591160889952e-18,3.95591160889952e-18,3.95591160889952e-18,3.95591160889952e-18,0.000890099233056898,3.95591160889952e-18,4.81074822355179e-17,1.9156382255095e-07,3.95591160889952e-18,3.95591160889952e-18,3.95591160889952e-18,4.07730530936212e-18,3.95591160889952e-18,3.95591160889952e-18,4.21008070947023e-12,3.95591160889952e-18,3.95591160889952e-18,5.85460438279782e-18,3.95591160889952e-18,7.22464014675288e-18,3.95591160889952e-18,3.95591160889952e-18,3.95591160889952e-18,3.95591160889952e-18,3.95591160889952e-18,3.95591160889952e-18,3.95591160889952e-18,3.95591160889952e-18,3.95591160889952e-18,3.95591160889952e-18,3.95591160889952e-18
"CD45",3.95591160889952e-18,3.95591160889952e-18,3.95591160889952e-18,3.95591160889952e-18,3.95591160889952e-18,3.95591160889952e-18,3.95591160889952e-18,3.95591160889952e-18,3.95591160889952e-18,3.95591160889952e-18,3.95591160889952e-18,5.85460438279782e-18,5.66895832024706e-09,3.95591160889952e-18,3.95591160889952e-18,3.95591160889952e-18,NA,3.95591160889952e-18,3.95591160889952e-18,3.95591160889952e-18,3.95591160889952e-18,3.95591160889952e-18,3.95591160889952e-18,3.95591160889952e-18,3.95591160889952e-18,3.95591160889952e-18,3.95591160889952e-18,4.46398542390809e-18,3.95591160889952e-18,0.464996611160508,4.07730530936212e-18,3.95591160889952e-18,3.95591160889952e-18,3.95591160889952e-18,3.95591160889952e-18,3.95591160889952e-18,3.95591160889952e-18,3.95591160889952e-18,3.95591160889952e-18,3.58860238272921e-17,1.21297756505333e-11,3.95591160889952e-18,3.95591160889952e-18,4.07730530936212e-18,3.95591160889952e-18,3.95591160889952e-18,3.95591160889952e-18,3.95591160889952e-18,3.95591160889952e-18,3.95591160889952e-18,3.95591160889952e-18,3.95591160889952e-18,1.21856720323564e-13,3.95591160889952e-18,3.95591160889952e-18,3.95591160889952e-18,0.023355108566128,3.95591160889952e-18,7.77030328518056e-08,4.07730530936212e-18,0.0798036446783287,3.95591160889952e-18,4.07730530936212e-18,2.36176664369545e-16,3.95591160889952e-18,3.95591160889952e-18,4.51765371432292e-07,1.23735672047013e-17,1.82071265526613e-17,3.95591160889952e-18,3.95591160889952e-18,4.95246314573701e-11,3.95591160889952e-18,3.95591160889952e-18,7.01109588958762e-18,3.95591160889952e-18,3.95591160889952e-18,3.95591160889952e-18,3.95591160889952e-18,3.95591160889952e-18,3.95591160889952e-18,3.95591160889952e-18,3.95591160889952e-18,3.95591160889952e-18,3.95591160889952e-18,3.95591160889952e-18,3.95591160889952e-18,4.46398542390809e-18,9.95896445373433e-17
"CD46",1.20848257306689e-10,3.95591160889952e-18,0.5881380789044,3.95591160889952e-18,1.12904270586492e-10,3.95591160889952e-18,0.00532375159940146,3.95591160889952e-18,5.86681492545193e-14,1.48215309320209e-09,0.00126665455835116,4.20237510796545e-18,3.95591160889952e-18,1.17109990312272e-12,3.95591160889952e-18,3.95591160889952e-18,3.95591160889952e-18,NA,3.95591160889952e-18,3.95591160889952e-18,1.0208365858121e-06,3.95591160889952e-18,3.95591160889952e-18,3.95591160889952e-18,3.95591160889952e-18,3.95591160889952e-18,3.95591160889952e-18,1.76753591696907e-17,3.95591160889952e-18,3.95591160889952e-18,3.95591160889952e-18,3.95591160889952e-18,3.95591160889952e-18,3.95591160889952e-18,3.95591160889952e-18,3.95591160889952e-18,3.95591160889952e-18,3.95591160889952e-18,3.95591160889952e-18,1.6084875823059e-15,3.95591160889952e-18,3.95591160889952e-18,3.95591160889952e-18,3.95591160889952e-18,3.77308612325635e-13,1.15729879264021e-08,3.95591160889952e-18,1.68416441749517e-09,3.95591160889952e-18,4.25014121508094e-06,6.86689058950531e-14,3.95591160889952e-18,4.20237510796545e-18,3.8479191600766e-14,3.91890497511127e-17,3.95591160889952e-18,3.95591160889952e-18,3.95591160889952e-18,3.58860238272921e-17,4.81143268283982e-16,3.95591160889952e-18,3.95591160889952e-18,3.95591160889952e-18,3.95591160889952e-18,3.95591160889952e-18,3.95591160889952e-18,3.95591160889952e-18,3.95591160889952e-18,3.95591160889952e-18,3.95591160889952e-18,0.000220337196050246,3.95591160889952e-18,3.95591160889952e-18,1.49906830671661e-13,5.51265575167599e-18,3.95591160889952e-18,3.95591160889952e-18,3.95591160889952e-18,3.95591160889952e-18,3.95591160889952e-18,3.32208530290842e-13,3.95591160889952e-18,3.95591160889952e-18,3.95591160889952e-18,0.153112340172246,3.95591160889952e-18,1.31328151759545e-17,2.83615955450347e-17,3.95591160889952e-18
"CD6",3.95591160889952e-18,0.00377003607169207,3.95591160889952e-18,3.95591160889952e-18,3.95591160889952e-18,4.07730530936212e-18,3.95591160889952e-18,3.95591160889952e-18,3.95591160889952e-18,3.95591160889952e-18,3.95591160889952e-18,3.95591160889952e-18,3.95591160889952e-18,3.95591160889952e-18,1.87578208756053e-14,3.95591160889952e-18,3.95591160889952e-18,3.95591160889952e-18,NA,3.95591160889952e-18,3.95591160889952e-18,3.95591160889952e-18,3.95591160889952e-18,3.95591160889952e-18,3.95591160889952e-18,3.95591160889952e-18,9.73078091434956e-16,3.95591160889952e-18,3.95591160889952e-18,3.95591160889952e-18,9.26179897985655e-09,3.95591160889952e-18,3.95591160889952e-18,3.95591160889952e-18,3.95591160889952e-18,1.98789134103284e-07,4.87003713614698e-12,3.95591160889952e-18,3.95591160889952e-18,3.95591160889952e-18,3.95591160889952e-18,6.44159214346528e-17,3.95591160889952e-18,3.95591160889952e-18,3.95591160889952e-18,3.95591160889952e-18,3.95591160889952e-18,3.95591160889952e-18,3.95591160889952e-18,3.95591160889952e-18,3.95591160889952e-18,3.95591160889952e-18,3.95591160889952e-18,3.95591160889952e-18,3.95591160889952e-18,3.95591160889952e-18,3.95591160889952e-18,3.95591160889952e-18,7.44460163315224e-18,3.95591160889952e-18,3.95591160889952e-18,2.29514253070195e-16,1.36095330015383e-15,3.95591160889952e-18,3.95591160889952e-18,3.95591160889952e-18,3.95591160889952e-18,3.95591160889952e-18,5.85460438279782e-18,3.95591160889952e-18,3.95591160889952e-18,3.95591160889952e-18,3.95591160889952e-18,3.95591160889952e-18,3.95591160889952e-18,3.95591160889952e-18,3.95591160889952e-18,3.95591160889952e-18,3.95591160889952e-18,3.95591160889952e-18,3.95591160889952e-18,3.95591160889952e-18,2.47998757604205e-07,0.00473420580044737,3.95591160889952e-18,3.95591160889952e-18,3.95591160889952e-18,3.95591160889952e-18,3.95591160889952e-18
"CD99",3.95591160889952e-18,3.95591160889952e-18,3.95591160889952e-18,3.95591160889952e-18,3.95591160889952e-18,3.95591160889952e-18,3.95591160889952e-18,0.194298458996803,3.95591160889952e-18,3.95591160889952e-18,3.95591160889952e-18,3.95591160889952e-18,3.95591160889952e-18,3.95591160889952e-18,3.95591160889952e-18,3.95591160889952e-18,3.95591160889952e-18,3.95591160889952e-18,3.95591160889952e-18,NA,3.95591160889952e-18,0.477695404799042,3.95591160889952e-18,0.000400497998880908,3.95591160889952e-18,0.444255301733892,3.95591160889952e-18,3.95591160889952e-18,3.95591160889952e-18,3.95591160889952e-18,3.95591160889952e-18,7.90454251125711e-18,2.6738147313499e-17,1.87279183928943e-09,2.12309969006291e-15,3.95591160889952e-18,3.95591160889952e-18,1.93184612806882e-17,3.95591160889952e-18,3.95591160889952e-18,3.95591160889952e-18,3.95591160889952e-18,3.91890497511127e-17,3.95591160889952e-18,3.95591160889952e-18,3.95591160889952e-18,0.0510273911805304,3.95591160889952e-18,0.215154427886323,3.95591160889952e-18,3.95591160889952e-18,1.81199686798206e-07,3.95591160889952e-18,3.95591160889952e-18,3.95591160889952e-18,4.85418621511772e-07,3.95591160889952e-18,3.95591160889952e-18,3.95591160889952e-18,3.95591160889952e-18,3.95591160889952e-18,3.95591160889952e-18,3.95591160889952e-18,3.95591160889952e-18,4.88682363326271e-18,3.95591160889952e-18,3.95591160889952e-18,3.95591160889952e-18,3.95591160889952e-18,7.67040667151587e-17,3.95591160889952e-18,3.95591160889952e-18,3.95591160889952e-18,3.95591160889952e-18,3.95591160889952e-18,9.45934121085736e-18,2.16740375334389e-16,1.93184612806882e-17,0.768775651159445,1.32319872769224e-14,3.95591160889952e-18,1.36995112873564e-07,3.95591160889952e-18,3.95591160889952e-18,3.95591160889952e-18,0.0815939534139536,3.95591160889952e-18,3.95591160889952e-18,3.95591160889952e-18
"CDH",1.00235423925907e-11,3.95591160889952e-18,0.0225290134833312,3.95591160889952e-18,1.59081283823739e-07,3.95591160889952e-18,0.000320418619559613,3.95591160889952e-18,5.68750712431423e-11,9.20129385608661e-11,3.45098640493243e-05,6.4071449084651e-18,3.95591160889952e-18,2.38274094035444e-13,3.95591160889952e-18,3.95591160889952e-18,3.95591160889952e-18,1.0208365858121e-06,3.95591160889952e-18,3.95591160889952e-18,NA,3.95591160889952e-18,3.95591160889952e-18,3.95591160889952e-18,3.95591160889952e-18,3.95591160889952e-18,3.95591160889952e-18,2.75380712646258e-17,3.95591160889952e-18,4.07730530936212e-18,3.95591160889952e-18,3.95591160889952e-18,3.95591160889952e-18,3.95591160889952e-18,3.95591160889952e-18,3.95591160889952e-18,3.95591160889952e-18,3.95591160889952e-18,3.95591160889952e-18,4.60075532902844e-18,4.07730530936212e-18,3.95591160889952e-18,3.95591160889952e-18,3.95591160889952e-18,7.82683177155291e-14,3.05980768973187e-05,3.95591160889952e-18,9.85177821693811e-11,3.95591160889952e-18,0.00448630733863248,1.90233189785662e-11,3.95591160889952e-18,4.46398542390809e-18,9.7868882591484e-12,4.07730530936212e-18,3.95591160889952e-18,3.95591160889952e-18,3.95591160889952e-18,4.88682363326271e-18,7.7053369891771e-15,3.95591160889952e-18,3.95591160889952e-18,3.95591160889952e-18,4.07730530936212e-18,3.95591160889952e-18,3.95591160889952e-18,4.07730530936212e-18,3.95591160889952e-18,3.95591160889952e-18,3.95591160889952e-18,0.11024299700122,4.20237510796545e-18,3.95591160889952e-18,4.51495611058988e-11,4.88682363326271e-18,3.95591160889952e-18,3.95591160889952e-18,3.95591160889952e-18,3.95591160889952e-18,3.95591160889952e-18,1.1549381729187e-10,3.95591160889952e-18,3.95591160889952e-18,3.95591160889952e-18,8.12765503566198e-07,3.95591160889952e-18,2.59611565456869e-17,2.59611565456869e-17,4.07730530936212e-18
"CDH5",3.95591160889952e-18,3.95591160889952e-18,3.95591160889952e-18,3.95591160889952e-18,3.95591160889952e-18,3.95591160889952e-18,3.95591160889952e-18,0.4141558258227,3.95591160889952e-18,3.95591160889952e-18,3.95591160889952e-18,3.95591160889952e-18,3.95591160889952e-18,3.95591160889952e-18,3.95591160889952e-18,3.95591160889952e-18,3.95591160889952e-18,3.95591160889952e-18,3.95591160889952e-18,0.477695404799042,3.95591160889952e-18,NA,3.95591160889952e-18,0.000172395833340199,3.95591160889952e-18,0.222887404446071,3.95591160889952e-18,3.95591160889952e-18,3.95591160889952e-18,3.95591160889952e-18,3.95591160889952e-18,4.46398542390809e-18,1.93184612806882e-17,4.41162946853118e-11,8.94560955776993e-16,3.95591160889952e-18,3.95591160889952e-18,9.74631639820544e-18,3.95591160889952e-18,3.95591160889952e-18,3.95591160889952e-18,3.95591160889952e-18,8.39250746012644e-18,3.95591160889952e-18,3.95591160889952e-18,3.95591160889952e-18,0.0281370377166605,3.95591160889952e-18,0.151144491157966,3.95591160889952e-18,3.95591160889952e-18,1.02505625945033e-08,3.95591160889952e-18,3.95591160889952e-18,3.95591160889952e-18,1.44407802292973e-08,3.95591160889952e-18,3.95591160889952e-18,3.95591160889952e-18,3.95591160889952e-18,3.95591160889952e-18,3.95591160889952e-18,3.95591160889952e-18,3.95591160889952e-18,3.95591160889952e-18,3.95591160889952e-18,3.95591160889952e-18,3.95591160889952e-18,3.95591160889952e-18,8.91017949833904e-18,3.95591160889952e-18,3.95591160889952e-18,3.95591160889952e-18,3.95591160889952e-18,3.95591160889952e-18,1.23735672047013e-17,1.82477263648655e-16,1.16576693677242e-17,0.811133826233544,2.57665462843897e-15,3.95591160889952e-18,6.45855891598022e-07,3.95591160889952e-18,3.95591160889952e-18,3.95591160889952e-18,0.0364187805321918,3.95591160889952e-18,3.95591160889952e-18,3.95591160889952e-18
"Cholesterol",3.95591160889952e-18,3.95591160889952e-18,3.95591160889952e-18,3.10491639557607e-09,3.95591160889952e-18,4.33123080260219e-18,3.95591160889952e-18,3.95591160889952e-18,3.95591160889952e-18,3.95591160889952e-18,3.95591160889952e-18,3.95591160889952e-18,3.95591160889952e-18,3.95591160889952e-18,3.95591160889952e-18,9.39832757318043e-17,3.95591160889952e-18,3.95591160889952e-18,3.95591160889952e-18,3.95591160889952e-18,3.95591160889952e-18,3.95591160889952e-18,NA,3.95591160889952e-18,4.33123080260219e-18,3.95591160889952e-18,3.95591160889952e-18,3.95591160889952e-18,3.95591160889952e-18,3.95591160889952e-18,3.95591160889952e-18,0.990398379675308,2.96806408851454e-16,5.34915185365328e-18,7.29788564700184e-15,3.95591160889952e-18,3.95591160889952e-18,4.03562611150682e-08,4.07730530936212e-18,3.95591160889952e-18,3.95591160889952e-18,3.95591160889952e-18,3.58613473079099e-15,3.95591160889952e-18,3.95591160889952e-18,3.95591160889952e-18,3.95591160889952e-18,3.95591160889952e-18,4.74166029806301e-18,3.95591160889952e-18,3.95591160889952e-18,4.07730530936212e-18,3.95591160889952e-18,3.95591160889952e-18,3.95591160889952e-18,5.34915185365328e-18,3.95591160889952e-18,3.95591160889952e-18,3.95591160889952e-18,3.95591160889952e-18,3.95591160889952e-18,3.95591160889952e-18,7.84247127474228e-11,3.95591160889952e-18,0.543940948599892,3.28247404424413e-14,3.95591160889952e-18,3.95591160889952e-18,3.95591160889952e-18,2.50645047432755e-15,3.95591160889952e-18,3.95591160889952e-18,2.21807197635714e-10,3.95591160889952e-18,3.95591160889952e-18,3.30219181869792e-15,2.23981235913202e-17,7.49169819997142e-11,3.95591160889952e-18,1.66573808352069e-17,3.95591160889952e-18,4.46398542390809e-18,3.95591160889952e-18,3.95591160889952e-18,3.95591160889952e-18,4.07730530936212e-18,3.95591160889952e-18,3.95591160889952e-18,3.95591160889952e-18
"CLDN",3.95591160889952e-18,3.95591160889952e-18,3.95591160889952e-18,4.20237510796545e-18,3.95591160889952e-18,3.95591160889952e-18,3.95591160889952e-18,1.82023844029906e-05,3.95591160889952e-18,3.95591160889952e-18,3.95591160889952e-18,3.95591160889952e-18,3.95591160889952e-18,3.95591160889952e-18,3.95591160889952e-18,3.95591160889952e-18,3.95591160889952e-18,3.95591160889952e-18,3.95591160889952e-18,0.000400497998880908,3.95591160889952e-18,0.000172395833340199,3.95591160889952e-18,NA,3.95591160889952e-18,0.0121328052714319,3.95591160889952e-18,3.95591160889952e-18,3.95591160889952e-18,3.95591160889952e-18,3.95591160889952e-18,1.71589226164853e-17,3.12531743086211e-15,0.00319461129396166,4.41162946853118e-11,3.95591160889952e-18,3.95591160889952e-18,7.14419365101563e-16,3.95591160889952e-18,3.95591160889952e-18,3.95591160889952e-18,3.95591160889952e-18,3.04041218650116e-15,3.95591160889952e-18,3.95591160889952e-18,3.95591160889952e-18,0.245871892324324,3.95591160889952e-18,0.0262240943064829,3.95591160889952e-18,3.95591160889952e-18,0.0215322019367309,3.95591160889952e-18,3.95591160889952e-18,3.95591160889952e-18,0.0239918169986063,3.95591160889952e-18,3.95591160889952e-18,3.95591160889952e-18,3.95591160889952e-18,3.95591160889952e-18,3.95591160889952e-18,3.95591160889952e-18,3.95591160889952e-18,7.67117051473693e-18,3.95591160889952e-18,3.95591160889952e-18,3.95591160889952e-18,3.95591160889952e-18,2.06508479287517e-15,3.95591160889952e-18,3.95591160889952e-18,3.95591160889952e-18,3.95591160889952e-18,3.95591160889952e-18,2.57328904934781e-16,1.25381291008923e-14,8.86883777200314e-17,0.000461894276738124,3.2370736110403e-10,3.95591160889952e-18,0.0539570676411873,3.95591160889952e-18,3.95591160889952e-18,3.95591160889952e-18,0.0556933114269982,3.95591160889952e-18,3.95591160889952e-18,3.95591160889952e-18
"CNTN",3.95591160889952e-18,3.95591160889952e-18,3.95591160889952e-18,1.6405603505616e-14,3.95591160889952e-18,0.0430263440477245,3.95591160889952e-18,3.95591160889952e-18,3.95591160889952e-18,3.95591160889952e-18,3.95591160889952e-18,3.95591160889952e-18,3.95591160889952e-18,3.95591160889952e-18,1.52379449675399e-17,1.12075261221947e-05,3.95591160889952e-18,3.95591160889952e-18,3.95591160889952e-18,3.95591160889952e-18,3.95591160889952e-18,3.95591160889952e-18,4.33123080260219e-18,3.95591160889952e-18,NA,3.95591160889952e-18,3.95591160889952e-18,3.95591160889952e-18,2.87436426879994e-14,3.95591160889952e-18,3.95591160889952e-18,1.16576693677242e-17,3.95591160889952e-18,3.95591160889952e-18,3.95591160889952e-18,3.95591160889952e-18,4.46398542390809e-18,3.95591160889952e-18,0.724517084027776,3.95591160889952e-18,3.95591160889952e-18,4.07730530936212e-18,3.95591160889952e-18,3.95591160889952e-18,3.95591160889952e-18,3.95591160889952e-18,3.95591160889952e-18,3.95591160889952e-18,3.95591160889952e-18,3.95591160889952e-18,3.95591160889952e-18,3.95591160889952e-18,3.95591160889952e-18,3.95591160889952e-18,3.95591160889952e-18,3.95591160889952e-18,3.95591160889952e-18,4.53461716014031e-08,3.95591160889952e-18,3.95591160889952e-18,3.95591160889952e-18,3.95591160889952e-18,1.52069087255329e-06,3.95591160889952e-18,4.07730530936212e-18,6.02293219069779e-14,3.95591160889952e-18,3.95591160889952e-18,3.95591160889952e-18,3.95591160889952e-18,3.95591160889952e-18,3.95591160889952e-18,1.21934677155421e-16,3.95591160889952e-18,3.95591160889952e-18,3.95591160889952e-18,3.95591160889952e-18,3.95591160889952e-18,3.95591160889952e-18,3.95591160889952e-18,3.95591160889952e-18,3.95591160889952e-18,3.95591160889952e-18,3.95591160889952e-18,3.95591160889952e-18,3.95591160889952e-18,3.95591160889952e-18,3.95591160889952e-18,3.95591160889952e-18
"COLLAGEN",3.95591160889952e-18,3.95591160889952e-18,3.95591160889952e-18,3.95591160889952e-18,3.95591160889952e-18,3.95591160889952e-18,3.95591160889952e-18,0.143465403084259,3.95591160889952e-18,3.95591160889952e-18,3.95591160889952e-18,3.95591160889952e-18,3.95591160889952e-18,3.95591160889952e-18,3.95591160889952e-18,3.95591160889952e-18,3.95591160889952e-18,3.95591160889952e-18,3.95591160889952e-18,0.444255301733892,3.95591160889952e-18,0.222887404446071,3.95591160889952e-18,0.0121328052714319,3.95591160889952e-18,NA,3.95591160889952e-18,3.95591160889952e-18,3.95591160889952e-18,3.95591160889952e-18,3.95591160889952e-18,1.1315207851887e-17,1.61703099974578e-17,1.47333373986433e-08,4.27702026764362e-14,3.95591160889952e-18,3.95591160889952e-18,9.39832757318043e-17,3.95591160889952e-18,3.95591160889952e-18,3.95591160889952e-18,3.95591160889952e-18,7.23708376717742e-17,3.95591160889952e-18,3.95591160889952e-18,3.95591160889952e-18,0.115711034617419,3.95591160889952e-18,0.696351788404892,3.95591160889952e-18,3.95591160889952e-18,2.10400473267056e-06,3.95591160889952e-18,3.95591160889952e-18,3.95591160889952e-18,1.93247232128146e-06,3.95591160889952e-18,3.95591160889952e-18,3.95591160889952e-18,3.95591160889952e-18,3.95591160889952e-18,3.95591160889952e-18,3.95591160889952e-18,3.95591160889952e-18,6.4071449084651e-18,3.95591160889952e-18,3.95591160889952e-18,3.95591160889952e-18,3.95591160889952e-18,7.02956749043176e-17,3.95591160889952e-18,3.95591160889952e-18,3.95591160889952e-18,3.95591160889952e-18,3.95591160889952e-18,1.06597969536977e-17,7.34815018513992e-16,9.18070868811165e-18,0.217710309238399,5.55802783953876e-15,3.95591160889952e-18,1.17516544774097e-05,3.95591160889952e-18,3.95591160889952e-18,3.95591160889952e-18,0.13608918550343,3.95591160889952e-18,3.95591160889952e-18,3.95591160889952e-18
"DESMOSOME",3.95591160889952e-18,1.97889645678163e-14,3.95591160889952e-18,3.95591160889952e-18,3.95591160889952e-18,3.95591160889952e-18,3.95591160889952e-18,3.95591160889952e-18,3.95591160889952e-18,3.95591160889952e-18,3.95591160889952e-18,3.95591160889952e-18,4.33123080260219e-18,3.95591160889952e-18,3.95591160889952e-18,3.95591160889952e-18,3.95591160889952e-18,3.95591160889952e-18,9.73078091434956e-16,3.95591160889952e-18,3.95591160889952e-18,3.95591160889952e-18,3.95591160889952e-18,3.95591160889952e-18,3.95591160889952e-18,3.95591160889952e-18,NA,3.95591160889952e-18,3.95591160889952e-18,3.95591160889952e-18,0.000981997320662499,3.95591160889952e-18,3.95591160889952e-18,3.95591160889952e-18,3.95591160889952e-18,3.95591160889952e-18,3.95591160889952e-18,3.95591160889952e-18,3.95591160889952e-18,4.07730530936212e-18,4.60075532902844e-18,3.95591160889952e-18,3.95591160889952e-18,7.23708376717742e-17,3.95591160889952e-18,3.95591160889952e-18,3.95591160889952e-18,3.95591160889952e-18,3.95591160889952e-18,3.95591160889952e-18,3.95591160889952e-18,3.95591160889952e-18,3.95591160889952e-18,3.95591160889952e-18,3.95591160889952e-18,3.95591160889952e-18,4.07730530936212e-18,3.95591160889952e-18,6.63198319372062e-17,3.95591160889952e-18,3.95591160889952e-18,3.95591160889952e-18,7.44460163315224e-18,3.19057193919638e-17,3.95591160889952e-18,3.95591160889952e-18,3.95591160889952e-18,2.57328904934781e-16,1.68515694835085e-14,3.95591160889952e-18,3.95591160889952e-18,3.95591160889952e-18,3.95591160889952e-18,3.95591160889952e-18,3.95591160889952e-18,3.95591160889952e-18,3.95591160889952e-18,3.95591160889952e-18,3.95591160889952e-18,3.95591160889952e-18,3.95591160889952e-18,3.95591160889952e-18,3.95591160889952e-18,4.60075532902844e-18,3.95591160889952e-18,3.95591160889952e-18,3.95591160889952e-18,3.95591160889952e-18,1.35294980380649e-17
"DHEA",3.95591160889952e-18,3.95591160889952e-18,3.95591160889952e-18,3.95591160889952e-18,3.95591160889952e-18,3.95591160889952e-18,1.23735672047013e-17,3.95591160889952e-18,2.92094064174088e-17,3.95591160889952e-18,4.20237510796545e-18,2.53563160347356e-10,3.95591160889952e-18,3.95591160889952e-18,3.95591160889952e-18,3.95591160889952e-18,4.46398542390809e-18,1.76753591696907e-17,3.95591160889952e-18,3.95591160889952e-18,2.75380712646258e-17,3.95591160889952e-18,3.95591160889952e-18,3.95591160889952e-18,3.95591160889952e-18,3.95591160889952e-18,3.95591160889952e-18,NA,3.95591160889952e-18,4.33123080260219e-18,3.95591160889952e-18,3.95591160889952e-18,3.95591160889952e-18,3.95591160889952e-18,3.95591160889952e-18,3.95591160889952e-18,3.95591160889952e-18,3.95591160889952e-18,3.95591160889952e-18,1.76388600003148e-08,3.95591160889952e-18,3.95591160889952e-18,3.95591160889952e-18,3.95591160889952e-18,3.95591160889952e-18,3.95591160889952e-18,3.95591160889952e-18,4.07730530936212e-18,3.95591160889952e-18,3.95591160889952e-18,4.20237510796545e-18,3.95591160889952e-18,1.16576693677242e-17,6.0333467812047e-18,3.95591160889952e-18,3.95591160889952e-18,8.61523599774715e-17,3.95591160889952e-18,0.446305370200738,7.82683177155291e-14,3.95591160889952e-18,3.95591160889952e-18,3.95591160889952e-18,4.07730530936212e-18,3.95591160889952e-18,3.95591160889952e-18,4.6720416035814e-17,3.95591160889952e-18,3.95591160889952e-18,3.95591160889952e-18,3.95591160889952e-18,7.14419365101563e-16,3.95591160889952e-18,7.22464014675288e-18,3.17055757076141e-09,3.95591160889952e-18,3.95591160889952e-18,3.95591160889952e-18,3.95591160889952e-18,3.95591160889952e-18,1.39380002081336e-17,3.95591160889952e-18,3.95591160889952e-18,3.95591160889952e-18,1.66573808352069e-17,3.95591160889952e-18,0.324584743261818,0.281071762829593,3.95591160889952e-18
"DHT",3.95591160889952e-18,3.95591160889952e-18,3.95591160889952e-18,4.07730530936212e-18,3.95591160889952e-18,7.84247127474228e-11,3.95591160889952e-18,3.95591160889952e-18,3.95591160889952e-18,3.95591160889952e-18,3.95591160889952e-18,3.95591160889952e-18,3.95591160889952e-18,3.95591160889952e-18,3.13037835424195e-08,1.20103554938643e-17,3.95591160889952e-18,3.95591160889952e-18,3.95591160889952e-18,3.95591160889952e-18,3.95591160889952e-18,3.95591160889952e-18,3.95591160889952e-18,3.95591160889952e-18,2.87436426879994e-14,3.95591160889952e-18,3.95591160889952e-18,3.95591160889952e-18,NA,3.95591160889952e-18,3.95591160889952e-18,3.95591160889952e-18,3.95591160889952e-18,3.95591160889952e-18,3.95591160889952e-18,5.68109103390228e-18,1.62662245352212e-16,3.95591160889952e-18,2.09573623469619e-13,3.95591160889952e-18,3.95591160889952e-18,1.05278214441294e-07,3.95591160889952e-18,3.95591160889952e-18,3.95591160889952e-18,3.95591160889952e-18,3.95591160889952e-18,3.95591160889952e-18,3.95591160889952e-18,3.95591160889952e-18,3.95591160889952e-18,3.95591160889952e-18,3.95591160889952e-18,3.95591160889952e-18,3.95591160889952e-18,3.95591160889952e-18,3.95591160889952e-18,1.50422804122146e-07,3.95591160889952e-18,3.95591160889952e-18,3.95591160889952e-18,8.46329686254591e-13,3.74663355412229e-09,3.95591160889952e-18,3.95591160889952e-18,3.95591160889952e-18,3.95591160889952e-18,3.95591160889952e-18,3.95591160889952e-18,3.95591160889952e-18,3.95591160889952e-18,3.95591160889952e-18,3.95591160889952e-18,3.95591160889952e-18,3.95591160889952e-18,3.95591160889952e-18,3.95591160889952e-18,3.95591160889952e-18,3.95591160889952e-18,3.95591160889952e-18,3.95591160889952e-18,3.95591160889952e-18,6.4071449084651e-18,4.07730530936212e-18,3.95591160889952e-18,3.95591160889952e-18,3.95591160889952e-18,3.95591160889952e-18,3.95591160889952e-18
"EDA",3.95591160889952e-18,3.95591160889952e-18,3.95591160889952e-18,3.95591160889952e-18,3.95591160889952e-18,3.95591160889952e-18,3.95591160889952e-18,3.95591160889952e-18,3.95591160889952e-18,3.95591160889952e-18,3.95591160889952e-18,3.95591160889952e-18,9.0754856977923e-09,3.95591160889952e-18,3.95591160889952e-18,3.95591160889952e-18,0.464996611160508,3.95591160889952e-18,3.95591160889952e-18,3.95591160889952e-18,4.07730530936212e-18,3.95591160889952e-18,3.95591160889952e-18,3.95591160889952e-18,3.95591160889952e-18,3.95591160889952e-18,3.95591160889952e-18,4.33123080260219e-18,3.95591160889952e-18,NA,3.95591160889952e-18,3.95591160889952e-18,3.95591160889952e-18,3.95591160889952e-18,3.95591160889952e-18,3.95591160889952e-18,3.95591160889952e-18,3.95591160889952e-18,3.95591160889952e-18,2.75380712646258e-17,5.14397303655627e-14,3.95591160889952e-18,3.95591160889952e-18,5.85460438279782e-18,3.95591160889952e-18,3.95591160889952e-18,3.95591160889952e-18,3.95591160889952e-18,3.95591160889952e-18,3.95591160889952e-18,3.95591160889952e-18,3.95591160889952e-18,8.94560955776993e-16,3.95591160889952e-18,3.95591160889952e-18,3.95591160889952e-18,0.000365491481966043,3.95591160889952e-18,3.66085274141228e-08,3.95591160889952e-18,0.0871611473137805,3.95591160889952e-18,3.95591160889952e-18,1.44905602860207e-07,3.95591160889952e-18,3.95591160889952e-18,3.2370736110403e-10,4.33123080260219e-18,5.19043683699158e-18,3.95591160889952e-18,3.95591160889952e-18,7.45063911129178e-17,3.95591160889952e-18,3.95591160889952e-18,5.68109103390228e-18,3.95591160889952e-18,3.95591160889952e-18,3.95591160889952e-18,3.95591160889952e-18,3.95591160889952e-18,3.95591160889952e-18,3.95591160889952e-18,3.95591160889952e-18,3.95591160889952e-18,3.95591160889952e-18,3.95591160889952e-18,3.95591160889952e-18,4.60075532902844e-18,3.30591805527915e-09
"EGF",3.95591160889952e-18,1.93947551011479e-10,3.95591160889952e-18,3.95591160889952e-18,3.95591160889952e-18,3.95591160889952e-18,3.95591160889952e-18,3.95591160889952e-18,3.95591160889952e-18,3.95591160889952e-18,3.95591160889952e-18,3.95591160889952e-18,3.95591160889952e-18,3.95591160889952e-18,4.07730530936212e-18,3.95591160889952e-18,4.07730530936212e-18,3.95591160889952e-18,9.26179897985655e-09,3.95591160889952e-18,3.95591160889952e-18,3.95591160889952e-18,3.95591160889952e-18,3.95591160889952e-18,3.95591160889952e-18,3.95591160889952e-18,0.000981997320662499,3.95591160889952e-18,3.95591160889952e-18,3.95591160889952e-18,NA,3.95591160889952e-18,3.95591160889952e-18,3.95591160889952e-18,3.95591160889952e-18,4.60075532902844e-18,3.95591160889952e-18,3.95591160889952e-18,3.95591160889952e-18,3.95591160889952e-18,4.60075532902844e-18,3.95591160889952e-18,3.95591160889952e-18,1.74838327736385e-15,3.95591160889952e-18,3.95591160889952e-18,3.95591160889952e-18,3.95591160889952e-18,3.95591160889952e-18,3.95591160889952e-18,3.95591160889952e-18,3.95591160889952e-18,3.95591160889952e-18,3.95591160889952e-18,3.95591160889952e-18,3.95591160889952e-18,3.95591160889952e-18,3.95591160889952e-18,8.14491905601264e-18,3.95591160889952e-18,3.95591160889952e-18,3.95591160889952e-18,1.56972981663118e-17,1.00072978047337e-15,3.95591160889952e-18,3.95591160889952e-18,3.95591160889952e-18,2.4473398426105e-17,3.42240488544539e-16,3.95591160889952e-18,3.95591160889952e-18,3.95591160889952e-18,3.95591160889952e-18,3.95591160889952e-18,3.95591160889952e-18,3.95591160889952e-18,3.95591160889952e-18,3.95591160889952e-18,3.95591160889952e-18,3.95591160889952e-18,3.95591160889952e-18,3.95591160889952e-18,4.07730530936212e-18,5.51265575167599e-18,3.95591160889952e-18,3.95591160889952e-18,3.95591160889952e-18,3.95591160889952e-18,8.22293070852005e-16
"EPHA",3.95591160889952e-18,3.95591160889952e-18,3.95591160889952e-18,9.51890008323197e-07,3.95591160889952e-18,7.01109588958762e-18,3.95591160889952e-18,4.74166029806301e-18,3.95591160889952e-18,3.95591160889952e-18,3.95591160889952e-18,3.95591160889952e-18,3.95591160889952e-18,3.95591160889952e-18,3.95591160889952e-18,6.91165804858095e-15,3.95591160889952e-18,3.95591160889952e-18,3.95591160889952e-18,7.90454251125711e-18,3.95591160889952e-18,4.46398542390809e-18,0.990398379675308,1.71589226164853e-17,1.16576693677242e-17,1.1315207851887e-17,3.95591160889952e-18,3.95591160889952e-18,3.95591160889952e-18,3.95591160889952e-18,3.95591160889952e-18,NA,4.02096890213708e-11,2.23037183927362e-16,1.30266131333707e-11,3.95591160889952e-18,3.95591160889952e-18,2.88039305987187e-05,5.68109103390228e-18,3.95591160889952e-18,3.95591160889952e-18,3.95591160889952e-18,4.95246314573701e-11,3.95591160889952e-18,3.95591160889952e-18,3.95591160889952e-18,1.20103554938643e-17,3.95591160889952e-18,4.07730530936212e-18,3.95591160889952e-18,3.95591160889952e-18,6.82792188796591e-17,3.95591160889952e-18,3.95591160889952e-18,3.95591160889952e-18,7.89656448438139e-17,3.95591160889952e-18,3.95591160889952e-18,3.95591160889952e-18,3.95591160889952e-18,3.95591160889952e-18,3.95591160889952e-18,1.24917643540009e-09,3.95591160889952e-18,0.870266148994646,9.20129385608661e-11,3.95591160889952e-18,3.95591160889952e-18,3.95591160889952e-18,3.23754913324531e-09,3.95591160889952e-18,3.95591160889952e-18,2.43484955904097e-07,3.95591160889952e-18,3.95591160889952e-18,1.69486270228916e-08,3.58589429378632e-13,1.01905637830708e-05,7.67117051473693e-18,6.1831318497633e-14,3.95591160889952e-18,1.29181302496692e-16,3.95591160889952e-18,3.95591160889952e-18,3.95591160889952e-18,4.33123080260219e-18,3.95591160889952e-18,3.95591160889952e-18,3.95591160889952e-18
"EPHB",3.95591160889952e-18,3.95591160889952e-18,3.95591160889952e-18,1.49207992017746e-16,3.95591160889952e-18,3.95591160889952e-18,3.95591160889952e-18,4.07730530936212e-18,3.95591160889952e-18,3.95591160889952e-18,3.95591160889952e-18,3.95591160889952e-18,3.95591160889952e-18,3.95591160889952e-18,3.95591160889952e-18,4.33123080260219e-18,3.95591160889952e-18,3.95591160889952e-18,3.95591160889952e-18,2.6738147313499e-17,3.95591160889952e-18,1.93184612806882e-17,2.96806408851454e-16,3.12531743086211e-15,3.95591160889952e-18,1.61703099974578e-17,3.95591160889952e-18,3.95591160889952e-18,3.95591160889952e-18,3.95591160889952e-18,3.95591160889952e-18,4.02096890213708e-11,NA,1.39635932668216e-14,0.0409452376991846,3.95591160889952e-18,3.95591160889952e-18,0.000611885115257911,3.95591160889952e-18,3.95591160889952e-18,3.95591160889952e-18,3.95591160889952e-18,0.631478906935127,3.95591160889952e-18,3.95591160889952e-18,3.95591160889952e-18,2.64786378540877e-16,3.95591160889952e-18,1.15089193145036e-16,3.95591160889952e-18,3.95591160889952e-18,1.97889645678163e-14,3.95591160889952e-18,3.95591160889952e-18,3.95591160889952e-18,2.19091040669115e-11,3.95591160889952e-18,3.95591160889952e-18,3.95591160889952e-18,3.95591160889952e-18,3.95591160889952e-18,3.95591160889952e-18,5.0363722610573e-18,3.95591160889952e-18,9.15398853470311e-14,4.07730530936212e-18,3.95591160889952e-18,3.95591160889952e-18,3.95591160889952e-18,0.889250895282831,3.95591160889952e-18,3.95591160889952e-18,5.19043683699158e-18,3.95591160889952e-18,3.95591160889952e-18,0.0565787391777634,0.00458401993563118,0.00119269572695185,8.91017949833904e-18,0.000150191172843109,3.95591160889952e-18,1.28804617929708e-14,3.95591160889952e-18,3.95591160889952e-18,3.95591160889952e-18,4.81074822355179e-17,3.95591160889952e-18,3.95591160889952e-18,3.95591160889952e-18
"Estradiol",3.95591160889952e-18,3.95591160889952e-18,3.95591160889952e-18,4.33123080260219e-18,3.95591160889952e-18,3.95591160889952e-18,3.95591160889952e-18,9.89815757508727e-14,3.95591160889952e-18,3.95591160889952e-18,3.95591160889952e-18,3.95591160889952e-18,3.95591160889952e-18,3.95591160889952e-18,3.95591160889952e-18,3.95591160889952e-18,3.95591160889952e-18,3.95591160889952e-18,3.95591160889952e-18,1.87279183928943e-09,3.95591160889952e-18,4.41162946853118e-11,5.34915185365328e-18,0.00319461129396166,3.95591160889952e-18,1.47333373986433e-08,3.95591160889952e-18,3.95591160889952e-18,3.95591160889952e-18,3.95591160889952e-18,3.95591160889952e-18,2.23037183927362e-16,1.39635932668216e-14,NA,8.22747396833576e-08,3.95591160889952e-18,3.95591160889952e-18,1.15639529071844e-14,3.95591160889952e-18,3.95591160889952e-18,3.95591160889952e-18,3.95591160889952e-18,2.26170696377025e-14,3.95591160889952e-18,3.95591160889952e-18,3.95591160889952e-18,3.01398372356897e-05,3.95591160889952e-18,1.12075261221947e-05,3.95591160889952e-18,3.95591160889952e-18,0.334820305269771,3.95591160889952e-18,3.95591160889952e-18,3.95591160889952e-18,0.638832816353096,3.95591160889952e-18,3.95591160889952e-18,3.95591160889952e-18,3.95591160889952e-18,3.95591160889952e-18,3.95591160889952e-18,3.95591160889952e-18,3.95591160889952e-18,6.4071449084651e-18,4.07730530936212e-18,3.95591160889952e-18,3.95591160889952e-18,3.95591160889952e-18,6.75129669869904e-13,3.95591160889952e-18,3.95591160889952e-18,3.95591160889952e-18,3.95591160889952e-18,3.95591160889952e-18,2.14410570498835e-14,2.42513584784717e-10,4.05876619102935e-16,9.85177821693811e-11,3.03299919716377e-07,3.95591160889952e-18,0.600038924104394,3.95591160889952e-18,3.95591160889952e-18,3.95591160889952e-18,4.76785469931824e-07,3.95591160889952e-18,3.95591160889952e-18,3.95591160889952e-18
"FGF",3.95591160889952e-18,3.95591160889952e-18,3.95591160889952e-18,4.27915994019688e-17,3.95591160889952e-18,3.95591160889952e-18,3.95591160889952e-18,1.15089193145036e-16,3.95591160889952e-18,3.95591160889952e-18,3.95591160889952e-18,3.95591160889952e-18,3.95591160889952e-18,3.95591160889952e-18,3.95591160889952e-18,4.46398542390809e-18,3.95591160889952e-18,3.95591160889952e-18,3.95591160889952e-18,2.12309969006291e-15,3.95591160889952e-18,8.94560955776993e-16,7.29788564700184e-15,4.41162946853118e-11,3.95591160889952e-18,4.27702026764362e-14,3.95591160889952e-18,3.95591160889952e-18,3.95591160889952e-18,3.95591160889952e-18,3.95591160889952e-18,1.30266131333707e-11,0.0409452376991846,8.22747396833576e-08,NA,3.95591160889952e-18,3.95591160889952e-18,5.00981654979462e-06,3.95591160889952e-18,3.95591160889952e-18,3.95591160889952e-18,3.95591160889952e-18,0.0133656554817146,3.95591160889952e-18,3.95591160889952e-18,3.95591160889952e-18,2.45952672877001e-12,3.95591160889952e-18,4.50697427838351e-13,3.95591160889952e-18,3.95591160889952e-18,1.59081283823739e-07,3.95591160889952e-18,3.95591160889952e-18,3.95591160889952e-18,5.21483337412324e-07,3.95591160889952e-18,3.95591160889952e-18,3.95591160889952e-18,3.95591160889952e-18,3.95591160889952e-18,3.95591160889952e-18,4.88682363326271e-18,3.95591160889952e-18,8.46488203193224e-14,6.0333467812047e-18,3.95591160889952e-18,3.95591160889952e-18,3.95591160889952e-18,0.0437396208427458,3.95591160889952e-18,3.95591160889952e-18,8.39250746012644e-18,3.95591160889952e-18,3.95591160889952e-18,0.000492611356781053,0.837900026153397,2.15638942813702e-05,5.40736476049252e-17,0.274978994769281,3.95591160889952e-18,7.55467042836527e-09,3.95591160889952e-18,3.95591160889952e-18,3.95591160889952e-18,3.74743807846978e-14,3.95591160889952e-18,3.95591160889952e-18,3.95591160889952e-18
"FLRT",3.95591160889952e-18,1.31328151759545e-17,3.95591160889952e-18,3.95591160889952e-18,3.95591160889952e-18,3.95591160889952e-18,3.95591160889952e-18,3.95591160889952e-18,3.95591160889952e-18,3.95591160889952e-18,3.95591160889952e-18,3.95591160889952e-18,3.95591160889952e-18,3.95591160889952e-18,9.12979818140614e-17,3.95591160889952e-18,3.95591160889952e-18,3.95591160889952e-18,1.98789134103284e-07,3.95591160889952e-18,3.95591160889952e-18,3.95591160889952e-18,3.95591160889952e-18,3.95591160889952e-18,3.95591160889952e-18,3.95591160889952e-18,3.95591160889952e-18,3.95591160889952e-18,5.68109103390228e-18,3.95591160889952e-18,4.60075532902844e-18,3.95591160889952e-18,3.95591160889952e-18,3.95591160889952e-18,3.95591160889952e-18,NA,2.62259530800504e-08,3.95591160889952e-18,3.95591160889952e-18,3.95591160889952e-18,3.95591160889952e-18,1.23735672047013e-17,3.95591160889952e-18,3.95591160889952e-18,3.95591160889952e-18,3.95591160889952e-18,3.95591160889952e-18,3.95591160889952e-18,3.95591160889952e-18,3.95591160889952e-18,3.95591160889952e-18,3.95591160889952e-18,3.95591160889952e-18,3.95591160889952e-18,3.95591160889952e-18,3.95591160889952e-18,3.95591160889952e-18,3.95591160889952e-18,3.95591160889952e-18,3.95591160889952e-18,3.95591160889952e-18,1.47918612697897e-17,8.89806815099546e-13,3.95591160889952e-18,3.95591160889952e-18,3.95591160889952e-18,3.95591160889952e-18,3.95591160889952e-18,3.95591160889952e-18,3.95591160889952e-18,3.95591160889952e-18,3.95591160889952e-18,3.95591160889952e-18,3.95591160889952e-18,3.95591160889952e-18,3.95591160889952e-18,3.95591160889952e-18,3.95591160889952e-18,3.95591160889952e-18,3.95591160889952e-18,3.95591160889952e-18,3.95591160889952e-18,0.420077283156682,8.2975163021801e-10,3.95591160889952e-18,3.95591160889952e-18,3.95591160889952e-18,3.95591160889952e-18,3.95591160889952e-18
"FN1",3.95591160889952e-18,3.95591160889952e-18,3.95591160889952e-18,3.95591160889952e-18,3.95591160889952e-18,3.95591160889952e-18,3.95591160889952e-18,3.95591160889952e-18,3.95591160889952e-18,3.95591160889952e-18,3.95591160889952e-18,3.95591160889952e-18,3.95591160889952e-18,3.95591160889952e-18,5.25367281515946e-10,4.07730530936212e-18,3.95591160889952e-18,3.95591160889952e-18,4.87003713614698e-12,3.95591160889952e-18,3.95591160889952e-18,3.95591160889952e-18,3.95591160889952e-18,3.95591160889952e-18,4.46398542390809e-18,3.95591160889952e-18,3.95591160889952e-18,3.95591160889952e-18,1.62662245352212e-16,3.95591160889952e-18,3.95591160889952e-18,3.95591160889952e-18,3.95591160889952e-18,3.95591160889952e-18,3.95591160889952e-18,2.62259530800504e-08,NA,3.95591160889952e-18,3.95591160889952e-18,3.95591160889952e-18,3.95591160889952e-18,5.43135891245294e-11,3.95591160889952e-18,3.95591160889952e-18,3.95591160889952e-18,3.95591160889952e-18,3.95591160889952e-18,3.95591160889952e-18,3.95591160889952e-18,3.95591160889952e-18,3.95591160889952e-18,3.95591160889952e-18,3.95591160889952e-18,3.95591160889952e-18,3.95591160889952e-18,3.95591160889952e-18,3.95591160889952e-18,4.46398542390809e-18,3.95591160889952e-18,3.95591160889952e-18,3.95591160889952e-18,4.31061757548971e-11,3.53648281294709e-10,3.95591160889952e-18,3.95591160889952e-18,3.95591160889952e-18,3.95591160889952e-18,3.95591160889952e-18,3.95591160889952e-18,3.95591160889952e-18,3.95591160889952e-18,3.95591160889952e-18,3.95591160889952e-18,3.95591160889952e-18,3.95591160889952e-18,3.95591160889952e-18,3.95591160889952e-18,3.95591160889952e-18,3.95591160889952e-18,3.95591160889952e-18,3.95591160889952e-18,3.95591160889952e-18,3.38301417849958e-07,4.17561152743827e-16,3.95591160889952e-18,3.95591160889952e-18,3.95591160889952e-18,3.95591160889952e-18,3.95591160889952e-18
"GAP",3.95591160889952e-18,3.95591160889952e-18,3.95591160889952e-18,1.94013486907276e-13,3.95591160889952e-18,4.33123080260219e-18,3.95591160889952e-18,1.35294980380649e-17,3.95591160889952e-18,3.95591160889952e-18,3.95591160889952e-18,3.95591160889952e-18,3.95591160889952e-18,3.95591160889952e-18,3.95591160889952e-18,6.0333467812047e-18,3.95591160889952e-18,3.95591160889952e-18,3.95591160889952e-18,1.93184612806882e-17,3.95591160889952e-18,9.74631639820544e-18,4.03562611150682e-08,7.14419365101563e-16,3.95591160889952e-18,9.39832757318043e-17,3.95591160889952e-18,3.95591160889952e-18,3.95591160889952e-18,3.95591160889952e-18,3.95591160889952e-18,2.88039305987187e-05,0.000611885115257911,1.15639529071844e-14,5.00981654979462e-06,3.95591160889952e-18,3.95591160889952e-18,NA,3.95591160889952e-18,3.95591160889952e-18,3.95591160889952e-18,3.95591160889952e-18,0.000427394154111447,3.95591160889952e-18,3.95591160889952e-18,3.95591160889952e-18,3.69553119331553e-17,3.95591160889952e-18,2.23037183927362e-16,3.95591160889952e-18,3.95591160889952e-18,8.46488203193224e-14,3.95591160889952e-18,3.95591160889952e-18,3.95591160889952e-18,5.11526622051605e-13,3.95591160889952e-18,3.95591160889952e-18,3.95591160889952e-18,3.95591160889952e-18,3.95591160889952e-18,3.95591160889952e-18,4.34549849531847e-15,3.95591160889952e-18,6.29474141521055e-06,5.56757734645411e-17,3.95591160889952e-18,3.95591160889952e-18,3.95591160889952e-18,0.0061696563176424,3.95591160889952e-18,3.95591160889952e-18,1.58049673137171e-16,3.95591160889952e-18,3.95591160889952e-18,0.0161676768539104,7.19885531354938e-08,0.585771064266599,7.22464014675288e-18,2.23906526709579e-08,3.95591160889952e-18,2.12309969006291e-15,3.95591160889952e-18,3.95591160889952e-18,3.95591160889952e-18,4.03553447909989e-17,3.95591160889952e-18,3.95591160889952e-18,3.95591160889952e-18
"GAS",3.95591160889952e-18,3.95591160889952e-18,3.95591160889952e-18,1.6405603505616e-14,3.95591160889952e-18,0.101346245405105,3.95591160889952e-18,3.95591160889952e-18,3.95591160889952e-18,3.95591160889952e-18,3.95591160889952e-18,3.95591160889952e-18,3.95591160889952e-18,3.95591160889952e-18,2.11120885994692e-17,4.32083259764571e-06,3.95591160889952e-18,3.95591160889952e-18,3.95591160889952e-18,3.95591160889952e-18,3.95591160889952e-18,3.95591160889952e-18,4.07730530936212e-18,3.95591160889952e-18,0.724517084027776,3.95591160889952e-18,3.95591160889952e-18,3.95591160889952e-18,2.09573623469619e-13,3.95591160889952e-18,3.95591160889952e-18,5.68109103390228e-18,3.95591160889952e-18,3.95591160889952e-18,3.95591160889952e-18,3.95591160889952e-18,3.95591160889952e-18,3.95591160889952e-18,NA,3.95591160889952e-18,3.95591160889952e-18,2.4473398426105e-17,3.95591160889952e-18,3.95591160889952e-18,3.95591160889952e-18,3.95591160889952e-18,3.95591160889952e-18,3.95591160889952e-18,3.95591160889952e-18,3.95591160889952e-18,3.95591160889952e-18,3.95591160889952e-18,3.95591160889952e-18,3.95591160889952e-18,3.95591160889952e-18,3.95591160889952e-18,3.95591160889952e-18,1.46924489756616e-06,3.95591160889952e-18,3.95591160889952e-18,3.95591160889952e-18,4.07730530936212e-18,2.0337061195795e-06,3.95591160889952e-18,3.95591160889952e-18,8.22293070852005e-16,3.95591160889952e-18,3.95591160889952e-18,3.95591160889952e-18,4.07730530936212e-18,3.95591160889952e-18,3.95591160889952e-18,1.62662245352212e-16,3.95591160889952e-18,3.95591160889952e-18,3.95591160889952e-18,3.95591160889952e-18,3.95591160889952e-18,3.95591160889952e-18,3.95591160889952e-18,3.95591160889952e-18,3.95591160889952e-18,3.95591160889952e-18,3.95591160889952e-18,3.95591160889952e-18,3.95591160889952e-18,3.95591160889952e-18,3.95591160889952e-18,3.95591160889952e-18
"Glutamate",8.24671508947323e-14,3.95591160889952e-18,4.84816792258483e-06,3.95591160889952e-18,0.696351788404892,3.95591160889952e-18,3.26221965329065e-07,3.95591160889952e-18,0.0299083407560621,3.87024774392195e-13,2.15204164931701e-08,2.52066612236704e-12,6.4071449084651e-18,6.36974578787234e-15,3.95591160889952e-18,3.95591160889952e-18,3.58860238272921e-17,1.6084875823059e-15,3.95591160889952e-18,3.95591160889952e-18,4.60075532902844e-18,3.95591160889952e-18,3.95591160889952e-18,3.95591160889952e-18,3.95591160889952e-18,3.95591160889952e-18,4.07730530936212e-18,1.76388600003148e-08,3.95591160889952e-18,2.75380712646258e-17,3.95591160889952e-18,3.95591160889952e-18,3.95591160889952e-18,3.95591160889952e-18,3.95591160889952e-18,3.95591160889952e-18,3.95591160889952e-18,3.95591160889952e-18,3.95591160889952e-18,NA,8.64752108146507e-18,3.95591160889952e-18,3.95591160889952e-18,4.46398542390809e-18,2.12309969006291e-15,0.519130750188163,3.95591160889952e-18,4.17671297015075e-13,3.95591160889952e-18,0.10206509316743,0.0253105121713107,3.95591160889952e-18,2.79894745912781e-14,4.40635666035499e-17,3.95591160889952e-18,3.95591160889952e-18,8.61523599774715e-17,3.95591160889952e-18,4.15558647672897e-17,5.70821267078327e-05,1.61703099974578e-17,3.95591160889952e-18,3.95591160889952e-18,1.27476142043461e-17,3.95591160889952e-18,3.95591160889952e-18,3.32636491629149e-16,5.19043683699158e-18,4.33123080260219e-18,3.95591160889952e-18,0.0121328052714319,2.6487943018047e-15,3.95591160889952e-18,7.02956749043176e-17,1.65107486604921e-11,3.95591160889952e-18,3.95591160889952e-18,3.95591160889952e-18,3.95591160889952e-18,3.95591160889952e-18,0.0229388309457922,3.95591160889952e-18,3.95591160889952e-18,3.95591160889952e-18,2.87735832432025e-15,3.95591160889952e-18,4.1957292226925e-08,7.47929527455128e-08,1.16576693677242e-17
"HGF",3.95591160889952e-18,3.95591160889952e-18,3.95591160889952e-18,3.95591160889952e-18,3.95591160889952e-18,3.95591160889952e-18,3.95591160889952e-18,3.95591160889952e-18,3.95591160889952e-18,3.95591160889952e-18,3.95591160889952e-18,3.95591160889952e-18,7.85058646747035e-05,3.95591160889952e-18,3.95591160889952e-18,3.95591160889952e-18,1.21297756505333e-11,3.95591160889952e-18,3.95591160889952e-18,3.95591160889952e-18,4.07730530936212e-18,3.95591160889952e-18,3.95591160889952e-18,3.95591160889952e-18,3.95591160889952e-18,3.95591160889952e-18,4.60075532902844e-18,3.95591160889952e-18,3.95591160889952e-18,5.14397303655627e-14,4.60075532902844e-18,3.95591160889952e-18,3.95591160889952e-18,3.95591160889952e-18,3.95591160889952e-18,3.95591160889952e-18,3.95591160889952e-18,3.95591160889952e-18,3.95591160889952e-18,8.64752108146507e-18,NA,3.95591160889952e-18,3.95591160889952e-18,3.91382563375662e-12,3.95591160889952e-18,3.95591160889952e-18,3.95591160889952e-18,3.95591160889952e-18,3.95591160889952e-18,3.95591160889952e-18,3.95591160889952e-18,3.95591160889952e-18,3.95591160889952e-18,3.95591160889952e-18,3.95591160889952e-18,3.95591160889952e-18,5.24625910940479e-13,3.95591160889952e-18,5.68750712431423e-11,3.95591160889952e-18,2.52221306303503e-11,3.95591160889952e-18,3.95591160889952e-18,0.750450766200228,3.95591160889952e-18,3.95591160889952e-18,2.04966732989559e-17,8.66435171123333e-10,1.98989650642259e-17,3.95591160889952e-18,3.95591160889952e-18,5.19043683699158e-18,3.95591160889952e-18,3.95591160889952e-18,4.07730530936212e-18,3.95591160889952e-18,3.95591160889952e-18,3.95591160889952e-18,3.95591160889952e-18,3.95591160889952e-18,3.95591160889952e-18,3.95591160889952e-18,3.95591160889952e-18,3.95591160889952e-18,3.95591160889952e-18,3.95591160889952e-18,3.95591160889952e-18,4.07730530936212e-18,0.911025155922012
"HSPG",3.95591160889952e-18,3.95591160889952e-18,3.95591160889952e-18,3.95591160889952e-18,3.95591160889952e-18,2.17457280454137e-17,3.95591160889952e-18,3.95591160889952e-18,3.95591160889952e-18,3.95591160889952e-18,3.95591160889952e-18,3.95591160889952e-18,3.95591160889952e-18,3.95591160889952e-18,0.954758396030865,3.95591160889952e-18,3.95591160889952e-18,3.95591160889952e-18,6.44159214346528e-17,3.95591160889952e-18,3.95591160889952e-18,3.95591160889952e-18,3.95591160889952e-18,3.95591160889952e-18,4.07730530936212e-18,3.95591160889952e-18,3.95591160889952e-18,3.95591160889952e-18,1.05278214441294e-07,3.95591160889952e-18,3.95591160889952e-18,3.95591160889952e-18,3.95591160889952e-18,3.95591160889952e-18,3.95591160889952e-18,1.23735672047013e-17,5.43135891245294e-11,3.95591160889952e-18,2.4473398426105e-17,3.95591160889952e-18,3.95591160889952e-18,NA,3.95591160889952e-18,3.95591160889952e-18,3.95591160889952e-18,3.95591160889952e-18,3.95591160889952e-18,3.95591160889952e-18,3.95591160889952e-18,3.95591160889952e-18,3.95591160889952e-18,3.95591160889952e-18,3.95591160889952e-18,3.95591160889952e-18,3.95591160889952e-18,3.95591160889952e-18,3.95591160889952e-18,7.29788564700184e-15,3.95591160889952e-18,3.95591160889952e-18,3.95591160889952e-18,0.168497068024381,3.37569183076804e-09,3.95591160889952e-18,3.95591160889952e-18,3.95591160889952e-18,3.95591160889952e-18,3.95591160889952e-18,3.95591160889952e-18,3.95591160889952e-18,3.95591160889952e-18,3.95591160889952e-18,3.95591160889952e-18,3.95591160889952e-18,3.95591160889952e-18,3.95591160889952e-18,3.95591160889952e-18,3.95591160889952e-18,3.95591160889952e-18,3.95591160889952e-18,3.95591160889952e-18,3.95591160889952e-18,4.20237510796545e-18,4.07730530936212e-18,3.95591160889952e-18,3.95591160889952e-18,3.95591160889952e-18,3.95591160889952e-18,3.95591160889952e-18
"IGF",3.95591160889952e-18,3.95591160889952e-18,3.95591160889952e-18,5.9021772052104e-17,3.95591160889952e-18,3.95591160889952e-18,3.95591160889952e-18,1.1315207851887e-17,3.95591160889952e-18,3.95591160889952e-18,3.95591160889952e-18,3.95591160889952e-18,3.95591160889952e-18,3.95591160889952e-18,3.95591160889952e-18,3.95591160889952e-18,3.95591160889952e-18,3.95591160889952e-18,3.95591160889952e-18,3.91890497511127e-17,3.95591160889952e-18,8.39250746012644e-18,3.58613473079099e-15,3.04041218650116e-15,3.95591160889952e-18,7.23708376717742e-17,3.95591160889952e-18,3.95591160889952e-18,3.95591160889952e-18,3.95591160889952e-18,3.95591160889952e-18,4.95246314573701e-11,0.631478906935127,2.26170696377025e-14,0.0133656554817146,3.95591160889952e-18,3.95591160889952e-18,0.000427394154111447,3.95591160889952e-18,3.95591160889952e-18,3.95591160889952e-18,3.95591160889952e-18,NA,3.95591160889952e-18,3.95591160889952e-18,3.95591160889952e-18,6.56520707337055e-16,3.95591160889952e-18,7.34815018513992e-16,3.95591160889952e-18,3.95591160889952e-18,1.09835397137296e-13,3.95591160889952e-18,3.95591160889952e-18,3.95591160889952e-18,2.84943403594375e-12,3.95591160889952e-18,3.95591160889952e-18,3.95591160889952e-18,3.95591160889952e-18,3.95591160889952e-18,3.95591160889952e-18,7.01109588958762e-18,3.95591160889952e-18,1.53915356076565e-12,4.07730530936212e-18,3.95591160889952e-18,3.95591160889952e-18,3.95591160889952e-18,0.779306057610384,3.95591160889952e-18,3.95591160889952e-18,4.33123080260219e-18,3.95591160889952e-18,3.95591160889952e-18,0.0943774992074525,0.00468365608214886,0.00499443875853955,1.1315207851887e-17,8.82872899017332e-06,3.95591160889952e-18,4.50888000065235e-14,3.95591160889952e-18,3.95591160889952e-18,3.95591160889952e-18,4.41933584361518e-16,3.95591160889952e-18,3.95591160889952e-18,3.95591160889952e-18
"IL1",3.95591160889952e-18,3.95591160889952e-18,3.95591160889952e-18,3.95591160889952e-18,3.95591160889952e-18,3.95591160889952e-18,3.95591160889952e-18,3.95591160889952e-18,3.95591160889952e-18,3.95591160889952e-18,3.95591160889952e-18,3.95591160889952e-18,4.71750274773695e-15,3.95591160889952e-18,3.95591160889952e-18,3.95591160889952e-18,4.07730530936212e-18,3.95591160889952e-18,3.95591160889952e-18,3.95591160889952e-18,3.95591160889952e-18,3.95591160889952e-18,3.95591160889952e-18,3.95591160889952e-18,3.95591160889952e-18,3.95591160889952e-18,7.23708376717742e-17,3.95591160889952e-18,3.95591160889952e-18,5.85460438279782e-18,1.74838327736385e-15,3.95591160889952e-18,3.95591160889952e-18,3.95591160889952e-18,3.95591160889952e-18,3.95591160889952e-18,3.95591160889952e-18,3.95591160889952e-18,3.95591160889952e-18,4.46398542390809e-18,3.91382563375662e-12,3.95591160889952e-18,3.95591160889952e-18,NA,3.95591160889952e-18,3.95591160889952e-18,3.95591160889952e-18,3.95591160889952e-18,3.95591160889952e-18,3.95591160889952e-18,3.95591160889952e-18,3.95591160889952e-18,3.95591160889952e-18,3.95591160889952e-18,3.95591160889952e-18,3.95591160889952e-18,4.60075532902844e-18,3.95591160889952e-18,3.28247404424413e-14,3.95591160889952e-18,8.91017949833904e-18,3.95591160889952e-18,5.0363722610573e-18,2.35085498565622e-11,3.95591160889952e-18,3.95591160889952e-18,3.95591160889952e-18,0.258691307462481,0.0506199458773201,3.95591160889952e-18,3.95591160889952e-18,3.95591160889952e-18,3.95591160889952e-18,3.95591160889952e-18,3.95591160889952e-18,3.95591160889952e-18,3.95591160889952e-18,3.95591160889952e-18,3.95591160889952e-18,3.95591160889952e-18,3.95591160889952e-18,3.95591160889952e-18,3.95591160889952e-18,3.95591160889952e-18,3.95591160889952e-18,3.95591160889952e-18,3.95591160889952e-18,3.95591160889952e-18,1.39883004163557e-11
"JAM",7.10218821207328e-15,3.95591160889952e-18,6.63198319372062e-17,3.95591160889952e-18,3.95591160889952e-18,3.95591160889952e-18,9.35473964577657e-13,3.95591160889952e-18,3.95591160889952e-18,5.86681492545193e-14,2.20621507806548e-13,3.95591160889952e-18,3.95591160889952e-18,0.00246630570492196,3.95591160889952e-18,3.95591160889952e-18,3.95591160889952e-18,3.77308612325635e-13,3.95591160889952e-18,3.95591160889952e-18,7.82683177155291e-14,3.95591160889952e-18,3.95591160889952e-18,3.95591160889952e-18,3.95591160889952e-18,3.95591160889952e-18,3.95591160889952e-18,3.95591160889952e-18,3.95591160889952e-18,3.95591160889952e-18,3.95591160889952e-18,3.95591160889952e-18,3.95591160889952e-18,3.95591160889952e-18,3.95591160889952e-18,3.95591160889952e-18,3.95591160889952e-18,3.95591160889952e-18,3.95591160889952e-18,2.12309969006291e-15,3.95591160889952e-18,3.95591160889952e-18,3.95591160889952e-18,3.95591160889952e-18,NA,4.60075532902844e-18,3.95591160889952e-18,1.02915524625259e-15,3.95591160889952e-18,5.51265575167599e-18,3.95591160889952e-18,3.95591160889952e-18,3.95591160889952e-18,3.22014840438518e-12,6.93708709833088e-06,3.95591160889952e-18,3.95591160889952e-18,3.95591160889952e-18,1.77311072810211e-16,3.95591160889952e-18,3.95591160889952e-18,3.95591160889952e-18,3.95591160889952e-18,3.95591160889952e-18,3.95591160889952e-18,3.95591160889952e-18,3.95591160889952e-18,3.95591160889952e-18,3.95591160889952e-18,3.95591160889952e-18,7.44460163315224e-18,3.95591160889952e-18,3.95591160889952e-18,1.50147237145386e-12,3.95591160889952e-18,3.95591160889952e-18,3.95591160889952e-18,3.95591160889952e-18,3.95591160889952e-18,3.95591160889952e-18,3.95591160889952e-18,3.95591160889952e-18,3.95591160889952e-18,3.95591160889952e-18,2.99979229256725e-13,3.95591160889952e-18,3.95591160889952e-18,3.95591160889952e-18,3.95591160889952e-18
"KIT",7.67117051473693e-18,3.95591160889952e-18,1.09826784591644e-17,3.95591160889952e-18,2.47183536657071e-08,3.95591160889952e-18,8.02383015321399e-11,3.95591160889952e-18,7.67117051473693e-18,8.91017949833904e-18,1.39377693273043e-12,3.95591160889952e-18,3.95591160889952e-18,3.95591160889952e-18,3.95591160889952e-18,3.95591160889952e-18,3.95591160889952e-18,1.15729879264021e-08,3.95591160889952e-18,3.95591160889952e-18,3.05980768973187e-05,3.95591160889952e-18,3.95591160889952e-18,3.95591160889952e-18,3.95591160889952e-18,3.95591160889952e-18,3.95591160889952e-18,3.95591160889952e-18,3.95591160889952e-18,3.95591160889952e-18,3.95591160889952e-18,3.95591160889952e-18,3.95591160889952e-18,3.95591160889952e-18,3.95591160889952e-18,3.95591160889952e-18,3.95591160889952e-18,3.95591160889952e-18,3.95591160889952e-18,0.519130750188163,3.95591160889952e-18,3.95591160889952e-18,3.95591160889952e-18,3.95591160889952e-18,4.60075532902844e-18,NA,3.95591160889952e-18,1.31328151759545e-17,3.95591160889952e-18,3.12531743086211e-15,2.17457280454137e-17,3.95591160889952e-18,3.95591160889952e-18,6.26006626991627e-13,5.34915185365328e-18,3.95591160889952e-18,3.95591160889952e-18,3.95591160889952e-18,8.67845871048218e-05,4.20237510796545e-18,3.95591160889952e-18,3.95591160889952e-18,3.95591160889952e-18,3.95591160889952e-18,3.95591160889952e-18,3.95591160889952e-18,3.95591160889952e-18,3.95591160889952e-18,3.95591160889952e-18,3.95591160889952e-18,2.6487943018047e-15,3.95591160889952e-18,3.95591160889952e-18,2.52066612236704e-12,3.95591160889952e-18,3.95591160889952e-18,3.95591160889952e-18,3.95591160889952e-18,3.95591160889952e-18,3.95591160889952e-18,1.77311072810211e-16,3.95591160889952e-18,3.95591160889952e-18,3.95591160889952e-18,4.51675919042255e-09,3.95591160889952e-18,3.95591160889952e-18,3.95591160889952e-18,3.95591160889952e-18
"LAMININ",3.95591160889952e-18,3.95591160889952e-18,3.95591160889952e-18,4.33123080260219e-18,3.95591160889952e-18,3.95591160889952e-18,3.95591160889952e-18,0.000676861224046455,3.95591160889952e-18,3.95591160889952e-18,3.95591160889952e-18,3.95591160889952e-18,3.95591160889952e-18,3.95591160889952e-18,3.95591160889952e-18,3.95591160889952e-18,3.95591160889952e-18,3.95591160889952e-18,3.95591160889952e-18,0.0510273911805304,3.95591160889952e-18,0.0281370377166605,3.95591160889952e-18,0.245871892324324,3.95591160889952e-18,0.115711034617419,3.95591160889952e-18,3.95591160889952e-18,3.95591160889952e-18,3.95591160889952e-18,3.95591160889952e-18,1.20103554938643e-17,2.64786378540877e-16,3.01398372356897e-05,2.45952672877001e-12,3.95591160889952e-18,3.95591160889952e-18,3.69553119331553e-17,3.95591160889952e-18,3.95591160889952e-18,3.95591160889952e-18,3.95591160889952e-18,6.56520707337055e-16,3.95591160889952e-18,3.95591160889952e-18,3.95591160889952e-18,NA,3.95591160889952e-18,0.38154470253934,3.95591160889952e-18,3.95591160889952e-18,0.000685419753520774,3.95591160889952e-18,3.95591160889952e-18,3.95591160889952e-18,0.000946552006830195,3.95591160889952e-18,3.95591160889952e-18,3.95591160889952e-18,3.95591160889952e-18,3.95591160889952e-18,3.95591160889952e-18,4.20237510796545e-18,3.95591160889952e-18,5.19043683699158e-18,3.95591160889952e-18,3.95591160889952e-18,3.95591160889952e-18,3.95591160889952e-18,6.56520707337055e-16,3.95591160889952e-18,3.95591160889952e-18,3.95591160889952e-18,3.95591160889952e-18,3.95591160889952e-18,2.43029640397951e-16,1.25381291008923e-14,2.30698224878537e-17,0.0482321146001766,9.55571068815907e-12,3.95591160889952e-18,0.000269578171298354,3.95591160889952e-18,3.95591160889952e-18,3.95591160889952e-18,0.724517084027776,3.95591160889952e-18,3.95591160889952e-18,3.95591160889952e-18
"LIFR",2.47183536657071e-08,3.95591160889952e-18,4.50888000065235e-14,3.95591160889952e-18,5.51265575167599e-18,3.95591160889952e-18,6.02989686550988e-09,3.95591160889952e-18,5.19043683699158e-18,0.0105763130537246,6.67893697750306e-10,3.95591160889952e-18,3.95591160889952e-18,7.49169819997142e-11,3.95591160889952e-18,3.95591160889952e-18,3.95591160889952e-18,1.68416441749517e-09,3.95591160889952e-18,3.95591160889952e-18,9.85177821693811e-11,3.95591160889952e-18,3.95591160889952e-18,3.95591160889952e-18,3.95591160889952e-18,3.95591160889952e-18,3.95591160889952e-18,4.07730530936212e-18,3.95591160889952e-18,3.95591160889952e-18,3.95591160889952e-18,3.95591160889952e-18,3.95591160889952e-18,3.95591160889952e-18,3.95591160889952e-18,3.95591160889952e-18,3.95591160889952e-18,3.95591160889952e-18,3.95591160889952e-18,4.17671297015075e-13,3.95591160889952e-18,3.95591160889952e-18,3.95591160889952e-18,3.95591160889952e-18,1.02915524625259e-15,1.31328151759545e-17,3.95591160889952e-18,NA,3.95591160889952e-18,3.91890497511127e-17,5.19043683699158e-18,3.95591160889952e-18,4.07730530936212e-18,6.54158669157953e-08,0.0167863163910809,3.95591160889952e-18,3.95591160889952e-18,3.95591160889952e-18,5.71177523301698e-15,3.95591160889952e-18,3.95591160889952e-18,3.95591160889952e-18,3.95591160889952e-18,3.95591160889952e-18,3.95591160889952e-18,3.95591160889952e-18,3.95591160889952e-18,3.95591160889952e-18,3.95591160889952e-18,3.95591160889952e-18,8.12929560995862e-17,3.95591160889952e-18,3.95591160889952e-18,2.8375510360124e-08,3.95591160889952e-18,3.95591160889952e-18,3.95591160889952e-18,3.95591160889952e-18,3.95591160889952e-18,3.95591160889952e-18,5.68109103390228e-18,3.95591160889952e-18,3.95591160889952e-18,3.95591160889952e-18,1.30383064161689e-09,3.95591160889952e-18,3.95591160889952e-18,4.20237510796545e-18,3.95591160889952e-18
"MPZ",3.95591160889952e-18,3.95591160889952e-18,3.95591160889952e-18,4.07730530936212e-18,3.95591160889952e-18,3.95591160889952e-18,3.95591160889952e-18,0.0115550355231428,3.95591160889952e-18,3.95591160889952e-18,3.95591160889952e-18,3.95591160889952e-18,3.95591160889952e-18,3.95591160889952e-18,3.95591160889952e-18,3.95591160889952e-18,3.95591160889952e-18,3.95591160889952e-18,3.95591160889952e-18,0.215154427886323,3.95591160889952e-18,0.151144491157966,4.74166029806301e-18,0.0262240943064829,3.95591160889952e-18,0.696351788404892,3.95591160889952e-18,3.95591160889952e-18,3.95591160889952e-18,3.95591160889952e-18,3.95591160889952e-18,4.07730530936212e-18,1.15089193145036e-16,1.12075261221947e-05,4.50697427838351e-13,3.95591160889952e-18,3.95591160889952e-18,2.23037183927362e-16,3.95591160889952e-18,3.95591160889952e-18,3.95591160889952e-18,3.95591160889952e-18,7.34815018513992e-16,3.95591160889952e-18,3.95591160889952e-18,3.95591160889952e-18,0.38154470253934,3.95591160889952e-18,NA,3.95591160889952e-18,3.95591160889952e-18,2.3280086253877e-05,3.95591160889952e-18,3.95591160889952e-18,3.95591160889952e-18,0.000444331778225808,3.95591160889952e-18,3.95591160889952e-18,3.95591160889952e-18,3.95591160889952e-18,3.95591160889952e-18,3.95591160889952e-18,3.95591160889952e-18,3.95591160889952e-18,6.4071449084651e-18,4.07730530936212e-18,3.95591160889952e-18,3.95591160889952e-18,3.95591160889952e-18,7.14419365101563e-16,3.95591160889952e-18,3.95591160889952e-18,3.95591160889952e-18,3.95591160889952e-18,3.95591160889952e-18,2.92094064174088e-17,2.03252470204956e-14,7.89656448438139e-17,0.0671142791700121,1.46677016885541e-11,3.95591160889952e-18,6.79650623002383e-05,3.95591160889952e-18,3.95591160889952e-18,3.95591160889952e-18,0.375957836554836,3.95591160889952e-18,3.95591160889952e-18,3.95591160889952e-18
"NCAM",1.03462871215398e-17,3.95591160889952e-18,1.18365549303848e-15,3.95591160889952e-18,9.45934121085736e-18,3.95591160889952e-18,2.62532899043992e-09,3.95591160889952e-18,9.74631639820544e-18,1.71589226164853e-17,2.14000183496733e-11,3.95591160889952e-18,3.95591160889952e-18,3.95591160889952e-18,3.95591160889952e-18,3.95591160889952e-18,3.95591160889952e-18,4.25014121508094e-06,3.95591160889952e-18,3.95591160889952e-18,0.00448630733863248,3.95591160889952e-18,3.95591160889952e-18,3.95591160889952e-18,3.95591160889952e-18,3.95591160889952e-18,3.95591160889952e-18,3.95591160889952e-18,3.95591160889952e-18,3.95591160889952e-18,3.95591160889952e-18,3.95591160889952e-18,3.95591160889952e-18,3.95591160889952e-18,3.95591160889952e-18,3.95591160889952e-18,3.95591160889952e-18,3.95591160889952e-18,3.95591160889952e-18,0.10206509316743,3.95591160889952e-18,3.95591160889952e-18,3.95591160889952e-18,3.95591160889952e-18,5.51265575167599e-18,3.12531743086211e-15,3.95591160889952e-18,3.91890497511127e-17,3.95591160889952e-18,NA,5.19043683699158e-18,3.95591160889952e-18,3.95591160889952e-18,2.83382799016508e-10,1.16576693677242e-17,3.95591160889952e-18,3.95591160889952e-18,3.95591160889952e-18,6.50225584653019e-06,3.95591160889952e-18,3.95591160889952e-18,3.95591160889952e-18,3.95591160889952e-18,3.95591160889952e-18,3.95591160889952e-18,3.95591160889952e-18,3.95591160889952e-18,3.95591160889952e-18,3.95591160889952e-18,3.95591160889952e-18,8.12765503566198e-07,3.95591160889952e-18,3.95591160889952e-18,1.42022065047874e-09,3.95591160889952e-18,3.95591160889952e-18,3.95591160889952e-18,3.95591160889952e-18,3.95591160889952e-18,3.95591160889952e-18,2.75380712646258e-17,3.95591160889952e-18,3.95591160889952e-18,3.95591160889952e-18,1.74433437115413e-06,3.95591160889952e-18,3.95591160889952e-18,3.95591160889952e-18,3.95591160889952e-18
"ncWNT",4.33123080260219e-18,3.95591160889952e-18,6.60252524033002e-18,3.95591160889952e-18,6.92330066388704e-13,3.95591160889952e-18,4.50888000065235e-14,3.95591160889952e-18,0.501461150611938,4.33123080260219e-18,1.21719180671223e-15,3.95591160889952e-18,3.95591160889952e-18,3.95591160889952e-18,3.95591160889952e-18,3.95591160889952e-18,3.95591160889952e-18,6.86689058950531e-14,3.95591160889952e-18,3.95591160889952e-18,1.90233189785662e-11,3.95591160889952e-18,3.95591160889952e-18,3.95591160889952e-18,3.95591160889952e-18,3.95591160889952e-18,3.95591160889952e-18,4.20237510796545e-18,3.95591160889952e-18,3.95591160889952e-18,3.95591160889952e-18,3.95591160889952e-18,3.95591160889952e-18,3.95591160889952e-18,3.95591160889952e-18,3.95591160889952e-18,3.95591160889952e-18,3.95591160889952e-18,3.95591160889952e-18,0.0253105121713107,3.95591160889952e-18,3.95591160889952e-18,3.95591160889952e-18,3.95591160889952e-18,3.95591160889952e-18,2.17457280454137e-17,3.95591160889952e-18,5.19043683699158e-18,3.95591160889952e-18,5.19043683699158e-18,NA,3.95591160889952e-18,3.95591160889952e-18,1.44971866507516e-16,4.33123080260219e-18,3.95591160889952e-18,4.07730530936212e-18,3.95591160889952e-18,0.016944186261305,5.81997522702953e-11,3.95591160889952e-18,3.95591160889952e-18,3.95591160889952e-18,3.95591160889952e-18,3.95591160889952e-18,3.95591160889952e-18,3.95591160889952e-18,3.95591160889952e-18,3.95591160889952e-18,3.95591160889952e-18,3.95591160889952e-18,3.95591160889952e-18,3.95591160889952e-18,2.80346142353818e-16,4.60075532902844e-18,3.95591160889952e-18,3.95591160889952e-18,3.95591160889952e-18,3.95591160889952e-18,3.95591160889952e-18,0.714229574304667,3.95591160889952e-18,3.95591160889952e-18,3.95591160889952e-18,4.88002264856028e-14,3.95591160889952e-18,1.09826784591644e-17,2.64786378540877e-16,3.95591160889952e-18
"NECTIN",3.95591160889952e-18,3.95591160889952e-18,3.95591160889952e-18,4.20237510796545e-18,3.95591160889952e-18,3.95591160889952e-18,3.95591160889952e-18,7.1562828978595e-11,3.95591160889952e-18,3.95591160889952e-18,3.95591160889952e-18,3.95591160889952e-18,3.95591160889952e-18,3.95591160889952e-18,3.95591160889952e-18,3.95591160889952e-18,3.95591160889952e-18,3.95591160889952e-18,3.95591160889952e-18,1.81199686798206e-07,3.95591160889952e-18,1.02505625945033e-08,4.07730530936212e-18,0.0215322019367309,3.95591160889952e-18,2.10400473267056e-06,3.95591160889952e-18,3.95591160889952e-18,3.95591160889952e-18,3.95591160889952e-18,3.95591160889952e-18,6.82792188796591e-17,1.97889645678163e-14,0.334820305269771,1.59081283823739e-07,3.95591160889952e-18,3.95591160889952e-18,8.46488203193224e-14,3.95591160889952e-18,3.95591160889952e-18,3.95591160889952e-18,3.95591160889952e-18,1.09835397137296e-13,3.95591160889952e-18,3.95591160889952e-18,3.95591160889952e-18,0.000685419753520774,3.95591160889952e-18,2.3280086253877e-05,3.95591160889952e-18,3.95591160889952e-18,NA,3.95591160889952e-18,3.95591160889952e-18,3.95591160889952e-18,0.968459276503088,3.95591160889952e-18,3.95591160889952e-18,3.95591160889952e-18,3.95591160889952e-18,3.95591160889952e-18,3.95591160889952e-18,3.95591160889952e-18,3.95591160889952e-18,6.0333467812047e-18,3.95591160889952e-18,3.95591160889952e-18,3.95591160889952e-18,3.95591160889952e-18,2.20621507806548e-13,3.95591160889952e-18,3.95591160889952e-18,3.95591160889952e-18,3.95591160889952e-18,3.95591160889952e-18,1.6405603505616e-14,2.65103922106039e-10,2.30694650876696e-15,2.03837140766717e-09,2.34694257111584e-07,3.95591160889952e-18,0.648693436191101,3.95591160889952e-18,3.95591160889952e-18,3.95591160889952e-18,1.17516544774097e-05,3.95591160889952e-18,3.95591160889952e-18,3.95591160889952e-18
"NEGR",4.07730530936212e-18,3.95591160889952e-18,3.95591160889952e-18,3.95591160889952e-18,4.07730530936212e-18,3.95591160889952e-18,4.74166029806301e-18,3.95591160889952e-18,4.07730530936212e-18,3.95591160889952e-18,4.07730530936212e-18,1.02505625945033e-08,3.95591160889952e-18,3.95591160889952e-18,3.95591160889952e-18,3.95591160889952e-18,1.21856720323564e-13,4.20237510796545e-18,3.95591160889952e-18,3.95591160889952e-18,4.46398542390809e-18,3.95591160889952e-18,3.95591160889952e-18,3.95591160889952e-18,3.95591160889952e-18,3.95591160889952e-18,3.95591160889952e-18,1.16576693677242e-17,3.95591160889952e-18,8.94560955776993e-16,3.95591160889952e-18,3.95591160889952e-18,3.95591160889952e-18,3.95591160889952e-18,3.95591160889952e-18,3.95591160889952e-18,3.95591160889952e-18,3.95591160889952e-18,3.95591160889952e-18,2.79894745912781e-14,3.95591160889952e-18,3.95591160889952e-18,3.95591160889952e-18,3.95591160889952e-18,3.95591160889952e-18,3.95591160889952e-18,3.95591160889952e-18,4.07730530936212e-18,3.95591160889952e-18,3.95591160889952e-18,3.95591160889952e-18,3.95591160889952e-18,NA,4.07730530936212e-18,3.95591160889952e-18,3.95591160889952e-18,6.9611905367472e-09,3.95591160889952e-18,0.000545747429366519,6.21747363653032e-18,4.54640239489517e-16,3.95591160889952e-18,3.95591160889952e-18,2.11120885994692e-17,3.95591160889952e-18,3.95591160889952e-18,2.10400473267056e-06,4.07730530936212e-18,3.95591160889952e-18,3.95591160889952e-18,3.95591160889952e-18,0.105720401287726,3.95591160889952e-18,4.07730530936212e-18,2.47183536657071e-08,3.95591160889952e-18,3.95591160889952e-18,3.95591160889952e-18,3.95591160889952e-18,3.95591160889952e-18,3.95591160889952e-18,3.95591160889952e-18,3.95591160889952e-18,3.95591160889952e-18,4.20237510796545e-18,3.95591160889952e-18,4.15558647672897e-17,1.98882733321385e-16,1.03462871215398e-17
"Netrin",6.15510428365837e-09,3.95591160889952e-18,0.128144757031376,3.95591160889952e-18,2.26170696377025e-14,3.95591160889952e-18,0.0774663702065603,3.95591160889952e-18,2.72456795287507e-16,5.29379933428281e-08,0.0148485025182023,4.07730530936212e-18,3.95591160889952e-18,1.69056784422049e-11,3.95591160889952e-18,3.95591160889952e-18,3.95591160889952e-18,3.8479191600766e-14,3.95591160889952e-18,3.95591160889952e-18,9.7868882591484e-12,3.95591160889952e-18,3.95591160889952e-18,3.95591160889952e-18,3.95591160889952e-18,3.95591160889952e-18,3.95591160889952e-18,6.0333467812047e-18,3.95591160889952e-18,3.95591160889952e-18,3.95591160889952e-18,3.95591160889952e-18,3.95591160889952e-18,3.95591160889952e-18,3.95591160889952e-18,3.95591160889952e-18,3.95591160889952e-18,3.95591160889952e-18,3.95591160889952e-18,4.40635666035499e-17,3.95591160889952e-18,3.95591160889952e-18,3.95591160889952e-18,3.95591160889952e-18,3.22014840438518e-12,6.26006626991627e-13,3.95591160889952e-18,6.54158669157953e-08,3.95591160889952e-18,2.83382799016508e-10,1.44971866507516e-16,3.95591160889952e-18,4.07730530936212e-18,NA,1.43898067317965e-15,3.95591160889952e-18,3.95591160889952e-18,3.95591160889952e-18,1.1315207851887e-17,1.93184612806882e-17,3.95591160889952e-18,3.95591160889952e-18,3.95591160889952e-18,3.95591160889952e-18,3.95591160889952e-18,3.95591160889952e-18,3.95591160889952e-18,3.95591160889952e-18,3.95591160889952e-18,3.95591160889952e-18,3.19236457753446e-08,3.95591160889952e-18,3.95591160889952e-18,0.000545747429366519,4.07730530936212e-18,3.95591160889952e-18,3.95591160889952e-18,3.95591160889952e-18,3.95591160889952e-18,3.95591160889952e-18,7.7734256797095e-16,3.95591160889952e-18,3.95591160889952e-18,3.95591160889952e-18,6.34751871194282e-14,3.95591160889952e-18,5.19043683699158e-18,7.90454251125711e-18,3.95591160889952e-18
"NGL",0.00385349643922982,3.95591160889952e-18,1.12726673058647e-13,3.95591160889952e-18,4.74166029806301e-18,3.95591160889952e-18,0.309617485874071,3.95591160889952e-18,4.20237510796545e-18,0.0192950992114399,0.600038924104394,3.95591160889952e-18,3.95591160889952e-18,8.19580559815536e-05,3.95591160889952e-18,3.95591160889952e-18,3.95591160889952e-18,3.91890497511127e-17,3.95591160889952e-18,3.95591160889952e-18,4.07730530936212e-18,3.95591160889952e-18,3.95591160889952e-18,3.95591160889952e-18,3.95591160889952e-18,3.95591160889952e-18,3.95591160889952e-18,3.95591160889952e-18,3.95591160889952e-18,3.95591160889952e-18,3.95591160889952e-18,3.95591160889952e-18,3.95591160889952e-18,3.95591160889952e-18,3.95591160889952e-18,3.95591160889952e-18,3.95591160889952e-18,3.95591160889952e-18,3.95591160889952e-18,3.95591160889952e-18,3.95591160889952e-18,3.95591160889952e-18,3.95591160889952e-18,3.95591160889952e-18,6.93708709833088e-06,5.34915185365328e-18,3.95591160889952e-18,0.0167863163910809,3.95591160889952e-18,1.16576693677242e-17,4.33123080260219e-18,3.95591160889952e-18,3.95591160889952e-18,1.43898067317965e-15,NA,3.95591160889952e-18,3.95591160889952e-18,3.95591160889952e-18,4.20237510796545e-18,3.95591160889952e-18,3.95591160889952e-18,3.95591160889952e-18,3.95591160889952e-18,3.95591160889952e-18,3.95591160889952e-18,3.95591160889952e-18,3.95591160889952e-18,3.95591160889952e-18,3.95591160889952e-18,3.95591160889952e-18,1.06597969536977e-17,3.95591160889952e-18,3.95591160889952e-18,5.38798957685799e-16,3.95591160889952e-18,3.95591160889952e-18,3.95591160889952e-18,3.95591160889952e-18,3.95591160889952e-18,3.95591160889952e-18,4.20237510796545e-18,3.95591160889952e-18,3.95591160889952e-18,3.95591160889952e-18,4.03553447909989e-17,3.95591160889952e-18,3.95591160889952e-18,3.95591160889952e-18,3.95591160889952e-18
"NOTCH",3.95591160889952e-18,3.95591160889952e-18,3.95591160889952e-18,4.07730530936212e-18,3.95591160889952e-18,3.95591160889952e-18,3.95591160889952e-18,8.22747396833576e-08,3.95591160889952e-18,3.95591160889952e-18,3.95591160889952e-18,3.95591160889952e-18,3.95591160889952e-18,3.95591160889952e-18,3.95591160889952e-18,3.95591160889952e-18,3.95591160889952e-18,3.95591160889952e-18,3.95591160889952e-18,4.85418621511772e-07,3.95591160889952e-18,1.44407802292973e-08,5.34915185365328e-18,0.0239918169986063,3.95591160889952e-18,1.93247232128146e-06,3.95591160889952e-18,3.95591160889952e-18,3.95591160889952e-18,3.95591160889952e-18,3.95591160889952e-18,7.89656448438139e-17,2.19091040669115e-11,0.638832816353096,5.21483337412324e-07,3.95591160889952e-18,3.95591160889952e-18,5.11526622051605e-13,3.95591160889952e-18,3.95591160889952e-18,3.95591160889952e-18,3.95591160889952e-18,2.84943403594375e-12,3.95591160889952e-18,3.95591160889952e-18,3.95591160889952e-18,0.000946552006830195,3.95591160889952e-18,0.000444331778225808,3.95591160889952e-18,3.95591160889952e-18,0.968459276503088,3.95591160889952e-18,3.95591160889952e-18,3.95591160889952e-18,NA,3.95591160889952e-18,3.95591160889952e-18,3.95591160889952e-18,3.95591160889952e-18,3.95591160889952e-18,3.95591160889952e-18,3.95591160889952e-18,3.95591160889952e-18,5.85460438279782e-18,4.07730530936212e-18,3.95591160889952e-18,3.95591160889952e-18,3.95591160889952e-18,9.10929171359758e-12,3.95591160889952e-18,3.95591160889952e-18,3.95591160889952e-18,3.95591160889952e-18,3.95591160889952e-18,3.77308612325635e-13,1.30606051743935e-08,1.04269776917464e-13,4.51765371432292e-07,3.36966895948746e-06,3.95591160889952e-18,0.648693436191101,3.95591160889952e-18,3.95591160889952e-18,3.95591160889952e-18,0.000467890935352887,3.95591160889952e-18,3.95591160889952e-18,3.95591160889952e-18
"NPNT",3.95591160889952e-18,3.95591160889952e-18,3.95591160889952e-18,3.95591160889952e-18,3.95591160889952e-18,3.95591160889952e-18,3.95591160889952e-18,3.95591160889952e-18,3.95591160889952e-18,3.95591160889952e-18,3.95591160889952e-18,3.62275687081267e-16,3.75039198207249e-11,3.95591160889952e-18,3.95591160889952e-18,3.95591160889952e-18,0.023355108566128,3.95591160889952e-18,3.95591160889952e-18,3.95591160889952e-18,3.95591160889952e-18,3.95591160889952e-18,3.95591160889952e-18,3.95591160889952e-18,3.95591160889952e-18,3.95591160889952e-18,4.07730530936212e-18,8.61523599774715e-17,3.95591160889952e-18,0.000365491481966043,3.95591160889952e-18,3.95591160889952e-18,3.95591160889952e-18,3.95591160889952e-18,3.95591160889952e-18,3.95591160889952e-18,3.95591160889952e-18,3.95591160889952e-18,3.95591160889952e-18,8.61523599774715e-17,5.24625910940479e-13,3.95591160889952e-18,3.95591160889952e-18,4.60075532902844e-18,3.95591160889952e-18,3.95591160889952e-18,3.95591160889952e-18,3.95591160889952e-18,3.95591160889952e-18,3.95591160889952e-18,4.07730530936212e-18,3.95591160889952e-18,6.9611905367472e-09,3.95591160889952e-18,3.95591160889952e-18,3.95591160889952e-18,NA,3.95591160889952e-18,1.17342970192368e-06,3.95591160889952e-18,1.68452512862572e-05,3.95591160889952e-18,4.33123080260219e-18,2.2963097264445e-11,3.95591160889952e-18,3.95591160889952e-18,0.00901703198171414,5.34915185365328e-18,1.00418805475167e-17,3.95591160889952e-18,3.95591160889952e-18,7.19885531354938e-08,3.95591160889952e-18,4.07730530936212e-18,5.56757734645411e-17,3.95591160889952e-18,3.95591160889952e-18,3.95591160889952e-18,3.95591160889952e-18,3.95591160889952e-18,3.95591160889952e-18,3.95591160889952e-18,3.95591160889952e-18,3.95591160889952e-18,4.07730530936212e-18,3.95591160889952e-18,4.33123080260219e-18,6.4071449084651e-18,2.77842381759699e-13
"NRG",3.95591160889952e-18,3.95591160889952e-18,3.95591160889952e-18,1.03462871215398e-17,3.95591160889952e-18,0.00728314581528016,3.95591160889952e-18,3.95591160889952e-18,3.95591160889952e-18,3.95591160889952e-18,3.95591160889952e-18,3.95591160889952e-18,3.95591160889952e-18,3.95591160889952e-18,7.7734256797095e-16,1.57857024855841e-13,3.95591160889952e-18,3.95591160889952e-18,3.95591160889952e-18,3.95591160889952e-18,3.95591160889952e-18,3.95591160889952e-18,3.95591160889952e-18,3.95591160889952e-18,4.53461716014031e-08,3.95591160889952e-18,3.95591160889952e-18,3.95591160889952e-18,1.50422804122146e-07,3.95591160889952e-18,3.95591160889952e-18,3.95591160889952e-18,3.95591160889952e-18,3.95591160889952e-18,3.95591160889952e-18,3.95591160889952e-18,4.46398542390809e-18,3.95591160889952e-18,1.46924489756616e-06,3.95591160889952e-18,3.95591160889952e-18,7.29788564700184e-15,3.95591160889952e-18,3.95591160889952e-18,3.95591160889952e-18,3.95591160889952e-18,3.95591160889952e-18,3.95591160889952e-18,3.95591160889952e-18,3.95591160889952e-18,3.95591160889952e-18,3.95591160889952e-18,3.95591160889952e-18,3.95591160889952e-18,3.95591160889952e-18,3.95591160889952e-18,3.95591160889952e-18,NA,3.95591160889952e-18,3.95591160889952e-18,3.95591160889952e-18,9.45934121085736e-18,3.66085274141228e-08,3.95591160889952e-18,3.95591160889952e-18,8.64752108146507e-18,3.95591160889952e-18,3.95591160889952e-18,3.95591160889952e-18,3.95591160889952e-18,3.95591160889952e-18,3.95591160889952e-18,5.19043683699158e-18,3.95591160889952e-18,3.95591160889952e-18,3.95591160889952e-18,3.95591160889952e-18,3.95591160889952e-18,3.95591160889952e-18,3.95591160889952e-18,3.95591160889952e-18,3.95591160889952e-18,4.07730530936212e-18,3.95591160889952e-18,3.95591160889952e-18,3.95591160889952e-18,3.95591160889952e-18,3.95591160889952e-18,3.95591160889952e-18
"NRXN",1.95369926417803e-15,4.33123080260219e-18,1.48215309320209e-09,3.95591160889952e-18,0.000581619609529607,3.95591160889952e-18,1.41568911620959e-10,3.95591160889952e-18,0.0291378027971749,4.71750274773695e-15,1.94769938577893e-11,0.0155691657246611,1.65748338642235e-10,2.96806408851454e-16,3.95591160889952e-18,3.95591160889952e-18,7.77030328518056e-08,3.58860238272921e-17,7.44460163315224e-18,3.95591160889952e-18,4.88682363326271e-18,3.95591160889952e-18,3.95591160889952e-18,3.95591160889952e-18,3.95591160889952e-18,3.95591160889952e-18,6.63198319372062e-17,0.446305370200738,3.95591160889952e-18,3.66085274141228e-08,8.14491905601264e-18,3.95591160889952e-18,3.95591160889952e-18,3.95591160889952e-18,3.95591160889952e-18,3.95591160889952e-18,3.95591160889952e-18,3.95591160889952e-18,3.95591160889952e-18,4.15558647672897e-17,5.68750712431423e-11,3.95591160889952e-18,3.95591160889952e-18,3.28247404424413e-14,1.77311072810211e-16,8.67845871048218e-05,3.95591160889952e-18,5.71177523301698e-15,3.95591160889952e-18,6.50225584653019e-06,0.016944186261305,3.95591160889952e-18,0.000545747429366519,1.1315207851887e-17,4.20237510796545e-18,3.95591160889952e-18,1.17342970192368e-06,3.95591160889952e-18,NA,0.394777463765017,9.64564545686732e-09,3.95591160889952e-18,4.07730530936212e-18,2.2963097264445e-11,3.95591160889952e-18,3.95591160889952e-18,4.1120688093914e-06,8.68871953486191e-14,6.03193592002798e-15,3.95591160889952e-18,1.19398086984356e-06,8.80325171503431e-05,3.95591160889952e-18,1.27476142043461e-17,0.0315020829294468,3.95591160889952e-18,3.95591160889952e-18,3.95591160889952e-18,3.95591160889952e-18,3.95591160889952e-18,0.027647861336845,3.95591160889952e-18,3.95591160889952e-18,3.95591160889952e-18,4.03553447909989e-17,3.95591160889952e-18,0.56932712076679,0.641292080250187,1.99412570325422e-11
"NT",3.95591160889952e-18,3.95591160889952e-18,4.33123080260219e-18,3.95591160889952e-18,1.20103554938643e-17,3.95591160889952e-18,6.56520707337055e-16,3.95591160889952e-18,8.89806815099546e-13,3.95591160889952e-18,4.15558647672897e-17,4.88682363326271e-18,3.95591160889952e-18,3.95591160889952e-18,3.95591160889952e-18,3.95591160889952e-18,4.07730530936212e-18,4.81143268283982e-16,3.95591160889952e-18,3.95591160889952e-18,7.7053369891771e-15,3.95591160889952e-18,3.95591160889952e-18,3.95591160889952e-18,3.95591160889952e-18,3.95591160889952e-18,3.95591160889952e-18,7.82683177155291e-14,3.95591160889952e-18,3.95591160889952e-18,3.95591160889952e-18,3.95591160889952e-18,3.95591160889952e-18,3.95591160889952e-18,3.95591160889952e-18,3.95591160889952e-18,3.95591160889952e-18,3.95591160889952e-18,3.95591160889952e-18,5.70821267078327e-05,3.95591160889952e-18,3.95591160889952e-18,3.95591160889952e-18,3.95591160889952e-18,3.95591160889952e-18,4.20237510796545e-18,3.95591160889952e-18,3.95591160889952e-18,3.95591160889952e-18,3.95591160889952e-18,5.81997522702953e-11,3.95591160889952e-18,6.21747363653032e-18,1.93184612806882e-17,3.95591160889952e-18,3.95591160889952e-18,3.95591160889952e-18,3.95591160889952e-18,0.394777463765017,NA,3.95591160889952e-18,3.95591160889952e-18,3.95591160889952e-18,3.95591160889952e-18,3.95591160889952e-18,3.95591160889952e-18,3.95591160889952e-18,3.95591160889952e-18,3.95591160889952e-18,3.95591160889952e-18,3.95591160889952e-18,4.07730530936212e-18,3.95591160889952e-18,3.48472685656971e-17,8.39250746012644e-18,3.95591160889952e-18,3.95591160889952e-18,3.95591160889952e-18,3.95591160889952e-18,3.95591160889952e-18,5.81997522702953e-11,3.95591160889952e-18,3.95591160889952e-18,3.95591160889952e-18,4.17561152743827e-16,3.95591160889952e-18,5.9021772052104e-17,8.46329686254591e-13,3.95591160889952e-18
"OCLN",3.95591160889952e-18,3.95591160889952e-18,3.95591160889952e-18,3.95591160889952e-18,3.95591160889952e-18,3.95591160889952e-18,4.07730530936212e-18,3.95591160889952e-18,4.07730530936212e-18,3.95591160889952e-18,3.95591160889952e-18,4.88682363326271e-18,1.95144159111743e-07,3.95591160889952e-18,3.95591160889952e-18,3.95591160889952e-18,0.0798036446783287,3.95591160889952e-18,3.95591160889952e-18,3.95591160889952e-18,3.95591160889952e-18,3.95591160889952e-18,3.95591160889952e-18,3.95591160889952e-18,3.95591160889952e-18,3.95591160889952e-18,3.95591160889952e-18,3.95591160889952e-18,3.95591160889952e-18,0.0871611473137805,3.95591160889952e-18,3.95591160889952e-18,3.95591160889952e-18,3.95591160889952e-18,3.95591160889952e-18,3.95591160889952e-18,3.95591160889952e-18,3.95591160889952e-18,3.95591160889952e-18,1.61703099974578e-17,2.52221306303503e-11,3.95591160889952e-18,3.95591160889952e-18,8.91017949833904e-18,3.95591160889952e-18,3.95591160889952e-18,3.95591160889952e-18,3.95591160889952e-18,3.95591160889952e-18,3.95591160889952e-18,3.95591160889952e-18,3.95591160889952e-18,4.54640239489517e-16,3.95591160889952e-18,3.95591160889952e-18,3.95591160889952e-18,1.68452512862572e-05,3.95591160889952e-18,9.64564545686732e-09,3.95591160889952e-18,NA,3.95591160889952e-18,4.07730530936212e-18,0.000200370968829166,3.95591160889952e-18,3.95591160889952e-18,2.70826298792641e-13,9.45934121085736e-18,5.34915185365328e-18,3.95591160889952e-18,3.95591160889952e-18,3.94514452276276e-16,3.95591160889952e-18,3.95591160889952e-18,5.56757734645411e-17,3.95591160889952e-18,3.95591160889952e-18,3.95591160889952e-18,3.95591160889952e-18,3.95591160889952e-18,3.95591160889952e-18,3.95591160889952e-18,3.95591160889952e-18,3.95591160889952e-18,3.95591160889952e-18,3.95591160889952e-18,3.95591160889952e-18,3.19057193919638e-17,1.93247232128146e-06
"PCDH",3.95591160889952e-18,3.95591160889952e-18,3.95591160889952e-18,3.95591160889952e-18,3.95591160889952e-18,7.22464014675288e-18,3.95591160889952e-18,3.95591160889952e-18,3.95591160889952e-18,3.95591160889952e-18,3.95591160889952e-18,3.95591160889952e-18,3.95591160889952e-18,3.95591160889952e-18,0.189614312882507,3.95591160889952e-18,3.95591160889952e-18,3.95591160889952e-18,2.29514253070195e-16,3.95591160889952e-18,3.95591160889952e-18,3.95591160889952e-18,3.95591160889952e-18,3.95591160889952e-18,3.95591160889952e-18,3.95591160889952e-18,3.95591160889952e-18,3.95591160889952e-18,8.46329686254591e-13,3.95591160889952e-18,3.95591160889952e-18,3.95591160889952e-18,3.95591160889952e-18,3.95591160889952e-18,3.95591160889952e-18,1.47918612697897e-17,4.31061757548971e-11,3.95591160889952e-18,4.07730530936212e-18,3.95591160889952e-18,3.95591160889952e-18,0.168497068024381,3.95591160889952e-18,3.95591160889952e-18,3.95591160889952e-18,3.95591160889952e-18,3.95591160889952e-18,3.95591160889952e-18,3.95591160889952e-18,3.95591160889952e-18,3.95591160889952e-18,3.95591160889952e-18,3.95591160889952e-18,3.95591160889952e-18,3.95591160889952e-18,3.95591160889952e-18,3.95591160889952e-18,9.45934121085736e-18,3.95591160889952e-18,3.95591160889952e-18,3.95591160889952e-18,NA,1.91291414123031e-09,3.95591160889952e-18,3.95591160889952e-18,3.95591160889952e-18,3.95591160889952e-18,3.95591160889952e-18,3.95591160889952e-18,3.95591160889952e-18,3.95591160889952e-18,3.95591160889952e-18,3.95591160889952e-18,3.95591160889952e-18,3.95591160889952e-18,3.95591160889952e-18,3.95591160889952e-18,3.95591160889952e-18,3.95591160889952e-18,3.95591160889952e-18,3.95591160889952e-18,3.95591160889952e-18,2.4473398426105e-17,3.95591160889952e-18,3.95591160889952e-18,3.95591160889952e-18,3.95591160889952e-18,3.95591160889952e-18,3.95591160889952e-18
"PDGF",3.95591160889952e-18,9.39832757318043e-17,3.95591160889952e-18,0.103514959854991,3.95591160889952e-18,2.81936837354087e-07,3.95591160889952e-18,3.95591160889952e-18,3.95591160889952e-18,3.95591160889952e-18,3.95591160889952e-18,3.95591160889952e-18,4.07730530936212e-18,3.95591160889952e-18,1.72034486377129e-09,0.000890099233056898,4.07730530936212e-18,3.95591160889952e-18,1.36095330015383e-15,3.95591160889952e-18,3.95591160889952e-18,3.95591160889952e-18,7.84247127474228e-11,3.95591160889952e-18,1.52069087255329e-06,3.95591160889952e-18,7.44460163315224e-18,3.95591160889952e-18,3.74663355412229e-09,3.95591160889952e-18,1.56972981663118e-17,1.24917643540009e-09,5.0363722610573e-18,3.95591160889952e-18,4.88682363326271e-18,8.89806815099546e-13,3.53648281294709e-10,4.34549849531847e-15,2.0337061195795e-06,3.95591160889952e-18,3.95591160889952e-18,3.37569183076804e-09,7.01109588958762e-18,5.0363722610573e-18,3.95591160889952e-18,3.95591160889952e-18,4.20237510796545e-18,3.95591160889952e-18,3.95591160889952e-18,3.95591160889952e-18,3.95591160889952e-18,3.95591160889952e-18,3.95591160889952e-18,3.95591160889952e-18,3.95591160889952e-18,3.95591160889952e-18,4.33123080260219e-18,3.66085274141228e-08,4.07730530936212e-18,3.95591160889952e-18,4.07730530936212e-18,1.91291414123031e-09,NA,4.88682363326271e-18,2.8974495764517e-10,0.629035639403214,3.95591160889952e-18,5.19043683699158e-18,7.22464014675288e-18,8.39250746012644e-18,3.95591160889952e-18,3.95591160889952e-18,0.0871611473137805,3.95591160889952e-18,3.95591160889952e-18,1.76753591696907e-17,4.74166029806301e-18,7.02956749043176e-17,3.95591160889952e-18,4.07730530936212e-18,3.95591160889952e-18,3.95591160889952e-18,1.12726673058647e-13,4.0024095285786e-15,3.95591160889952e-18,3.95591160889952e-18,3.95591160889952e-18,3.95591160889952e-18,4.74166029806301e-18
"PECAM1",3.95591160889952e-18,4.07730530936212e-18,3.95591160889952e-18,3.95591160889952e-18,3.95591160889952e-18,3.95591160889952e-18,3.95591160889952e-18,3.95591160889952e-18,3.95591160889952e-18,3.95591160889952e-18,3.95591160889952e-18,4.33123080260219e-18,0.182744916073403,3.95591160889952e-18,3.95591160889952e-18,3.95591160889952e-18,2.36176664369545e-16,3.95591160889952e-18,3.95591160889952e-18,3.95591160889952e-18,4.07730530936212e-18,3.95591160889952e-18,3.95591160889952e-18,3.95591160889952e-18,3.95591160889952e-18,3.95591160889952e-18,3.19057193919638e-17,4.07730530936212e-18,3.95591160889952e-18,1.44905602860207e-07,1.00072978047337e-15,3.95591160889952e-18,3.95591160889952e-18,3.95591160889952e-18,3.95591160889952e-18,3.95591160889952e-18,3.95591160889952e-18,3.95591160889952e-18,3.95591160889952e-18,1.27476142043461e-17,0.750450766200228,3.95591160889952e-18,3.95591160889952e-18,2.35085498565622e-11,3.95591160889952e-18,3.95591160889952e-18,3.95591160889952e-18,3.95591160889952e-18,3.95591160889952e-18,3.95591160889952e-18,3.95591160889952e-18,3.95591160889952e-18,2.11120885994692e-17,3.95591160889952e-18,3.95591160889952e-18,3.95591160889952e-18,2.2963097264445e-11,3.95591160889952e-18,2.2963097264445e-11,3.95591160889952e-18,0.000200370968829166,3.95591160889952e-18,4.88682363326271e-18,NA,3.95591160889952e-18,3.95591160889952e-18,4.34549849531847e-15,3.78544039735827e-06,3.80652510627845e-08,3.95591160889952e-18,3.95591160889952e-18,1.52141066853366e-15,3.95591160889952e-18,3.95591160889952e-18,4.07730530936212e-18,3.95591160889952e-18,3.95591160889952e-18,3.95591160889952e-18,3.95591160889952e-18,3.95591160889952e-18,3.95591160889952e-18,3.95591160889952e-18,3.95591160889952e-18,3.95591160889952e-18,3.95591160889952e-18,3.95591160889952e-18,3.95591160889952e-18,4.07730530936212e-18,0.0607093741315542
"PECAM2",3.95591160889952e-18,3.95591160889952e-18,3.95591160889952e-18,2.37603815731769e-08,3.95591160889952e-18,4.20237510796545e-18,3.95591160889952e-18,3.95591160889952e-18,3.95591160889952e-18,3.95591160889952e-18,3.95591160889952e-18,3.95591160889952e-18,3.95591160889952e-18,3.95591160889952e-18,3.95591160889952e-18,4.81074822355179e-17,3.95591160889952e-18,3.95591160889952e-18,3.95591160889952e-18,4.88682363326271e-18,3.95591160889952e-18,3.95591160889952e-18,0.543940948599892,7.67117051473693e-18,4.07730530936212e-18,6.4071449084651e-18,3.95591160889952e-18,3.95591160889952e-18,3.95591160889952e-18,3.95591160889952e-18,3.95591160889952e-18,0.870266148994646,9.15398853470311e-14,6.4071449084651e-18,8.46488203193224e-14,3.95591160889952e-18,3.95591160889952e-18,6.29474141521055e-06,3.95591160889952e-18,3.95591160889952e-18,3.95591160889952e-18,3.95591160889952e-18,1.53915356076565e-12,3.95591160889952e-18,3.95591160889952e-18,3.95591160889952e-18,5.19043683699158e-18,3.95591160889952e-18,6.4071449084651e-18,3.95591160889952e-18,3.95591160889952e-18,6.0333467812047e-18,3.95591160889952e-18,3.95591160889952e-18,3.95591160889952e-18,5.85460438279782e-18,3.95591160889952e-18,3.95591160889952e-18,3.95591160889952e-18,3.95591160889952e-18,3.95591160889952e-18,3.95591160889952e-18,2.8974495764517e-10,3.95591160889952e-18,NA,4.50888000065235e-14,3.95591160889952e-18,3.95591160889952e-18,3.95591160889952e-18,2.02003946063435e-12,3.95591160889952e-18,3.95591160889952e-18,6.68170812661344e-09,3.95591160889952e-18,3.95591160889952e-18,6.83556813087192e-11,1.62662245352212e-16,1.71474078722483e-06,3.95591160889952e-18,1.70046903069812e-15,3.95591160889952e-18,4.46398542390809e-18,3.95591160889952e-18,3.95591160889952e-18,3.95591160889952e-18,4.88682363326271e-18,3.95591160889952e-18,3.95591160889952e-18,3.95591160889952e-18
"PROS",3.95591160889952e-18,3.95591160889952e-18,3.95591160889952e-18,0.285701045040383,3.95591160889952e-18,2.43029640397951e-16,3.95591160889952e-18,3.95591160889952e-18,3.95591160889952e-18,3.95591160889952e-18,3.95591160889952e-18,3.95591160889952e-18,3.95591160889952e-18,3.95591160889952e-18,3.95591160889952e-18,1.9156382255095e-07,3.95591160889952e-18,3.95591160889952e-18,3.95591160889952e-18,3.95591160889952e-18,3.95591160889952e-18,3.95591160889952e-18,3.28247404424413e-14,3.95591160889952e-18,6.02293219069779e-14,3.95591160889952e-18,3.95591160889952e-18,3.95591160889952e-18,3.95591160889952e-18,3.95591160889952e-18,3.95591160889952e-18,9.20129385608661e-11,4.07730530936212e-18,4.07730530936212e-18,6.0333467812047e-18,3.95591160889952e-18,3.95591160889952e-18,5.56757734645411e-17,8.22293070852005e-16,3.95591160889952e-18,3.95591160889952e-18,3.95591160889952e-18,4.07730530936212e-18,3.95591160889952e-18,3.95591160889952e-18,3.95591160889952e-18,3.95591160889952e-18,3.95591160889952e-18,4.07730530936212e-18,3.95591160889952e-18,3.95591160889952e-18,3.95591160889952e-18,3.95591160889952e-18,3.95591160889952e-18,3.95591160889952e-18,4.07730530936212e-18,3.95591160889952e-18,8.64752108146507e-18,3.95591160889952e-18,3.95591160889952e-18,3.95591160889952e-18,3.95591160889952e-18,0.629035639403214,3.95591160889952e-18,4.50888000065235e-14,NA,3.95591160889952e-18,3.95591160889952e-18,3.95591160889952e-18,8.91017949833904e-18,3.95591160889952e-18,3.95591160889952e-18,0.0172638393776743,3.95591160889952e-18,3.95591160889952e-18,7.22464014675288e-18,3.95591160889952e-18,4.03553447909989e-17,3.95591160889952e-18,4.33123080260219e-18,3.95591160889952e-18,3.95591160889952e-18,3.95591160889952e-18,3.95591160889952e-18,3.95591160889952e-18,3.95591160889952e-18,3.95591160889952e-18,3.95591160889952e-18,3.95591160889952e-18
"Prostaglandin",3.95591160889952e-18,3.95591160889952e-18,3.95591160889952e-18,3.95591160889952e-18,3.95591160889952e-18,3.95591160889952e-18,4.46398542390809e-18,3.95591160889952e-18,4.07730530936212e-18,3.95591160889952e-18,4.07730530936212e-18,4.54640239489517e-16,1.47963037864232e-15,3.95591160889952e-18,3.95591160889952e-18,3.95591160889952e-18,4.51765371432292e-07,3.95591160889952e-18,3.95591160889952e-18,3.95591160889952e-18,4.07730530936212e-18,3.95591160889952e-18,3.95591160889952e-18,3.95591160889952e-18,3.95591160889952e-18,3.95591160889952e-18,3.95591160889952e-18,4.6720416035814e-17,3.95591160889952e-18,3.2370736110403e-10,3.95591160889952e-18,3.95591160889952e-18,3.95591160889952e-18,3.95591160889952e-18,3.95591160889952e-18,3.95591160889952e-18,3.95591160889952e-18,3.95591160889952e-18,3.95591160889952e-18,3.32636491629149e-16,2.04966732989559e-17,3.95591160889952e-18,3.95591160889952e-18,3.95591160889952e-18,3.95591160889952e-18,3.95591160889952e-18,3.95591160889952e-18,3.95591160889952e-18,3.95591160889952e-18,3.95591160889952e-18,3.95591160889952e-18,3.95591160889952e-18,2.10400473267056e-06,3.95591160889952e-18,3.95591160889952e-18,3.95591160889952e-18,0.00901703198171414,3.95591160889952e-18,4.1120688093914e-06,3.95591160889952e-18,2.70826298792641e-13,3.95591160889952e-18,3.95591160889952e-18,4.34549849531847e-15,3.95591160889952e-18,3.95591160889952e-18,NA,3.95591160889952e-18,4.20237510796545e-18,3.95591160889952e-18,3.95591160889952e-18,2.49196684095513e-06,3.95591160889952e-18,3.95591160889952e-18,2.04667895830895e-16,3.95591160889952e-18,3.95591160889952e-18,3.95591160889952e-18,3.95591160889952e-18,3.95591160889952e-18,3.95591160889952e-18,3.95591160889952e-18,3.95591160889952e-18,3.95591160889952e-18,3.95591160889952e-18,3.95591160889952e-18,4.33123080260219e-18,4.81074822355179e-17,3.23298234020227e-16
"PSAP",3.95591160889952e-18,4.07730530936212e-18,3.95591160889952e-18,3.95591160889952e-18,3.95591160889952e-18,3.95591160889952e-18,3.95591160889952e-18,3.95591160889952e-18,3.95591160889952e-18,3.95591160889952e-18,3.95591160889952e-18,3.95591160889952e-18,2.50805798607392e-13,3.95591160889952e-18,3.95591160889952e-18,3.95591160889952e-18,1.23735672047013e-17,3.95591160889952e-18,3.95591160889952e-18,3.95591160889952e-18,3.95591160889952e-18,3.95591160889952e-18,3.95591160889952e-18,3.95591160889952e-18,3.95591160889952e-18,3.95591160889952e-18,2.57328904934781e-16,3.95591160889952e-18,3.95591160889952e-18,4.33123080260219e-18,2.4473398426105e-17,3.95591160889952e-18,3.95591160889952e-18,3.95591160889952e-18,3.95591160889952e-18,3.95591160889952e-18,3.95591160889952e-18,3.95591160889952e-18,3.95591160889952e-18,5.19043683699158e-18,8.66435171123333e-10,3.95591160889952e-18,3.95591160889952e-18,0.258691307462481,3.95591160889952e-18,3.95591160889952e-18,3.95591160889952e-18,3.95591160889952e-18,3.95591160889952e-18,3.95591160889952e-18,3.95591160889952e-18,3.95591160889952e-18,4.07730530936212e-18,3.95591160889952e-18,3.95591160889952e-18,3.95591160889952e-18,5.34915185365328e-18,3.95591160889952e-18,8.68871953486191e-14,3.95591160889952e-18,9.45934121085736e-18,3.95591160889952e-18,5.19043683699158e-18,3.78544039735827e-06,3.95591160889952e-18,3.95591160889952e-18,3.95591160889952e-18,NA,0.0015880032812377,3.95591160889952e-18,3.95591160889952e-18,3.95591160889952e-18,3.95591160889952e-18,3.95591160889952e-18,4.07730530936212e-18,3.95591160889952e-18,3.95591160889952e-18,3.95591160889952e-18,3.95591160889952e-18,3.95591160889952e-18,3.95591160889952e-18,3.95591160889952e-18,3.95591160889952e-18,3.95591160889952e-18,3.95591160889952e-18,3.95591160889952e-18,3.95591160889952e-18,4.07730530936212e-18,1.79228868542747e-05
"PTN",3.95591160889952e-18,4.20237510796545e-18,3.95591160889952e-18,3.95591160889952e-18,3.95591160889952e-18,3.95591160889952e-18,3.95591160889952e-18,3.95591160889952e-18,3.95591160889952e-18,3.95591160889952e-18,3.95591160889952e-18,3.95591160889952e-18,3.95591160889952e-18,3.95591160889952e-18,3.95591160889952e-18,3.95591160889952e-18,1.82071265526613e-17,3.95591160889952e-18,5.85460438279782e-18,3.95591160889952e-18,3.95591160889952e-18,3.95591160889952e-18,3.95591160889952e-18,3.95591160889952e-18,3.95591160889952e-18,3.95591160889952e-18,1.68515694835085e-14,3.95591160889952e-18,3.95591160889952e-18,5.19043683699158e-18,3.42240488544539e-16,3.95591160889952e-18,3.95591160889952e-18,3.95591160889952e-18,3.95591160889952e-18,3.95591160889952e-18,3.95591160889952e-18,3.95591160889952e-18,3.95591160889952e-18,4.33123080260219e-18,1.98989650642259e-17,3.95591160889952e-18,3.95591160889952e-18,0.0506199458773201,3.95591160889952e-18,3.95591160889952e-18,3.95591160889952e-18,3.95591160889952e-18,3.95591160889952e-18,3.95591160889952e-18,3.95591160889952e-18,3.95591160889952e-18,3.95591160889952e-18,3.95591160889952e-18,3.95591160889952e-18,3.95591160889952e-18,1.00418805475167e-17,3.95591160889952e-18,6.03193592002798e-15,3.95591160889952e-18,5.34915185365328e-18,3.95591160889952e-18,7.22464014675288e-18,3.80652510627845e-08,3.95591160889952e-18,3.95591160889952e-18,4.20237510796545e-18,0.0015880032812377,NA,3.95591160889952e-18,3.95591160889952e-18,3.95591160889952e-18,3.95591160889952e-18,3.95591160889952e-18,3.95591160889952e-18,3.95591160889952e-18,3.95591160889952e-18,3.95591160889952e-18,3.95591160889952e-18,3.95591160889952e-18,3.95591160889952e-18,3.95591160889952e-18,3.95591160889952e-18,3.95591160889952e-18,3.95591160889952e-18,3.95591160889952e-18,3.95591160889952e-18,3.95591160889952e-18,1.13530959327135e-07
"PTPR",3.95591160889952e-18,3.95591160889952e-18,3.95591160889952e-18,1.56972981663118e-17,3.95591160889952e-18,3.95591160889952e-18,3.95591160889952e-18,5.0363722610573e-18,3.95591160889952e-18,3.95591160889952e-18,3.95591160889952e-18,3.95591160889952e-18,3.95591160889952e-18,3.95591160889952e-18,3.95591160889952e-18,4.07730530936212e-18,3.95591160889952e-18,3.95591160889952e-18,3.95591160889952e-18,7.67040667151587e-17,3.95591160889952e-18,8.91017949833904e-18,2.50645047432755e-15,2.06508479287517e-15,3.95591160889952e-18,7.02956749043176e-17,3.95591160889952e-18,3.95591160889952e-18,3.95591160889952e-18,3.95591160889952e-18,3.95591160889952e-18,3.23754913324531e-09,0.889250895282831,6.75129669869904e-13,0.0437396208427458,3.95591160889952e-18,3.95591160889952e-18,0.0061696563176424,4.07730530936212e-18,3.95591160889952e-18,3.95591160889952e-18,3.95591160889952e-18,0.779306057610384,3.95591160889952e-18,3.95591160889952e-18,3.95591160889952e-18,6.56520707337055e-16,3.95591160889952e-18,7.14419365101563e-16,3.95591160889952e-18,3.95591160889952e-18,2.20621507806548e-13,3.95591160889952e-18,3.95591160889952e-18,3.95591160889952e-18,9.10929171359758e-12,3.95591160889952e-18,3.95591160889952e-18,3.95591160889952e-18,3.95591160889952e-18,3.95591160889952e-18,3.95591160889952e-18,8.39250746012644e-18,3.95591160889952e-18,2.02003946063435e-12,8.91017949833904e-18,3.95591160889952e-18,3.95591160889952e-18,3.95591160889952e-18,NA,3.95591160889952e-18,3.95591160889952e-18,1.16576693677242e-17,3.95591160889952e-18,3.95591160889952e-18,0.387182224269996,0.00967202586434601,0.0185959393977396,1.31328151759545e-17,0.000252119989928233,3.95591160889952e-18,3.37068400179002e-14,3.95591160889952e-18,3.95591160889952e-18,3.95591160889952e-18,2.10618882905887e-16,3.95591160889952e-18,3.95591160889952e-18,3.95591160889952e-18
"PTPRM",1.61703099974578e-17,3.95591160889952e-18,6.34751871194282e-14,3.95591160889952e-18,3.95591160889952e-18,3.95591160889952e-18,3.38555195252633e-08,3.95591160889952e-18,4.74166029806301e-18,3.19057193919638e-17,2.96246526336765e-10,3.95591160889952e-18,3.95591160889952e-18,5.0363722610573e-18,3.95591160889952e-18,3.95591160889952e-18,3.95591160889952e-18,0.000220337196050246,3.95591160889952e-18,3.95591160889952e-18,0.11024299700122,3.95591160889952e-18,3.95591160889952e-18,3.95591160889952e-18,3.95591160889952e-18,3.95591160889952e-18,3.95591160889952e-18,3.95591160889952e-18,3.95591160889952e-18,3.95591160889952e-18,3.95591160889952e-18,3.95591160889952e-18,3.95591160889952e-18,3.95591160889952e-18,3.95591160889952e-18,3.95591160889952e-18,3.95591160889952e-18,3.95591160889952e-18,3.95591160889952e-18,0.0121328052714319,3.95591160889952e-18,3.95591160889952e-18,3.95591160889952e-18,3.95591160889952e-18,7.44460163315224e-18,2.6487943018047e-15,3.95591160889952e-18,8.12929560995862e-17,3.95591160889952e-18,8.12765503566198e-07,3.95591160889952e-18,3.95591160889952e-18,3.95591160889952e-18,3.19236457753446e-08,1.06597969536977e-17,3.95591160889952e-18,3.95591160889952e-18,3.95591160889952e-18,1.19398086984356e-06,3.95591160889952e-18,3.95591160889952e-18,3.95591160889952e-18,3.95591160889952e-18,3.95591160889952e-18,3.95591160889952e-18,3.95591160889952e-18,3.95591160889952e-18,3.95591160889952e-18,3.95591160889952e-18,3.95591160889952e-18,NA,3.95591160889952e-18,3.95591160889952e-18,1.31955279274198e-07,3.95591160889952e-18,3.95591160889952e-18,3.95591160889952e-18,3.95591160889952e-18,3.95591160889952e-18,3.95591160889952e-18,6.4071449084651e-18,3.95591160889952e-18,3.95591160889952e-18,3.95591160889952e-18,9.05794116362306e-05,3.95591160889952e-18,3.95591160889952e-18,3.95591160889952e-18,3.95591160889952e-18
"RA",3.95591160889952e-18,3.95591160889952e-18,3.95591160889952e-18,3.95591160889952e-18,3.95591160889952e-18,3.95591160889952e-18,5.0363722610573e-18,3.95591160889952e-18,1.56972981663118e-17,3.95591160889952e-18,4.07730530936212e-18,1.93184612806882e-17,2.17457280454137e-17,3.95591160889952e-18,3.95591160889952e-18,3.95591160889952e-18,4.95246314573701e-11,3.95591160889952e-18,3.95591160889952e-18,3.95591160889952e-18,4.20237510796545e-18,3.95591160889952e-18,3.95591160889952e-18,3.95591160889952e-18,3.95591160889952e-18,3.95591160889952e-18,3.95591160889952e-18,7.14419365101563e-16,3.95591160889952e-18,7.45063911129178e-17,3.95591160889952e-18,3.95591160889952e-18,3.95591160889952e-18,3.95591160889952e-18,3.95591160889952e-18,3.95591160889952e-18,3.95591160889952e-18,3.95591160889952e-18,3.95591160889952e-18,2.6487943018047e-15,5.19043683699158e-18,3.95591160889952e-18,3.95591160889952e-18,3.95591160889952e-18,3.95591160889952e-18,3.95591160889952e-18,3.95591160889952e-18,3.95591160889952e-18,3.95591160889952e-18,3.95591160889952e-18,3.95591160889952e-18,3.95591160889952e-18,0.105720401287726,3.95591160889952e-18,3.95591160889952e-18,3.95591160889952e-18,7.19885531354938e-08,3.95591160889952e-18,8.80325171503431e-05,4.07730530936212e-18,3.94514452276276e-16,3.95591160889952e-18,3.95591160889952e-18,1.52141066853366e-15,3.95591160889952e-18,3.95591160889952e-18,2.49196684095513e-06,3.95591160889952e-18,3.95591160889952e-18,3.95591160889952e-18,3.95591160889952e-18,NA,3.95591160889952e-18,3.95591160889952e-18,2.32240994241592e-13,3.95591160889952e-18,3.95591160889952e-18,3.95591160889952e-18,3.95591160889952e-18,3.95591160889952e-18,3.95591160889952e-18,3.95591160889952e-18,3.95591160889952e-18,3.95591160889952e-18,4.07730530936212e-18,3.95591160889952e-18,3.95591160889952e-18,1.44971866507516e-16,6.63198319372062e-17
"RELN",3.95591160889952e-18,3.95591160889952e-18,3.95591160889952e-18,0.390968642603049,3.95591160889952e-18,3.09807318224499e-17,3.95591160889952e-18,3.95591160889952e-18,3.95591160889952e-18,3.95591160889952e-18,3.95591160889952e-18,3.95591160889952e-18,3.95591160889952e-18,3.95591160889952e-18,3.95591160889952e-18,4.21008070947023e-12,3.95591160889952e-18,3.95591160889952e-18,3.95591160889952e-18,3.95591160889952e-18,3.95591160889952e-18,3.95591160889952e-18,2.21807197635714e-10,3.95591160889952e-18,1.21934677155421e-16,3.95591160889952e-18,3.95591160889952e-18,3.95591160889952e-18,3.95591160889952e-18,3.95591160889952e-18,3.95591160889952e-18,2.43484955904097e-07,5.19043683699158e-18,3.95591160889952e-18,8.39250746012644e-18,3.95591160889952e-18,3.95591160889952e-18,1.58049673137171e-16,1.62662245352212e-16,3.95591160889952e-18,3.95591160889952e-18,3.95591160889952e-18,4.33123080260219e-18,3.95591160889952e-18,3.95591160889952e-18,3.95591160889952e-18,3.95591160889952e-18,3.95591160889952e-18,3.95591160889952e-18,3.95591160889952e-18,3.95591160889952e-18,3.95591160889952e-18,3.95591160889952e-18,3.95591160889952e-18,3.95591160889952e-18,3.95591160889952e-18,3.95591160889952e-18,5.19043683699158e-18,3.95591160889952e-18,3.95591160889952e-18,3.95591160889952e-18,3.95591160889952e-18,0.0871611473137805,3.95591160889952e-18,6.68170812661344e-09,0.0172638393776743,3.95591160889952e-18,3.95591160889952e-18,3.95591160889952e-18,1.16576693677242e-17,3.95591160889952e-18,3.95591160889952e-18,NA,3.95591160889952e-18,3.95591160889952e-18,1.66573808352069e-17,3.95591160889952e-18,1.5356610755813e-16,3.95591160889952e-18,3.95591160889952e-18,3.95591160889952e-18,3.95591160889952e-18,3.95591160889952e-18,3.95591160889952e-18,3.95591160889952e-18,3.95591160889952e-18,3.95591160889952e-18,3.95591160889952e-18,3.95591160889952e-18
"SEMA3",2.12642543372231e-09,3.95591160889952e-18,0.257244475350515,3.95591160889952e-18,8.03407756685263e-14,3.95591160889952e-18,0.0498132293275047,3.95591160889952e-18,6.38268446287644e-16,2.15204164931701e-08,0.00866079994497808,4.07730530936212e-18,3.95591160889952e-18,1.21297756505333e-11,3.95591160889952e-18,3.95591160889952e-18,3.95591160889952e-18,1.49906830671661e-13,3.95591160889952e-18,3.95591160889952e-18,4.51495611058988e-11,3.95591160889952e-18,3.95591160889952e-18,3.95591160889952e-18,3.95591160889952e-18,3.95591160889952e-18,3.95591160889952e-18,7.22464014675288e-18,3.95591160889952e-18,3.95591160889952e-18,3.95591160889952e-18,3.95591160889952e-18,3.95591160889952e-18,3.95591160889952e-18,3.95591160889952e-18,3.95591160889952e-18,3.95591160889952e-18,3.95591160889952e-18,3.95591160889952e-18,7.02956749043176e-17,3.95591160889952e-18,3.95591160889952e-18,3.95591160889952e-18,3.95591160889952e-18,1.50147237145386e-12,2.52066612236704e-12,3.95591160889952e-18,2.8375510360124e-08,3.95591160889952e-18,1.42022065047874e-09,2.80346142353818e-16,3.95591160889952e-18,4.07730530936212e-18,0.000545747429366519,5.38798957685799e-16,3.95591160889952e-18,4.07730530936212e-18,3.95591160889952e-18,1.27476142043461e-17,3.48472685656971e-17,3.95591160889952e-18,3.95591160889952e-18,3.95591160889952e-18,3.95591160889952e-18,3.95591160889952e-18,3.95591160889952e-18,3.95591160889952e-18,3.95591160889952e-18,3.95591160889952e-18,3.95591160889952e-18,1.31955279274198e-07,3.95591160889952e-18,3.95591160889952e-18,NA,4.46398542390809e-18,3.95591160889952e-18,3.95591160889952e-18,3.95591160889952e-18,3.95591160889952e-18,3.95591160889952e-18,1.43898067317965e-15,3.95591160889952e-18,3.95591160889952e-18,3.95591160889952e-18,1.61986038766284e-13,3.95591160889952e-18,6.21747363653032e-18,8.14491905601264e-18,3.95591160889952e-18
"SEMA4",3.95591160889952e-18,3.95591160889952e-18,3.95591160889952e-18,3.95591160889952e-18,3.95591160889952e-18,3.95591160889952e-18,6.80378409415447e-18,3.95591160889952e-18,3.95591160889952e-18,3.95591160889952e-18,4.74166029806301e-18,0.266010006166207,5.51265575167599e-18,3.95591160889952e-18,3.95591160889952e-18,3.95591160889952e-18,7.01109588958762e-18,5.51265575167599e-18,3.95591160889952e-18,3.95591160889952e-18,4.88682363326271e-18,3.95591160889952e-18,3.95591160889952e-18,3.95591160889952e-18,3.95591160889952e-18,3.95591160889952e-18,3.95591160889952e-18,3.17055757076141e-09,3.95591160889952e-18,5.68109103390228e-18,3.95591160889952e-18,3.95591160889952e-18,3.95591160889952e-18,3.95591160889952e-18,3.95591160889952e-18,3.95591160889952e-18,3.95591160889952e-18,3.95591160889952e-18,3.95591160889952e-18,1.65107486604921e-11,4.07730530936212e-18,3.95591160889952e-18,3.95591160889952e-18,3.95591160889952e-18,3.95591160889952e-18,3.95591160889952e-18,3.95591160889952e-18,3.95591160889952e-18,3.95591160889952e-18,3.95591160889952e-18,4.60075532902844e-18,3.95591160889952e-18,2.47183536657071e-08,4.07730530936212e-18,3.95591160889952e-18,3.95591160889952e-18,5.56757734645411e-17,3.95591160889952e-18,0.0315020829294468,8.39250746012644e-18,5.56757734645411e-17,3.95591160889952e-18,3.95591160889952e-18,4.07730530936212e-18,3.95591160889952e-18,3.95591160889952e-18,2.04667895830895e-16,4.07730530936212e-18,3.95591160889952e-18,3.95591160889952e-18,3.95591160889952e-18,2.32240994241592e-13,3.95591160889952e-18,4.46398542390809e-18,NA,3.95591160889952e-18,3.95591160889952e-18,3.95591160889952e-18,3.95591160889952e-18,3.95591160889952e-18,4.07730530936212e-18,3.95591160889952e-18,3.95591160889952e-18,3.95591160889952e-18,7.22464014675288e-18,3.95591160889952e-18,3.72722400737891e-16,1.35294980380649e-17,4.33123080260219e-18
"SEMA5",3.95591160889952e-18,3.95591160889952e-18,3.95591160889952e-18,7.02956749043176e-17,3.95591160889952e-18,3.95591160889952e-18,3.95591160889952e-18,4.46398542390809e-18,3.95591160889952e-18,3.95591160889952e-18,3.95591160889952e-18,3.95591160889952e-18,3.95591160889952e-18,3.95591160889952e-18,3.95591160889952e-18,5.85460438279782e-18,3.95591160889952e-18,3.95591160889952e-18,3.95591160889952e-18,9.45934121085736e-18,3.95591160889952e-18,1.23735672047013e-17,3.30219181869792e-15,2.57328904934781e-16,3.95591160889952e-18,1.06597969536977e-17,3.95591160889952e-18,3.95591160889952e-18,3.95591160889952e-18,3.95591160889952e-18,3.95591160889952e-18,1.69486270228916e-08,0.0565787391777634,2.14410570498835e-14,0.000492611356781053,3.95591160889952e-18,3.95591160889952e-18,0.0161676768539104,3.95591160889952e-18,3.95591160889952e-18,3.95591160889952e-18,3.95591160889952e-18,0.0943774992074525,3.95591160889952e-18,3.95591160889952e-18,3.95591160889952e-18,2.43029640397951e-16,3.95591160889952e-18,2.92094064174088e-17,3.95591160889952e-18,3.95591160889952e-18,1.6405603505616e-14,3.95591160889952e-18,3.95591160889952e-18,3.95591160889952e-18,3.77308612325635e-13,3.95591160889952e-18,3.95591160889952e-18,3.95591160889952e-18,3.95591160889952e-18,3.95591160889952e-18,3.95591160889952e-18,1.76753591696907e-17,3.95591160889952e-18,6.83556813087192e-11,7.22464014675288e-18,3.95591160889952e-18,3.95591160889952e-18,3.95591160889952e-18,0.387182224269996,3.95591160889952e-18,3.95591160889952e-18,1.66573808352069e-17,3.95591160889952e-18,3.95591160889952e-18,NA,2.43713755934984e-05,0.0999206497184139,3.95591160889952e-18,4.84816792258483e-06,3.95591160889952e-18,3.94514452276276e-16,3.95591160889952e-18,3.95591160889952e-18,3.95591160889952e-18,1.61703099974578e-17,3.95591160889952e-18,3.95591160889952e-18,3.95591160889952e-18
"SEMA6",3.95591160889952e-18,3.95591160889952e-18,3.95591160889952e-18,1.66573808352069e-17,3.95591160889952e-18,3.95591160889952e-18,3.95591160889952e-18,8.64752108146507e-18,3.95591160889952e-18,3.95591160889952e-18,3.95591160889952e-18,3.95591160889952e-18,3.95591160889952e-18,3.95591160889952e-18,3.95591160889952e-18,3.95591160889952e-18,3.95591160889952e-18,3.95591160889952e-18,3.95591160889952e-18,2.16740375334389e-16,3.95591160889952e-18,1.82477263648655e-16,2.23981235913202e-17,1.25381291008923e-14,3.95591160889952e-18,7.34815018513992e-16,3.95591160889952e-18,3.95591160889952e-18,3.95591160889952e-18,3.95591160889952e-18,3.95591160889952e-18,3.58589429378632e-13,0.00458401993563118,2.42513584784717e-10,0.837900026153397,3.95591160889952e-18,3.95591160889952e-18,7.19885531354938e-08,3.95591160889952e-18,3.95591160889952e-18,3.95591160889952e-18,3.95591160889952e-18,0.00468365608214886,3.95591160889952e-18,3.95591160889952e-18,3.95591160889952e-18,1.25381291008923e-14,3.95591160889952e-18,2.03252470204956e-14,3.95591160889952e-18,3.95591160889952e-18,2.65103922106039e-10,3.95591160889952e-18,3.95591160889952e-18,3.95591160889952e-18,1.30606051743935e-08,3.95591160889952e-18,3.95591160889952e-18,3.95591160889952e-18,3.95591160889952e-18,3.95591160889952e-18,3.95591160889952e-18,4.74166029806301e-18,3.95591160889952e-18,1.62662245352212e-16,3.95591160889952e-18,3.95591160889952e-18,3.95591160889952e-18,3.95591160889952e-18,0.00967202586434601,3.95591160889952e-18,3.95591160889952e-18,3.95591160889952e-18,3.95591160889952e-18,3.95591160889952e-18,2.43713755934984e-05,NA,3.14559418099818e-07,7.45063911129178e-17,0.101346245405105,3.95591160889952e-18,1.07676473307276e-11,3.95591160889952e-18,3.95591160889952e-18,3.95591160889952e-18,7.23708376717742e-17,3.95591160889952e-18,3.95591160889952e-18,3.95591160889952e-18
"SEMA7",3.95591160889952e-18,3.95591160889952e-18,3.95591160889952e-18,4.34549849531847e-15,3.95591160889952e-18,3.95591160889952e-18,3.95591160889952e-18,7.67117051473693e-18,3.95591160889952e-18,3.95591160889952e-18,3.95591160889952e-18,3.95591160889952e-18,3.95591160889952e-18,3.95591160889952e-18,3.95591160889952e-18,7.22464014675288e-18,3.95591160889952e-18,3.95591160889952e-18,3.95591160889952e-18,1.93184612806882e-17,3.95591160889952e-18,1.16576693677242e-17,7.49169819997142e-11,8.86883777200314e-17,3.95591160889952e-18,9.18070868811165e-18,3.95591160889952e-18,3.95591160889952e-18,3.95591160889952e-18,3.95591160889952e-18,3.95591160889952e-18,1.01905637830708e-05,0.00119269572695185,4.05876619102935e-16,2.15638942813702e-05,3.95591160889952e-18,3.95591160889952e-18,0.585771064266599,3.95591160889952e-18,3.95591160889952e-18,3.95591160889952e-18,3.95591160889952e-18,0.00499443875853955,3.95591160889952e-18,3.95591160889952e-18,3.95591160889952e-18,2.30698224878537e-17,3.95591160889952e-18,7.89656448438139e-17,3.95591160889952e-18,3.95591160889952e-18,2.30694650876696e-15,3.95591160889952e-18,3.95591160889952e-18,3.95591160889952e-18,1.04269776917464e-13,3.95591160889952e-18,3.95591160889952e-18,3.95591160889952e-18,3.95591160889952e-18,3.95591160889952e-18,3.95591160889952e-18,7.02956749043176e-17,3.95591160889952e-18,1.71474078722483e-06,4.03553447909989e-17,3.95591160889952e-18,3.95591160889952e-18,3.95591160889952e-18,0.0185959393977396,3.95591160889952e-18,3.95591160889952e-18,1.5356610755813e-16,3.95591160889952e-18,3.95591160889952e-18,0.0999206497184139,3.14559418099818e-07,NA,1.93184612806882e-17,2.52112927512594e-08,3.95591160889952e-18,9.46179433966016e-16,3.95591160889952e-18,3.95591160889952e-18,3.95591160889952e-18,3.91890497511127e-17,3.95591160889952e-18,3.95591160889952e-18,3.95591160889952e-18
"SLIT",3.95591160889952e-18,3.95591160889952e-18,3.95591160889952e-18,3.95591160889952e-18,3.95591160889952e-18,3.95591160889952e-18,3.95591160889952e-18,0.299896698810111,3.95591160889952e-18,3.95591160889952e-18,3.95591160889952e-18,3.95591160889952e-18,3.95591160889952e-18,3.95591160889952e-18,3.95591160889952e-18,3.95591160889952e-18,3.95591160889952e-18,3.95591160889952e-18,3.95591160889952e-18,0.768775651159445,3.95591160889952e-18,0.811133826233544,3.95591160889952e-18,0.000461894276738124,3.95591160889952e-18,0.217710309238399,3.95591160889952e-18,3.95591160889952e-18,3.95591160889952e-18,3.95591160889952e-18,3.95591160889952e-18,7.67117051473693e-18,8.91017949833904e-18,9.85177821693811e-11,5.40736476049252e-17,3.95591160889952e-18,3.95591160889952e-18,7.22464014675288e-18,3.95591160889952e-18,3.95591160889952e-18,3.95591160889952e-18,3.95591160889952e-18,1.1315207851887e-17,3.95591160889952e-18,3.95591160889952e-18,3.95591160889952e-18,0.0482321146001766,3.95591160889952e-18,0.0671142791700121,3.95591160889952e-18,3.95591160889952e-18,2.03837140766717e-09,3.95591160889952e-18,3.95591160889952e-18,3.95591160889952e-18,4.51765371432292e-07,3.95591160889952e-18,3.95591160889952e-18,3.95591160889952e-18,3.95591160889952e-18,3.95591160889952e-18,3.95591160889952e-18,3.95591160889952e-18,3.95591160889952e-18,3.95591160889952e-18,3.95591160889952e-18,3.95591160889952e-18,3.95591160889952e-18,3.95591160889952e-18,1.31328151759545e-17,3.95591160889952e-18,3.95591160889952e-18,3.95591160889952e-18,3.95591160889952e-18,3.95591160889952e-18,3.95591160889952e-18,7.45063911129178e-17,1.93184612806882e-17,NA,1.70046903069812e-15,3.95591160889952e-18,1.94860155901401e-08,3.95591160889952e-18,3.95591160889952e-18,3.95591160889952e-18,0.0323259093957463,3.95591160889952e-18,3.95591160889952e-18,3.95591160889952e-18
"TENASCIN",3.95591160889952e-18,3.95591160889952e-18,3.95591160889952e-18,1.1315207851887e-17,3.95591160889952e-18,3.95591160889952e-18,3.95591160889952e-18,2.96806408851454e-16,3.95591160889952e-18,3.95591160889952e-18,3.95591160889952e-18,3.95591160889952e-18,3.95591160889952e-18,3.95591160889952e-18,3.95591160889952e-18,3.95591160889952e-18,3.95591160889952e-18,3.95591160889952e-18,3.95591160889952e-18,1.32319872769224e-14,3.95591160889952e-18,2.57665462843897e-15,1.66573808352069e-17,3.2370736110403e-10,3.95591160889952e-18,5.55802783953876e-15,3.95591160889952e-18,3.95591160889952e-18,3.95591160889952e-18,3.95591160889952e-18,3.95591160889952e-18,6.1831318497633e-14,0.000150191172843109,3.03299919716377e-07,0.274978994769281,3.95591160889952e-18,3.95591160889952e-18,2.23906526709579e-08,3.95591160889952e-18,3.95591160889952e-18,3.95591160889952e-18,3.95591160889952e-18,8.82872899017332e-06,3.95591160889952e-18,3.95591160889952e-18,3.95591160889952e-18,9.55571068815907e-12,3.95591160889952e-18,1.46677016885541e-11,3.95591160889952e-18,3.95591160889952e-18,2.34694257111584e-07,3.95591160889952e-18,3.95591160889952e-18,3.95591160889952e-18,3.36966895948746e-06,3.95591160889952e-18,3.95591160889952e-18,3.95591160889952e-18,3.95591160889952e-18,3.95591160889952e-18,3.95591160889952e-18,4.07730530936212e-18,3.95591160889952e-18,1.70046903069812e-15,4.33123080260219e-18,3.95591160889952e-18,3.95591160889952e-18,3.95591160889952e-18,0.000252119989928233,3.95591160889952e-18,3.95591160889952e-18,3.95591160889952e-18,3.95591160889952e-18,3.95591160889952e-18,4.84816792258483e-06,0.101346245405105,2.52112927512594e-08,1.70046903069812e-15,NA,3.95591160889952e-18,2.21384573034625e-06,3.95591160889952e-18,3.95591160889952e-18,3.95591160889952e-18,6.10425619933203e-13,3.95591160889952e-18,3.95591160889952e-18,3.95591160889952e-18
"Testosterone",4.33123080260219e-18,3.95591160889952e-18,4.33123080260219e-18,3.95591160889952e-18,1.66134194997656e-08,3.95591160889952e-18,1.32319872769224e-14,3.95591160889952e-18,0.352336462781542,4.20237510796545e-18,4.41933584361518e-16,3.95591160889952e-18,3.95591160889952e-18,3.95591160889952e-18,3.95591160889952e-18,3.95591160889952e-18,3.95591160889952e-18,3.32208530290842e-13,3.95591160889952e-18,3.95591160889952e-18,1.1549381729187e-10,3.95591160889952e-18,3.95591160889952e-18,3.95591160889952e-18,3.95591160889952e-18,3.95591160889952e-18,3.95591160889952e-18,1.39380002081336e-17,3.95591160889952e-18,3.95591160889952e-18,3.95591160889952e-18,3.95591160889952e-18,3.95591160889952e-18,3.95591160889952e-18,3.95591160889952e-18,3.95591160889952e-18,3.95591160889952e-18,3.95591160889952e-18,3.95591160889952e-18,0.0229388309457922,3.95591160889952e-18,3.95591160889952e-18,3.95591160889952e-18,3.95591160889952e-18,3.95591160889952e-18,1.77311072810211e-16,3.95591160889952e-18,5.68109103390228e-18,3.95591160889952e-18,2.75380712646258e-17,0.714229574304667,3.95591160889952e-18,3.95591160889952e-18,7.7734256797095e-16,4.20237510796545e-18,3.95591160889952e-18,3.95591160889952e-18,3.95591160889952e-18,0.027647861336845,5.81997522702953e-11,3.95591160889952e-18,3.95591160889952e-18,3.95591160889952e-18,3.95591160889952e-18,3.95591160889952e-18,3.95591160889952e-18,3.95591160889952e-18,3.95591160889952e-18,3.95591160889952e-18,3.95591160889952e-18,6.4071449084651e-18,3.95591160889952e-18,3.95591160889952e-18,1.43898067317965e-15,4.07730530936212e-18,3.95591160889952e-18,3.95591160889952e-18,3.95591160889952e-18,3.95591160889952e-18,3.95591160889952e-18,NA,3.95591160889952e-18,3.95591160889952e-18,3.95591160889952e-18,2.92414341178924e-13,3.95591160889952e-18,4.95351506313809e-17,2.4473398426105e-17,3.95591160889952e-18
"TGFb",3.95591160889952e-18,3.95591160889952e-18,3.95591160889952e-18,4.07730530936212e-18,3.95591160889952e-18,3.95591160889952e-18,3.95591160889952e-18,7.44544116741657e-10,3.95591160889952e-18,3.95591160889952e-18,3.95591160889952e-18,3.95591160889952e-18,3.95591160889952e-18,3.95591160889952e-18,3.95591160889952e-18,3.95591160889952e-18,3.95591160889952e-18,3.95591160889952e-18,3.95591160889952e-18,1.36995112873564e-07,3.95591160889952e-18,6.45855891598022e-07,4.46398542390809e-18,0.0539570676411873,3.95591160889952e-18,1.17516544774097e-05,3.95591160889952e-18,3.95591160889952e-18,3.95591160889952e-18,3.95591160889952e-18,3.95591160889952e-18,1.29181302496692e-16,1.28804617929708e-14,0.600038924104394,7.55467042836527e-09,3.95591160889952e-18,3.95591160889952e-18,2.12309969006291e-15,3.95591160889952e-18,3.95591160889952e-18,3.95591160889952e-18,3.95591160889952e-18,4.50888000065235e-14,3.95591160889952e-18,3.95591160889952e-18,3.95591160889952e-18,0.000269578171298354,3.95591160889952e-18,6.79650623002383e-05,3.95591160889952e-18,3.95591160889952e-18,0.648693436191101,3.95591160889952e-18,3.95591160889952e-18,3.95591160889952e-18,0.648693436191101,3.95591160889952e-18,3.95591160889952e-18,3.95591160889952e-18,3.95591160889952e-18,3.95591160889952e-18,3.95591160889952e-18,3.95591160889952e-18,3.95591160889952e-18,4.46398542390809e-18,3.95591160889952e-18,3.95591160889952e-18,3.95591160889952e-18,3.95591160889952e-18,3.37068400179002e-14,3.95591160889952e-18,3.95591160889952e-18,3.95591160889952e-18,3.95591160889952e-18,3.95591160889952e-18,3.94514452276276e-16,1.07676473307276e-11,9.46179433966016e-16,1.94860155901401e-08,2.21384573034625e-06,3.95591160889952e-18,NA,3.95591160889952e-18,3.95591160889952e-18,3.95591160889952e-18,0.000108909210308245,3.95591160889952e-18,3.95591160889952e-18,3.95591160889952e-18
"THBS",3.95591160889952e-18,1.20103554938643e-17,3.95591160889952e-18,3.95591160889952e-18,3.95591160889952e-18,3.95591160889952e-18,3.95591160889952e-18,3.95591160889952e-18,3.95591160889952e-18,3.95591160889952e-18,3.95591160889952e-18,3.95591160889952e-18,3.95591160889952e-18,3.95591160889952e-18,9.20013610281032e-16,3.95591160889952e-18,3.95591160889952e-18,3.95591160889952e-18,2.47998757604205e-07,3.95591160889952e-18,3.95591160889952e-18,3.95591160889952e-18,3.95591160889952e-18,3.95591160889952e-18,3.95591160889952e-18,3.95591160889952e-18,3.95591160889952e-18,3.95591160889952e-18,6.4071449084651e-18,3.95591160889952e-18,4.07730530936212e-18,3.95591160889952e-18,3.95591160889952e-18,3.95591160889952e-18,3.95591160889952e-18,0.420077283156682,3.38301417849958e-07,3.95591160889952e-18,3.95591160889952e-18,3.95591160889952e-18,3.95591160889952e-18,4.20237510796545e-18,3.95591160889952e-18,3.95591160889952e-18,3.95591160889952e-18,3.95591160889952e-18,3.95591160889952e-18,3.95591160889952e-18,3.95591160889952e-18,3.95591160889952e-18,3.95591160889952e-18,3.95591160889952e-18,3.95591160889952e-18,3.95591160889952e-18,3.95591160889952e-18,3.95591160889952e-18,3.95591160889952e-18,4.07730530936212e-18,3.95591160889952e-18,3.95591160889952e-18,3.95591160889952e-18,2.4473398426105e-17,1.12726673058647e-13,3.95591160889952e-18,3.95591160889952e-18,3.95591160889952e-18,3.95591160889952e-18,3.95591160889952e-18,3.95591160889952e-18,3.95591160889952e-18,3.95591160889952e-18,3.95591160889952e-18,3.95591160889952e-18,3.95591160889952e-18,3.95591160889952e-18,3.95591160889952e-18,3.95591160889952e-18,3.95591160889952e-18,3.95591160889952e-18,3.95591160889952e-18,3.95591160889952e-18,3.95591160889952e-18,NA,1.04602766172921e-08,3.95591160889952e-18,3.95591160889952e-18,3.95591160889952e-18,3.95591160889952e-18,3.95591160889952e-18
"TULP",3.95591160889952e-18,3.42240488544539e-16,3.95591160889952e-18,3.95591160889952e-18,3.95591160889952e-18,3.95591160889952e-18,3.95591160889952e-18,3.95591160889952e-18,3.95591160889952e-18,3.95591160889952e-18,3.95591160889952e-18,3.95591160889952e-18,3.95591160889952e-18,3.95591160889952e-18,3.95591160889952e-18,3.95591160889952e-18,3.95591160889952e-18,3.95591160889952e-18,0.00473420580044737,3.95591160889952e-18,3.95591160889952e-18,3.95591160889952e-18,3.95591160889952e-18,3.95591160889952e-18,3.95591160889952e-18,3.95591160889952e-18,4.60075532902844e-18,3.95591160889952e-18,4.07730530936212e-18,3.95591160889952e-18,5.51265575167599e-18,3.95591160889952e-18,3.95591160889952e-18,3.95591160889952e-18,3.95591160889952e-18,8.2975163021801e-10,4.17561152743827e-16,3.95591160889952e-18,3.95591160889952e-18,3.95591160889952e-18,3.95591160889952e-18,4.07730530936212e-18,3.95591160889952e-18,3.95591160889952e-18,3.95591160889952e-18,3.95591160889952e-18,3.95591160889952e-18,3.95591160889952e-18,3.95591160889952e-18,3.95591160889952e-18,3.95591160889952e-18,3.95591160889952e-18,3.95591160889952e-18,3.95591160889952e-18,3.95591160889952e-18,3.95591160889952e-18,3.95591160889952e-18,3.95591160889952e-18,3.95591160889952e-18,3.95591160889952e-18,3.95591160889952e-18,3.95591160889952e-18,4.0024095285786e-15,3.95591160889952e-18,3.95591160889952e-18,3.95591160889952e-18,3.95591160889952e-18,3.95591160889952e-18,3.95591160889952e-18,3.95591160889952e-18,3.95591160889952e-18,3.95591160889952e-18,3.95591160889952e-18,3.95591160889952e-18,3.95591160889952e-18,3.95591160889952e-18,3.95591160889952e-18,3.95591160889952e-18,3.95591160889952e-18,3.95591160889952e-18,3.95591160889952e-18,3.95591160889952e-18,1.04602766172921e-08,NA,3.95591160889952e-18,3.95591160889952e-18,3.95591160889952e-18,3.95591160889952e-18,3.95591160889952e-18
"UNC5",9.85177821693811e-11,3.95591160889952e-18,0.776669572170889,3.95591160889952e-18,4.83934814686181e-11,3.95591160889952e-18,0.00790487764075502,3.95591160889952e-18,3.8479191600766e-14,1.39020767863208e-09,0.00162587344905187,5.0363722610573e-18,3.95591160889952e-18,8.25379982634727e-13,3.95591160889952e-18,3.95591160889952e-18,3.95591160889952e-18,0.153112340172246,3.95591160889952e-18,3.95591160889952e-18,8.12765503566198e-07,3.95591160889952e-18,3.95591160889952e-18,3.95591160889952e-18,3.95591160889952e-18,3.95591160889952e-18,3.95591160889952e-18,1.66573808352069e-17,3.95591160889952e-18,3.95591160889952e-18,3.95591160889952e-18,3.95591160889952e-18,3.95591160889952e-18,3.95591160889952e-18,3.95591160889952e-18,3.95591160889952e-18,3.95591160889952e-18,3.95591160889952e-18,3.95591160889952e-18,2.87735832432025e-15,3.95591160889952e-18,3.95591160889952e-18,3.95591160889952e-18,3.95591160889952e-18,2.99979229256725e-13,4.51675919042255e-09,3.95591160889952e-18,1.30383064161689e-09,3.95591160889952e-18,1.74433437115413e-06,4.88002264856028e-14,3.95591160889952e-18,4.20237510796545e-18,6.34751871194282e-14,4.03553447909989e-17,3.95591160889952e-18,4.07730530936212e-18,3.95591160889952e-18,4.03553447909989e-17,4.17561152743827e-16,3.95591160889952e-18,3.95591160889952e-18,3.95591160889952e-18,3.95591160889952e-18,3.95591160889952e-18,3.95591160889952e-18,3.95591160889952e-18,3.95591160889952e-18,3.95591160889952e-18,3.95591160889952e-18,9.05794116362306e-05,4.07730530936212e-18,3.95591160889952e-18,1.61986038766284e-13,7.22464014675288e-18,3.95591160889952e-18,3.95591160889952e-18,3.95591160889952e-18,3.95591160889952e-18,3.95591160889952e-18,2.92414341178924e-13,3.95591160889952e-18,3.95591160889952e-18,3.95591160889952e-18,NA,3.95591160889952e-18,1.98989650642259e-17,2.83615955450347e-17,3.95591160889952e-18
"VCAM",3.95591160889952e-18,3.95591160889952e-18,3.95591160889952e-18,4.07730530936212e-18,3.95591160889952e-18,3.95591160889952e-18,3.95591160889952e-18,0.00100630609831396,3.95591160889952e-18,3.95591160889952e-18,3.95591160889952e-18,3.95591160889952e-18,3.95591160889952e-18,3.95591160889952e-18,3.95591160889952e-18,3.95591160889952e-18,3.95591160889952e-18,3.95591160889952e-18,3.95591160889952e-18,0.0815939534139536,3.95591160889952e-18,0.0364187805321918,4.07730530936212e-18,0.0556933114269982,3.95591160889952e-18,0.13608918550343,3.95591160889952e-18,3.95591160889952e-18,3.95591160889952e-18,3.95591160889952e-18,3.95591160889952e-18,4.33123080260219e-18,4.81074822355179e-17,4.76785469931824e-07,3.74743807846978e-14,3.95591160889952e-18,3.95591160889952e-18,4.03553447909989e-17,3.95591160889952e-18,3.95591160889952e-18,3.95591160889952e-18,3.95591160889952e-18,4.41933584361518e-16,3.95591160889952e-18,3.95591160889952e-18,3.95591160889952e-18,0.724517084027776,3.95591160889952e-18,0.375957836554836,3.95591160889952e-18,3.95591160889952e-18,1.17516544774097e-05,3.95591160889952e-18,3.95591160889952e-18,3.95591160889952e-18,0.000467890935352887,3.95591160889952e-18,3.95591160889952e-18,3.95591160889952e-18,3.95591160889952e-18,3.95591160889952e-18,3.95591160889952e-18,3.95591160889952e-18,3.95591160889952e-18,4.88682363326271e-18,3.95591160889952e-18,3.95591160889952e-18,3.95591160889952e-18,3.95591160889952e-18,2.10618882905887e-16,3.95591160889952e-18,3.95591160889952e-18,3.95591160889952e-18,3.95591160889952e-18,3.95591160889952e-18,1.61703099974578e-17,7.23708376717742e-17,3.91890497511127e-17,0.0323259093957463,6.10425619933203e-13,3.95591160889952e-18,0.000108909210308245,3.95591160889952e-18,3.95591160889952e-18,3.95591160889952e-18,NA,3.95591160889952e-18,3.95591160889952e-18,3.95591160889952e-18
"VEGF",3.95591160889952e-18,3.95591160889952e-18,4.20237510796545e-18,3.95591160889952e-18,3.95591160889952e-18,3.95591160889952e-18,3.19057193919638e-17,3.95591160889952e-18,1.49207992017746e-16,3.95591160889952e-18,6.80378409415447e-18,3.95591160889952e-18,3.95591160889952e-18,3.95591160889952e-18,3.95591160889952e-18,3.95591160889952e-18,3.95591160889952e-18,1.31328151759545e-17,3.95591160889952e-18,3.95591160889952e-18,2.59611565456869e-17,3.95591160889952e-18,3.95591160889952e-18,3.95591160889952e-18,3.95591160889952e-18,3.95591160889952e-18,3.95591160889952e-18,0.324584743261818,3.95591160889952e-18,3.95591160889952e-18,3.95591160889952e-18,3.95591160889952e-18,3.95591160889952e-18,3.95591160889952e-18,3.95591160889952e-18,3.95591160889952e-18,3.95591160889952e-18,3.95591160889952e-18,3.95591160889952e-18,4.1957292226925e-08,3.95591160889952e-18,3.95591160889952e-18,3.95591160889952e-18,3.95591160889952e-18,3.95591160889952e-18,3.95591160889952e-18,3.95591160889952e-18,3.95591160889952e-18,3.95591160889952e-18,3.95591160889952e-18,1.09826784591644e-17,3.95591160889952e-18,4.15558647672897e-17,5.19043683699158e-18,3.95591160889952e-18,3.95591160889952e-18,4.33123080260219e-18,3.95591160889952e-18,0.56932712076679,5.9021772052104e-17,3.95591160889952e-18,3.95591160889952e-18,3.95591160889952e-18,3.95591160889952e-18,3.95591160889952e-18,3.95591160889952e-18,4.33123080260219e-18,3.95591160889952e-18,3.95591160889952e-18,3.95591160889952e-18,3.95591160889952e-18,3.95591160889952e-18,3.95591160889952e-18,6.21747363653032e-18,3.72722400737891e-16,3.95591160889952e-18,3.95591160889952e-18,3.95591160889952e-18,3.95591160889952e-18,3.95591160889952e-18,4.95351506313809e-17,3.95591160889952e-18,3.95591160889952e-18,3.95591160889952e-18,1.98989650642259e-17,3.95591160889952e-18,NA,0.347021731406531,3.95591160889952e-18
"VISFATIN",4.07730530936212e-18,3.95591160889952e-18,3.95591160889952e-18,3.95591160889952e-18,4.46398542390809e-18,3.95591160889952e-18,2.23981235913202e-17,3.95591160889952e-18,3.95591160889952e-18,3.95591160889952e-18,6.80378409415447e-18,1.21856720323564e-13,4.60075532902844e-18,3.95591160889952e-18,3.95591160889952e-18,3.95591160889952e-18,4.46398542390809e-18,2.83615955450347e-17,3.95591160889952e-18,3.95591160889952e-18,2.59611565456869e-17,3.95591160889952e-18,3.95591160889952e-18,3.95591160889952e-18,3.95591160889952e-18,3.95591160889952e-18,3.95591160889952e-18,0.281071762829593,3.95591160889952e-18,4.60075532902844e-18,3.95591160889952e-18,3.95591160889952e-18,3.95591160889952e-18,3.95591160889952e-18,3.95591160889952e-18,3.95591160889952e-18,3.95591160889952e-18,3.95591160889952e-18,3.95591160889952e-18,7.47929527455128e-08,4.07730530936212e-18,3.95591160889952e-18,3.95591160889952e-18,3.95591160889952e-18,3.95591160889952e-18,3.95591160889952e-18,3.95591160889952e-18,4.20237510796545e-18,3.95591160889952e-18,3.95591160889952e-18,2.64786378540877e-16,3.95591160889952e-18,1.98882733321385e-16,7.90454251125711e-18,3.95591160889952e-18,3.95591160889952e-18,6.4071449084651e-18,3.95591160889952e-18,0.641292080250187,8.46329686254591e-13,3.19057193919638e-17,3.95591160889952e-18,3.95591160889952e-18,4.07730530936212e-18,3.95591160889952e-18,3.95591160889952e-18,4.81074822355179e-17,4.07730530936212e-18,3.95591160889952e-18,3.95591160889952e-18,3.95591160889952e-18,1.44971866507516e-16,3.95591160889952e-18,8.14491905601264e-18,1.35294980380649e-17,3.95591160889952e-18,3.95591160889952e-18,3.95591160889952e-18,3.95591160889952e-18,3.95591160889952e-18,2.4473398426105e-17,3.95591160889952e-18,3.95591160889952e-18,3.95591160889952e-18,2.83615955450347e-17,3.95591160889952e-18,0.347021731406531,NA,4.07730530936212e-18
"VWF",3.95591160889952e-18,5.51265575167599e-18,3.95591160889952e-18,3.95591160889952e-18,3.95591160889952e-18,3.95591160889952e-18,3.95591160889952e-18,3.95591160889952e-18,3.95591160889952e-18,3.95591160889952e-18,3.95591160889952e-18,3.95591160889952e-18,0.0376663334325845,3.95591160889952e-18,3.95591160889952e-18,3.95591160889952e-18,9.95896445373433e-17,3.95591160889952e-18,3.95591160889952e-18,3.95591160889952e-18,4.07730530936212e-18,3.95591160889952e-18,3.95591160889952e-18,3.95591160889952e-18,3.95591160889952e-18,3.95591160889952e-18,1.35294980380649e-17,3.95591160889952e-18,3.95591160889952e-18,3.30591805527915e-09,8.22293070852005e-16,3.95591160889952e-18,3.95591160889952e-18,3.95591160889952e-18,3.95591160889952e-18,3.95591160889952e-18,3.95591160889952e-18,3.95591160889952e-18,3.95591160889952e-18,1.16576693677242e-17,0.911025155922012,3.95591160889952e-18,3.95591160889952e-18,1.39883004163557e-11,3.95591160889952e-18,3.95591160889952e-18,3.95591160889952e-18,3.95591160889952e-18,3.95591160889952e-18,3.95591160889952e-18,3.95591160889952e-18,3.95591160889952e-18,1.03462871215398e-17,3.95591160889952e-18,3.95591160889952e-18,3.95591160889952e-18,2.77842381759699e-13,3.95591160889952e-18,1.99412570325422e-11,3.95591160889952e-18,1.93247232128146e-06,3.95591160889952e-18,4.74166029806301e-18,0.0607093741315542,3.95591160889952e-18,3.95591160889952e-18,3.23298234020227e-16,1.79228868542747e-05,1.13530959327135e-07,3.95591160889952e-18,3.95591160889952e-18,6.63198319372062e-17,3.95591160889952e-18,3.95591160889952e-18,4.33123080260219e-18,3.95591160889952e-18,3.95591160889952e-18,3.95591160889952e-18,3.95591160889952e-18,3.95591160889952e-18,3.95591160889952e-18,3.95591160889952e-18,3.95591160889952e-18,3.95591160889952e-18,3.95591160889952e-18,3.95591160889952e-18,3.95591160889952e-18,4.07730530936212e-18,NA
