"","ACTIVIN","Adenosine","ADGRA","ADGRB","ADGRG","ADGRL","AGRN","Androstenedione","ANGPT","ANGPTL","ApoA","APP","BMP","CADM","CD200","CD39","CD45","CD46","CD6","CD99","CDH","CDH5","Cholesterol","CLDN","CNTN","COLLAGEN","DESMOSOME","DHEA","DHT","EDA","EGF","EPHA","EPHB","Estradiol","FGF","FLRT","FN1","GAP","GAS","Glutamate","HGF","HSPG","IGF","IL1","JAM","KIT","LAMININ","LIFR","MPZ","NCAM","ncWNT","NECTIN","NEGR","Netrin","NGL","NOTCH","NPNT","NRG","NRXN","NT","OCLN","PCDH","PDGF","PECAM1","PECAM2","PROS","Prostaglandin","PSAP","PTN","PTPR","PTPRM","RA","RELN","SEMA3","SEMA4","SEMA5","SEMA6","SEMA7","SLIT","TENASCIN","Testosterone","TGFb","THBS","TULP","UNC5","VCAM","VEGF","VISFATIN","VWF"
"ACTIVIN",NA,5.3714805341368e-18,3.05348203881873e-15,5.3714805341368e-18,5.5112193311429e-18,5.3714805341368e-18,1.35293218650631e-10,5.3714805341368e-18,5.62930628044811e-18,1.75325388527329e-09,1.03647750523754e-11,5.3714805341368e-18,5.3714805341368e-18,1.17727125253526e-05,5.3714805341368e-18,5.3714805341368e-18,5.3714805341368e-18,1.32301307132511e-10,5.3714805341368e-18,5.3714805341368e-18,1.11259047645649e-11,5.3714805341368e-18,5.3714805341368e-18,5.3714805341368e-18,5.3714805341368e-18,5.3714805341368e-18,5.3714805341368e-18,5.3714805341368e-18,5.3714805341368e-18,5.3714805341368e-18,5.3714805341368e-18,5.3714805341368e-18,5.3714805341368e-18,5.3714805341368e-18,5.3714805341368e-18,5.3714805341368e-18,5.3714805341368e-18,5.3714805341368e-18,5.3714805341368e-18,9.3200970534999e-14,5.3714805341368e-18,5.3714805341368e-18,5.3714805341368e-18,5.3714805341368e-18,8.14173566700204e-15,9.60367766486886e-18,5.3714805341368e-18,2.65270136900271e-08,5.3714805341368e-18,1.28377884562579e-17,5.62930628044811e-18,5.3714805341368e-18,5.3887032033284e-18,6.65104535728647e-09,0.00398897490246471,5.3714805341368e-18,5.3714805341368e-18,5.3714805341368e-18,2.25883859418989e-15,5.3714805341368e-18,5.3714805341368e-18,5.3714805341368e-18,5.3714805341368e-18,5.3714805341368e-18,5.3714805341368e-18,5.3714805341368e-18,5.3714805341368e-18,5.3714805341368e-18,5.3714805341368e-18,5.3714805341368e-18,1.98007923546106e-17,5.3714805341368e-18,5.3714805341368e-18,2.30603212363793e-09,5.3714805341368e-18,5.3714805341368e-18,5.3714805341368e-18,5.3714805341368e-18,5.3714805341368e-18,5.3714805341368e-18,5.62930628044811e-18,5.3714805341368e-18,5.3714805341368e-18,5.3714805341368e-18,1.07975268674866e-10,5.3714805341368e-18,5.3714805341368e-18,5.3887032033284e-18,5.3714805341368e-18
"Adenosine",5.3714805341368e-18,NA,5.3714805341368e-18,5.3714805341368e-18,5.3714805341368e-18,5.3714805341368e-18,5.3714805341368e-18,5.3714805341368e-18,5.3714805341368e-18,5.3714805341368e-18,5.3714805341368e-18,5.3714805341368e-18,5.3714805341368e-18,5.3714805341368e-18,5.3714805341368e-18,5.3714805341368e-18,5.3714805341368e-18,5.3714805341368e-18,0.00390361217788105,5.3714805341368e-18,5.3714805341368e-18,5.3714805341368e-18,5.3714805341368e-18,5.3714805341368e-18,5.3714805341368e-18,5.3714805341368e-18,2.25731387263526e-14,5.3714805341368e-18,5.3714805341368e-18,5.3714805341368e-18,2.12091206300182e-10,5.3714805341368e-18,5.3714805341368e-18,5.3714805341368e-18,5.3714805341368e-18,1.61469715004828e-17,5.3714805341368e-18,5.3714805341368e-18,5.3714805341368e-18,5.3714805341368e-18,5.3714805341368e-18,5.3714805341368e-18,5.3714805341368e-18,5.3714805341368e-18,5.3714805341368e-18,5.3714805341368e-18,5.3714805341368e-18,5.3714805341368e-18,5.3714805341368e-18,5.3714805341368e-18,5.3714805341368e-18,5.3714805341368e-18,5.3714805341368e-18,5.3714805341368e-18,5.3714805341368e-18,5.3714805341368e-18,5.3714805341368e-18,5.3714805341368e-18,5.62930628044811e-18,5.3714805341368e-18,5.3714805341368e-18,5.3714805341368e-18,1.11560626785615e-16,5.3887032033284e-18,5.3714805341368e-18,5.3714805341368e-18,5.3714805341368e-18,5.3887032033284e-18,5.5112193311429e-18,5.3714805341368e-18,5.3714805341368e-18,5.3714805341368e-18,5.3714805341368e-18,5.3714805341368e-18,5.3714805341368e-18,5.3714805341368e-18,5.3714805341368e-18,5.3714805341368e-18,5.3714805341368e-18,5.3714805341368e-18,5.3714805341368e-18,5.3714805341368e-18,1.48134022406213e-17,4.01141500490995e-16,5.3714805341368e-18,5.3714805341368e-18,5.3714805341368e-18,5.3714805341368e-18,7.00212777280674e-18
"ADGRA",3.05348203881873e-15,5.3714805341368e-18,NA,5.3714805341368e-18,6.6674718314111e-17,5.3714805341368e-18,0.000685966603523039,5.3714805341368e-18,5.3714805341368e-18,2.86610952535571e-14,1.68750634193447e-05,5.3887032033284e-18,5.3714805341368e-18,1.02420352662956e-16,5.3714805341368e-18,5.3714805341368e-18,5.3714805341368e-18,0.591916915186233,5.3714805341368e-18,5.3714805341368e-18,0.0231558049345735,5.3714805341368e-18,5.3714805341368e-18,5.3714805341368e-18,5.3714805341368e-18,5.3714805341368e-18,5.3714805341368e-18,5.3714805341368e-18,5.3714805341368e-18,5.3714805341368e-18,5.3714805341368e-18,5.3714805341368e-18,5.3714805341368e-18,5.3714805341368e-18,5.3714805341368e-18,5.3714805341368e-18,5.3714805341368e-18,5.3714805341368e-18,5.3714805341368e-18,5.10498133499387e-06,5.3714805341368e-18,5.3714805341368e-18,5.3714805341368e-18,5.3714805341368e-18,7.92518955953919e-17,1.36101800145847e-17,5.3714805341368e-18,5.11642251015781e-14,5.3714805341368e-18,1.3729842745079e-15,8.32168935987523e-18,5.3714805341368e-18,5.3714805341368e-18,0.130341524294771,1.2706898436893e-13,5.3714805341368e-18,5.3714805341368e-18,5.3714805341368e-18,1.61046379383446e-09,5.62930628044811e-18,5.3714805341368e-18,5.3714805341368e-18,5.3714805341368e-18,5.3714805341368e-18,5.3714805341368e-18,5.3714805341368e-18,5.3714805341368e-18,5.3714805341368e-18,5.3714805341368e-18,5.3714805341368e-18,7.18407031097343e-14,5.3714805341368e-18,5.3714805341368e-18,0.260773845579243,5.3714805341368e-18,5.3714805341368e-18,5.3714805341368e-18,5.3714805341368e-18,5.3714805341368e-18,5.3714805341368e-18,5.62930628044811e-18,5.3714805341368e-18,5.3714805341368e-18,5.3714805341368e-18,0.778458675357359,5.3714805341368e-18,5.5112193311429e-18,5.3714805341368e-18,5.3714805341368e-18
"ADGRB",5.3714805341368e-18,5.3714805341368e-18,5.3714805341368e-18,NA,5.3714805341368e-18,5.46239125202492e-16,5.3714805341368e-18,5.3714805341368e-18,5.3714805341368e-18,5.3714805341368e-18,5.3714805341368e-18,5.3714805341368e-18,5.3714805341368e-18,5.3714805341368e-18,5.92844944668488e-18,1.40663723495393e-08,5.3714805341368e-18,5.3714805341368e-18,5.3714805341368e-18,5.3714805341368e-18,5.3714805341368e-18,5.3714805341368e-18,3.36530656105062e-09,5.5112193311429e-18,1.87355915217242e-14,5.3714805341368e-18,5.3714805341368e-18,5.3714805341368e-18,5.3887032033284e-18,5.3714805341368e-18,5.3714805341368e-18,1.0080046707933e-06,1.76631951856557e-16,5.62930628044811e-18,5.14181967652991e-17,5.3714805341368e-18,5.3714805341368e-18,2.1832092377267e-13,1.87355915217242e-14,5.3714805341368e-18,5.3714805341368e-18,5.3714805341368e-18,7.06385266980561e-17,5.3714805341368e-18,5.3714805341368e-18,5.3714805341368e-18,5.62930628044811e-18,5.3714805341368e-18,5.3887032033284e-18,5.3714805341368e-18,5.3714805341368e-18,5.5112193311429e-18,5.3714805341368e-18,5.3714805341368e-18,5.3714805341368e-18,5.3887032033284e-18,5.3714805341368e-18,1.28377884562579e-17,5.3714805341368e-18,5.3714805341368e-18,5.3714805341368e-18,5.3714805341368e-18,0.105399007486257,5.3714805341368e-18,2.55199271093145e-08,0.2892464561474,5.3714805341368e-18,5.3714805341368e-18,5.3714805341368e-18,1.92456542327104e-17,5.3714805341368e-18,5.3714805341368e-18,0.3947996917054,5.3714805341368e-18,5.3714805341368e-18,8.38750344074673e-17,2.03717374611713e-17,4.99470857284037e-15,5.3714805341368e-18,1.40001118319082e-17,5.3714805341368e-18,5.3887032033284e-18,5.3714805341368e-18,5.3714805341368e-18,5.3714805341368e-18,5.3887032033284e-18,5.3714805341368e-18,5.3714805341368e-18,5.3714805341368e-18
"ADGRG",5.5112193311429e-18,5.3714805341368e-18,6.6674718314111e-17,5.3714805341368e-18,NA,5.3714805341368e-18,4.46011598936902e-12,5.3714805341368e-18,5.09269010531937e-09,5.5112193311429e-18,6.82262148069787e-14,5.3714805341368e-18,5.3714805341368e-18,5.3714805341368e-18,5.3714805341368e-18,5.3714805341368e-18,5.3714805341368e-18,1.23673601011665e-10,5.3714805341368e-18,5.3714805341368e-18,1.69421350952886e-07,5.3714805341368e-18,5.3714805341368e-18,5.3714805341368e-18,5.3714805341368e-18,5.3714805341368e-18,5.3714805341368e-18,5.3714805341368e-18,5.3714805341368e-18,5.3714805341368e-18,5.3714805341368e-18,5.3714805341368e-18,5.3714805341368e-18,5.3714805341368e-18,5.3714805341368e-18,5.3714805341368e-18,5.3714805341368e-18,5.3714805341368e-18,5.3714805341368e-18,0.699029377952719,5.3714805341368e-18,5.3714805341368e-18,5.3714805341368e-18,5.3714805341368e-18,5.3714805341368e-18,2.65270136900271e-08,5.3714805341368e-18,7.00212777280674e-18,5.3714805341368e-18,1.17596127561008e-17,7.73955049950946e-13,5.3714805341368e-18,5.3887032033284e-18,2.57691139660294e-14,6.0939749679077e-18,5.3714805341368e-18,5.3714805341368e-18,5.3714805341368e-18,0.000604785552553887,1.48134022406213e-17,5.3714805341368e-18,5.3714805341368e-18,5.3714805341368e-18,5.3714805341368e-18,5.3714805341368e-18,5.3714805341368e-18,5.3714805341368e-18,5.3714805341368e-18,5.3714805341368e-18,5.3714805341368e-18,5.3714805341368e-18,5.3714805341368e-18,5.3714805341368e-18,9.08240408539114e-14,5.3714805341368e-18,5.3714805341368e-18,5.3714805341368e-18,5.3714805341368e-18,5.3714805341368e-18,5.3714805341368e-18,1.78780298876291e-08,5.3714805341368e-18,5.3714805341368e-18,5.3714805341368e-18,5.33226993334577e-11,5.3714805341368e-18,5.3714805341368e-18,5.77501384870303e-18,5.3714805341368e-18
"ADGRL",5.3714805341368e-18,5.3714805341368e-18,5.3714805341368e-18,5.46239125202492e-16,5.3714805341368e-18,NA,5.3714805341368e-18,5.3714805341368e-18,5.3714805341368e-18,5.3714805341368e-18,5.3714805341368e-18,5.3714805341368e-18,5.3714805341368e-18,5.3714805341368e-18,3.58378131061913e-16,6.96728539852636e-10,5.3714805341368e-18,5.3714805341368e-18,5.3887032033284e-18,5.3714805341368e-18,5.3714805341368e-18,5.3714805341368e-18,5.62930628044811e-18,5.3714805341368e-18,0.0440499773309515,5.3714805341368e-18,5.3714805341368e-18,5.3714805341368e-18,8.60978904174117e-11,5.3714805341368e-18,5.3714805341368e-18,8.81961179043531e-18,5.3714805341368e-18,5.3714805341368e-18,5.3714805341368e-18,5.3714805341368e-18,5.3714805341368e-18,5.62930628044811e-18,0.103244510147344,5.3714805341368e-18,5.3714805341368e-18,2.64378363942378e-17,5.3714805341368e-18,5.3714805341368e-18,5.3714805341368e-18,5.3714805341368e-18,5.3714805341368e-18,5.3714805341368e-18,5.3714805341368e-18,5.3714805341368e-18,5.3714805341368e-18,5.3714805341368e-18,5.3714805341368e-18,5.3714805341368e-18,5.3714805341368e-18,5.3714805341368e-18,5.3714805341368e-18,0.00752329174693672,5.3714805341368e-18,5.3714805341368e-18,5.3714805341368e-18,9.06784962009111e-18,2.9961048984494e-07,5.3714805341368e-18,5.5112193311429e-18,2.86054725517998e-16,5.3714805341368e-18,5.3714805341368e-18,5.3714805341368e-18,5.3714805341368e-18,5.3714805341368e-18,5.3714805341368e-18,3.74561734537555e-17,5.3714805341368e-18,5.3714805341368e-18,5.3714805341368e-18,5.3714805341368e-18,5.3714805341368e-18,5.3714805341368e-18,5.3714805341368e-18,5.3714805341368e-18,5.3714805341368e-18,5.3714805341368e-18,5.3714805341368e-18,5.3714805341368e-18,5.3714805341368e-18,5.3714805341368e-18,5.3714805341368e-18,5.3714805341368e-18
"AGRN",1.35293218650631e-10,5.3714805341368e-18,0.000685966603523039,5.3714805341368e-18,4.46011598936902e-12,5.3714805341368e-18,NA,5.3714805341368e-18,7.9256377505836e-15,5.30632043508935e-09,0.00092407969158293,1.1427735290097e-17,5.3714805341368e-18,1.15564182125454e-10,5.3714805341368e-18,5.3714805341368e-18,5.3714805341368e-18,0.00550219352421645,5.3714805341368e-18,5.3714805341368e-18,0.000334067975025411,5.3714805341368e-18,5.3714805341368e-18,5.3714805341368e-18,5.3714805341368e-18,5.3714805341368e-18,5.3714805341368e-18,1.52421796708431e-17,5.3714805341368e-18,5.3714805341368e-18,5.3714805341368e-18,5.3714805341368e-18,5.3714805341368e-18,5.3714805341368e-18,5.3714805341368e-18,5.3714805341368e-18,5.3714805341368e-18,5.3714805341368e-18,5.3714805341368e-18,3.46389700712749e-07,5.3714805341368e-18,5.3714805341368e-18,5.3714805341368e-18,5.3714805341368e-18,1.04397721438761e-12,8.80642345291087e-11,5.3714805341368e-18,6.51754792308493e-09,5.3714805341368e-18,2.84628691211592e-09,5.11642251015781e-14,5.3714805341368e-18,6.0939749679077e-18,0.0790819358000235,0.313297693716502,5.3714805341368e-18,5.3714805341368e-18,5.3714805341368e-18,1.54899094134584e-10,7.6538704671983e-16,5.3887032033284e-18,5.3714805341368e-18,5.3714805341368e-18,5.3714805341368e-18,5.3714805341368e-18,5.3714805341368e-18,5.77501384870303e-18,5.3714805341368e-18,5.3714805341368e-18,5.3714805341368e-18,3.62731092916364e-08,6.44313419611251e-18,5.3714805341368e-18,0.050958361036183,8.56707990762344e-18,5.3714805341368e-18,5.3714805341368e-18,5.3714805341368e-18,5.3714805341368e-18,5.3714805341368e-18,1.51288940661104e-14,5.3714805341368e-18,5.3714805341368e-18,5.3714805341368e-18,0.00816337047499912,5.3714805341368e-18,3.85269186367346e-17,2.72141023839932e-17,5.3714805341368e-18
"Androstenedione",5.3714805341368e-18,5.3714805341368e-18,5.3714805341368e-18,5.3714805341368e-18,5.3714805341368e-18,5.3714805341368e-18,5.3714805341368e-18,NA,5.3714805341368e-18,5.3714805341368e-18,5.3714805341368e-18,5.3714805341368e-18,5.3714805341368e-18,5.3714805341368e-18,5.3714805341368e-18,5.3714805341368e-18,5.3714805341368e-18,5.3714805341368e-18,5.3714805341368e-18,0.197219483004531,5.3714805341368e-18,0.417998508742704,5.3714805341368e-18,1.90895922126703e-05,5.3714805341368e-18,0.145849044256998,5.3714805341368e-18,5.3714805341368e-18,5.3714805341368e-18,5.3714805341368e-18,5.3714805341368e-18,6.0939749679077e-18,5.3887032033284e-18,1.11703703354587e-13,1.3648978811507e-16,5.3714805341368e-18,5.3714805341368e-18,1.66190446414875e-17,5.3714805341368e-18,5.3714805341368e-18,5.3714805341368e-18,5.3714805341368e-18,1.40001118319082e-17,5.3714805341368e-18,5.3714805341368e-18,5.3714805341368e-18,0.000703260428062063,5.3714805341368e-18,0.0119171764837048,5.3714805341368e-18,5.3714805341368e-18,7.86528314005552e-11,5.3714805341368e-18,5.3714805341368e-18,5.3714805341368e-18,8.78135406377837e-08,5.3714805341368e-18,5.3714805341368e-18,5.3714805341368e-18,5.3714805341368e-18,5.3714805341368e-18,5.3714805341368e-18,5.3714805341368e-18,5.3714805341368e-18,5.3714805341368e-18,5.3714805341368e-18,5.3714805341368e-18,5.3714805341368e-18,5.3714805341368e-18,6.44313419611251e-18,5.3714805341368e-18,5.3714805341368e-18,5.3714805341368e-18,5.3714805341368e-18,5.3714805341368e-18,5.77501384870303e-18,1.07880511484604e-17,9.60367766486886e-18,0.303539796469474,3.48409441565436e-16,5.3714805341368e-18,8.10799433025675e-10,5.3714805341368e-18,5.3714805341368e-18,5.3714805341368e-18,0.00104389263072781,5.3714805341368e-18,5.3714805341368e-18,5.3714805341368e-18
"ANGPT",5.62930628044811e-18,5.3714805341368e-18,5.3714805341368e-18,5.3714805341368e-18,5.09269010531937e-09,5.3714805341368e-18,7.9256377505836e-15,5.3714805341368e-18,NA,5.92844944668488e-18,2.03586075040674e-16,7.48573832205379e-17,5.3714805341368e-18,5.3714805341368e-18,5.3714805341368e-18,5.3714805341368e-18,5.3714805341368e-18,6.64962293721266e-14,5.3714805341368e-18,5.3714805341368e-18,6.25801570632609e-11,5.3714805341368e-18,5.3714805341368e-18,5.3714805341368e-18,5.3714805341368e-18,5.3714805341368e-18,5.3714805341368e-18,3.53255205468106e-17,5.3714805341368e-18,5.3714805341368e-18,5.3714805341368e-18,5.3714805341368e-18,5.3714805341368e-18,5.3714805341368e-18,5.3714805341368e-18,5.3714805341368e-18,5.3714805341368e-18,5.3714805341368e-18,5.3714805341368e-18,0.0306679922494735,5.3714805341368e-18,5.3714805341368e-18,5.3714805341368e-18,5.3714805341368e-18,5.3714805341368e-18,9.60367766486886e-18,5.3714805341368e-18,6.61645529090463e-18,5.3714805341368e-18,1.2108684966806e-17,0.505332441018103,5.3714805341368e-18,5.3887032033284e-18,3.20210327234657e-16,5.5112193311429e-18,5.3714805341368e-18,5.3714805341368e-18,5.3714805341368e-18,0.0298857086835351,9.93296319250235e-13,5.3887032033284e-18,5.3714805341368e-18,5.3714805341368e-18,5.3714805341368e-18,5.3714805341368e-18,5.3714805341368e-18,5.3887032033284e-18,5.3714805341368e-18,5.3714805341368e-18,5.3714805341368e-18,6.0939749679077e-18,1.92456542327104e-17,5.3714805341368e-18,7.44773312175928e-16,5.3714805341368e-18,5.3714805341368e-18,5.3714805341368e-18,5.3714805341368e-18,5.3714805341368e-18,5.3714805341368e-18,0.356156321180309,5.3714805341368e-18,5.3714805341368e-18,5.3714805341368e-18,4.37273692131746e-14,5.3714805341368e-18,1.76631951856557e-16,5.3714805341368e-18,5.3714805341368e-18
"ANGPTL",1.75325388527329e-09,5.3714805341368e-18,2.86610952535571e-14,5.3714805341368e-18,5.5112193311429e-18,5.3714805341368e-18,5.30632043508935e-09,5.3714805341368e-18,5.92844944668488e-18,NA,2.37131949192953e-10,5.3714805341368e-18,5.3714805341368e-18,3.13032316742125e-11,5.3714805341368e-18,5.3714805341368e-18,5.3714805341368e-18,1.61046379383446e-09,5.3714805341368e-18,5.3714805341368e-18,1.00930719160883e-10,5.3714805341368e-18,5.3714805341368e-18,5.3714805341368e-18,5.3714805341368e-18,5.3714805341368e-18,5.3714805341368e-18,5.3714805341368e-18,5.3714805341368e-18,5.3714805341368e-18,5.3714805341368e-18,5.3714805341368e-18,5.3714805341368e-18,5.3714805341368e-18,5.3714805341368e-18,5.3714805341368e-18,5.3714805341368e-18,5.3714805341368e-18,5.3714805341368e-18,4.33644926042872e-13,5.3714805341368e-18,5.3714805341368e-18,5.3714805341368e-18,5.3714805341368e-18,6.64962293721266e-14,1.10980480011119e-17,5.3714805341368e-18,0.0109106538246537,5.3714805341368e-18,2.09720165312598e-17,5.62930628044811e-18,5.3714805341368e-18,5.3714805341368e-18,5.66098257592886e-08,0.0198423341680669,5.3714805341368e-18,5.3714805341368e-18,5.3714805341368e-18,5.4191084658662e-15,5.3714805341368e-18,5.3714805341368e-18,5.3714805341368e-18,5.3714805341368e-18,5.3714805341368e-18,5.3714805341368e-18,5.3714805341368e-18,5.3714805341368e-18,5.3714805341368e-18,5.3714805341368e-18,5.3714805341368e-18,3.85269186367346e-17,5.3714805341368e-18,5.3714805341368e-18,2.31267703038568e-08,5.3714805341368e-18,5.3714805341368e-18,5.3714805341368e-18,5.3714805341368e-18,5.3714805341368e-18,5.3714805341368e-18,5.5112193311429e-18,5.3714805341368e-18,5.3714805341368e-18,5.3714805341368e-18,1.51181707012586e-09,5.3714805341368e-18,5.3714805341368e-18,5.3714805341368e-18,5.3714805341368e-18
"ApoA",1.03647750523754e-11,5.3714805341368e-18,1.68750634193447e-05,5.3714805341368e-18,6.82262148069787e-14,5.3714805341368e-18,0.00092407969158293,5.3714805341368e-18,2.03586075040674e-16,2.37131949192953e-10,NA,5.62930628044811e-18,5.3714805341368e-18,1.91646561512573e-11,5.3714805341368e-18,5.3714805341368e-18,5.3714805341368e-18,0.0013132695924022,5.3714805341368e-18,5.3714805341368e-18,3.61241987749676e-05,5.3714805341368e-18,5.3714805341368e-18,5.3714805341368e-18,5.3714805341368e-18,5.3714805341368e-18,5.3714805341368e-18,5.5112193311429e-18,5.3714805341368e-18,5.3714805341368e-18,5.3714805341368e-18,5.3714805341368e-18,5.3714805341368e-18,5.3714805341368e-18,5.3714805341368e-18,5.3714805341368e-18,5.3714805341368e-18,5.3714805341368e-18,5.3714805341368e-18,2.31267703038568e-08,5.3714805341368e-18,5.3714805341368e-18,5.3714805341368e-18,5.3714805341368e-18,2.48048758131049e-13,1.55455154331312e-12,5.3714805341368e-18,7.27530381193379e-10,5.3714805341368e-18,2.3666329245219e-11,1.41146672048715e-15,5.3714805341368e-18,5.3887032033284e-18,0.0152977468722127,0.603583978112716,5.3714805341368e-18,5.3714805341368e-18,5.3714805341368e-18,2.15518247943212e-11,4.99486698676202e-17,5.3714805341368e-18,5.3714805341368e-18,5.3714805341368e-18,5.3714805341368e-18,5.3714805341368e-18,5.3714805341368e-18,5.3887032033284e-18,5.3714805341368e-18,5.3714805341368e-18,5.3714805341368e-18,3.23238059942818e-10,5.3887032033284e-18,5.3714805341368e-18,0.00894165372647881,6.0939749679077e-18,5.3714805341368e-18,5.3714805341368e-18,5.3714805341368e-18,5.3714805341368e-18,5.3714805341368e-18,5.16600572047673e-16,5.3714805341368e-18,5.3714805341368e-18,5.3714805341368e-18,0.00168481620176955,5.3714805341368e-18,8.56707990762344e-18,8.56707990762344e-18,5.3714805341368e-18
"APP",5.3714805341368e-18,5.3714805341368e-18,5.3887032033284e-18,5.3714805341368e-18,5.3714805341368e-18,5.3714805341368e-18,1.1427735290097e-17,5.3714805341368e-18,7.48573832205379e-17,5.3714805341368e-18,5.62930628044811e-18,NA,5.3887032033284e-18,5.3714805341368e-18,5.3714805341368e-18,5.3714805341368e-18,7.41482236838171e-18,5.5112193311429e-18,5.3714805341368e-18,5.3714805341368e-18,8.07803588588195e-18,5.3714805341368e-18,5.3714805341368e-18,5.3714805341368e-18,5.3714805341368e-18,5.3714805341368e-18,5.3714805341368e-18,2.76974431219037e-10,5.3714805341368e-18,5.3714805341368e-18,5.3714805341368e-18,5.3714805341368e-18,5.3714805341368e-18,5.3714805341368e-18,5.3714805341368e-18,5.3714805341368e-18,5.3714805341368e-18,5.3714805341368e-18,5.3714805341368e-18,2.80663307796114e-12,5.3714805341368e-18,5.3714805341368e-18,5.3714805341368e-18,5.3714805341368e-18,5.3714805341368e-18,5.3714805341368e-18,5.3714805341368e-18,5.3714805341368e-18,5.3714805341368e-18,5.3714805341368e-18,5.3714805341368e-18,5.3714805341368e-18,1.10520933700647e-08,5.3887032033284e-18,5.3714805341368e-18,5.3714805341368e-18,4.24497782947409e-16,5.3714805341368e-18,0.0160359949967841,6.2640920942248e-18,6.2640920942248e-18,5.3714805341368e-18,5.3714805341368e-18,5.62930628044811e-18,5.3714805341368e-18,5.3714805341368e-18,5.311369862294e-16,5.3714805341368e-18,5.3714805341368e-18,5.3714805341368e-18,5.3714805341368e-18,2.35453141534937e-17,5.3714805341368e-18,5.3887032033284e-18,0.269520099391169,5.3714805341368e-18,5.3714805341368e-18,5.3714805341368e-18,5.3714805341368e-18,5.3714805341368e-18,5.3714805341368e-18,5.3714805341368e-18,5.3714805341368e-18,5.3714805341368e-18,6.44313419611251e-18,5.3714805341368e-18,5.3714805341368e-18,1.37281621630344e-13,5.3714805341368e-18
"BMP",5.3714805341368e-18,5.3714805341368e-18,5.3714805341368e-18,5.3714805341368e-18,5.3714805341368e-18,5.3714805341368e-18,5.3714805341368e-18,5.3714805341368e-18,5.3714805341368e-18,5.3714805341368e-18,5.3714805341368e-18,5.3887032033284e-18,NA,5.3714805341368e-18,5.3714805341368e-18,5.3714805341368e-18,6.12911120433117e-09,5.3714805341368e-18,5.3714805341368e-18,5.3714805341368e-18,5.3714805341368e-18,5.3714805341368e-18,5.3714805341368e-18,5.3714805341368e-18,5.3714805341368e-18,5.3714805341368e-18,5.62930628044811e-18,5.3714805341368e-18,5.3714805341368e-18,9.79592116663579e-09,5.3714805341368e-18,5.3714805341368e-18,5.3714805341368e-18,5.3714805341368e-18,5.3714805341368e-18,5.3714805341368e-18,5.3714805341368e-18,5.3714805341368e-18,5.3714805341368e-18,8.07803588588195e-18,8.21124375176653e-05,5.3714805341368e-18,5.3714805341368e-18,5.4191084658662e-15,5.3714805341368e-18,5.3714805341368e-18,5.3714805341368e-18,5.3714805341368e-18,5.3714805341368e-18,5.3714805341368e-18,5.3714805341368e-18,5.3714805341368e-18,5.3714805341368e-18,5.3714805341368e-18,5.3714805341368e-18,5.3714805341368e-18,4.13938416059636e-11,5.3714805341368e-18,1.81304607296925e-10,5.3714805341368e-18,2.07658838880866e-07,5.3714805341368e-18,5.3887032033284e-18,0.185588457298612,5.3714805341368e-18,5.3714805341368e-18,1.71376295852213e-15,2.81742830564128e-13,5.3714805341368e-18,5.3714805341368e-18,5.3714805341368e-18,2.64378363942378e-17,5.3714805341368e-18,5.3714805341368e-18,7.00212777280674e-18,5.3714805341368e-18,5.3714805341368e-18,5.3714805341368e-18,5.3714805341368e-18,5.3714805341368e-18,5.3714805341368e-18,5.3714805341368e-18,5.3714805341368e-18,5.3714805341368e-18,5.3714805341368e-18,5.3714805341368e-18,5.3714805341368e-18,5.92844944668488e-18,0.0385826214287211
"CADM",1.17727125253526e-05,5.3714805341368e-18,1.02420352662956e-16,5.3714805341368e-18,5.3714805341368e-18,5.3714805341368e-18,1.15564182125454e-10,5.3714805341368e-18,5.3714805341368e-18,3.13032316742125e-11,1.91646561512573e-11,5.3714805341368e-18,5.3714805341368e-18,NA,5.3714805341368e-18,5.3714805341368e-18,5.3714805341368e-18,1.30656046171755e-12,5.3714805341368e-18,5.3714805341368e-18,2.67742138376699e-13,5.3714805341368e-18,5.3714805341368e-18,5.3714805341368e-18,5.3714805341368e-18,5.3714805341368e-18,5.3714805341368e-18,5.3714805341368e-18,5.3714805341368e-18,5.3714805341368e-18,5.3714805341368e-18,5.3714805341368e-18,5.3714805341368e-18,5.3714805341368e-18,5.3714805341368e-18,5.3714805341368e-18,5.3714805341368e-18,5.3714805341368e-18,5.3714805341368e-18,7.30850410351833e-15,5.3714805341368e-18,5.3714805341368e-18,5.3714805341368e-18,5.3714805341368e-18,0.00255504051335301,5.3714805341368e-18,5.3714805341368e-18,8.22931000030521e-11,5.3714805341368e-18,5.3714805341368e-18,5.3714805341368e-18,5.3714805341368e-18,5.3714805341368e-18,1.87224651526228e-11,8.57003330370531e-05,5.3714805341368e-18,5.3714805341368e-18,5.3714805341368e-18,3.48409441565436e-16,5.3714805341368e-18,5.3714805341368e-18,5.3714805341368e-18,5.3714805341368e-18,5.3714805341368e-18,5.3714805341368e-18,5.3714805341368e-18,5.3714805341368e-18,5.3714805341368e-18,5.3714805341368e-18,5.3714805341368e-18,6.44313419611251e-18,5.3714805341368e-18,5.3714805341368e-18,1.34523368585354e-11,5.3714805341368e-18,5.3714805341368e-18,5.3714805341368e-18,5.3714805341368e-18,5.3714805341368e-18,5.3714805341368e-18,5.3714805341368e-18,5.3714805341368e-18,5.3714805341368e-18,5.3714805341368e-18,9.22428085615751e-13,5.3714805341368e-18,5.3714805341368e-18,5.3714805341368e-18,5.3714805341368e-18
"CD200",5.3714805341368e-18,5.3714805341368e-18,5.3714805341368e-18,5.92844944668488e-18,5.3714805341368e-18,3.58378131061913e-16,5.3714805341368e-18,5.3714805341368e-18,5.3714805341368e-18,5.3714805341368e-18,5.3714805341368e-18,5.3714805341368e-18,5.3714805341368e-18,5.3714805341368e-18,NA,5.5112193311429e-18,5.3714805341368e-18,5.3714805341368e-18,2.14093927568844e-14,5.3714805341368e-18,5.3714805341368e-18,5.3714805341368e-18,5.3714805341368e-18,5.3714805341368e-18,1.87000289855488e-17,5.3714805341368e-18,5.3714805341368e-18,5.3714805341368e-18,3.35575188481015e-08,5.3714805341368e-18,5.3887032033284e-18,5.3714805341368e-18,5.3714805341368e-18,5.3714805341368e-18,5.3714805341368e-18,1.08471752665007e-16,5.72596235573739e-10,5.3714805341368e-18,2.56914042745561e-17,5.3714805341368e-18,5.3714805341368e-18,0.955246264398791,5.3714805341368e-18,5.3714805341368e-18,5.3714805341368e-18,5.3714805341368e-18,5.3714805341368e-18,5.3714805341368e-18,5.3714805341368e-18,5.3714805341368e-18,5.3714805341368e-18,5.3714805341368e-18,5.3714805341368e-18,5.3714805341368e-18,5.3714805341368e-18,5.3714805341368e-18,5.3714805341368e-18,9.04359327443327e-16,5.3714805341368e-18,5.3714805341368e-18,5.3714805341368e-18,0.192514817020456,1.86772123274976e-09,5.3714805341368e-18,5.3714805341368e-18,5.3714805341368e-18,5.3714805341368e-18,5.3714805341368e-18,5.3714805341368e-18,5.3714805341368e-18,5.3714805341368e-18,5.3714805341368e-18,5.3714805341368e-18,5.3714805341368e-18,5.3714805341368e-18,5.3714805341368e-18,5.3714805341368e-18,5.3714805341368e-18,5.3714805341368e-18,5.3714805341368e-18,5.3714805341368e-18,5.3714805341368e-18,1.06875505721166e-15,5.3714805341368e-18,5.3714805341368e-18,5.3714805341368e-18,5.3714805341368e-18,5.3714805341368e-18,5.3714805341368e-18
"CD39",5.3714805341368e-18,5.3714805341368e-18,5.3714805341368e-18,1.40663723495393e-08,5.3714805341368e-18,6.96728539852636e-10,5.3714805341368e-18,5.3714805341368e-18,5.3714805341368e-18,5.3714805341368e-18,5.3714805341368e-18,5.3714805341368e-18,5.3714805341368e-18,5.3714805341368e-18,5.5112193311429e-18,NA,5.3714805341368e-18,5.3714805341368e-18,5.3714805341368e-18,5.3714805341368e-18,5.3714805341368e-18,5.3714805341368e-18,1.11560626785615e-16,5.3714805341368e-18,1.17727125253526e-05,5.3714805341368e-18,5.3714805341368e-18,5.3714805341368e-18,1.48134022406213e-17,5.3714805341368e-18,5.3714805341368e-18,7.9256377505836e-15,5.62930628044811e-18,5.3714805341368e-18,5.77501384870303e-18,5.3714805341368e-18,5.3887032033284e-18,7.63132622583902e-18,4.55216046606957e-06,5.3714805341368e-18,5.3714805341368e-18,5.3714805341368e-18,5.3714805341368e-18,5.3714805341368e-18,5.3714805341368e-18,5.3714805341368e-18,5.3714805341368e-18,5.3714805341368e-18,5.3714805341368e-18,5.3714805341368e-18,5.3714805341368e-18,5.3714805341368e-18,5.3714805341368e-18,5.3714805341368e-18,5.3714805341368e-18,5.3714805341368e-18,5.3714805341368e-18,1.77736661683575e-13,5.3714805341368e-18,5.3714805341368e-18,5.3714805341368e-18,5.3714805341368e-18,0.00092407969158293,5.3714805341368e-18,5.77171876330539e-17,2.03904302557629e-07,5.3714805341368e-18,5.3714805341368e-18,5.3714805341368e-18,5.3887032033284e-18,5.3714805341368e-18,5.3714805341368e-18,4.68105509888854e-12,5.3714805341368e-18,5.3714805341368e-18,7.41482236838171e-18,5.3714805341368e-18,9.06784962009111e-18,5.3714805341368e-18,5.3714805341368e-18,5.3714805341368e-18,5.3714805341368e-18,5.3714805341368e-18,5.3714805341368e-18,5.3714805341368e-18,5.3714805341368e-18,5.3714805341368e-18,5.3714805341368e-18,5.3714805341368e-18
"CD45",5.3714805341368e-18,5.3714805341368e-18,5.3714805341368e-18,5.3714805341368e-18,5.3714805341368e-18,5.3714805341368e-18,5.3714805341368e-18,5.3714805341368e-18,5.3714805341368e-18,5.3714805341368e-18,5.3714805341368e-18,7.41482236838171e-18,6.12911120433117e-09,5.3714805341368e-18,5.3714805341368e-18,5.3714805341368e-18,NA,5.3714805341368e-18,5.3714805341368e-18,5.3714805341368e-18,5.3714805341368e-18,5.3714805341368e-18,5.3714805341368e-18,5.3714805341368e-18,5.3714805341368e-18,5.3714805341368e-18,5.3714805341368e-18,5.77501384870303e-18,5.3714805341368e-18,0.468827685196846,5.3887032033284e-18,5.3714805341368e-18,5.3714805341368e-18,5.3714805341368e-18,5.3714805341368e-18,5.3714805341368e-18,5.3714805341368e-18,5.3714805341368e-18,5.3714805341368e-18,4.32931821650265e-17,1.34523368585354e-11,5.3714805341368e-18,5.3714805341368e-18,5.3887032033284e-18,5.3714805341368e-18,5.3714805341368e-18,5.3714805341368e-18,5.3714805341368e-18,5.3714805341368e-18,5.3714805341368e-18,5.3714805341368e-18,5.3714805341368e-18,1.37281621630344e-13,5.3714805341368e-18,5.3714805341368e-18,5.3714805341368e-18,0.0239922888627904,5.3714805341368e-18,8.2979295513409e-08,5.3887032033284e-18,0.0814467220641999,5.3714805341368e-18,5.3887032033284e-18,2.78155734637937e-16,5.3714805341368e-18,5.3714805341368e-18,4.79304577222664e-07,1.52421796708431e-17,2.22323378797074e-17,5.3714805341368e-18,5.3714805341368e-18,5.45383736746517e-11,5.3714805341368e-18,5.3714805341368e-18,8.81961179043531e-18,5.3714805341368e-18,5.3714805341368e-18,5.3714805341368e-18,5.3714805341368e-18,5.3714805341368e-18,5.3714805341368e-18,5.3714805341368e-18,5.3714805341368e-18,5.3714805341368e-18,5.3714805341368e-18,5.3714805341368e-18,5.3714805341368e-18,5.77501384870303e-18,1.18179711517647e-16
"CD46",1.32301307132511e-10,5.3714805341368e-18,0.591916915186233,5.3714805341368e-18,1.23673601011665e-10,5.3714805341368e-18,0.00550219352421645,5.3714805341368e-18,6.64962293721266e-14,1.61046379383446e-09,0.0013132695924022,5.5112193311429e-18,5.3714805341368e-18,1.30656046171755e-12,5.3714805341368e-18,5.3714805341368e-18,5.3714805341368e-18,NA,5.3714805341368e-18,5.3714805341368e-18,1.08072345770213e-06,5.3714805341368e-18,5.3714805341368e-18,5.3714805341368e-18,5.3714805341368e-18,5.3714805341368e-18,5.3714805341368e-18,2.1589740021369e-17,5.3714805341368e-18,5.3714805341368e-18,5.3714805341368e-18,5.3714805341368e-18,5.3714805341368e-18,5.3714805341368e-18,5.3714805341368e-18,5.3714805341368e-18,5.3714805341368e-18,5.3714805341368e-18,5.3714805341368e-18,1.861908771005e-15,5.3714805341368e-18,5.3714805341368e-18,5.3714805341368e-18,5.3714805341368e-18,4.22879372028387e-13,1.24710568849177e-08,5.3714805341368e-18,1.82894838017501e-09,5.3714805341368e-18,4.47888939673223e-06,7.76964563666651e-14,5.3714805341368e-18,5.5112193311429e-18,4.37273692131746e-14,4.72052657106605e-17,5.3714805341368e-18,5.3714805341368e-18,5.3714805341368e-18,4.32931821650265e-17,5.61764173703063e-16,5.3714805341368e-18,5.3714805341368e-18,5.3714805341368e-18,5.3714805341368e-18,5.3714805341368e-18,5.3714805341368e-18,5.3714805341368e-18,5.3714805341368e-18,5.3714805341368e-18,5.3714805341368e-18,0.000229906863771053,5.3714805341368e-18,5.3714805341368e-18,1.68833807566933e-13,7.00212777280674e-18,5.3714805341368e-18,5.3714805341368e-18,5.3714805341368e-18,5.3714805341368e-18,5.3714805341368e-18,3.72652135382107e-13,5.3714805341368e-18,5.3714805341368e-18,5.3714805341368e-18,0.155575486277768,5.3714805341368e-18,1.61469715004828e-17,3.43213869451038e-17,5.3714805341368e-18
"CD6",5.3714805341368e-18,0.00390361217788105,5.3714805341368e-18,5.3714805341368e-18,5.3714805341368e-18,5.3887032033284e-18,5.3714805341368e-18,5.3714805341368e-18,5.3714805341368e-18,5.3714805341368e-18,5.3714805341368e-18,5.3714805341368e-18,5.3714805341368e-18,5.3714805341368e-18,2.14093927568844e-14,5.3714805341368e-18,5.3714805341368e-18,5.3714805341368e-18,NA,5.3714805341368e-18,5.3714805341368e-18,5.3714805341368e-18,5.3714805341368e-18,5.3714805341368e-18,5.3714805341368e-18,5.3714805341368e-18,1.12972837416522e-15,5.3714805341368e-18,5.3714805341368e-18,5.3714805341368e-18,9.99426971758563e-09,5.3714805341368e-18,5.3714805341368e-18,5.3714805341368e-18,5.3714805341368e-18,2.1148010028483e-07,5.41330270370467e-12,5.3714805341368e-18,5.3714805341368e-18,5.3714805341368e-18,5.3714805341368e-18,7.70472658332622e-17,5.3714805341368e-18,5.3714805341368e-18,5.3714805341368e-18,5.3714805341368e-18,5.3714805341368e-18,5.3714805341368e-18,5.3714805341368e-18,5.3714805341368e-18,5.3714805341368e-18,5.3714805341368e-18,5.3714805341368e-18,5.3714805341368e-18,5.3714805341368e-18,5.3714805341368e-18,5.3714805341368e-18,5.3714805341368e-18,9.33495356881977e-18,5.3714805341368e-18,5.3714805341368e-18,2.70390437732516e-16,1.57770666767389e-15,5.3714805341368e-18,5.3714805341368e-18,5.3714805341368e-18,5.3714805341368e-18,5.3714805341368e-18,7.41482236838171e-18,5.3714805341368e-18,5.3714805341368e-18,5.3714805341368e-18,5.3714805341368e-18,5.3714805341368e-18,5.3714805341368e-18,5.3714805341368e-18,5.3714805341368e-18,5.3714805341368e-18,5.3714805341368e-18,5.3714805341368e-18,5.3714805341368e-18,5.3714805341368e-18,2.63616486096109e-07,0.00489547132678952,5.3714805341368e-18,5.3714805341368e-18,5.3714805341368e-18,5.3714805341368e-18,5.3714805341368e-18
"CD99",5.3714805341368e-18,5.3714805341368e-18,5.3714805341368e-18,5.3714805341368e-18,5.3714805341368e-18,5.3714805341368e-18,5.3714805341368e-18,0.197219483004531,5.3714805341368e-18,5.3714805341368e-18,5.3714805341368e-18,5.3714805341368e-18,5.3714805341368e-18,5.3714805341368e-18,5.3714805341368e-18,5.3714805341368e-18,5.3714805341368e-18,5.3714805341368e-18,5.3714805341368e-18,NA,5.3714805341368e-18,0.481507131323822,5.3714805341368e-18,0.000417336392660361,5.3714805341368e-18,0.448146254917548,5.3714805341368e-18,5.3714805341368e-18,5.3714805341368e-18,5.3714805341368e-18,5.3714805341368e-18,9.88951708437151e-18,3.24068662580198e-17,2.03266431337512e-09,2.45180135248786e-15,5.3714805341368e-18,5.3714805341368e-18,2.35453141534937e-17,5.3714805341368e-18,5.3714805341368e-18,5.3714805341368e-18,5.3714805341368e-18,4.72052657106605e-17,5.3714805341368e-18,5.3714805341368e-18,5.3714805341368e-18,0.0521731759433309,5.3714805341368e-18,0.218332402073812,5.3714805341368e-18,5.3714805341368e-18,1.92924952012445e-07,5.3714805341368e-18,5.3714805341368e-18,5.3714805341368e-18,5.1473038771733e-07,5.3714805341368e-18,5.3714805341368e-18,5.3714805341368e-18,5.3714805341368e-18,5.3714805341368e-18,5.3714805341368e-18,5.3714805341368e-18,5.3714805341368e-18,6.2640920942248e-18,5.3714805341368e-18,5.3714805341368e-18,5.3714805341368e-18,5.3714805341368e-18,9.13543568298545e-17,5.3714805341368e-18,5.3714805341368e-18,5.3714805341368e-18,5.3714805341368e-18,5.3714805341368e-18,1.17596127561008e-17,2.55572210120285e-16,2.35453141534937e-17,0.770743842790677,1.51288940661104e-14,5.3714805341368e-18,1.46058497689321e-07,5.3714805341368e-18,5.3714805341368e-18,5.3714805341368e-18,0.0832521942597817,5.3714805341368e-18,5.3714805341368e-18,5.3714805341368e-18
"CDH",1.11259047645649e-11,5.3714805341368e-18,0.0231558049345735,5.3714805341368e-18,1.69421350952886e-07,5.3714805341368e-18,0.000334067975025411,5.3714805341368e-18,6.25801570632609e-11,1.00930719160883e-10,3.61241987749676e-05,8.07803588588195e-18,5.3714805341368e-18,2.67742138376699e-13,5.3714805341368e-18,5.3714805341368e-18,5.3714805341368e-18,1.08072345770213e-06,5.3714805341368e-18,5.3714805341368e-18,NA,5.3714805341368e-18,5.3714805341368e-18,5.3714805341368e-18,5.3714805341368e-18,5.3714805341368e-18,5.3714805341368e-18,3.33454196265537e-17,5.3714805341368e-18,5.3887032033284e-18,5.3714805341368e-18,5.3714805341368e-18,5.3714805341368e-18,5.3714805341368e-18,5.3714805341368e-18,5.3714805341368e-18,5.3714805341368e-18,5.3714805341368e-18,5.3714805341368e-18,5.92844944668488e-18,5.3887032033284e-18,5.3714805341368e-18,5.3714805341368e-18,5.3714805341368e-18,8.85067086843812e-14,3.2037986398369e-05,5.3714805341368e-18,1.07975268674866e-10,5.3714805341368e-18,0.00464280643184059,2.10557708083847e-11,5.3714805341368e-18,5.77501384870303e-18,1.08663040609087e-11,5.3887032033284e-18,5.3714805341368e-18,5.3714805341368e-18,5.3714805341368e-18,6.2640920942248e-18,8.82541668605368e-15,5.3714805341368e-18,5.3714805341368e-18,5.3714805341368e-18,5.3887032033284e-18,5.3714805341368e-18,5.3714805341368e-18,5.3887032033284e-18,5.3714805341368e-18,5.3714805341368e-18,5.3714805341368e-18,0.112191158070888,5.5112193311429e-18,5.3714805341368e-18,4.97623645625387e-11,6.2640920942248e-18,5.3714805341368e-18,5.3714805341368e-18,5.3714805341368e-18,5.3714805341368e-18,5.3714805341368e-18,1.26474773074654e-10,5.3714805341368e-18,5.3714805341368e-18,5.3714805341368e-18,8.60911471994923e-07,5.3714805341368e-18,3.1474888245483e-17,3.1474888245483e-17,5.3887032033284e-18
"CDH5",5.3714805341368e-18,5.3714805341368e-18,5.3714805341368e-18,5.3714805341368e-18,5.3714805341368e-18,5.3714805341368e-18,5.3714805341368e-18,0.417998508742704,5.3714805341368e-18,5.3714805341368e-18,5.3714805341368e-18,5.3714805341368e-18,5.3714805341368e-18,5.3714805341368e-18,5.3714805341368e-18,5.3714805341368e-18,5.3714805341368e-18,5.3714805341368e-18,5.3714805341368e-18,0.481507131323822,5.3714805341368e-18,NA,5.3714805341368e-18,0.000179979227768653,5.3714805341368e-18,0.22606243869744,5.3714805341368e-18,5.3714805341368e-18,5.3714805341368e-18,5.3714805341368e-18,5.3714805341368e-18,5.77501384870303e-18,2.35453141534937e-17,4.86372212803156e-11,1.03949575751416e-15,5.3714805341368e-18,5.3714805341368e-18,1.2108684966806e-17,5.3714805341368e-18,5.3714805341368e-18,5.3714805341368e-18,5.3714805341368e-18,1.04799295962548e-17,5.3714805341368e-18,5.3714805341368e-18,5.3714805341368e-18,0.0288668167928852,5.3714805341368e-18,0.15361583892411,5.3714805341368e-18,5.3714805341368e-18,1.10520933700647e-08,5.3714805341368e-18,5.3714805341368e-18,5.3714805341368e-18,1.55485552317647e-08,5.3714805341368e-18,5.3714805341368e-18,5.3714805341368e-18,5.3714805341368e-18,5.3714805341368e-18,5.3714805341368e-18,5.3714805341368e-18,5.3714805341368e-18,5.3714805341368e-18,5.3714805341368e-18,5.3714805341368e-18,5.3714805341368e-18,5.3714805341368e-18,1.10980480011119e-17,5.3714805341368e-18,5.3714805341368e-18,5.3714805341368e-18,5.3714805341368e-18,5.3714805341368e-18,1.52421796708431e-17,2.15429895823977e-16,1.43965415465178e-17,0.812586355469572,2.97294623599499e-15,5.3714805341368e-18,6.84484890797796e-07,5.3714805341368e-18,5.3714805341368e-18,5.3714805341368e-18,0.0373144805243493,5.3714805341368e-18,5.3714805341368e-18,5.3714805341368e-18
"Cholesterol",5.3714805341368e-18,5.3714805341368e-18,5.3714805341368e-18,3.36530656105062e-09,5.3714805341368e-18,5.62930628044811e-18,5.3714805341368e-18,5.3714805341368e-18,5.3714805341368e-18,5.3714805341368e-18,5.3714805341368e-18,5.3714805341368e-18,5.3714805341368e-18,5.3714805341368e-18,5.3714805341368e-18,1.11560626785615e-16,5.3714805341368e-18,5.3714805341368e-18,5.3714805341368e-18,5.3714805341368e-18,5.3714805341368e-18,5.3714805341368e-18,NA,5.3714805341368e-18,5.62930628044811e-18,5.3714805341368e-18,5.3714805341368e-18,5.3714805341368e-18,5.3714805341368e-18,5.3714805341368e-18,5.3714805341368e-18,0.990398379675308,3.48409441565436e-16,6.80769537176024e-18,8.3611820344234e-15,5.3714805341368e-18,5.3714805341368e-18,4.31907948965857e-08,5.3887032033284e-18,5.3714805341368e-18,5.3714805341368e-18,5.3714805341368e-18,4.12674217037247e-15,5.3714805341368e-18,5.3714805341368e-18,5.3714805341368e-18,5.3714805341368e-18,5.3714805341368e-18,6.0939749679077e-18,5.3714805341368e-18,5.3714805341368e-18,5.3887032033284e-18,5.3714805341368e-18,5.3714805341368e-18,5.3714805341368e-18,6.80769537176024e-18,5.3714805341368e-18,5.3714805341368e-18,5.3714805341368e-18,5.3714805341368e-18,5.3714805341368e-18,5.3714805341368e-18,8.60978904174117e-11,5.3714805341368e-18,0.547858218805858,3.7345056238408e-14,5.3714805341368e-18,5.3714805341368e-18,5.3714805341368e-18,2.89279695180274e-15,5.3714805341368e-18,5.3714805341368e-18,2.42421709724101e-10,5.3714805341368e-18,5.3714805341368e-18,3.80111204057056e-15,2.72141023839932e-17,8.22931000030521e-11,5.3714805341368e-18,2.03717374611713e-17,5.3714805341368e-18,5.77501384870303e-18,5.3714805341368e-18,5.3714805341368e-18,5.3714805341368e-18,5.3887032033284e-18,5.3714805341368e-18,5.3714805341368e-18,5.3714805341368e-18
"CLDN",5.3714805341368e-18,5.3714805341368e-18,5.3714805341368e-18,5.5112193311429e-18,5.3714805341368e-18,5.3714805341368e-18,5.3714805341368e-18,1.90895922126703e-05,5.3714805341368e-18,5.3714805341368e-18,5.3714805341368e-18,5.3714805341368e-18,5.3714805341368e-18,5.3714805341368e-18,5.3714805341368e-18,5.3714805341368e-18,5.3714805341368e-18,5.3714805341368e-18,5.3714805341368e-18,0.000417336392660361,5.3714805341368e-18,0.000179979227768653,5.3714805341368e-18,NA,5.3714805341368e-18,0.0125064662918998,5.3714805341368e-18,5.3714805341368e-18,5.3714805341368e-18,5.3714805341368e-18,5.3714805341368e-18,2.09720165312598e-17,3.59857190804352e-15,0.00330867437904095,4.86372212803156e-11,5.3714805341368e-18,5.3714805341368e-18,8.32143436566841e-16,5.3714805341368e-18,5.3714805341368e-18,5.3714805341368e-18,5.3714805341368e-18,3.50286970354179e-15,5.3714805341368e-18,5.3714805341368e-18,5.3714805341368e-18,0.249309769638026,5.3714805341368e-18,0.0269183625961171,5.3714805341368e-18,5.3714805341368e-18,0.0221370708281014,5.3714805341368e-18,5.3714805341368e-18,5.3714805341368e-18,0.0246399043709789,5.3714805341368e-18,5.3714805341368e-18,5.3714805341368e-18,5.3714805341368e-18,5.3714805341368e-18,5.3714805341368e-18,5.3714805341368e-18,5.3714805341368e-18,9.60367766486886e-18,5.3714805341368e-18,5.3714805341368e-18,5.3714805341368e-18,5.3714805341368e-18,2.38691618916741e-15,5.3714805341368e-18,5.3714805341368e-18,5.3714805341368e-18,5.3714805341368e-18,5.3714805341368e-18,3.02703512083088e-16,1.43481337110153e-14,1.05403243445112e-16,0.000480930068520738,3.53004184372983e-10,5.3714805341368e-18,0.055154235678123,5.3714805341368e-18,5.3714805341368e-18,5.3714805341368e-18,0.0569141460198656,5.3714805341368e-18,5.3714805341368e-18,5.3714805341368e-18
"CNTN",5.3714805341368e-18,5.3714805341368e-18,5.3714805341368e-18,1.87355915217242e-14,5.3714805341368e-18,0.0440499773309515,5.3714805341368e-18,5.3714805341368e-18,5.3714805341368e-18,5.3714805341368e-18,5.3714805341368e-18,5.3714805341368e-18,5.3714805341368e-18,5.3714805341368e-18,1.87000289855488e-17,1.17727125253526e-05,5.3714805341368e-18,5.3714805341368e-18,5.3714805341368e-18,5.3714805341368e-18,5.3714805341368e-18,5.3714805341368e-18,5.62930628044811e-18,5.3714805341368e-18,NA,5.3714805341368e-18,5.3714805341368e-18,5.3714805341368e-18,3.27209606878505e-14,5.3714805341368e-18,5.3714805341368e-18,1.43965415465178e-17,5.3714805341368e-18,5.3714805341368e-18,5.3714805341368e-18,5.3714805341368e-18,5.77501384870303e-18,5.3714805341368e-18,0.726744083261468,5.3714805341368e-18,5.3714805341368e-18,5.3887032033284e-18,5.3714805341368e-18,5.3714805341368e-18,5.3714805341368e-18,5.3714805341368e-18,5.3714805341368e-18,5.3714805341368e-18,5.3714805341368e-18,5.3714805341368e-18,5.3714805341368e-18,5.3714805341368e-18,5.3714805341368e-18,5.3714805341368e-18,5.3714805341368e-18,5.3714805341368e-18,5.3714805341368e-18,4.85046730377205e-08,5.3714805341368e-18,5.3714805341368e-18,5.3714805341368e-18,5.3714805341368e-18,1.60816242422865e-06,5.3714805341368e-18,5.3887032033284e-18,6.82262148069787e-14,5.3714805341368e-18,5.3714805341368e-18,5.3714805341368e-18,5.3714805341368e-18,5.3714805341368e-18,5.3714805341368e-18,1.44564394714086e-16,5.3714805341368e-18,5.3714805341368e-18,5.3714805341368e-18,5.3714805341368e-18,5.3714805341368e-18,5.3714805341368e-18,5.3714805341368e-18,5.3714805341368e-18,5.3714805341368e-18,5.3714805341368e-18,5.3714805341368e-18,5.3714805341368e-18,5.3714805341368e-18,5.3714805341368e-18,5.3714805341368e-18,5.3714805341368e-18
"COLLAGEN",5.3714805341368e-18,5.3714805341368e-18,5.3714805341368e-18,5.3714805341368e-18,5.3714805341368e-18,5.3714805341368e-18,5.3714805341368e-18,0.145849044256998,5.3714805341368e-18,5.3714805341368e-18,5.3714805341368e-18,5.3714805341368e-18,5.3714805341368e-18,5.3714805341368e-18,5.3714805341368e-18,5.3714805341368e-18,5.3714805341368e-18,5.3714805341368e-18,5.3714805341368e-18,0.448146254917548,5.3714805341368e-18,0.22606243869744,5.3714805341368e-18,0.0125064662918998,5.3714805341368e-18,NA,5.3714805341368e-18,5.3714805341368e-18,5.3714805341368e-18,5.3714805341368e-18,5.3714805341368e-18,1.40001118319082e-17,1.98007923546106e-17,1.58591944071158e-08,4.85895310939727e-14,5.3714805341368e-18,5.3714805341368e-18,1.11560626785615e-16,5.3714805341368e-18,5.3714805341368e-18,5.3714805341368e-18,5.3714805341368e-18,8.62722070997466e-17,5.3714805341368e-18,5.3714805341368e-18,5.3714805341368e-18,0.117725230335623,5.3714805341368e-18,0.699029377952719,5.3714805341368e-18,5.3714805341368e-18,2.22083087146574e-06,5.3714805341368e-18,5.3714805341368e-18,5.3714805341368e-18,2.04142476669495e-06,5.3714805341368e-18,5.3714805341368e-18,5.3714805341368e-18,5.3714805341368e-18,5.3714805341368e-18,5.3714805341368e-18,5.3714805341368e-18,5.3714805341368e-18,8.07803588588195e-18,5.3714805341368e-18,5.3714805341368e-18,5.3714805341368e-18,5.3714805341368e-18,8.38750344074673e-17,5.3714805341368e-18,5.3714805341368e-18,5.3714805341368e-18,5.3714805341368e-18,5.3714805341368e-18,1.32184182617734e-17,8.55391085761235e-16,1.1427735290097e-17,0.220868800771391,6.38276745443807e-15,5.3714805341368e-18,1.23376619124763e-05,5.3714805341368e-18,5.3714805341368e-18,5.3714805341368e-18,0.13838619850206,5.3714805341368e-18,5.3714805341368e-18,5.3714805341368e-18
"DESMOSOME",5.3714805341368e-18,2.25731387263526e-14,5.3714805341368e-18,5.3714805341368e-18,5.3714805341368e-18,5.3714805341368e-18,5.3714805341368e-18,5.3714805341368e-18,5.3714805341368e-18,5.3714805341368e-18,5.3714805341368e-18,5.3714805341368e-18,5.62930628044811e-18,5.3714805341368e-18,5.3714805341368e-18,5.3714805341368e-18,5.3714805341368e-18,5.3714805341368e-18,1.12972837416522e-15,5.3714805341368e-18,5.3714805341368e-18,5.3714805341368e-18,5.3714805341368e-18,5.3714805341368e-18,5.3714805341368e-18,5.3714805341368e-18,NA,5.3714805341368e-18,5.3714805341368e-18,5.3714805341368e-18,0.0010189458155046,5.3714805341368e-18,5.3714805341368e-18,5.3714805341368e-18,5.3714805341368e-18,5.3714805341368e-18,5.3714805341368e-18,5.3714805341368e-18,5.3714805341368e-18,5.3887032033284e-18,5.92844944668488e-18,5.3714805341368e-18,5.3714805341368e-18,8.62722070997466e-17,5.3714805341368e-18,5.3714805341368e-18,5.3714805341368e-18,5.3714805341368e-18,5.3714805341368e-18,5.3714805341368e-18,5.3714805341368e-18,5.3714805341368e-18,5.3714805341368e-18,5.3714805341368e-18,5.3714805341368e-18,5.3714805341368e-18,5.3887032033284e-18,5.3714805341368e-18,7.92518955953919e-17,5.3714805341368e-18,5.3714805341368e-18,5.3714805341368e-18,9.33495356881977e-18,3.85269186367346e-17,5.3714805341368e-18,5.3714805341368e-18,5.3714805341368e-18,3.02703512083088e-16,1.92392845765071e-14,5.3714805341368e-18,5.3714805341368e-18,5.3714805341368e-18,5.3714805341368e-18,5.3714805341368e-18,5.3714805341368e-18,5.3714805341368e-18,5.3714805341368e-18,5.3714805341368e-18,5.3714805341368e-18,5.3714805341368e-18,5.3714805341368e-18,5.3714805341368e-18,5.3714805341368e-18,5.92844944668488e-18,5.3714805341368e-18,5.3714805341368e-18,5.3714805341368e-18,5.3714805341368e-18,1.66190446414875e-17
"DHEA",5.3714805341368e-18,5.3714805341368e-18,5.3714805341368e-18,5.3714805341368e-18,5.3714805341368e-18,5.3714805341368e-18,1.52421796708431e-17,5.3714805341368e-18,3.53255205468106e-17,5.3714805341368e-18,5.5112193311429e-18,2.76974431219037e-10,5.3714805341368e-18,5.3714805341368e-18,5.3714805341368e-18,5.3714805341368e-18,5.77501384870303e-18,2.1589740021369e-17,5.3714805341368e-18,5.3714805341368e-18,3.33454196265537e-17,5.3714805341368e-18,5.3714805341368e-18,5.3714805341368e-18,5.3714805341368e-18,5.3714805341368e-18,5.3714805341368e-18,NA,5.3714805341368e-18,5.62930628044811e-18,5.3714805341368e-18,5.3714805341368e-18,5.3714805341368e-18,5.3714805341368e-18,5.3714805341368e-18,5.3714805341368e-18,5.3714805341368e-18,5.3714805341368e-18,5.3714805341368e-18,1.89711001816074e-08,5.3714805341368e-18,5.3714805341368e-18,5.3714805341368e-18,5.3714805341368e-18,5.3714805341368e-18,5.3714805341368e-18,5.3714805341368e-18,5.3887032033284e-18,5.3714805341368e-18,5.3714805341368e-18,5.5112193311429e-18,5.3714805341368e-18,1.43965415465178e-17,7.63132622583902e-18,5.3714805341368e-18,5.3714805341368e-18,1.02420352662956e-16,5.3714805341368e-18,0.450098333686864,8.85067086843812e-14,5.3714805341368e-18,5.3714805341368e-18,5.3714805341368e-18,5.3887032033284e-18,5.3714805341368e-18,5.3714805341368e-18,5.61046149022532e-17,5.3714805341368e-18,5.3714805341368e-18,5.3714805341368e-18,5.3714805341368e-18,8.32143436566841e-16,5.3714805341368e-18,9.06784962009111e-18,3.4355017839241e-09,5.3714805341368e-18,5.3714805341368e-18,5.3714805341368e-18,5.3714805341368e-18,5.3714805341368e-18,1.71154621558642e-17,5.3714805341368e-18,5.3714805341368e-18,5.3714805341368e-18,2.03717374611713e-17,5.3714805341368e-18,0.328358009458352,0.284633313483498,5.3714805341368e-18
"DHT",5.3714805341368e-18,5.3714805341368e-18,5.3714805341368e-18,5.3887032033284e-18,5.3714805341368e-18,8.60978904174117e-11,5.3714805341368e-18,5.3714805341368e-18,5.3714805341368e-18,5.3714805341368e-18,5.3714805341368e-18,5.3714805341368e-18,5.3714805341368e-18,5.3714805341368e-18,3.35575188481015e-08,1.48134022406213e-17,5.3714805341368e-18,5.3714805341368e-18,5.3714805341368e-18,5.3714805341368e-18,5.3714805341368e-18,5.3714805341368e-18,5.3714805341368e-18,5.3714805341368e-18,3.27209606878505e-14,5.3714805341368e-18,5.3714805341368e-18,5.3714805341368e-18,NA,5.3714805341368e-18,5.3714805341368e-18,5.3714805341368e-18,5.3714805341368e-18,5.3714805341368e-18,5.3714805341368e-18,7.20672254252067e-18,1.92268443344179e-16,5.3714805341368e-18,2.35762800777658e-13,5.3714805341368e-18,5.3714805341368e-18,1.12335010286678e-07,5.3714805341368e-18,5.3714805341368e-18,5.3714805341368e-18,5.3714805341368e-18,5.3714805341368e-18,5.3714805341368e-18,5.3714805341368e-18,5.3714805341368e-18,5.3714805341368e-18,5.3714805341368e-18,5.3714805341368e-18,5.3714805341368e-18,5.3714805341368e-18,5.3714805341368e-18,5.3714805341368e-18,1.60287265562537e-07,5.3714805341368e-18,5.3714805341368e-18,5.3714805341368e-18,9.4530149782458e-13,4.05522857875701e-09,5.3714805341368e-18,5.3714805341368e-18,5.3714805341368e-18,5.3714805341368e-18,5.3714805341368e-18,5.3714805341368e-18,5.3714805341368e-18,5.3714805341368e-18,5.3714805341368e-18,5.3714805341368e-18,5.3714805341368e-18,5.3714805341368e-18,5.3714805341368e-18,5.3714805341368e-18,5.3714805341368e-18,5.3714805341368e-18,5.3714805341368e-18,5.3714805341368e-18,5.3714805341368e-18,8.07803588588195e-18,5.3887032033284e-18,5.3714805341368e-18,5.3714805341368e-18,5.3714805341368e-18,5.3714805341368e-18,5.3714805341368e-18
"EDA",5.3714805341368e-18,5.3714805341368e-18,5.3714805341368e-18,5.3714805341368e-18,5.3714805341368e-18,5.3714805341368e-18,5.3714805341368e-18,5.3714805341368e-18,5.3714805341368e-18,5.3714805341368e-18,5.3714805341368e-18,5.3714805341368e-18,9.79592116663579e-09,5.3714805341368e-18,5.3714805341368e-18,5.3714805341368e-18,0.468827685196846,5.3714805341368e-18,5.3714805341368e-18,5.3714805341368e-18,5.3887032033284e-18,5.3714805341368e-18,5.3714805341368e-18,5.3714805341368e-18,5.3714805341368e-18,5.3714805341368e-18,5.3714805341368e-18,5.62930628044811e-18,5.3714805341368e-18,NA,5.3714805341368e-18,5.3714805341368e-18,5.3714805341368e-18,5.3714805341368e-18,5.3714805341368e-18,5.3714805341368e-18,5.3714805341368e-18,5.3714805341368e-18,5.3714805341368e-18,3.33454196265537e-17,5.8337093574151e-14,5.3714805341368e-18,5.3714805341368e-18,7.41482236838171e-18,5.3714805341368e-18,5.3714805341368e-18,5.3714805341368e-18,5.3714805341368e-18,5.3714805341368e-18,5.3714805341368e-18,5.3714805341368e-18,5.3714805341368e-18,1.03949575751416e-15,5.3714805341368e-18,5.3714805341368e-18,5.3714805341368e-18,0.000380959447266177,5.3714805341368e-18,3.92012560442179e-08,5.3714805341368e-18,0.0888862116876991,5.3714805341368e-18,5.3714805341368e-18,1.54450283288125e-07,5.3714805341368e-18,5.3714805341368e-18,3.53004184372983e-10,5.62930628044811e-18,6.61645529090463e-18,5.3714805341368e-18,5.3714805341368e-18,8.87639268628494e-17,5.3714805341368e-18,5.3714805341368e-18,7.20672254252067e-18,5.3714805341368e-18,5.3714805341368e-18,5.3714805341368e-18,5.3714805341368e-18,5.3714805341368e-18,5.3714805341368e-18,5.3714805341368e-18,5.3714805341368e-18,5.3714805341368e-18,5.3714805341368e-18,5.3714805341368e-18,5.3714805341368e-18,5.92844944668488e-18,3.58019223021935e-09
"EGF",5.3714805341368e-18,2.12091206300182e-10,5.3714805341368e-18,5.3714805341368e-18,5.3714805341368e-18,5.3714805341368e-18,5.3714805341368e-18,5.3714805341368e-18,5.3714805341368e-18,5.3714805341368e-18,5.3714805341368e-18,5.3714805341368e-18,5.3714805341368e-18,5.3714805341368e-18,5.3887032033284e-18,5.3714805341368e-18,5.3887032033284e-18,5.3714805341368e-18,9.99426971758563e-09,5.3714805341368e-18,5.3714805341368e-18,5.3714805341368e-18,5.3714805341368e-18,5.3714805341368e-18,5.3714805341368e-18,5.3714805341368e-18,0.0010189458155046,5.3714805341368e-18,5.3714805341368e-18,5.3714805341368e-18,NA,5.3714805341368e-18,5.3714805341368e-18,5.3714805341368e-18,5.3714805341368e-18,5.92844944668488e-18,5.3714805341368e-18,5.3714805341368e-18,5.3714805341368e-18,5.3714805341368e-18,5.92844944668488e-18,5.3714805341368e-18,5.3714805341368e-18,2.02205224871732e-15,5.3714805341368e-18,5.3714805341368e-18,5.3714805341368e-18,5.3714805341368e-18,5.3714805341368e-18,5.3714805341368e-18,5.3714805341368e-18,5.3714805341368e-18,5.3714805341368e-18,5.3714805341368e-18,5.3714805341368e-18,5.3714805341368e-18,5.3714805341368e-18,5.3714805341368e-18,1.01837493688843e-17,5.3714805341368e-18,5.3714805341368e-18,5.3714805341368e-18,1.92456542327104e-17,1.16148720223288e-15,5.3714805341368e-18,5.3714805341368e-18,5.3714805341368e-18,2.96895378676045e-17,4.01141500490995e-16,5.3714805341368e-18,5.3714805341368e-18,5.3714805341368e-18,5.3714805341368e-18,5.3714805341368e-18,5.3714805341368e-18,5.3714805341368e-18,5.3714805341368e-18,5.3714805341368e-18,5.3714805341368e-18,5.3714805341368e-18,5.3714805341368e-18,5.3714805341368e-18,5.3887032033284e-18,7.00212777280674e-18,5.3714805341368e-18,5.3714805341368e-18,5.3714805341368e-18,5.3714805341368e-18,9.56086599007261e-16
"EPHA",5.3714805341368e-18,5.3714805341368e-18,5.3714805341368e-18,1.0080046707933e-06,5.3714805341368e-18,8.81961179043531e-18,5.3714805341368e-18,6.0939749679077e-18,5.3714805341368e-18,5.3714805341368e-18,5.3714805341368e-18,5.3714805341368e-18,5.3714805341368e-18,5.3714805341368e-18,5.3714805341368e-18,7.9256377505836e-15,5.3714805341368e-18,5.3714805341368e-18,5.3714805341368e-18,9.88951708437151e-18,5.3714805341368e-18,5.77501384870303e-18,0.990398379675308,2.09720165312598e-17,1.43965415465178e-17,1.40001118319082e-17,5.3714805341368e-18,5.3714805341368e-18,5.3714805341368e-18,5.3714805341368e-18,5.3714805341368e-18,NA,4.4367749283654e-11,2.62838884218944e-16,1.44428700538731e-11,5.3714805341368e-18,5.3714805341368e-18,3.01755463415149e-05,7.20672254252067e-18,5.3714805341368e-18,5.3714805341368e-18,5.3714805341368e-18,5.45383736746517e-11,5.3714805341368e-18,5.3714805341368e-18,5.3714805341368e-18,1.48134022406213e-17,5.3714805341368e-18,5.3887032033284e-18,5.3714805341368e-18,5.3714805341368e-18,8.156846282268e-17,5.3714805341368e-18,5.3714805341368e-18,5.3714805341368e-18,9.39907189083207e-17,5.3714805341368e-18,5.3714805341368e-18,5.3714805341368e-18,5.3714805341368e-18,5.3714805341368e-18,5.3714805341368e-18,1.35920392359732e-09,5.3714805341368e-18,0.871378736758639,1.00930719160883e-10,5.3714805341368e-18,5.3714805341368e-18,5.3714805341368e-18,3.50712099745191e-09,5.3714805341368e-18,5.3714805341368e-18,2.58888701417443e-07,5.3714805341368e-18,5.3714805341368e-18,1.82337426982537e-08,4.02129497550607e-13,1.07130866508739e-05,9.60367766486886e-18,7.00206602766718e-14,5.3714805341368e-18,1.53109558286031e-16,5.3714805341368e-18,5.3714805341368e-18,5.3714805341368e-18,5.62930628044811e-18,5.3714805341368e-18,5.3714805341368e-18,5.3714805341368e-18
"EPHB",5.3714805341368e-18,5.3714805341368e-18,5.3714805341368e-18,1.76631951856557e-16,5.3714805341368e-18,5.3714805341368e-18,5.3714805341368e-18,5.3887032033284e-18,5.3714805341368e-18,5.3714805341368e-18,5.3714805341368e-18,5.3714805341368e-18,5.3714805341368e-18,5.3714805341368e-18,5.3714805341368e-18,5.62930628044811e-18,5.3714805341368e-18,5.3714805341368e-18,5.3714805341368e-18,3.24068662580198e-17,5.3714805341368e-18,2.35453141534937e-17,3.48409441565436e-16,3.59857190804352e-15,5.3714805341368e-18,1.98007923546106e-17,5.3714805341368e-18,5.3714805341368e-18,5.3714805341368e-18,5.3714805341368e-18,5.3714805341368e-18,4.4367749283654e-11,NA,1.59607213172426e-14,0.0419303218697717,5.3714805341368e-18,5.3714805341368e-18,0.000636087632426328,5.3714805341368e-18,5.3714805341368e-18,5.3714805341368e-18,5.3714805341368e-18,0.634883542890362,5.3714805341368e-18,5.3714805341368e-18,5.3714805341368e-18,3.11288939767659e-16,5.3714805341368e-18,1.3648978811507e-16,5.3714805341368e-18,5.3714805341368e-18,2.25731387263526e-14,5.3714805341368e-18,5.3714805341368e-18,5.3714805341368e-18,2.42224877261506e-11,5.3714805341368e-18,5.3714805341368e-18,5.3714805341368e-18,5.3714805341368e-18,5.3714805341368e-18,5.3714805341368e-18,6.44313419611251e-18,5.3714805341368e-18,1.03335310181313e-13,5.3887032033284e-18,5.3714805341368e-18,5.3714805341368e-18,5.3714805341368e-18,0.890160149776985,5.3714805341368e-18,5.3714805341368e-18,6.61645529090463e-18,5.3714805341368e-18,5.3714805341368e-18,0.0578038984138068,0.00474267425837033,0.00123691643716723,1.10980480011119e-17,0.00015683963542763,5.3714805341368e-18,1.47355794277749e-14,5.3714805341368e-18,5.3714805341368e-18,5.3714805341368e-18,5.77171876330539e-17,5.3714805341368e-18,5.3714805341368e-18,5.3714805341368e-18
"Estradiol",5.3714805341368e-18,5.3714805341368e-18,5.3714805341368e-18,5.62930628044811e-18,5.3714805341368e-18,5.3714805341368e-18,5.3714805341368e-18,1.11703703354587e-13,5.3714805341368e-18,5.3714805341368e-18,5.3714805341368e-18,5.3714805341368e-18,5.3714805341368e-18,5.3714805341368e-18,5.3714805341368e-18,5.3714805341368e-18,5.3714805341368e-18,5.3714805341368e-18,5.3714805341368e-18,2.03266431337512e-09,5.3714805341368e-18,4.86372212803156e-11,6.80769537176024e-18,0.00330867437904095,5.3714805341368e-18,1.58591944071158e-08,5.3714805341368e-18,5.3714805341368e-18,5.3714805341368e-18,5.3714805341368e-18,5.3714805341368e-18,2.62838884218944e-16,1.59607213172426e-14,NA,8.78135406377837e-08,5.3714805341368e-18,5.3714805341368e-18,1.32410642060041e-14,5.3714805341368e-18,5.3714805341368e-18,5.3714805341368e-18,5.3714805341368e-18,2.57691139660294e-14,5.3714805341368e-18,5.3714805341368e-18,5.3714805341368e-18,3.15666227908427e-05,5.3714805341368e-18,1.17727125253526e-05,5.3714805341368e-18,5.3714805341368e-18,0.338625081466018,5.3714805341368e-18,5.3714805341368e-18,5.3714805341368e-18,0.642112245595155,5.3714805341368e-18,5.3714805341368e-18,5.3714805341368e-18,5.3714805341368e-18,5.3714805341368e-18,5.3714805341368e-18,5.3714805341368e-18,5.3714805341368e-18,8.07803588588195e-18,5.3887032033284e-18,5.3714805341368e-18,5.3714805341368e-18,5.3714805341368e-18,7.54942257912777e-13,5.3714805341368e-18,5.3714805341368e-18,5.3714805341368e-18,5.3714805341368e-18,5.3714805341368e-18,2.44434292306678e-14,2.64978570875265e-10,4.75018780755258e-16,1.07975268674866e-10,3.22225308087176e-07,5.3714805341368e-18,0.603583978112716,5.3714805341368e-18,5.3714805341368e-18,5.3714805341368e-18,5.05712865724004e-07,5.3714805341368e-18,5.3714805341368e-18,5.3714805341368e-18
"FGF",5.3714805341368e-18,5.3714805341368e-18,5.3714805341368e-18,5.14181967652991e-17,5.3714805341368e-18,5.3714805341368e-18,5.3714805341368e-18,1.3648978811507e-16,5.3714805341368e-18,5.3714805341368e-18,5.3714805341368e-18,5.3714805341368e-18,5.3714805341368e-18,5.3714805341368e-18,5.3714805341368e-18,5.77501384870303e-18,5.3714805341368e-18,5.3714805341368e-18,5.3714805341368e-18,2.45180135248786e-15,5.3714805341368e-18,1.03949575751416e-15,8.3611820344234e-15,4.86372212803156e-11,5.3714805341368e-18,4.85895310939727e-14,5.3714805341368e-18,5.3714805341368e-18,5.3714805341368e-18,5.3714805341368e-18,5.3714805341368e-18,1.44428700538731e-11,0.0419303218697717,8.78135406377837e-08,NA,5.3714805341368e-18,5.3714805341368e-18,5.27377462607413e-06,5.3714805341368e-18,5.3714805341368e-18,5.3714805341368e-18,5.3714805341368e-18,0.0137736597016827,5.3714805341368e-18,5.3714805341368e-18,5.3714805341368e-18,2.74011569555145e-12,5.3714805341368e-18,5.04698635234481e-13,5.3714805341368e-18,5.3714805341368e-18,1.69421350952886e-07,5.3714805341368e-18,5.3714805341368e-18,5.3714805341368e-18,5.5282315898935e-07,5.3714805341368e-18,5.3714805341368e-18,5.3714805341368e-18,5.3714805341368e-18,5.3714805341368e-18,5.3714805341368e-18,6.2640920942248e-18,5.3714805341368e-18,9.56114163168348e-14,7.63132622583902e-18,5.3714805341368e-18,5.3714805341368e-18,5.3714805341368e-18,0.0447685193989003,5.3714805341368e-18,5.3714805341368e-18,1.04799295962548e-17,5.3714805341368e-18,5.3714805341368e-18,0.000512640465892799,0.839185806244681,2.26088915678301e-05,6.48353962097022e-17,0.278535370800958,5.3714805341368e-18,8.15662790115202e-09,5.3714805341368e-18,5.3714805341368e-18,5.3714805341368e-18,4.26102424950281e-14,5.3714805341368e-18,5.3714805341368e-18,5.3714805341368e-18
"FLRT",5.3714805341368e-18,1.61469715004828e-17,5.3714805341368e-18,5.3714805341368e-18,5.3714805341368e-18,5.3714805341368e-18,5.3714805341368e-18,5.3714805341368e-18,5.3714805341368e-18,5.3714805341368e-18,5.3714805341368e-18,5.3714805341368e-18,5.3714805341368e-18,5.3714805341368e-18,1.08471752665007e-16,5.3714805341368e-18,5.3714805341368e-18,5.3714805341368e-18,2.1148010028483e-07,5.3714805341368e-18,5.3714805341368e-18,5.3714805341368e-18,5.3714805341368e-18,5.3714805341368e-18,5.3714805341368e-18,5.3714805341368e-18,5.3714805341368e-18,5.3714805341368e-18,7.20672254252067e-18,5.3714805341368e-18,5.92844944668488e-18,5.3714805341368e-18,5.3714805341368e-18,5.3714805341368e-18,5.3714805341368e-18,NA,2.8129507603801e-08,5.3714805341368e-18,5.3714805341368e-18,5.3714805341368e-18,5.3714805341368e-18,1.52421796708431e-17,5.3714805341368e-18,5.3714805341368e-18,5.3714805341368e-18,5.3714805341368e-18,5.3714805341368e-18,5.3714805341368e-18,5.3714805341368e-18,5.3714805341368e-18,5.3714805341368e-18,5.3714805341368e-18,5.3714805341368e-18,5.3714805341368e-18,5.3714805341368e-18,5.3714805341368e-18,5.3714805341368e-18,5.3714805341368e-18,5.3714805341368e-18,5.3714805341368e-18,5.3714805341368e-18,1.81582848691211e-17,9.93296319250235e-13,5.3714805341368e-18,5.3714805341368e-18,5.3714805341368e-18,5.3714805341368e-18,5.3714805341368e-18,5.3714805341368e-18,5.3714805341368e-18,5.3714805341368e-18,5.3714805341368e-18,5.3714805341368e-18,5.3714805341368e-18,5.3714805341368e-18,5.3714805341368e-18,5.3714805341368e-18,5.3714805341368e-18,5.3714805341368e-18,5.3714805341368e-18,5.3714805341368e-18,5.3714805341368e-18,0.423865663705634,9.03338166231228e-10,5.3714805341368e-18,5.3714805341368e-18,5.3714805341368e-18,5.3714805341368e-18,5.3714805341368e-18
"FN1",5.3714805341368e-18,5.3714805341368e-18,5.3714805341368e-18,5.3714805341368e-18,5.3714805341368e-18,5.3714805341368e-18,5.3714805341368e-18,5.3714805341368e-18,5.3714805341368e-18,5.3714805341368e-18,5.3714805341368e-18,5.3714805341368e-18,5.3714805341368e-18,5.3714805341368e-18,5.72596235573739e-10,5.3887032033284e-18,5.3714805341368e-18,5.3714805341368e-18,5.41330270370467e-12,5.3714805341368e-18,5.3714805341368e-18,5.3714805341368e-18,5.3714805341368e-18,5.3714805341368e-18,5.77501384870303e-18,5.3714805341368e-18,5.3714805341368e-18,5.3714805341368e-18,1.92268443344179e-16,5.3714805341368e-18,5.3714805341368e-18,5.3714805341368e-18,5.3714805341368e-18,5.3714805341368e-18,5.3714805341368e-18,2.8129507603801e-08,NA,5.3714805341368e-18,5.3714805341368e-18,5.3714805341368e-18,5.3714805341368e-18,5.97953373662235e-11,5.3714805341368e-18,5.3714805341368e-18,5.3714805341368e-18,5.3714805341368e-18,5.3714805341368e-18,5.3714805341368e-18,5.3714805341368e-18,5.3714805341368e-18,5.3714805341368e-18,5.3714805341368e-18,5.3714805341368e-18,5.3714805341368e-18,5.3714805341368e-18,5.3714805341368e-18,5.3714805341368e-18,5.77501384870303e-18,5.3714805341368e-18,5.3714805341368e-18,5.3714805341368e-18,4.75503617623034e-11,3.85547513794566e-10,5.3714805341368e-18,5.3714805341368e-18,5.3714805341368e-18,5.3714805341368e-18,5.3714805341368e-18,5.3714805341368e-18,5.3714805341368e-18,5.3714805341368e-18,5.3714805341368e-18,5.3714805341368e-18,5.3714805341368e-18,5.3714805341368e-18,5.3714805341368e-18,5.3714805341368e-18,5.3714805341368e-18,5.3714805341368e-18,5.3714805341368e-18,5.3714805341368e-18,5.3714805341368e-18,3.59118555787595e-07,4.88401873997857e-16,5.3714805341368e-18,5.3714805341368e-18,5.3714805341368e-18,5.3714805341368e-18,5.3714805341368e-18
"GAP",5.3714805341368e-18,5.3714805341368e-18,5.3714805341368e-18,2.1832092377267e-13,5.3714805341368e-18,5.62930628044811e-18,5.3714805341368e-18,1.66190446414875e-17,5.3714805341368e-18,5.3714805341368e-18,5.3714805341368e-18,5.3714805341368e-18,5.3714805341368e-18,5.3714805341368e-18,5.3714805341368e-18,7.63132622583902e-18,5.3714805341368e-18,5.3714805341368e-18,5.3714805341368e-18,2.35453141534937e-17,5.3714805341368e-18,1.2108684966806e-17,4.31907948965857e-08,8.32143436566841e-16,5.3714805341368e-18,1.11560626785615e-16,5.3714805341368e-18,5.3714805341368e-18,5.3714805341368e-18,5.3714805341368e-18,5.3714805341368e-18,3.01755463415149e-05,0.000636087632426328,1.32410642060041e-14,5.27377462607413e-06,5.3714805341368e-18,5.3714805341368e-18,NA,5.3714805341368e-18,5.3714805341368e-18,5.3714805341368e-18,5.3714805341368e-18,0.000445244880952494,5.3714805341368e-18,5.3714805341368e-18,5.3714805341368e-18,4.45694491931741e-17,5.3714805341368e-18,2.62838884218944e-16,5.3714805341368e-18,5.3714805341368e-18,9.56114163168348e-14,5.3714805341368e-18,5.3714805341368e-18,5.3714805341368e-18,5.72652444812489e-13,5.3714805341368e-18,5.3714805341368e-18,5.3714805341368e-18,5.3714805341368e-18,5.3714805341368e-18,5.3714805341368e-18,4.99470857284037e-15,5.3714805341368e-18,6.6246190222963e-06,6.6674718314111e-17,5.3714805341368e-18,5.3714805341368e-18,5.3714805341368e-18,0.00637476890234502,5.3714805341368e-18,5.3714805341368e-18,1.86985655590683e-16,5.3714805341368e-18,5.3714805341368e-18,0.0166480732474134,7.69187378113489e-08,0.589686243616453,9.06784962009111e-18,2.40553623757122e-08,5.3714805341368e-18,2.45180135248786e-15,5.3714805341368e-18,5.3714805341368e-18,5.3714805341368e-18,4.8550393303088e-17,5.3714805341368e-18,5.3714805341368e-18,5.3714805341368e-18
"GAS",5.3714805341368e-18,5.3714805341368e-18,5.3714805341368e-18,1.87355915217242e-14,5.3714805341368e-18,0.103244510147344,5.3714805341368e-18,5.3714805341368e-18,5.3714805341368e-18,5.3714805341368e-18,5.3714805341368e-18,5.3714805341368e-18,5.3714805341368e-18,5.3714805341368e-18,2.56914042745561e-17,4.55216046606957e-06,5.3714805341368e-18,5.3714805341368e-18,5.3714805341368e-18,5.3714805341368e-18,5.3714805341368e-18,5.3714805341368e-18,5.3887032033284e-18,5.3714805341368e-18,0.726744083261468,5.3714805341368e-18,5.3714805341368e-18,5.3714805341368e-18,2.35762800777658e-13,5.3714805341368e-18,5.3714805341368e-18,7.20672254252067e-18,5.3714805341368e-18,5.3714805341368e-18,5.3714805341368e-18,5.3714805341368e-18,5.3714805341368e-18,5.3714805341368e-18,NA,5.3714805341368e-18,5.3714805341368e-18,2.96895378676045e-17,5.3714805341368e-18,5.3714805341368e-18,5.3714805341368e-18,5.3714805341368e-18,5.3714805341368e-18,5.3714805341368e-18,5.3714805341368e-18,5.3714805341368e-18,5.3714805341368e-18,5.3714805341368e-18,5.3714805341368e-18,5.3714805341368e-18,5.3714805341368e-18,5.3714805341368e-18,5.3714805341368e-18,1.55417693648544e-06,5.3714805341368e-18,5.3714805341368e-18,5.3714805341368e-18,5.3887032033284e-18,2.14778672175655e-06,5.3714805341368e-18,5.3714805341368e-18,9.56086599007261e-16,5.3714805341368e-18,5.3714805341368e-18,5.3714805341368e-18,5.3887032033284e-18,5.3714805341368e-18,5.3714805341368e-18,1.92268443344179e-16,5.3714805341368e-18,5.3714805341368e-18,5.3714805341368e-18,5.3714805341368e-18,5.3714805341368e-18,5.3714805341368e-18,5.3714805341368e-18,5.3714805341368e-18,5.3714805341368e-18,5.3714805341368e-18,5.3714805341368e-18,5.3714805341368e-18,5.3714805341368e-18,5.3714805341368e-18,5.3714805341368e-18,5.3714805341368e-18
"Glutamate",9.3200970534999e-14,5.3714805341368e-18,5.10498133499387e-06,5.3714805341368e-18,0.699029377952719,5.3714805341368e-18,3.46389700712749e-07,5.3714805341368e-18,0.0306679922494735,4.33644926042872e-13,2.31267703038568e-08,2.80663307796114e-12,8.07803588588195e-18,7.30850410351833e-15,5.3714805341368e-18,5.3714805341368e-18,4.32931821650265e-17,1.861908771005e-15,5.3714805341368e-18,5.3714805341368e-18,5.92844944668488e-18,5.3714805341368e-18,5.3714805341368e-18,5.3714805341368e-18,5.3714805341368e-18,5.3714805341368e-18,5.3887032033284e-18,1.89711001816074e-08,5.3714805341368e-18,3.33454196265537e-17,5.3714805341368e-18,5.3714805341368e-18,5.3714805341368e-18,5.3714805341368e-18,5.3714805341368e-18,5.3714805341368e-18,5.3714805341368e-18,5.3714805341368e-18,5.3714805341368e-18,NA,1.07880511484604e-17,5.3714805341368e-18,5.3714805341368e-18,5.77501384870303e-18,2.45180135248786e-15,0.523003863580356,5.3714805341368e-18,4.67849198830387e-13,5.3714805341368e-18,0.103949780193408,0.0259874057847019,5.3714805341368e-18,3.18717018026883e-14,5.29303456501538e-17,5.3714805341368e-18,5.3714805341368e-18,1.02420352662956e-16,5.3714805341368e-18,4.99486698676202e-17,5.97363998364172e-05,1.98007923546106e-17,5.3714805341368e-18,5.3714805341368e-18,1.56930704885946e-17,5.3714805341368e-18,5.3714805341368e-18,3.90118149511754e-16,6.61645529090463e-18,5.62930628044811e-18,5.3714805341368e-18,0.0125064662918998,3.05348203881873e-15,5.3714805341368e-18,8.38750344074673e-17,1.82902664086243e-11,5.3714805341368e-18,5.3714805341368e-18,5.3714805341368e-18,5.3714805341368e-18,5.3714805341368e-18,0.0235708375711683,5.3714805341368e-18,5.3714805341368e-18,5.3714805341368e-18,3.31599034668572e-15,5.3714805341368e-18,4.48920099346006e-08,7.98933996048631e-08,1.43965415465178e-17
"HGF",5.3714805341368e-18,5.3714805341368e-18,5.3714805341368e-18,5.3714805341368e-18,5.3714805341368e-18,5.3714805341368e-18,5.3714805341368e-18,5.3714805341368e-18,5.3714805341368e-18,5.3714805341368e-18,5.3714805341368e-18,5.3714805341368e-18,8.21124375176653e-05,5.3714805341368e-18,5.3714805341368e-18,5.3714805341368e-18,1.34523368585354e-11,5.3714805341368e-18,5.3714805341368e-18,5.3714805341368e-18,5.3887032033284e-18,5.3714805341368e-18,5.3714805341368e-18,5.3714805341368e-18,5.3714805341368e-18,5.3714805341368e-18,5.92844944668488e-18,5.3714805341368e-18,5.3714805341368e-18,5.8337093574151e-14,5.92844944668488e-18,5.3714805341368e-18,5.3714805341368e-18,5.3714805341368e-18,5.3714805341368e-18,5.3714805341368e-18,5.3714805341368e-18,5.3714805341368e-18,5.3714805341368e-18,1.07880511484604e-17,NA,5.3714805341368e-18,5.3714805341368e-18,4.35413101755424e-12,5.3714805341368e-18,5.3714805341368e-18,5.3714805341368e-18,5.3714805341368e-18,5.3714805341368e-18,5.3714805341368e-18,5.3714805341368e-18,5.3714805341368e-18,5.3714805341368e-18,5.3714805341368e-18,5.3714805341368e-18,5.3714805341368e-18,5.87149204699319e-13,5.3714805341368e-18,6.25801570632609e-11,5.3714805341368e-18,2.78538814293434e-11,5.3714805341368e-18,5.3714805341368e-18,0.75256471202051,5.3714805341368e-18,5.3714805341368e-18,2.49580138801963e-17,9.4301282104474e-10,2.42377440720089e-17,5.3714805341368e-18,5.3714805341368e-18,6.61645529090463e-18,5.3714805341368e-18,5.3714805341368e-18,5.3887032033284e-18,5.3714805341368e-18,5.3714805341368e-18,5.3714805341368e-18,5.3714805341368e-18,5.3714805341368e-18,5.3714805341368e-18,5.3714805341368e-18,5.3714805341368e-18,5.3714805341368e-18,5.3714805341368e-18,5.3714805341368e-18,5.3714805341368e-18,5.3887032033284e-18,0.911723616302223
"HSPG",5.3714805341368e-18,5.3714805341368e-18,5.3714805341368e-18,5.3714805341368e-18,5.3714805341368e-18,2.64378363942378e-17,5.3714805341368e-18,5.3714805341368e-18,5.3714805341368e-18,5.3714805341368e-18,5.3714805341368e-18,5.3714805341368e-18,5.3714805341368e-18,5.3714805341368e-18,0.955246264398791,5.3714805341368e-18,5.3714805341368e-18,5.3714805341368e-18,7.70472658332622e-17,5.3714805341368e-18,5.3714805341368e-18,5.3714805341368e-18,5.3714805341368e-18,5.3714805341368e-18,5.3887032033284e-18,5.3714805341368e-18,5.3714805341368e-18,5.3714805341368e-18,1.12335010286678e-07,5.3714805341368e-18,5.3714805341368e-18,5.3714805341368e-18,5.3714805341368e-18,5.3714805341368e-18,5.3714805341368e-18,1.52421796708431e-17,5.97953373662235e-11,5.3714805341368e-18,2.96895378676045e-17,5.3714805341368e-18,5.3714805341368e-18,NA,5.3714805341368e-18,5.3714805341368e-18,5.3714805341368e-18,5.3714805341368e-18,5.3714805341368e-18,5.3714805341368e-18,5.3714805341368e-18,5.3714805341368e-18,5.3714805341368e-18,5.3714805341368e-18,5.3714805341368e-18,5.3714805341368e-18,5.3714805341368e-18,5.3714805341368e-18,5.3714805341368e-18,8.3611820344234e-15,5.3714805341368e-18,5.3714805341368e-18,5.3714805341368e-18,0.171163299191563,3.65474404459155e-09,5.3714805341368e-18,5.3714805341368e-18,5.3714805341368e-18,5.3714805341368e-18,5.3714805341368e-18,5.3714805341368e-18,5.3714805341368e-18,5.3714805341368e-18,5.3714805341368e-18,5.3714805341368e-18,5.3714805341368e-18,5.3714805341368e-18,5.3714805341368e-18,5.3714805341368e-18,5.3714805341368e-18,5.3714805341368e-18,5.3714805341368e-18,5.3714805341368e-18,5.3714805341368e-18,5.5112193311429e-18,5.3887032033284e-18,5.3714805341368e-18,5.3714805341368e-18,5.3714805341368e-18,5.3714805341368e-18,5.3714805341368e-18
"IGF",5.3714805341368e-18,5.3714805341368e-18,5.3714805341368e-18,7.06385266980561e-17,5.3714805341368e-18,5.3714805341368e-18,5.3714805341368e-18,1.40001118319082e-17,5.3714805341368e-18,5.3714805341368e-18,5.3714805341368e-18,5.3714805341368e-18,5.3714805341368e-18,5.3714805341368e-18,5.3714805341368e-18,5.3714805341368e-18,5.3714805341368e-18,5.3714805341368e-18,5.3714805341368e-18,4.72052657106605e-17,5.3714805341368e-18,1.04799295962548e-17,4.12674217037247e-15,3.50286970354179e-15,5.3714805341368e-18,8.62722070997466e-17,5.3714805341368e-18,5.3714805341368e-18,5.3714805341368e-18,5.3714805341368e-18,5.3714805341368e-18,5.45383736746517e-11,0.634883542890362,2.57691139660294e-14,0.0137736597016827,5.3714805341368e-18,5.3714805341368e-18,0.000445244880952494,5.3714805341368e-18,5.3714805341368e-18,5.3714805341368e-18,5.3714805341368e-18,NA,5.3714805341368e-18,5.3714805341368e-18,5.3714805341368e-18,7.6538704671983e-16,5.3714805341368e-18,8.55391085761235e-16,5.3714805341368e-18,5.3714805341368e-18,1.2388116796937e-13,5.3714805341368e-18,5.3714805341368e-18,5.3714805341368e-18,3.17179752267075e-12,5.3714805341368e-18,5.3714805341368e-18,5.3714805341368e-18,5.3714805341368e-18,5.3714805341368e-18,5.3714805341368e-18,8.81961179043531e-18,5.3714805341368e-18,1.71572028009061e-12,5.3887032033284e-18,5.3714805341368e-18,5.3714805341368e-18,5.3714805341368e-18,0.780901361720128,5.3714805341368e-18,5.3714805341368e-18,5.62930628044811e-18,5.3714805341368e-18,5.3714805341368e-18,0.0962203298350388,0.00484447892701927,0.00516320543253455,1.40001118319082e-17,9.28391587688472e-06,5.3714805341368e-18,5.11642251015781e-14,5.3714805341368e-18,5.3714805341368e-18,5.3714805341368e-18,5.16600572047673e-16,5.3714805341368e-18,5.3714805341368e-18,5.3714805341368e-18
"IL1",5.3714805341368e-18,5.3714805341368e-18,5.3714805341368e-18,5.3714805341368e-18,5.3714805341368e-18,5.3714805341368e-18,5.3714805341368e-18,5.3714805341368e-18,5.3714805341368e-18,5.3714805341368e-18,5.3714805341368e-18,5.3714805341368e-18,5.4191084658662e-15,5.3714805341368e-18,5.3714805341368e-18,5.3714805341368e-18,5.3887032033284e-18,5.3714805341368e-18,5.3714805341368e-18,5.3714805341368e-18,5.3714805341368e-18,5.3714805341368e-18,5.3714805341368e-18,5.3714805341368e-18,5.3714805341368e-18,5.3714805341368e-18,8.62722070997466e-17,5.3714805341368e-18,5.3714805341368e-18,7.41482236838171e-18,2.02205224871732e-15,5.3714805341368e-18,5.3714805341368e-18,5.3714805341368e-18,5.3714805341368e-18,5.3714805341368e-18,5.3714805341368e-18,5.3714805341368e-18,5.3714805341368e-18,5.77501384870303e-18,4.35413101755424e-12,5.3714805341368e-18,5.3714805341368e-18,NA,5.3714805341368e-18,5.3714805341368e-18,5.3714805341368e-18,5.3714805341368e-18,5.3714805341368e-18,5.3714805341368e-18,5.3714805341368e-18,5.3714805341368e-18,5.3714805341368e-18,5.3714805341368e-18,5.3714805341368e-18,5.3714805341368e-18,5.92844944668488e-18,5.3714805341368e-18,3.7345056238408e-14,5.3714805341368e-18,1.10980480011119e-17,5.3714805341368e-18,6.44313419611251e-18,2.59688240446538e-11,5.3714805341368e-18,5.3714805341368e-18,5.3714805341368e-18,0.262172660461458,0.0517700987348095,5.3714805341368e-18,5.3714805341368e-18,5.3714805341368e-18,5.3714805341368e-18,5.3714805341368e-18,5.3714805341368e-18,5.3714805341368e-18,5.3714805341368e-18,5.3714805341368e-18,5.3714805341368e-18,5.3714805341368e-18,5.3714805341368e-18,5.3714805341368e-18,5.3714805341368e-18,5.3714805341368e-18,5.3714805341368e-18,5.3714805341368e-18,5.3714805341368e-18,5.3714805341368e-18,1.55047224541322e-11
"JAM",8.14173566700204e-15,5.3714805341368e-18,7.92518955953919e-17,5.3714805341368e-18,5.3714805341368e-18,5.3714805341368e-18,1.04397721438761e-12,5.3714805341368e-18,5.3714805341368e-18,6.64962293721266e-14,2.48048758131049e-13,5.3714805341368e-18,5.3714805341368e-18,0.00255504051335301,5.3714805341368e-18,5.3714805341368e-18,5.3714805341368e-18,4.22879372028387e-13,5.3714805341368e-18,5.3714805341368e-18,8.85067086843812e-14,5.3714805341368e-18,5.3714805341368e-18,5.3714805341368e-18,5.3714805341368e-18,5.3714805341368e-18,5.3714805341368e-18,5.3714805341368e-18,5.3714805341368e-18,5.3714805341368e-18,5.3714805341368e-18,5.3714805341368e-18,5.3714805341368e-18,5.3714805341368e-18,5.3714805341368e-18,5.3714805341368e-18,5.3714805341368e-18,5.3714805341368e-18,5.3714805341368e-18,2.45180135248786e-15,5.3714805341368e-18,5.3714805341368e-18,5.3714805341368e-18,5.3714805341368e-18,NA,5.92844944668488e-18,5.3714805341368e-18,1.19412502054079e-15,5.3714805341368e-18,7.00212777280674e-18,5.3714805341368e-18,5.3714805341368e-18,5.3714805341368e-18,3.58343312065143e-12,7.29670509725053e-06,5.3714805341368e-18,5.3714805341368e-18,5.3714805341368e-18,2.09393896599754e-16,5.3714805341368e-18,5.3714805341368e-18,5.3714805341368e-18,5.3714805341368e-18,5.3714805341368e-18,5.3714805341368e-18,5.3714805341368e-18,5.3714805341368e-18,5.3714805341368e-18,5.3714805341368e-18,5.3714805341368e-18,9.33495356881977e-18,5.3714805341368e-18,5.3714805341368e-18,1.67419299732725e-12,5.3714805341368e-18,5.3714805341368e-18,5.3714805341368e-18,5.3714805341368e-18,5.3714805341368e-18,5.3714805341368e-18,5.3714805341368e-18,5.3714805341368e-18,5.3714805341368e-18,5.3714805341368e-18,3.365956050915e-13,5.3714805341368e-18,5.3714805341368e-18,5.3714805341368e-18,5.3714805341368e-18
"KIT",9.60367766486886e-18,5.3714805341368e-18,1.36101800145847e-17,5.3714805341368e-18,2.65270136900271e-08,5.3714805341368e-18,8.80642345291087e-11,5.3714805341368e-18,9.60367766486886e-18,1.10980480011119e-17,1.55455154331312e-12,5.3714805341368e-18,5.3714805341368e-18,5.3714805341368e-18,5.3714805341368e-18,5.3714805341368e-18,5.3714805341368e-18,1.24710568849177e-08,5.3714805341368e-18,5.3714805341368e-18,3.2037986398369e-05,5.3714805341368e-18,5.3714805341368e-18,5.3714805341368e-18,5.3714805341368e-18,5.3714805341368e-18,5.3714805341368e-18,5.3714805341368e-18,5.3714805341368e-18,5.3714805341368e-18,5.3714805341368e-18,5.3714805341368e-18,5.3714805341368e-18,5.3714805341368e-18,5.3714805341368e-18,5.3714805341368e-18,5.3714805341368e-18,5.3714805341368e-18,5.3714805341368e-18,0.523003863580356,5.3714805341368e-18,5.3714805341368e-18,5.3714805341368e-18,5.3714805341368e-18,5.92844944668488e-18,NA,5.3714805341368e-18,1.61469715004828e-17,5.3714805341368e-18,3.59857190804352e-15,2.64378363942378e-17,5.3714805341368e-18,5.3714805341368e-18,7.00211925535336e-13,6.80769537176024e-18,5.3714805341368e-18,5.3714805341368e-18,5.3714805341368e-18,9.07230227182281e-05,5.5112193311429e-18,5.3714805341368e-18,5.3714805341368e-18,5.3714805341368e-18,5.3714805341368e-18,5.3714805341368e-18,5.3714805341368e-18,5.3714805341368e-18,5.3714805341368e-18,5.3714805341368e-18,5.3714805341368e-18,3.05348203881873e-15,5.3714805341368e-18,5.3714805341368e-18,2.80663307796114e-12,5.3714805341368e-18,5.3714805341368e-18,5.3714805341368e-18,5.3714805341368e-18,5.3714805341368e-18,5.3714805341368e-18,2.09393896599754e-16,5.3714805341368e-18,5.3714805341368e-18,5.3714805341368e-18,4.88743547656665e-09,5.3714805341368e-18,5.3714805341368e-18,5.3714805341368e-18,5.3714805341368e-18
"LAMININ",5.3714805341368e-18,5.3714805341368e-18,5.3714805341368e-18,5.62930628044811e-18,5.3714805341368e-18,5.3714805341368e-18,5.3714805341368e-18,0.000703260428062063,5.3714805341368e-18,5.3714805341368e-18,5.3714805341368e-18,5.3714805341368e-18,5.3714805341368e-18,5.3714805341368e-18,5.3714805341368e-18,5.3714805341368e-18,5.3714805341368e-18,5.3714805341368e-18,5.3714805341368e-18,0.0521731759433309,5.3714805341368e-18,0.0288668167928852,5.3714805341368e-18,0.249309769638026,5.3714805341368e-18,0.117725230335623,5.3714805341368e-18,5.3714805341368e-18,5.3714805341368e-18,5.3714805341368e-18,5.3714805341368e-18,1.48134022406213e-17,3.11288939767659e-16,3.15666227908427e-05,2.74011569555145e-12,5.3714805341368e-18,5.3714805341368e-18,4.45694491931741e-17,5.3714805341368e-18,5.3714805341368e-18,5.3714805341368e-18,5.3714805341368e-18,7.6538704671983e-16,5.3714805341368e-18,5.3714805341368e-18,5.3714805341368e-18,NA,5.3714805341368e-18,0.385482212369468,5.3714805341368e-18,5.3714805341368e-18,0.0007119638606863,5.3714805341368e-18,5.3714805341368e-18,5.3714805341368e-18,0.000982427155777112,5.3714805341368e-18,5.3714805341368e-18,5.3714805341368e-18,5.3714805341368e-18,5.3714805341368e-18,5.3714805341368e-18,5.5112193311429e-18,5.3714805341368e-18,6.61645529090463e-18,5.3714805341368e-18,5.3714805341368e-18,5.3714805341368e-18,5.3714805341368e-18,7.6538704671983e-16,5.3714805341368e-18,5.3714805341368e-18,5.3714805341368e-18,5.3714805341368e-18,5.3714805341368e-18,2.86054725517998e-16,1.43481337110153e-14,2.8021533766264e-17,0.0493537916839016,1.06126384160042e-11,5.3714805341368e-18,0.000281136649481852,5.3714805341368e-18,5.3714805341368e-18,5.3714805341368e-18,0.726744083261468,5.3714805341368e-18,5.3714805341368e-18,5.3714805341368e-18
"LIFR",2.65270136900271e-08,5.3714805341368e-18,5.11642251015781e-14,5.3714805341368e-18,7.00212777280674e-18,5.3714805341368e-18,6.51754792308493e-09,5.3714805341368e-18,6.61645529090463e-18,0.0109106538246537,7.27530381193379e-10,5.3714805341368e-18,5.3714805341368e-18,8.22931000030521e-11,5.3714805341368e-18,5.3714805341368e-18,5.3714805341368e-18,1.82894838017501e-09,5.3714805341368e-18,5.3714805341368e-18,1.07975268674866e-10,5.3714805341368e-18,5.3714805341368e-18,5.3714805341368e-18,5.3714805341368e-18,5.3714805341368e-18,5.3714805341368e-18,5.3887032033284e-18,5.3714805341368e-18,5.3714805341368e-18,5.3714805341368e-18,5.3714805341368e-18,5.3714805341368e-18,5.3714805341368e-18,5.3714805341368e-18,5.3714805341368e-18,5.3714805341368e-18,5.3714805341368e-18,5.3714805341368e-18,4.67849198830387e-13,5.3714805341368e-18,5.3714805341368e-18,5.3714805341368e-18,5.3714805341368e-18,1.19412502054079e-15,1.61469715004828e-17,5.3714805341368e-18,NA,5.3714805341368e-18,4.72052657106605e-17,6.61645529090463e-18,5.3714805341368e-18,5.3887032033284e-18,6.99340799460154e-08,0.0172805507327741,5.3714805341368e-18,5.3714805341368e-18,5.3714805341368e-18,6.55740598431384e-15,5.3714805341368e-18,5.3714805341368e-18,5.3714805341368e-18,5.3714805341368e-18,5.3714805341368e-18,5.3714805341368e-18,5.3714805341368e-18,5.3714805341368e-18,5.3714805341368e-18,5.3714805341368e-18,5.3714805341368e-18,9.67314542953448e-17,5.3714805341368e-18,5.3714805341368e-18,3.04267520729041e-08,5.3714805341368e-18,5.3714805341368e-18,5.3714805341368e-18,5.3714805341368e-18,5.3714805341368e-18,5.3714805341368e-18,7.20672254252067e-18,5.3714805341368e-18,5.3714805341368e-18,5.3714805341368e-18,1.4182779979366e-09,5.3714805341368e-18,5.3714805341368e-18,5.5112193311429e-18,5.3714805341368e-18
"MPZ",5.3714805341368e-18,5.3714805341368e-18,5.3714805341368e-18,5.3887032033284e-18,5.3714805341368e-18,5.3714805341368e-18,5.3714805341368e-18,0.0119171764837048,5.3714805341368e-18,5.3714805341368e-18,5.3714805341368e-18,5.3714805341368e-18,5.3714805341368e-18,5.3714805341368e-18,5.3714805341368e-18,5.3714805341368e-18,5.3714805341368e-18,5.3714805341368e-18,5.3714805341368e-18,0.218332402073812,5.3714805341368e-18,0.15361583892411,6.0939749679077e-18,0.0269183625961171,5.3714805341368e-18,0.699029377952719,5.3714805341368e-18,5.3714805341368e-18,5.3714805341368e-18,5.3714805341368e-18,5.3714805341368e-18,5.3887032033284e-18,1.3648978811507e-16,1.17727125253526e-05,5.04698635234481e-13,5.3714805341368e-18,5.3714805341368e-18,2.62838884218944e-16,5.3714805341368e-18,5.3714805341368e-18,5.3714805341368e-18,5.3714805341368e-18,8.55391085761235e-16,5.3714805341368e-18,5.3714805341368e-18,5.3714805341368e-18,0.385482212369468,5.3714805341368e-18,NA,5.3714805341368e-18,5.3714805341368e-18,2.44017178185713e-05,5.3714805341368e-18,5.3714805341368e-18,5.3714805341368e-18,0.000462766820088368,5.3714805341368e-18,5.3714805341368e-18,5.3714805341368e-18,5.3714805341368e-18,5.3714805341368e-18,5.3714805341368e-18,5.3714805341368e-18,5.3714805341368e-18,8.07803588588195e-18,5.3887032033284e-18,5.3714805341368e-18,5.3714805341368e-18,5.3714805341368e-18,8.32143436566841e-16,5.3714805341368e-18,5.3714805341368e-18,5.3714805341368e-18,5.3714805341368e-18,5.3714805341368e-18,3.53255205468106e-17,2.31781209470765e-14,9.39907189083207e-17,0.0685318167483096,1.62531748195749e-11,5.3714805341368e-18,7.11063809692047e-05,5.3714805341368e-18,5.3714805341368e-18,5.3714805341368e-18,0.379935713019029,5.3714805341368e-18,5.3714805341368e-18,5.3714805341368e-18
"NCAM",1.28377884562579e-17,5.3714805341368e-18,1.3729842745079e-15,5.3714805341368e-18,1.17596127561008e-17,5.3714805341368e-18,2.84628691211592e-09,5.3714805341368e-18,1.2108684966806e-17,2.09720165312598e-17,2.3666329245219e-11,5.3714805341368e-18,5.3714805341368e-18,5.3714805341368e-18,5.3714805341368e-18,5.3714805341368e-18,5.3714805341368e-18,4.47888939673223e-06,5.3714805341368e-18,5.3714805341368e-18,0.00464280643184059,5.3714805341368e-18,5.3714805341368e-18,5.3714805341368e-18,5.3714805341368e-18,5.3714805341368e-18,5.3714805341368e-18,5.3714805341368e-18,5.3714805341368e-18,5.3714805341368e-18,5.3714805341368e-18,5.3714805341368e-18,5.3714805341368e-18,5.3714805341368e-18,5.3714805341368e-18,5.3714805341368e-18,5.3714805341368e-18,5.3714805341368e-18,5.3714805341368e-18,0.103949780193408,5.3714805341368e-18,5.3714805341368e-18,5.3714805341368e-18,5.3714805341368e-18,7.00212777280674e-18,3.59857190804352e-15,5.3714805341368e-18,4.72052657106605e-17,5.3714805341368e-18,NA,6.61645529090463e-18,5.3714805341368e-18,5.3714805341368e-18,3.09374697783286e-10,1.43965415465178e-17,5.3714805341368e-18,5.3714805341368e-18,5.3714805341368e-18,6.84116977297481e-06,5.3714805341368e-18,5.3714805341368e-18,5.3714805341368e-18,5.3714805341368e-18,5.3714805341368e-18,5.3714805341368e-18,5.3714805341368e-18,5.3714805341368e-18,5.3714805341368e-18,5.3714805341368e-18,5.3714805341368e-18,8.60911471994923e-07,5.3714805341368e-18,5.3714805341368e-18,1.54402667053713e-09,5.3714805341368e-18,5.3714805341368e-18,5.3714805341368e-18,5.3714805341368e-18,5.3714805341368e-18,5.3714805341368e-18,3.33454196265537e-17,5.3714805341368e-18,5.3714805341368e-18,5.3714805341368e-18,1.84367433129273e-06,5.3714805341368e-18,5.3714805341368e-18,5.3714805341368e-18,5.3714805341368e-18
"ncWNT",5.62930628044811e-18,5.3714805341368e-18,8.32168935987523e-18,5.3714805341368e-18,7.73955049950946e-13,5.3714805341368e-18,5.11642251015781e-14,5.3714805341368e-18,0.505332441018103,5.62930628044811e-18,1.41146672048715e-15,5.3714805341368e-18,5.3714805341368e-18,5.3714805341368e-18,5.3714805341368e-18,5.3714805341368e-18,5.3714805341368e-18,7.76964563666651e-14,5.3714805341368e-18,5.3714805341368e-18,2.10557708083847e-11,5.3714805341368e-18,5.3714805341368e-18,5.3714805341368e-18,5.3714805341368e-18,5.3714805341368e-18,5.3714805341368e-18,5.5112193311429e-18,5.3714805341368e-18,5.3714805341368e-18,5.3714805341368e-18,5.3714805341368e-18,5.3714805341368e-18,5.3714805341368e-18,5.3714805341368e-18,5.3714805341368e-18,5.3714805341368e-18,5.3714805341368e-18,5.3714805341368e-18,0.0259874057847019,5.3714805341368e-18,5.3714805341368e-18,5.3714805341368e-18,5.3714805341368e-18,5.3714805341368e-18,2.64378363942378e-17,5.3714805341368e-18,6.61645529090463e-18,5.3714805341368e-18,6.61645529090463e-18,NA,5.3714805341368e-18,5.3714805341368e-18,1.71721061477143e-16,5.62930628044811e-18,5.3714805341368e-18,5.3887032033284e-18,5.3714805341368e-18,0.0174384844676138,6.40017494778086e-11,5.3714805341368e-18,5.3714805341368e-18,5.3714805341368e-18,5.3714805341368e-18,5.3714805341368e-18,5.3714805341368e-18,5.3714805341368e-18,5.3714805341368e-18,5.3714805341368e-18,5.3714805341368e-18,5.3714805341368e-18,5.3714805341368e-18,5.3714805341368e-18,3.29383586395905e-16,5.92844944668488e-18,5.3714805341368e-18,5.3714805341368e-18,5.3714805341368e-18,5.3714805341368e-18,5.3714805341368e-18,0.71679216119351,5.3714805341368e-18,5.3714805341368e-18,5.3714805341368e-18,5.53597007293223e-14,5.3714805341368e-18,1.36101800145847e-17,3.11288939767659e-16,5.3714805341368e-18
"NECTIN",5.3714805341368e-18,5.3714805341368e-18,5.3714805341368e-18,5.5112193311429e-18,5.3714805341368e-18,5.3714805341368e-18,5.3714805341368e-18,7.86528314005552e-11,5.3714805341368e-18,5.3714805341368e-18,5.3714805341368e-18,5.3714805341368e-18,5.3714805341368e-18,5.3714805341368e-18,5.3714805341368e-18,5.3714805341368e-18,5.3714805341368e-18,5.3714805341368e-18,5.3714805341368e-18,1.92924952012445e-07,5.3714805341368e-18,1.10520933700647e-08,5.3887032033284e-18,0.0221370708281014,5.3714805341368e-18,2.22083087146574e-06,5.3714805341368e-18,5.3714805341368e-18,5.3714805341368e-18,5.3714805341368e-18,5.3714805341368e-18,8.156846282268e-17,2.25731387263526e-14,0.338625081466018,1.69421350952886e-07,5.3714805341368e-18,5.3714805341368e-18,9.56114163168348e-14,5.3714805341368e-18,5.3714805341368e-18,5.3714805341368e-18,5.3714805341368e-18,1.2388116796937e-13,5.3714805341368e-18,5.3714805341368e-18,5.3714805341368e-18,0.0007119638606863,5.3714805341368e-18,2.44017178185713e-05,5.3714805341368e-18,5.3714805341368e-18,NA,5.3714805341368e-18,5.3714805341368e-18,5.3714805341368e-18,0.968706647965796,5.3714805341368e-18,5.3714805341368e-18,5.3714805341368e-18,5.3714805341368e-18,5.3714805341368e-18,5.3714805341368e-18,5.3714805341368e-18,5.3714805341368e-18,7.63132622583902e-18,5.3714805341368e-18,5.3714805341368e-18,5.3714805341368e-18,5.3714805341368e-18,2.48048758131049e-13,5.3714805341368e-18,5.3714805341368e-18,5.3714805341368e-18,5.3714805341368e-18,5.3714805341368e-18,1.87355915217242e-14,2.89499988557515e-10,2.66332621707884e-15,2.21115302837247e-09,2.49609644445671e-07,5.3714805341368e-18,0.651521799467646,5.3714805341368e-18,5.3714805341368e-18,5.3714805341368e-18,1.23376619124763e-05,5.3714805341368e-18,5.3714805341368e-18,5.3714805341368e-18
"NEGR",5.3887032033284e-18,5.3714805341368e-18,5.3714805341368e-18,5.3714805341368e-18,5.3887032033284e-18,5.3714805341368e-18,6.0939749679077e-18,5.3714805341368e-18,5.3887032033284e-18,5.3714805341368e-18,5.3887032033284e-18,1.10520933700647e-08,5.3714805341368e-18,5.3714805341368e-18,5.3714805341368e-18,5.3714805341368e-18,1.37281621630344e-13,5.5112193311429e-18,5.3714805341368e-18,5.3714805341368e-18,5.77501384870303e-18,5.3714805341368e-18,5.3714805341368e-18,5.3714805341368e-18,5.3714805341368e-18,5.3714805341368e-18,5.3714805341368e-18,1.43965415465178e-17,5.3714805341368e-18,1.03949575751416e-15,5.3714805341368e-18,5.3714805341368e-18,5.3714805341368e-18,5.3714805341368e-18,5.3714805341368e-18,5.3714805341368e-18,5.3714805341368e-18,5.3714805341368e-18,5.3714805341368e-18,3.18717018026883e-14,5.3714805341368e-18,5.3714805341368e-18,5.3714805341368e-18,5.3714805341368e-18,5.3714805341368e-18,5.3714805341368e-18,5.3714805341368e-18,5.3887032033284e-18,5.3714805341368e-18,5.3714805341368e-18,5.3714805341368e-18,5.3714805341368e-18,NA,5.3887032033284e-18,5.3714805341368e-18,5.3714805341368e-18,7.51793219578104e-09,5.3714805341368e-18,0.000567635307675773,7.8591435638001e-18,5.311369862294e-16,5.3714805341368e-18,5.3714805341368e-18,2.56914042745561e-17,5.3714805341368e-18,5.3714805341368e-18,2.22083087146574e-06,5.3887032033284e-18,5.3714805341368e-18,5.3714805341368e-18,5.3714805341368e-18,0.107616608121324,5.3714805341368e-18,5.3887032033284e-18,2.65270136900271e-08,5.3714805341368e-18,5.3714805341368e-18,5.3714805341368e-18,5.3714805341368e-18,5.3714805341368e-18,5.3714805341368e-18,5.3714805341368e-18,5.3714805341368e-18,5.3714805341368e-18,5.5112193311429e-18,5.3714805341368e-18,4.99486698676202e-17,2.34727180134583e-16,1.28377884562579e-17
"Netrin",6.65104535728647e-09,5.3714805341368e-18,0.130341524294771,5.3714805341368e-18,2.57691139660294e-14,5.3714805341368e-18,0.0790819358000235,5.3714805341368e-18,3.20210327234657e-16,5.66098257592886e-08,0.0152977468722127,5.3887032033284e-18,5.3714805341368e-18,1.87224651526228e-11,5.3714805341368e-18,5.3714805341368e-18,5.3714805341368e-18,4.37273692131746e-14,5.3714805341368e-18,5.3714805341368e-18,1.08663040609087e-11,5.3714805341368e-18,5.3714805341368e-18,5.3714805341368e-18,5.3714805341368e-18,5.3714805341368e-18,5.3714805341368e-18,7.63132622583902e-18,5.3714805341368e-18,5.3714805341368e-18,5.3714805341368e-18,5.3714805341368e-18,5.3714805341368e-18,5.3714805341368e-18,5.3714805341368e-18,5.3714805341368e-18,5.3714805341368e-18,5.3714805341368e-18,5.3714805341368e-18,5.29303456501538e-17,5.3714805341368e-18,5.3714805341368e-18,5.3714805341368e-18,5.3714805341368e-18,3.58343312065143e-12,7.00211925535336e-13,5.3714805341368e-18,6.99340799460154e-08,5.3714805341368e-18,3.09374697783286e-10,1.71721061477143e-16,5.3714805341368e-18,5.3887032033284e-18,NA,1.6671740580389e-15,5.3714805341368e-18,5.3714805341368e-18,5.3714805341368e-18,1.40001118319082e-17,2.35453141534937e-17,5.3714805341368e-18,5.3714805341368e-18,5.3714805341368e-18,5.3714805341368e-18,5.3714805341368e-18,5.3714805341368e-18,5.3714805341368e-18,5.3714805341368e-18,5.3714805341368e-18,5.3714805341368e-18,3.42126428178023e-08,5.3714805341368e-18,5.3714805341368e-18,0.000567635307675773,5.3887032033284e-18,5.3714805341368e-18,5.3714805341368e-18,5.3714805341368e-18,5.3714805341368e-18,5.3714805341368e-18,9.04359327443327e-16,5.3714805341368e-18,5.3714805341368e-18,5.3714805341368e-18,7.18407031097343e-14,5.3714805341368e-18,6.61645529090463e-18,9.88951708437151e-18,5.3714805341368e-18
"NGL",0.00398897490246471,5.3714805341368e-18,1.2706898436893e-13,5.3714805341368e-18,6.0939749679077e-18,5.3714805341368e-18,0.313297693716502,5.3714805341368e-18,5.5112193311429e-18,0.0198423341680669,0.603583978112716,5.3714805341368e-18,5.3714805341368e-18,8.57003330370531e-05,5.3714805341368e-18,5.3714805341368e-18,5.3714805341368e-18,4.72052657106605e-17,5.3714805341368e-18,5.3714805341368e-18,5.3887032033284e-18,5.3714805341368e-18,5.3714805341368e-18,5.3714805341368e-18,5.3714805341368e-18,5.3714805341368e-18,5.3714805341368e-18,5.3714805341368e-18,5.3714805341368e-18,5.3714805341368e-18,5.3714805341368e-18,5.3714805341368e-18,5.3714805341368e-18,5.3714805341368e-18,5.3714805341368e-18,5.3714805341368e-18,5.3714805341368e-18,5.3714805341368e-18,5.3714805341368e-18,5.3714805341368e-18,5.3714805341368e-18,5.3714805341368e-18,5.3714805341368e-18,5.3714805341368e-18,7.29670509725053e-06,6.80769537176024e-18,5.3714805341368e-18,0.0172805507327741,5.3714805341368e-18,1.43965415465178e-17,5.62930628044811e-18,5.3714805341368e-18,5.3714805341368e-18,1.6671740580389e-15,NA,5.3714805341368e-18,5.3714805341368e-18,5.3714805341368e-18,5.5112193311429e-18,5.3714805341368e-18,5.3714805341368e-18,5.3714805341368e-18,5.3714805341368e-18,5.3714805341368e-18,5.3714805341368e-18,5.3714805341368e-18,5.3714805341368e-18,5.3714805341368e-18,5.3714805341368e-18,5.3714805341368e-18,1.32184182617734e-17,5.3714805341368e-18,5.3714805341368e-18,6.28893209626703e-16,5.3714805341368e-18,5.3714805341368e-18,5.3714805341368e-18,5.3714805341368e-18,5.3714805341368e-18,5.3714805341368e-18,5.5112193311429e-18,5.3714805341368e-18,5.3714805341368e-18,5.3714805341368e-18,4.8550393303088e-17,5.3714805341368e-18,5.3714805341368e-18,5.3714805341368e-18,5.3714805341368e-18
"NOTCH",5.3714805341368e-18,5.3714805341368e-18,5.3714805341368e-18,5.3887032033284e-18,5.3714805341368e-18,5.3714805341368e-18,5.3714805341368e-18,8.78135406377837e-08,5.3714805341368e-18,5.3714805341368e-18,5.3714805341368e-18,5.3714805341368e-18,5.3714805341368e-18,5.3714805341368e-18,5.3714805341368e-18,5.3714805341368e-18,5.3714805341368e-18,5.3714805341368e-18,5.3714805341368e-18,5.1473038771733e-07,5.3714805341368e-18,1.55485552317647e-08,6.80769537176024e-18,0.0246399043709789,5.3714805341368e-18,2.04142476669495e-06,5.3714805341368e-18,5.3714805341368e-18,5.3714805341368e-18,5.3714805341368e-18,5.3714805341368e-18,9.39907189083207e-17,2.42224877261506e-11,0.642112245595155,5.5282315898935e-07,5.3714805341368e-18,5.3714805341368e-18,5.72652444812489e-13,5.3714805341368e-18,5.3714805341368e-18,5.3714805341368e-18,5.3714805341368e-18,3.17179752267075e-12,5.3714805341368e-18,5.3714805341368e-18,5.3714805341368e-18,0.000982427155777112,5.3714805341368e-18,0.000462766820088368,5.3714805341368e-18,5.3714805341368e-18,0.968706647965796,5.3714805341368e-18,5.3714805341368e-18,5.3714805341368e-18,NA,5.3714805341368e-18,5.3714805341368e-18,5.3714805341368e-18,5.3714805341368e-18,5.3714805341368e-18,5.3714805341368e-18,5.3714805341368e-18,5.3714805341368e-18,7.41482236838171e-18,5.3887032033284e-18,5.3714805341368e-18,5.3714805341368e-18,5.3714805341368e-18,1.01225840949058e-11,5.3714805341368e-18,5.3714805341368e-18,5.3714805341368e-18,5.3714805341368e-18,5.3714805341368e-18,4.22879372028387e-13,1.40663723495393e-08,1.17637697035088e-13,4.79304577222664e-07,3.55389810001424e-06,5.3714805341368e-18,0.651521799467646,5.3714805341368e-18,5.3714805341368e-18,5.3714805341368e-18,0.000487044365455052,5.3714805341368e-18,5.3714805341368e-18,5.3714805341368e-18
"NPNT",5.3714805341368e-18,5.3714805341368e-18,5.3714805341368e-18,5.3714805341368e-18,5.3714805341368e-18,5.3714805341368e-18,5.3714805341368e-18,5.3714805341368e-18,5.3714805341368e-18,5.3714805341368e-18,5.3714805341368e-18,4.24497782947409e-16,4.13938416059636e-11,5.3714805341368e-18,5.3714805341368e-18,5.3714805341368e-18,0.0239922888627904,5.3714805341368e-18,5.3714805341368e-18,5.3714805341368e-18,5.3714805341368e-18,5.3714805341368e-18,5.3714805341368e-18,5.3714805341368e-18,5.3714805341368e-18,5.3714805341368e-18,5.3887032033284e-18,1.02420352662956e-16,5.3714805341368e-18,0.000380959447266177,5.3714805341368e-18,5.3714805341368e-18,5.3714805341368e-18,5.3714805341368e-18,5.3714805341368e-18,5.3714805341368e-18,5.3714805341368e-18,5.3714805341368e-18,5.3714805341368e-18,1.02420352662956e-16,5.87149204699319e-13,5.3714805341368e-18,5.3714805341368e-18,5.92844944668488e-18,5.3714805341368e-18,5.3714805341368e-18,5.3714805341368e-18,5.3714805341368e-18,5.3714805341368e-18,5.3714805341368e-18,5.3887032033284e-18,5.3714805341368e-18,7.51793219578104e-09,5.3714805341368e-18,5.3714805341368e-18,5.3714805341368e-18,NA,5.3714805341368e-18,1.24193262506301e-06,5.3714805341368e-18,1.7675778144958e-05,5.3714805341368e-18,5.62930628044811e-18,2.53734449457016e-11,5.3714805341368e-18,5.3714805341368e-18,0.00930698398534332,6.80769537176024e-18,1.24719328335158e-17,5.3714805341368e-18,5.3714805341368e-18,7.69187378113489e-08,5.3714805341368e-18,5.3887032033284e-18,6.6674718314111e-17,5.3714805341368e-18,5.3714805341368e-18,5.3714805341368e-18,5.3714805341368e-18,5.3714805341368e-18,5.3714805341368e-18,5.3714805341368e-18,5.3714805341368e-18,5.3714805341368e-18,5.3887032033284e-18,5.3714805341368e-18,5.62930628044811e-18,8.07803588588195e-18,3.11935426310488e-13
"NRG",5.3714805341368e-18,5.3714805341368e-18,5.3714805341368e-18,1.28377884562579e-17,5.3714805341368e-18,0.00752329174693672,5.3714805341368e-18,5.3714805341368e-18,5.3714805341368e-18,5.3714805341368e-18,5.3714805341368e-18,5.3714805341368e-18,5.3714805341368e-18,5.3714805341368e-18,9.04359327443327e-16,1.77736661683575e-13,5.3714805341368e-18,5.3714805341368e-18,5.3714805341368e-18,5.3714805341368e-18,5.3714805341368e-18,5.3714805341368e-18,5.3714805341368e-18,5.3714805341368e-18,4.85046730377205e-08,5.3714805341368e-18,5.3714805341368e-18,5.3714805341368e-18,1.60287265562537e-07,5.3714805341368e-18,5.3714805341368e-18,5.3714805341368e-18,5.3714805341368e-18,5.3714805341368e-18,5.3714805341368e-18,5.3714805341368e-18,5.77501384870303e-18,5.3714805341368e-18,1.55417693648544e-06,5.3714805341368e-18,5.3714805341368e-18,8.3611820344234e-15,5.3714805341368e-18,5.3714805341368e-18,5.3714805341368e-18,5.3714805341368e-18,5.3714805341368e-18,5.3714805341368e-18,5.3714805341368e-18,5.3714805341368e-18,5.3714805341368e-18,5.3714805341368e-18,5.3714805341368e-18,5.3714805341368e-18,5.3714805341368e-18,5.3714805341368e-18,5.3714805341368e-18,NA,5.3714805341368e-18,5.3714805341368e-18,5.3714805341368e-18,1.17596127561008e-17,3.92012560442179e-08,5.3714805341368e-18,5.3714805341368e-18,1.07880511484604e-17,5.3714805341368e-18,5.3714805341368e-18,5.3714805341368e-18,5.3714805341368e-18,5.3714805341368e-18,5.3714805341368e-18,6.61645529090463e-18,5.3714805341368e-18,5.3714805341368e-18,5.3714805341368e-18,5.3714805341368e-18,5.3714805341368e-18,5.3714805341368e-18,5.3714805341368e-18,5.3714805341368e-18,5.3714805341368e-18,5.3887032033284e-18,5.3714805341368e-18,5.3714805341368e-18,5.3714805341368e-18,5.3714805341368e-18,5.3714805341368e-18,5.3714805341368e-18
"NRXN",2.25883859418989e-15,5.62930628044811e-18,1.61046379383446e-09,5.3714805341368e-18,0.000604785552553887,5.3714805341368e-18,1.54899094134584e-10,5.3714805341368e-18,0.0298857086835351,5.4191084658662e-15,2.15518247943212e-11,0.0160359949967841,1.81304607296925e-10,3.48409441565436e-16,5.3714805341368e-18,5.3714805341368e-18,8.2979295513409e-08,4.32931821650265e-17,9.33495356881977e-18,5.3714805341368e-18,6.2640920942248e-18,5.3714805341368e-18,5.3714805341368e-18,5.3714805341368e-18,5.3714805341368e-18,5.3714805341368e-18,7.92518955953919e-17,0.450098333686864,5.3714805341368e-18,3.92012560442179e-08,1.01837493688843e-17,5.3714805341368e-18,5.3714805341368e-18,5.3714805341368e-18,5.3714805341368e-18,5.3714805341368e-18,5.3714805341368e-18,5.3714805341368e-18,5.3714805341368e-18,4.99486698676202e-17,6.25801570632609e-11,5.3714805341368e-18,5.3714805341368e-18,3.7345056238408e-14,2.09393896599754e-16,9.07230227182281e-05,5.3714805341368e-18,6.55740598431384e-15,5.3714805341368e-18,6.84116977297481e-06,0.0174384844676138,5.3714805341368e-18,0.000567635307675773,1.40001118319082e-17,5.5112193311429e-18,5.3714805341368e-18,1.24193262506301e-06,5.3714805341368e-18,NA,0.39854306473416,1.04056054019538e-08,5.3714805341368e-18,5.3887032033284e-18,2.53734449457016e-11,5.3714805341368e-18,5.3714805341368e-18,4.33455220930733e-06,9.81113774467106e-14,6.92293700551863e-15,5.3714805341368e-18,1.26334209303091e-06,9.20030256633957e-05,5.3714805341368e-18,1.56930704885946e-17,0.0322937583119669,5.3714805341368e-18,5.3714805341368e-18,5.3714805341368e-18,5.3714805341368e-18,5.3714805341368e-18,0.0283723860050013,5.3714805341368e-18,5.3714805341368e-18,5.3714805341368e-18,4.8550393303088e-17,5.3714805341368e-18,0.573279764701144,0.644418728832366,2.20593114518178e-11
"NT",5.3714805341368e-18,5.3714805341368e-18,5.62930628044811e-18,5.3714805341368e-18,1.48134022406213e-17,5.3714805341368e-18,7.6538704671983e-16,5.3714805341368e-18,9.93296319250235e-13,5.3714805341368e-18,4.99486698676202e-17,6.2640920942248e-18,5.3714805341368e-18,5.3714805341368e-18,5.3714805341368e-18,5.3714805341368e-18,5.3887032033284e-18,5.61764173703063e-16,5.3714805341368e-18,5.3714805341368e-18,8.82541668605368e-15,5.3714805341368e-18,5.3714805341368e-18,5.3714805341368e-18,5.3714805341368e-18,5.3714805341368e-18,5.3714805341368e-18,8.85067086843812e-14,5.3714805341368e-18,5.3714805341368e-18,5.3714805341368e-18,5.3714805341368e-18,5.3714805341368e-18,5.3714805341368e-18,5.3714805341368e-18,5.3714805341368e-18,5.3714805341368e-18,5.3714805341368e-18,5.3714805341368e-18,5.97363998364172e-05,5.3714805341368e-18,5.3714805341368e-18,5.3714805341368e-18,5.3714805341368e-18,5.3714805341368e-18,5.5112193311429e-18,5.3714805341368e-18,5.3714805341368e-18,5.3714805341368e-18,5.3714805341368e-18,6.40017494778086e-11,5.3714805341368e-18,7.8591435638001e-18,2.35453141534937e-17,5.3714805341368e-18,5.3714805341368e-18,5.3714805341368e-18,5.3714805341368e-18,0.39854306473416,NA,5.3714805341368e-18,5.3714805341368e-18,5.3714805341368e-18,5.3714805341368e-18,5.3714805341368e-18,5.3714805341368e-18,5.3714805341368e-18,5.3714805341368e-18,5.3714805341368e-18,5.3714805341368e-18,5.3714805341368e-18,5.3887032033284e-18,5.3714805341368e-18,4.20659382562484e-17,1.04799295962548e-17,5.3714805341368e-18,5.3714805341368e-18,5.3714805341368e-18,5.3714805341368e-18,5.3714805341368e-18,6.40017494778086e-11,5.3714805341368e-18,5.3714805341368e-18,5.3714805341368e-18,4.88401873997857e-16,5.3714805341368e-18,7.06385266980561e-17,9.4530149782458e-13,5.3714805341368e-18
"OCLN",5.3714805341368e-18,5.3714805341368e-18,5.3714805341368e-18,5.3714805341368e-18,5.3714805341368e-18,5.3714805341368e-18,5.3887032033284e-18,5.3714805341368e-18,5.3887032033284e-18,5.3714805341368e-18,5.3714805341368e-18,6.2640920942248e-18,2.07658838880866e-07,5.3714805341368e-18,5.3714805341368e-18,5.3714805341368e-18,0.0814467220641999,5.3714805341368e-18,5.3714805341368e-18,5.3714805341368e-18,5.3714805341368e-18,5.3714805341368e-18,5.3714805341368e-18,5.3714805341368e-18,5.3714805341368e-18,5.3714805341368e-18,5.3714805341368e-18,5.3714805341368e-18,5.3714805341368e-18,0.0888862116876991,5.3714805341368e-18,5.3714805341368e-18,5.3714805341368e-18,5.3714805341368e-18,5.3714805341368e-18,5.3714805341368e-18,5.3714805341368e-18,5.3714805341368e-18,5.3714805341368e-18,1.98007923546106e-17,2.78538814293434e-11,5.3714805341368e-18,5.3714805341368e-18,1.10980480011119e-17,5.3714805341368e-18,5.3714805341368e-18,5.3714805341368e-18,5.3714805341368e-18,5.3714805341368e-18,5.3714805341368e-18,5.3714805341368e-18,5.3714805341368e-18,5.311369862294e-16,5.3714805341368e-18,5.3714805341368e-18,5.3714805341368e-18,1.7675778144958e-05,5.3714805341368e-18,1.04056054019538e-08,5.3714805341368e-18,NA,5.3714805341368e-18,5.3887032033284e-18,0.000209129188148991,5.3714805341368e-18,5.3714805341368e-18,3.04145622618864e-13,1.17596127561008e-17,6.80769537176024e-18,5.3714805341368e-18,5.3714805341368e-18,4.61859071782928e-16,5.3714805341368e-18,5.3714805341368e-18,6.6674718314111e-17,5.3714805341368e-18,5.3714805341368e-18,5.3714805341368e-18,5.3714805341368e-18,5.3714805341368e-18,5.3714805341368e-18,5.3714805341368e-18,5.3714805341368e-18,5.3714805341368e-18,5.3714805341368e-18,5.3714805341368e-18,5.3714805341368e-18,3.85269186367346e-17,2.04142476669495e-06
"PCDH",5.3714805341368e-18,5.3714805341368e-18,5.3714805341368e-18,5.3714805341368e-18,5.3714805341368e-18,9.06784962009111e-18,5.3714805341368e-18,5.3714805341368e-18,5.3714805341368e-18,5.3714805341368e-18,5.3714805341368e-18,5.3714805341368e-18,5.3714805341368e-18,5.3714805341368e-18,0.192514817020456,5.3714805341368e-18,5.3714805341368e-18,5.3714805341368e-18,2.70390437732516e-16,5.3714805341368e-18,5.3714805341368e-18,5.3714805341368e-18,5.3714805341368e-18,5.3714805341368e-18,5.3714805341368e-18,5.3714805341368e-18,5.3714805341368e-18,5.3714805341368e-18,9.4530149782458e-13,5.3714805341368e-18,5.3714805341368e-18,5.3714805341368e-18,5.3714805341368e-18,5.3714805341368e-18,5.3714805341368e-18,1.81582848691211e-17,4.75503617623034e-11,5.3714805341368e-18,5.3887032033284e-18,5.3714805341368e-18,5.3714805341368e-18,0.171163299191563,5.3714805341368e-18,5.3714805341368e-18,5.3714805341368e-18,5.3714805341368e-18,5.3714805341368e-18,5.3714805341368e-18,5.3714805341368e-18,5.3714805341368e-18,5.3714805341368e-18,5.3714805341368e-18,5.3714805341368e-18,5.3714805341368e-18,5.3714805341368e-18,5.3714805341368e-18,5.3714805341368e-18,1.17596127561008e-17,5.3714805341368e-18,5.3714805341368e-18,5.3714805341368e-18,NA,2.07563640262065e-09,5.3714805341368e-18,5.3714805341368e-18,5.3714805341368e-18,5.3714805341368e-18,5.3714805341368e-18,5.3714805341368e-18,5.3714805341368e-18,5.3714805341368e-18,5.3714805341368e-18,5.3714805341368e-18,5.3714805341368e-18,5.3714805341368e-18,5.3714805341368e-18,5.3714805341368e-18,5.3714805341368e-18,5.3714805341368e-18,5.3714805341368e-18,5.3714805341368e-18,5.3714805341368e-18,2.96895378676045e-17,5.3714805341368e-18,5.3714805341368e-18,5.3714805341368e-18,5.3714805341368e-18,5.3714805341368e-18,5.3714805341368e-18
"PDGF",5.3714805341368e-18,1.11560626785615e-16,5.3714805341368e-18,0.105399007486257,5.3714805341368e-18,2.9961048984494e-07,5.3714805341368e-18,5.3714805341368e-18,5.3714805341368e-18,5.3714805341368e-18,5.3714805341368e-18,5.3714805341368e-18,5.3887032033284e-18,5.3714805341368e-18,1.86772123274976e-09,0.00092407969158293,5.3887032033284e-18,5.3714805341368e-18,1.57770666767389e-15,5.3714805341368e-18,5.3714805341368e-18,5.3714805341368e-18,8.60978904174117e-11,5.3714805341368e-18,1.60816242422865e-06,5.3714805341368e-18,9.33495356881977e-18,5.3714805341368e-18,4.05522857875701e-09,5.3714805341368e-18,1.92456542327104e-17,1.35920392359732e-09,6.44313419611251e-18,5.3714805341368e-18,6.2640920942248e-18,9.93296319250235e-13,3.85547513794566e-10,4.99470857284037e-15,2.14778672175655e-06,5.3714805341368e-18,5.3714805341368e-18,3.65474404459155e-09,8.81961179043531e-18,6.44313419611251e-18,5.3714805341368e-18,5.3714805341368e-18,5.5112193311429e-18,5.3714805341368e-18,5.3714805341368e-18,5.3714805341368e-18,5.3714805341368e-18,5.3714805341368e-18,5.3714805341368e-18,5.3714805341368e-18,5.3714805341368e-18,5.3714805341368e-18,5.62930628044811e-18,3.92012560442179e-08,5.3887032033284e-18,5.3714805341368e-18,5.3887032033284e-18,2.07563640262065e-09,NA,6.2640920942248e-18,3.16232233594896e-10,0.632589513072159,5.3714805341368e-18,6.61645529090463e-18,9.06784962009111e-18,1.04799295962548e-17,5.3714805341368e-18,5.3714805341368e-18,0.0888862116876991,5.3714805341368e-18,5.3714805341368e-18,2.1589740021369e-17,6.0939749679077e-18,8.38750344074673e-17,5.3714805341368e-18,5.3887032033284e-18,5.3714805341368e-18,5.3714805341368e-18,1.2706898436893e-13,4.6044170722426e-15,5.3714805341368e-18,5.3714805341368e-18,5.3714805341368e-18,5.3714805341368e-18,6.0939749679077e-18
"PECAM1",5.3714805341368e-18,5.3887032033284e-18,5.3714805341368e-18,5.3714805341368e-18,5.3714805341368e-18,5.3714805341368e-18,5.3714805341368e-18,5.3714805341368e-18,5.3714805341368e-18,5.3714805341368e-18,5.3714805341368e-18,5.62930628044811e-18,0.185588457298612,5.3714805341368e-18,5.3714805341368e-18,5.3714805341368e-18,2.78155734637937e-16,5.3714805341368e-18,5.3714805341368e-18,5.3714805341368e-18,5.3887032033284e-18,5.3714805341368e-18,5.3714805341368e-18,5.3714805341368e-18,5.3714805341368e-18,5.3714805341368e-18,3.85269186367346e-17,5.3887032033284e-18,5.3714805341368e-18,1.54450283288125e-07,1.16148720223288e-15,5.3714805341368e-18,5.3714805341368e-18,5.3714805341368e-18,5.3714805341368e-18,5.3714805341368e-18,5.3714805341368e-18,5.3714805341368e-18,5.3714805341368e-18,1.56930704885946e-17,0.75256471202051,5.3714805341368e-18,5.3714805341368e-18,2.59688240446538e-11,5.3714805341368e-18,5.3714805341368e-18,5.3714805341368e-18,5.3714805341368e-18,5.3714805341368e-18,5.3714805341368e-18,5.3714805341368e-18,5.3714805341368e-18,2.56914042745561e-17,5.3714805341368e-18,5.3714805341368e-18,5.3714805341368e-18,2.53734449457016e-11,5.3714805341368e-18,2.53734449457016e-11,5.3714805341368e-18,0.000209129188148991,5.3714805341368e-18,6.2640920942248e-18,NA,5.3714805341368e-18,5.3714805341368e-18,4.99470857284037e-15,3.99132595478056e-06,4.07500063318382e-08,5.3714805341368e-18,5.3714805341368e-18,1.76163340567055e-15,5.3714805341368e-18,5.3714805341368e-18,5.3887032033284e-18,5.3714805341368e-18,5.3714805341368e-18,5.3714805341368e-18,5.3714805341368e-18,5.3714805341368e-18,5.3714805341368e-18,5.3714805341368e-18,5.3714805341368e-18,5.3714805341368e-18,5.3714805341368e-18,5.3714805341368e-18,5.3714805341368e-18,5.3887032033284e-18,0.0620078010169969
"PECAM2",5.3714805341368e-18,5.3714805341368e-18,5.3714805341368e-18,2.55199271093145e-08,5.3714805341368e-18,5.5112193311429e-18,5.3714805341368e-18,5.3714805341368e-18,5.3714805341368e-18,5.3714805341368e-18,5.3714805341368e-18,5.3714805341368e-18,5.3714805341368e-18,5.3714805341368e-18,5.3714805341368e-18,5.77171876330539e-17,5.3714805341368e-18,5.3714805341368e-18,5.3714805341368e-18,6.2640920942248e-18,5.3714805341368e-18,5.3714805341368e-18,0.547858218805858,9.60367766486886e-18,5.3887032033284e-18,8.07803588588195e-18,5.3714805341368e-18,5.3714805341368e-18,5.3714805341368e-18,5.3714805341368e-18,5.3714805341368e-18,0.871378736758639,1.03335310181313e-13,8.07803588588195e-18,9.56114163168348e-14,5.3714805341368e-18,5.3714805341368e-18,6.6246190222963e-06,5.3714805341368e-18,5.3714805341368e-18,5.3714805341368e-18,5.3714805341368e-18,1.71572028009061e-12,5.3714805341368e-18,5.3714805341368e-18,5.3714805341368e-18,6.61645529090463e-18,5.3714805341368e-18,8.07803588588195e-18,5.3714805341368e-18,5.3714805341368e-18,7.63132622583902e-18,5.3714805341368e-18,5.3714805341368e-18,5.3714805341368e-18,7.41482236838171e-18,5.3714805341368e-18,5.3714805341368e-18,5.3714805341368e-18,5.3714805341368e-18,5.3714805341368e-18,5.3714805341368e-18,3.16232233594896e-10,5.3714805341368e-18,NA,5.11642251015781e-14,5.3714805341368e-18,5.3714805341368e-18,5.3714805341368e-18,2.25113105516337e-12,5.3714805341368e-18,5.3714805341368e-18,7.21808800657054e-09,5.3714805341368e-18,5.3714805341368e-18,7.51490308829153e-11,1.92268443344179e-16,1.81288469837268e-06,5.3714805341368e-18,1.96721912089035e-15,5.3714805341368e-18,5.77501384870303e-18,5.3714805341368e-18,5.3714805341368e-18,5.3714805341368e-18,6.2640920942248e-18,5.3714805341368e-18,5.3714805341368e-18,5.3714805341368e-18
"PROS",5.3714805341368e-18,5.3714805341368e-18,5.3714805341368e-18,0.2892464561474,5.3714805341368e-18,2.86054725517998e-16,5.3714805341368e-18,5.3714805341368e-18,5.3714805341368e-18,5.3714805341368e-18,5.3714805341368e-18,5.3714805341368e-18,5.3714805341368e-18,5.3714805341368e-18,5.3714805341368e-18,2.03904302557629e-07,5.3714805341368e-18,5.3714805341368e-18,5.3714805341368e-18,5.3714805341368e-18,5.3714805341368e-18,5.3714805341368e-18,3.7345056238408e-14,5.3714805341368e-18,6.82262148069787e-14,5.3714805341368e-18,5.3714805341368e-18,5.3714805341368e-18,5.3714805341368e-18,5.3714805341368e-18,5.3714805341368e-18,1.00930719160883e-10,5.3887032033284e-18,5.3887032033284e-18,7.63132622583902e-18,5.3714805341368e-18,5.3714805341368e-18,6.6674718314111e-17,9.56086599007261e-16,5.3714805341368e-18,5.3714805341368e-18,5.3714805341368e-18,5.3887032033284e-18,5.3714805341368e-18,5.3714805341368e-18,5.3714805341368e-18,5.3714805341368e-18,5.3714805341368e-18,5.3887032033284e-18,5.3714805341368e-18,5.3714805341368e-18,5.3714805341368e-18,5.3714805341368e-18,5.3714805341368e-18,5.3714805341368e-18,5.3887032033284e-18,5.3714805341368e-18,1.07880511484604e-17,5.3714805341368e-18,5.3714805341368e-18,5.3714805341368e-18,5.3714805341368e-18,0.632589513072159,5.3714805341368e-18,5.11642251015781e-14,NA,5.3714805341368e-18,5.3714805341368e-18,5.3714805341368e-18,1.10980480011119e-17,5.3714805341368e-18,5.3714805341368e-18,0.0177627942729828,5.3714805341368e-18,5.3714805341368e-18,9.06784962009111e-18,5.3714805341368e-18,4.8550393303088e-17,5.3714805341368e-18,5.62930628044811e-18,5.3714805341368e-18,5.3714805341368e-18,5.3714805341368e-18,5.3714805341368e-18,5.3714805341368e-18,5.3714805341368e-18,5.3714805341368e-18,5.3714805341368e-18,5.3714805341368e-18
"Prostaglandin",5.3714805341368e-18,5.3714805341368e-18,5.3714805341368e-18,5.3714805341368e-18,5.3714805341368e-18,5.3714805341368e-18,5.77501384870303e-18,5.3714805341368e-18,5.3887032033284e-18,5.3714805341368e-18,5.3887032033284e-18,5.311369862294e-16,1.71376295852213e-15,5.3714805341368e-18,5.3714805341368e-18,5.3714805341368e-18,4.79304577222664e-07,5.3714805341368e-18,5.3714805341368e-18,5.3714805341368e-18,5.3887032033284e-18,5.3714805341368e-18,5.3714805341368e-18,5.3714805341368e-18,5.3714805341368e-18,5.3714805341368e-18,5.3714805341368e-18,5.61046149022532e-17,5.3714805341368e-18,3.53004184372983e-10,5.3714805341368e-18,5.3714805341368e-18,5.3714805341368e-18,5.3714805341368e-18,5.3714805341368e-18,5.3714805341368e-18,5.3714805341368e-18,5.3714805341368e-18,5.3714805341368e-18,3.90118149511754e-16,2.49580138801963e-17,5.3714805341368e-18,5.3714805341368e-18,5.3714805341368e-18,5.3714805341368e-18,5.3714805341368e-18,5.3714805341368e-18,5.3714805341368e-18,5.3714805341368e-18,5.3714805341368e-18,5.3714805341368e-18,5.3714805341368e-18,2.22083087146574e-06,5.3714805341368e-18,5.3714805341368e-18,5.3714805341368e-18,0.00930698398534332,5.3714805341368e-18,4.33455220930733e-06,5.3714805341368e-18,3.04145622618864e-13,5.3714805341368e-18,5.3714805341368e-18,4.99470857284037e-15,5.3714805341368e-18,5.3714805341368e-18,NA,5.3714805341368e-18,5.5112193311429e-18,5.3714805341368e-18,5.3714805341368e-18,2.62891760484382e-06,5.3714805341368e-18,5.3714805341368e-18,2.41482217557633e-16,5.3714805341368e-18,5.3714805341368e-18,5.3714805341368e-18,5.3714805341368e-18,5.3714805341368e-18,5.3714805341368e-18,5.3714805341368e-18,5.3714805341368e-18,5.3714805341368e-18,5.3714805341368e-18,5.3714805341368e-18,5.62930628044811e-18,5.77171876330539e-17,3.79279773643861e-16
"PSAP",5.3714805341368e-18,5.3887032033284e-18,5.3714805341368e-18,5.3714805341368e-18,5.3714805341368e-18,5.3714805341368e-18,5.3714805341368e-18,5.3714805341368e-18,5.3714805341368e-18,5.3714805341368e-18,5.3714805341368e-18,5.3714805341368e-18,2.81742830564128e-13,5.3714805341368e-18,5.3714805341368e-18,5.3714805341368e-18,1.52421796708431e-17,5.3714805341368e-18,5.3714805341368e-18,5.3714805341368e-18,5.3714805341368e-18,5.3714805341368e-18,5.3714805341368e-18,5.3714805341368e-18,5.3714805341368e-18,5.3714805341368e-18,3.02703512083088e-16,5.3714805341368e-18,5.3714805341368e-18,5.62930628044811e-18,2.96895378676045e-17,5.3714805341368e-18,5.3714805341368e-18,5.3714805341368e-18,5.3714805341368e-18,5.3714805341368e-18,5.3714805341368e-18,5.3714805341368e-18,5.3714805341368e-18,6.61645529090463e-18,9.4301282104474e-10,5.3714805341368e-18,5.3714805341368e-18,0.262172660461458,5.3714805341368e-18,5.3714805341368e-18,5.3714805341368e-18,5.3714805341368e-18,5.3714805341368e-18,5.3714805341368e-18,5.3714805341368e-18,5.3714805341368e-18,5.3887032033284e-18,5.3714805341368e-18,5.3714805341368e-18,5.3714805341368e-18,6.80769537176024e-18,5.3714805341368e-18,9.81113774467106e-14,5.3714805341368e-18,1.17596127561008e-17,5.3714805341368e-18,6.61645529090463e-18,3.99132595478056e-06,5.3714805341368e-18,5.3714805341368e-18,5.3714805341368e-18,NA,0.00164600869489858,5.3714805341368e-18,5.3714805341368e-18,5.3714805341368e-18,5.3714805341368e-18,5.3714805341368e-18,5.3887032033284e-18,5.3714805341368e-18,5.3714805341368e-18,5.3714805341368e-18,5.3714805341368e-18,5.3714805341368e-18,5.3714805341368e-18,5.3714805341368e-18,5.3714805341368e-18,5.3714805341368e-18,5.3714805341368e-18,5.3714805341368e-18,5.3714805341368e-18,5.3887032033284e-18,1.88015068098955e-05
"PTN",5.3714805341368e-18,5.5112193311429e-18,5.3714805341368e-18,5.3714805341368e-18,5.3714805341368e-18,5.3714805341368e-18,5.3714805341368e-18,5.3714805341368e-18,5.3714805341368e-18,5.3714805341368e-18,5.3714805341368e-18,5.3714805341368e-18,5.3714805341368e-18,5.3714805341368e-18,5.3714805341368e-18,5.3714805341368e-18,2.22323378797074e-17,5.3714805341368e-18,7.41482236838171e-18,5.3714805341368e-18,5.3714805341368e-18,5.3714805341368e-18,5.3714805341368e-18,5.3714805341368e-18,5.3714805341368e-18,5.3714805341368e-18,1.92392845765071e-14,5.3714805341368e-18,5.3714805341368e-18,6.61645529090463e-18,4.01141500490995e-16,5.3714805341368e-18,5.3714805341368e-18,5.3714805341368e-18,5.3714805341368e-18,5.3714805341368e-18,5.3714805341368e-18,5.3714805341368e-18,5.3714805341368e-18,5.62930628044811e-18,2.42377440720089e-17,5.3714805341368e-18,5.3714805341368e-18,0.0517700987348095,5.3714805341368e-18,5.3714805341368e-18,5.3714805341368e-18,5.3714805341368e-18,5.3714805341368e-18,5.3714805341368e-18,5.3714805341368e-18,5.3714805341368e-18,5.3714805341368e-18,5.3714805341368e-18,5.3714805341368e-18,5.3714805341368e-18,1.24719328335158e-17,5.3714805341368e-18,6.92293700551863e-15,5.3714805341368e-18,6.80769537176024e-18,5.3714805341368e-18,9.06784962009111e-18,4.07500063318382e-08,5.3714805341368e-18,5.3714805341368e-18,5.5112193311429e-18,0.00164600869489858,NA,5.3714805341368e-18,5.3714805341368e-18,5.3714805341368e-18,5.3714805341368e-18,5.3714805341368e-18,5.3714805341368e-18,5.3714805341368e-18,5.3714805341368e-18,5.3714805341368e-18,5.3714805341368e-18,5.3714805341368e-18,5.3714805341368e-18,5.3714805341368e-18,5.3714805341368e-18,5.3714805341368e-18,5.3714805341368e-18,5.3714805341368e-18,5.3714805341368e-18,5.3714805341368e-18,1.21107936999471e-07
"PTPR",5.3714805341368e-18,5.3714805341368e-18,5.3714805341368e-18,1.92456542327104e-17,5.3714805341368e-18,5.3714805341368e-18,5.3714805341368e-18,6.44313419611251e-18,5.3714805341368e-18,5.3714805341368e-18,5.3714805341368e-18,5.3714805341368e-18,5.3714805341368e-18,5.3714805341368e-18,5.3714805341368e-18,5.3887032033284e-18,5.3714805341368e-18,5.3714805341368e-18,5.3714805341368e-18,9.13543568298545e-17,5.3714805341368e-18,1.10980480011119e-17,2.89279695180274e-15,2.38691618916741e-15,5.3714805341368e-18,8.38750344074673e-17,5.3714805341368e-18,5.3714805341368e-18,5.3714805341368e-18,5.3714805341368e-18,5.3714805341368e-18,3.50712099745191e-09,0.890160149776985,7.54942257912777e-13,0.0447685193989003,5.3714805341368e-18,5.3714805341368e-18,0.00637476890234502,5.3887032033284e-18,5.3714805341368e-18,5.3714805341368e-18,5.3714805341368e-18,0.780901361720128,5.3714805341368e-18,5.3714805341368e-18,5.3714805341368e-18,7.6538704671983e-16,5.3714805341368e-18,8.32143436566841e-16,5.3714805341368e-18,5.3714805341368e-18,2.48048758131049e-13,5.3714805341368e-18,5.3714805341368e-18,5.3714805341368e-18,1.01225840949058e-11,5.3714805341368e-18,5.3714805341368e-18,5.3714805341368e-18,5.3714805341368e-18,5.3714805341368e-18,5.3714805341368e-18,1.04799295962548e-17,5.3714805341368e-18,2.25113105516337e-12,1.10980480011119e-17,5.3714805341368e-18,5.3714805341368e-18,5.3714805341368e-18,NA,5.3714805341368e-18,5.3714805341368e-18,1.43965415465178e-17,5.3714805341368e-18,5.3714805341368e-18,0.391077015796054,0.00998040929770197,0.0191283684480032,1.61469715004828e-17,0.000262999968182994,5.3714805341368e-18,3.83374921609344e-14,5.3714805341368e-18,5.3714805341368e-18,5.3714805341368e-18,2.48428778752848e-16,5.3714805341368e-18,5.3714805341368e-18,5.3714805341368e-18
"PTPRM",1.98007923546106e-17,5.3714805341368e-18,7.18407031097343e-14,5.3714805341368e-18,5.3714805341368e-18,5.3714805341368e-18,3.62731092916364e-08,5.3714805341368e-18,6.0939749679077e-18,3.85269186367346e-17,3.23238059942818e-10,5.3714805341368e-18,5.3714805341368e-18,6.44313419611251e-18,5.3714805341368e-18,5.3714805341368e-18,5.3714805341368e-18,0.000229906863771053,5.3714805341368e-18,5.3714805341368e-18,0.112191158070888,5.3714805341368e-18,5.3714805341368e-18,5.3714805341368e-18,5.3714805341368e-18,5.3714805341368e-18,5.3714805341368e-18,5.3714805341368e-18,5.3714805341368e-18,5.3714805341368e-18,5.3714805341368e-18,5.3714805341368e-18,5.3714805341368e-18,5.3714805341368e-18,5.3714805341368e-18,5.3714805341368e-18,5.3714805341368e-18,5.3714805341368e-18,5.3714805341368e-18,0.0125064662918998,5.3714805341368e-18,5.3714805341368e-18,5.3714805341368e-18,5.3714805341368e-18,9.33495356881977e-18,3.05348203881873e-15,5.3714805341368e-18,9.67314542953448e-17,5.3714805341368e-18,8.60911471994923e-07,5.3714805341368e-18,5.3714805341368e-18,5.3714805341368e-18,3.42126428178023e-08,1.32184182617734e-17,5.3714805341368e-18,5.3714805341368e-18,5.3714805341368e-18,1.26334209303091e-06,5.3714805341368e-18,5.3714805341368e-18,5.3714805341368e-18,5.3714805341368e-18,5.3714805341368e-18,5.3714805341368e-18,5.3714805341368e-18,5.3714805341368e-18,5.3714805341368e-18,5.3714805341368e-18,5.3714805341368e-18,NA,5.3714805341368e-18,5.3714805341368e-18,1.40723549465621e-07,5.3714805341368e-18,5.3714805341368e-18,5.3714805341368e-18,5.3714805341368e-18,5.3714805341368e-18,5.3714805341368e-18,8.07803588588195e-18,5.3714805341368e-18,5.3714805341368e-18,5.3714805341368e-18,9.46395346764885e-05,5.3714805341368e-18,5.3714805341368e-18,5.3714805341368e-18,5.3714805341368e-18
"RA",5.3714805341368e-18,5.3714805341368e-18,5.3714805341368e-18,5.3714805341368e-18,5.3714805341368e-18,5.3714805341368e-18,6.44313419611251e-18,5.3714805341368e-18,1.92456542327104e-17,5.3714805341368e-18,5.3887032033284e-18,2.35453141534937e-17,2.64378363942378e-17,5.3714805341368e-18,5.3714805341368e-18,5.3714805341368e-18,5.45383736746517e-11,5.3714805341368e-18,5.3714805341368e-18,5.3714805341368e-18,5.5112193311429e-18,5.3714805341368e-18,5.3714805341368e-18,5.3714805341368e-18,5.3714805341368e-18,5.3714805341368e-18,5.3714805341368e-18,8.32143436566841e-16,5.3714805341368e-18,8.87639268628494e-17,5.3714805341368e-18,5.3714805341368e-18,5.3714805341368e-18,5.3714805341368e-18,5.3714805341368e-18,5.3714805341368e-18,5.3714805341368e-18,5.3714805341368e-18,5.3714805341368e-18,3.05348203881873e-15,6.61645529090463e-18,5.3714805341368e-18,5.3714805341368e-18,5.3714805341368e-18,5.3714805341368e-18,5.3714805341368e-18,5.3714805341368e-18,5.3714805341368e-18,5.3714805341368e-18,5.3714805341368e-18,5.3714805341368e-18,5.3714805341368e-18,0.107616608121324,5.3714805341368e-18,5.3714805341368e-18,5.3714805341368e-18,7.69187378113489e-08,5.3714805341368e-18,9.20030256633957e-05,5.3887032033284e-18,4.61859071782928e-16,5.3714805341368e-18,5.3714805341368e-18,1.76163340567055e-15,5.3714805341368e-18,5.3714805341368e-18,2.62891760484382e-06,5.3714805341368e-18,5.3714805341368e-18,5.3714805341368e-18,5.3714805341368e-18,NA,5.3714805341368e-18,5.3714805341368e-18,2.61037810978781e-13,5.3714805341368e-18,5.3714805341368e-18,5.3714805341368e-18,5.3714805341368e-18,5.3714805341368e-18,5.3714805341368e-18,5.3714805341368e-18,5.3714805341368e-18,5.3714805341368e-18,5.3887032033284e-18,5.3714805341368e-18,5.3714805341368e-18,1.71721061477143e-16,7.92518955953919e-17
"RELN",5.3714805341368e-18,5.3714805341368e-18,5.3714805341368e-18,0.3947996917054,5.3714805341368e-18,3.74561734537555e-17,5.3714805341368e-18,5.3714805341368e-18,5.3714805341368e-18,5.3714805341368e-18,5.3714805341368e-18,5.3714805341368e-18,5.3714805341368e-18,5.3714805341368e-18,5.3714805341368e-18,4.68105509888854e-12,5.3714805341368e-18,5.3714805341368e-18,5.3714805341368e-18,5.3714805341368e-18,5.3714805341368e-18,5.3714805341368e-18,2.42421709724101e-10,5.3714805341368e-18,1.44564394714086e-16,5.3714805341368e-18,5.3714805341368e-18,5.3714805341368e-18,5.3714805341368e-18,5.3714805341368e-18,5.3714805341368e-18,2.58888701417443e-07,6.61645529090463e-18,5.3714805341368e-18,1.04799295962548e-17,5.3714805341368e-18,5.3714805341368e-18,1.86985655590683e-16,1.92268443344179e-16,5.3714805341368e-18,5.3714805341368e-18,5.3714805341368e-18,5.62930628044811e-18,5.3714805341368e-18,5.3714805341368e-18,5.3714805341368e-18,5.3714805341368e-18,5.3714805341368e-18,5.3714805341368e-18,5.3714805341368e-18,5.3714805341368e-18,5.3714805341368e-18,5.3714805341368e-18,5.3714805341368e-18,5.3714805341368e-18,5.3714805341368e-18,5.3714805341368e-18,6.61645529090463e-18,5.3714805341368e-18,5.3714805341368e-18,5.3714805341368e-18,5.3714805341368e-18,0.0888862116876991,5.3714805341368e-18,7.21808800657054e-09,0.0177627942729828,5.3714805341368e-18,5.3714805341368e-18,5.3714805341368e-18,1.43965415465178e-17,5.3714805341368e-18,5.3714805341368e-18,NA,5.3714805341368e-18,5.3714805341368e-18,2.03717374611713e-17,5.3714805341368e-18,1.81736136959092e-16,5.3714805341368e-18,5.3714805341368e-18,5.3714805341368e-18,5.3714805341368e-18,5.3714805341368e-18,5.3714805341368e-18,5.3714805341368e-18,5.3714805341368e-18,5.3714805341368e-18,5.3714805341368e-18,5.3714805341368e-18
"SEMA3",2.30603212363793e-09,5.3714805341368e-18,0.260773845579243,5.3714805341368e-18,9.08240408539114e-14,5.3714805341368e-18,0.050958361036183,5.3714805341368e-18,7.44773312175928e-16,2.31267703038568e-08,0.00894165372647881,5.3887032033284e-18,5.3714805341368e-18,1.34523368585354e-11,5.3714805341368e-18,5.3714805341368e-18,5.3714805341368e-18,1.68833807566933e-13,5.3714805341368e-18,5.3714805341368e-18,4.97623645625387e-11,5.3714805341368e-18,5.3714805341368e-18,5.3714805341368e-18,5.3714805341368e-18,5.3714805341368e-18,5.3714805341368e-18,9.06784962009111e-18,5.3714805341368e-18,5.3714805341368e-18,5.3714805341368e-18,5.3714805341368e-18,5.3714805341368e-18,5.3714805341368e-18,5.3714805341368e-18,5.3714805341368e-18,5.3714805341368e-18,5.3714805341368e-18,5.3714805341368e-18,8.38750344074673e-17,5.3714805341368e-18,5.3714805341368e-18,5.3714805341368e-18,5.3714805341368e-18,1.67419299732725e-12,2.80663307796114e-12,5.3714805341368e-18,3.04267520729041e-08,5.3714805341368e-18,1.54402667053713e-09,3.29383586395905e-16,5.3714805341368e-18,5.3887032033284e-18,0.000567635307675773,6.28893209626703e-16,5.3714805341368e-18,5.3887032033284e-18,5.3714805341368e-18,1.56930704885946e-17,4.20659382562484e-17,5.3714805341368e-18,5.3714805341368e-18,5.3714805341368e-18,5.3714805341368e-18,5.3714805341368e-18,5.3714805341368e-18,5.3714805341368e-18,5.3714805341368e-18,5.3714805341368e-18,5.3714805341368e-18,1.40723549465621e-07,5.3714805341368e-18,5.3714805341368e-18,NA,5.77501384870303e-18,5.3714805341368e-18,5.3714805341368e-18,5.3714805341368e-18,5.3714805341368e-18,5.3714805341368e-18,1.6671740580389e-15,5.3714805341368e-18,5.3714805341368e-18,5.3714805341368e-18,1.82333235932385e-13,5.3714805341368e-18,7.8591435638001e-18,1.01837493688843e-17,5.3714805341368e-18
"SEMA4",5.3714805341368e-18,5.3714805341368e-18,5.3714805341368e-18,5.3714805341368e-18,5.3714805341368e-18,5.3714805341368e-18,8.56707990762344e-18,5.3714805341368e-18,5.3714805341368e-18,5.3714805341368e-18,6.0939749679077e-18,0.269520099391169,7.00212777280674e-18,5.3714805341368e-18,5.3714805341368e-18,5.3714805341368e-18,8.81961179043531e-18,7.00212777280674e-18,5.3714805341368e-18,5.3714805341368e-18,6.2640920942248e-18,5.3714805341368e-18,5.3714805341368e-18,5.3714805341368e-18,5.3714805341368e-18,5.3714805341368e-18,5.3714805341368e-18,3.4355017839241e-09,5.3714805341368e-18,7.20672254252067e-18,5.3714805341368e-18,5.3714805341368e-18,5.3714805341368e-18,5.3714805341368e-18,5.3714805341368e-18,5.3714805341368e-18,5.3714805341368e-18,5.3714805341368e-18,5.3714805341368e-18,1.82902664086243e-11,5.3887032033284e-18,5.3714805341368e-18,5.3714805341368e-18,5.3714805341368e-18,5.3714805341368e-18,5.3714805341368e-18,5.3714805341368e-18,5.3714805341368e-18,5.3714805341368e-18,5.3714805341368e-18,5.92844944668488e-18,5.3714805341368e-18,2.65270136900271e-08,5.3887032033284e-18,5.3714805341368e-18,5.3714805341368e-18,6.6674718314111e-17,5.3714805341368e-18,0.0322937583119669,1.04799295962548e-17,6.6674718314111e-17,5.3714805341368e-18,5.3714805341368e-18,5.3887032033284e-18,5.3714805341368e-18,5.3714805341368e-18,2.41482217557633e-16,5.3887032033284e-18,5.3714805341368e-18,5.3714805341368e-18,5.3714805341368e-18,2.61037810978781e-13,5.3714805341368e-18,5.77501384870303e-18,NA,5.3714805341368e-18,5.3714805341368e-18,5.3714805341368e-18,5.3714805341368e-18,5.3714805341368e-18,5.3887032033284e-18,5.3714805341368e-18,5.3714805341368e-18,5.3714805341368e-18,9.06784962009111e-18,5.3714805341368e-18,4.36608112859581e-16,1.66190446414875e-17,5.62930628044811e-18
"SEMA5",5.3714805341368e-18,5.3714805341368e-18,5.3714805341368e-18,8.38750344074673e-17,5.3714805341368e-18,5.3714805341368e-18,5.3714805341368e-18,5.77501384870303e-18,5.3714805341368e-18,5.3714805341368e-18,5.3714805341368e-18,5.3714805341368e-18,5.3714805341368e-18,5.3714805341368e-18,5.3714805341368e-18,7.41482236838171e-18,5.3714805341368e-18,5.3714805341368e-18,5.3714805341368e-18,1.17596127561008e-17,5.3714805341368e-18,1.52421796708431e-17,3.80111204057056e-15,3.02703512083088e-16,5.3714805341368e-18,1.32184182617734e-17,5.3714805341368e-18,5.3714805341368e-18,5.3714805341368e-18,5.3714805341368e-18,5.3714805341368e-18,1.82337426982537e-08,0.0578038984138068,2.44434292306678e-14,0.000512640465892799,5.3714805341368e-18,5.3714805341368e-18,0.0166480732474134,5.3714805341368e-18,5.3714805341368e-18,5.3714805341368e-18,5.3714805341368e-18,0.0962203298350388,5.3714805341368e-18,5.3714805341368e-18,5.3714805341368e-18,2.86054725517998e-16,5.3714805341368e-18,3.53255205468106e-17,5.3714805341368e-18,5.3714805341368e-18,1.87355915217242e-14,5.3714805341368e-18,5.3714805341368e-18,5.3714805341368e-18,4.22879372028387e-13,5.3714805341368e-18,5.3714805341368e-18,5.3714805341368e-18,5.3714805341368e-18,5.3714805341368e-18,5.3714805341368e-18,2.1589740021369e-17,5.3714805341368e-18,7.51490308829153e-11,9.06784962009111e-18,5.3714805341368e-18,5.3714805341368e-18,5.3714805341368e-18,0.391077015796054,5.3714805341368e-18,5.3714805341368e-18,2.03717374611713e-17,5.3714805341368e-18,5.3714805341368e-18,NA,2.55387494846507e-05,0.101845201534958,5.3714805341368e-18,5.10498133499387e-06,5.3714805341368e-18,4.61859071782928e-16,5.3714805341368e-18,5.3714805341368e-18,5.3714805341368e-18,1.98007923546106e-17,5.3714805341368e-18,5.3714805341368e-18,5.3714805341368e-18
"SEMA6",5.3714805341368e-18,5.3714805341368e-18,5.3714805341368e-18,2.03717374611713e-17,5.3714805341368e-18,5.3714805341368e-18,5.3714805341368e-18,1.07880511484604e-17,5.3714805341368e-18,5.3714805341368e-18,5.3714805341368e-18,5.3714805341368e-18,5.3714805341368e-18,5.3714805341368e-18,5.3714805341368e-18,5.3714805341368e-18,5.3714805341368e-18,5.3714805341368e-18,5.3714805341368e-18,2.55572210120285e-16,5.3714805341368e-18,2.15429895823977e-16,2.72141023839932e-17,1.43481337110153e-14,5.3714805341368e-18,8.55391085761235e-16,5.3714805341368e-18,5.3714805341368e-18,5.3714805341368e-18,5.3714805341368e-18,5.3714805341368e-18,4.02129497550607e-13,0.00474267425837033,2.64978570875265e-10,0.839185806244681,5.3714805341368e-18,5.3714805341368e-18,7.69187378113489e-08,5.3714805341368e-18,5.3714805341368e-18,5.3714805341368e-18,5.3714805341368e-18,0.00484447892701927,5.3714805341368e-18,5.3714805341368e-18,5.3714805341368e-18,1.43481337110153e-14,5.3714805341368e-18,2.31781209470765e-14,5.3714805341368e-18,5.3714805341368e-18,2.89499988557515e-10,5.3714805341368e-18,5.3714805341368e-18,5.3714805341368e-18,1.40663723495393e-08,5.3714805341368e-18,5.3714805341368e-18,5.3714805341368e-18,5.3714805341368e-18,5.3714805341368e-18,5.3714805341368e-18,6.0939749679077e-18,5.3714805341368e-18,1.92268443344179e-16,5.3714805341368e-18,5.3714805341368e-18,5.3714805341368e-18,5.3714805341368e-18,0.00998040929770197,5.3714805341368e-18,5.3714805341368e-18,5.3714805341368e-18,5.3714805341368e-18,5.3714805341368e-18,2.55387494846507e-05,NA,3.34096740243799e-07,8.87639268628494e-17,0.103244510147344,5.3714805341368e-18,1.19484576217425e-11,5.3714805341368e-18,5.3714805341368e-18,5.3714805341368e-18,8.62722070997466e-17,5.3714805341368e-18,5.3714805341368e-18,5.3714805341368e-18
"SEMA7",5.3714805341368e-18,5.3714805341368e-18,5.3714805341368e-18,4.99470857284037e-15,5.3714805341368e-18,5.3714805341368e-18,5.3714805341368e-18,9.60367766486886e-18,5.3714805341368e-18,5.3714805341368e-18,5.3714805341368e-18,5.3714805341368e-18,5.3714805341368e-18,5.3714805341368e-18,5.3714805341368e-18,9.06784962009111e-18,5.3714805341368e-18,5.3714805341368e-18,5.3714805341368e-18,2.35453141534937e-17,5.3714805341368e-18,1.43965415465178e-17,8.22931000030521e-11,1.05403243445112e-16,5.3714805341368e-18,1.1427735290097e-17,5.3714805341368e-18,5.3714805341368e-18,5.3714805341368e-18,5.3714805341368e-18,5.3714805341368e-18,1.07130866508739e-05,0.00123691643716723,4.75018780755258e-16,2.26088915678301e-05,5.3714805341368e-18,5.3714805341368e-18,0.589686243616453,5.3714805341368e-18,5.3714805341368e-18,5.3714805341368e-18,5.3714805341368e-18,0.00516320543253455,5.3714805341368e-18,5.3714805341368e-18,5.3714805341368e-18,2.8021533766264e-17,5.3714805341368e-18,9.39907189083207e-17,5.3714805341368e-18,5.3714805341368e-18,2.66332621707884e-15,5.3714805341368e-18,5.3714805341368e-18,5.3714805341368e-18,1.17637697035088e-13,5.3714805341368e-18,5.3714805341368e-18,5.3714805341368e-18,5.3714805341368e-18,5.3714805341368e-18,5.3714805341368e-18,8.38750344074673e-17,5.3714805341368e-18,1.81288469837268e-06,4.8550393303088e-17,5.3714805341368e-18,5.3714805341368e-18,5.3714805341368e-18,0.0191283684480032,5.3714805341368e-18,5.3714805341368e-18,1.81736136959092e-16,5.3714805341368e-18,5.3714805341368e-18,0.101845201534958,3.34096740243799e-07,NA,2.35453141534937e-17,2.70486088805292e-08,5.3714805341368e-18,1.09882522639707e-15,5.3714805341368e-18,5.3714805341368e-18,5.3714805341368e-18,4.72052657106605e-17,5.3714805341368e-18,5.3714805341368e-18,5.3714805341368e-18
"SLIT",5.3714805341368e-18,5.3714805341368e-18,5.3714805341368e-18,5.3714805341368e-18,5.3714805341368e-18,5.3714805341368e-18,5.3714805341368e-18,0.303539796469474,5.3714805341368e-18,5.3714805341368e-18,5.3714805341368e-18,5.3714805341368e-18,5.3714805341368e-18,5.3714805341368e-18,5.3714805341368e-18,5.3714805341368e-18,5.3714805341368e-18,5.3714805341368e-18,5.3714805341368e-18,0.770743842790677,5.3714805341368e-18,0.812586355469572,5.3714805341368e-18,0.000480930068520738,5.3714805341368e-18,0.220868800771391,5.3714805341368e-18,5.3714805341368e-18,5.3714805341368e-18,5.3714805341368e-18,5.3714805341368e-18,9.60367766486886e-18,1.10980480011119e-17,1.07975268674866e-10,6.48353962097022e-17,5.3714805341368e-18,5.3714805341368e-18,9.06784962009111e-18,5.3714805341368e-18,5.3714805341368e-18,5.3714805341368e-18,5.3714805341368e-18,1.40001118319082e-17,5.3714805341368e-18,5.3714805341368e-18,5.3714805341368e-18,0.0493537916839016,5.3714805341368e-18,0.0685318167483096,5.3714805341368e-18,5.3714805341368e-18,2.21115302837247e-09,5.3714805341368e-18,5.3714805341368e-18,5.3714805341368e-18,4.79304577222664e-07,5.3714805341368e-18,5.3714805341368e-18,5.3714805341368e-18,5.3714805341368e-18,5.3714805341368e-18,5.3714805341368e-18,5.3714805341368e-18,5.3714805341368e-18,5.3714805341368e-18,5.3714805341368e-18,5.3714805341368e-18,5.3714805341368e-18,5.3714805341368e-18,1.61469715004828e-17,5.3714805341368e-18,5.3714805341368e-18,5.3714805341368e-18,5.3714805341368e-18,5.3714805341368e-18,5.3714805341368e-18,8.87639268628494e-17,2.35453141534937e-17,NA,1.96721912089035e-15,5.3714805341368e-18,2.09520145664439e-08,5.3714805341368e-18,5.3714805341368e-18,5.3714805341368e-18,0.0331296155963733,5.3714805341368e-18,5.3714805341368e-18,5.3714805341368e-18
"TENASCIN",5.3714805341368e-18,5.3714805341368e-18,5.3714805341368e-18,1.40001118319082e-17,5.3714805341368e-18,5.3714805341368e-18,5.3714805341368e-18,3.48409441565436e-16,5.3714805341368e-18,5.3714805341368e-18,5.3714805341368e-18,5.3714805341368e-18,5.3714805341368e-18,5.3714805341368e-18,5.3714805341368e-18,5.3714805341368e-18,5.3714805341368e-18,5.3714805341368e-18,5.3714805341368e-18,1.51288940661104e-14,5.3714805341368e-18,2.97294623599499e-15,2.03717374611713e-17,3.53004184372983e-10,5.3714805341368e-18,6.38276745443807e-15,5.3714805341368e-18,5.3714805341368e-18,5.3714805341368e-18,5.3714805341368e-18,5.3714805341368e-18,7.00206602766718e-14,0.00015683963542763,3.22225308087176e-07,0.278535370800958,5.3714805341368e-18,5.3714805341368e-18,2.40553623757122e-08,5.3714805341368e-18,5.3714805341368e-18,5.3714805341368e-18,5.3714805341368e-18,9.28391587688472e-06,5.3714805341368e-18,5.3714805341368e-18,5.3714805341368e-18,1.06126384160042e-11,5.3714805341368e-18,1.62531748195749e-11,5.3714805341368e-18,5.3714805341368e-18,2.49609644445671e-07,5.3714805341368e-18,5.3714805341368e-18,5.3714805341368e-18,3.55389810001424e-06,5.3714805341368e-18,5.3714805341368e-18,5.3714805341368e-18,5.3714805341368e-18,5.3714805341368e-18,5.3714805341368e-18,5.3887032033284e-18,5.3714805341368e-18,1.96721912089035e-15,5.62930628044811e-18,5.3714805341368e-18,5.3714805341368e-18,5.3714805341368e-18,0.000262999968182994,5.3714805341368e-18,5.3714805341368e-18,5.3714805341368e-18,5.3714805341368e-18,5.3714805341368e-18,5.10498133499387e-06,0.103244510147344,2.70486088805292e-08,1.96721912089035e-15,NA,5.3714805341368e-18,2.33614116950577e-06,5.3714805341368e-18,5.3714805341368e-18,5.3714805341368e-18,6.82979065045264e-13,5.3714805341368e-18,5.3714805341368e-18,5.3714805341368e-18
"Testosterone",5.62930628044811e-18,5.3714805341368e-18,5.62930628044811e-18,5.3714805341368e-18,1.78780298876291e-08,5.3714805341368e-18,1.51288940661104e-14,5.3714805341368e-18,0.356156321180309,5.5112193311429e-18,5.16600572047673e-16,5.3714805341368e-18,5.3714805341368e-18,5.3714805341368e-18,5.3714805341368e-18,5.3714805341368e-18,5.3714805341368e-18,3.72652135382107e-13,5.3714805341368e-18,5.3714805341368e-18,1.26474773074654e-10,5.3714805341368e-18,5.3714805341368e-18,5.3714805341368e-18,5.3714805341368e-18,5.3714805341368e-18,5.3714805341368e-18,1.71154621558642e-17,5.3714805341368e-18,5.3714805341368e-18,5.3714805341368e-18,5.3714805341368e-18,5.3714805341368e-18,5.3714805341368e-18,5.3714805341368e-18,5.3714805341368e-18,5.3714805341368e-18,5.3714805341368e-18,5.3714805341368e-18,0.0235708375711683,5.3714805341368e-18,5.3714805341368e-18,5.3714805341368e-18,5.3714805341368e-18,5.3714805341368e-18,2.09393896599754e-16,5.3714805341368e-18,7.20672254252067e-18,5.3714805341368e-18,3.33454196265537e-17,0.71679216119351,5.3714805341368e-18,5.3714805341368e-18,9.04359327443327e-16,5.5112193311429e-18,5.3714805341368e-18,5.3714805341368e-18,5.3714805341368e-18,0.0283723860050013,6.40017494778086e-11,5.3714805341368e-18,5.3714805341368e-18,5.3714805341368e-18,5.3714805341368e-18,5.3714805341368e-18,5.3714805341368e-18,5.3714805341368e-18,5.3714805341368e-18,5.3714805341368e-18,5.3714805341368e-18,8.07803588588195e-18,5.3714805341368e-18,5.3714805341368e-18,1.6671740580389e-15,5.3887032033284e-18,5.3714805341368e-18,5.3714805341368e-18,5.3714805341368e-18,5.3714805341368e-18,5.3714805341368e-18,NA,5.3714805341368e-18,5.3714805341368e-18,5.3714805341368e-18,3.28201364304003e-13,5.3714805341368e-18,5.94118376332274e-17,2.96895378676045e-17,5.3714805341368e-18
"TGFb",5.3714805341368e-18,5.3714805341368e-18,5.3714805341368e-18,5.3887032033284e-18,5.3714805341368e-18,5.3714805341368e-18,5.3714805341368e-18,8.10799433025675e-10,5.3714805341368e-18,5.3714805341368e-18,5.3714805341368e-18,5.3714805341368e-18,5.3714805341368e-18,5.3714805341368e-18,5.3714805341368e-18,5.3714805341368e-18,5.3714805341368e-18,5.3714805341368e-18,5.3714805341368e-18,1.46058497689321e-07,5.3714805341368e-18,6.84484890797796e-07,5.77501384870303e-18,0.055154235678123,5.3714805341368e-18,1.23376619124763e-05,5.3714805341368e-18,5.3714805341368e-18,5.3714805341368e-18,5.3714805341368e-18,5.3714805341368e-18,1.53109558286031e-16,1.47355794277749e-14,0.603583978112716,8.15662790115202e-09,5.3714805341368e-18,5.3714805341368e-18,2.45180135248786e-15,5.3714805341368e-18,5.3714805341368e-18,5.3714805341368e-18,5.3714805341368e-18,5.11642251015781e-14,5.3714805341368e-18,5.3714805341368e-18,5.3714805341368e-18,0.000281136649481852,5.3714805341368e-18,7.11063809692047e-05,5.3714805341368e-18,5.3714805341368e-18,0.651521799467646,5.3714805341368e-18,5.3714805341368e-18,5.3714805341368e-18,0.651521799467646,5.3714805341368e-18,5.3714805341368e-18,5.3714805341368e-18,5.3714805341368e-18,5.3714805341368e-18,5.3714805341368e-18,5.3714805341368e-18,5.3714805341368e-18,5.77501384870303e-18,5.3714805341368e-18,5.3714805341368e-18,5.3714805341368e-18,5.3714805341368e-18,3.83374921609344e-14,5.3714805341368e-18,5.3714805341368e-18,5.3714805341368e-18,5.3714805341368e-18,5.3714805341368e-18,4.61859071782928e-16,1.19484576217425e-11,1.09882522639707e-15,2.09520145664439e-08,2.33614116950577e-06,5.3714805341368e-18,NA,5.3714805341368e-18,5.3714805341368e-18,5.3714805341368e-18,0.000113760594176337,5.3714805341368e-18,5.3714805341368e-18,5.3714805341368e-18
"THBS",5.3714805341368e-18,1.48134022406213e-17,5.3714805341368e-18,5.3714805341368e-18,5.3714805341368e-18,5.3714805341368e-18,5.3714805341368e-18,5.3714805341368e-18,5.3714805341368e-18,5.3714805341368e-18,5.3714805341368e-18,5.3714805341368e-18,5.3714805341368e-18,5.3714805341368e-18,1.06875505721166e-15,5.3714805341368e-18,5.3714805341368e-18,5.3714805341368e-18,2.63616486096109e-07,5.3714805341368e-18,5.3714805341368e-18,5.3714805341368e-18,5.3714805341368e-18,5.3714805341368e-18,5.3714805341368e-18,5.3714805341368e-18,5.3714805341368e-18,5.3714805341368e-18,8.07803588588195e-18,5.3714805341368e-18,5.3887032033284e-18,5.3714805341368e-18,5.3714805341368e-18,5.3714805341368e-18,5.3714805341368e-18,0.423865663705634,3.59118555787595e-07,5.3714805341368e-18,5.3714805341368e-18,5.3714805341368e-18,5.3714805341368e-18,5.5112193311429e-18,5.3714805341368e-18,5.3714805341368e-18,5.3714805341368e-18,5.3714805341368e-18,5.3714805341368e-18,5.3714805341368e-18,5.3714805341368e-18,5.3714805341368e-18,5.3714805341368e-18,5.3714805341368e-18,5.3714805341368e-18,5.3714805341368e-18,5.3714805341368e-18,5.3714805341368e-18,5.3714805341368e-18,5.3887032033284e-18,5.3714805341368e-18,5.3714805341368e-18,5.3714805341368e-18,2.96895378676045e-17,1.2706898436893e-13,5.3714805341368e-18,5.3714805341368e-18,5.3714805341368e-18,5.3714805341368e-18,5.3714805341368e-18,5.3714805341368e-18,5.3714805341368e-18,5.3714805341368e-18,5.3714805341368e-18,5.3714805341368e-18,5.3714805341368e-18,5.3714805341368e-18,5.3714805341368e-18,5.3714805341368e-18,5.3714805341368e-18,5.3714805341368e-18,5.3714805341368e-18,5.3714805341368e-18,5.3714805341368e-18,NA,1.1275101357918e-08,5.3714805341368e-18,5.3714805341368e-18,5.3714805341368e-18,5.3714805341368e-18,5.3714805341368e-18
"TULP",5.3714805341368e-18,4.01141500490995e-16,5.3714805341368e-18,5.3714805341368e-18,5.3714805341368e-18,5.3714805341368e-18,5.3714805341368e-18,5.3714805341368e-18,5.3714805341368e-18,5.3714805341368e-18,5.3714805341368e-18,5.3714805341368e-18,5.3714805341368e-18,5.3714805341368e-18,5.3714805341368e-18,5.3714805341368e-18,5.3714805341368e-18,5.3714805341368e-18,0.00489547132678952,5.3714805341368e-18,5.3714805341368e-18,5.3714805341368e-18,5.3714805341368e-18,5.3714805341368e-18,5.3714805341368e-18,5.3714805341368e-18,5.92844944668488e-18,5.3714805341368e-18,5.3887032033284e-18,5.3714805341368e-18,7.00212777280674e-18,5.3714805341368e-18,5.3714805341368e-18,5.3714805341368e-18,5.3714805341368e-18,9.03338166231228e-10,4.88401873997857e-16,5.3714805341368e-18,5.3714805341368e-18,5.3714805341368e-18,5.3714805341368e-18,5.3887032033284e-18,5.3714805341368e-18,5.3714805341368e-18,5.3714805341368e-18,5.3714805341368e-18,5.3714805341368e-18,5.3714805341368e-18,5.3714805341368e-18,5.3714805341368e-18,5.3714805341368e-18,5.3714805341368e-18,5.3714805341368e-18,5.3714805341368e-18,5.3714805341368e-18,5.3714805341368e-18,5.3714805341368e-18,5.3714805341368e-18,5.3714805341368e-18,5.3714805341368e-18,5.3714805341368e-18,5.3714805341368e-18,4.6044170722426e-15,5.3714805341368e-18,5.3714805341368e-18,5.3714805341368e-18,5.3714805341368e-18,5.3714805341368e-18,5.3714805341368e-18,5.3714805341368e-18,5.3714805341368e-18,5.3714805341368e-18,5.3714805341368e-18,5.3714805341368e-18,5.3714805341368e-18,5.3714805341368e-18,5.3714805341368e-18,5.3714805341368e-18,5.3714805341368e-18,5.3714805341368e-18,5.3714805341368e-18,5.3714805341368e-18,1.1275101357918e-08,NA,5.3714805341368e-18,5.3714805341368e-18,5.3714805341368e-18,5.3714805341368e-18,5.3714805341368e-18
"UNC5",1.07975268674866e-10,5.3714805341368e-18,0.778458675357359,5.3714805341368e-18,5.33226993334577e-11,5.3714805341368e-18,0.00816337047499912,5.3714805341368e-18,4.37273692131746e-14,1.51181707012586e-09,0.00168481620176955,6.44313419611251e-18,5.3714805341368e-18,9.22428085615751e-13,5.3714805341368e-18,5.3714805341368e-18,5.3714805341368e-18,0.155575486277768,5.3714805341368e-18,5.3714805341368e-18,8.60911471994923e-07,5.3714805341368e-18,5.3714805341368e-18,5.3714805341368e-18,5.3714805341368e-18,5.3714805341368e-18,5.3714805341368e-18,2.03717374611713e-17,5.3714805341368e-18,5.3714805341368e-18,5.3714805341368e-18,5.3714805341368e-18,5.3714805341368e-18,5.3714805341368e-18,5.3714805341368e-18,5.3714805341368e-18,5.3714805341368e-18,5.3714805341368e-18,5.3714805341368e-18,3.31599034668572e-15,5.3714805341368e-18,5.3714805341368e-18,5.3714805341368e-18,5.3714805341368e-18,3.365956050915e-13,4.88743547656665e-09,5.3714805341368e-18,1.4182779979366e-09,5.3714805341368e-18,1.84367433129273e-06,5.53597007293223e-14,5.3714805341368e-18,5.5112193311429e-18,7.18407031097343e-14,4.8550393303088e-17,5.3714805341368e-18,5.3887032033284e-18,5.3714805341368e-18,4.8550393303088e-17,4.88401873997857e-16,5.3714805341368e-18,5.3714805341368e-18,5.3714805341368e-18,5.3714805341368e-18,5.3714805341368e-18,5.3714805341368e-18,5.3714805341368e-18,5.3714805341368e-18,5.3714805341368e-18,5.3714805341368e-18,9.46395346764885e-05,5.3887032033284e-18,5.3714805341368e-18,1.82333235932385e-13,9.06784962009111e-18,5.3714805341368e-18,5.3714805341368e-18,5.3714805341368e-18,5.3714805341368e-18,5.3714805341368e-18,3.28201364304003e-13,5.3714805341368e-18,5.3714805341368e-18,5.3714805341368e-18,NA,5.3714805341368e-18,2.42377440720089e-17,3.43213869451038e-17,5.3714805341368e-18
"VCAM",5.3714805341368e-18,5.3714805341368e-18,5.3714805341368e-18,5.3887032033284e-18,5.3714805341368e-18,5.3714805341368e-18,5.3714805341368e-18,0.00104389263072781,5.3714805341368e-18,5.3714805341368e-18,5.3714805341368e-18,5.3714805341368e-18,5.3714805341368e-18,5.3714805341368e-18,5.3714805341368e-18,5.3714805341368e-18,5.3714805341368e-18,5.3714805341368e-18,5.3714805341368e-18,0.0832521942597817,5.3714805341368e-18,0.0373144805243493,5.3887032033284e-18,0.0569141460198656,5.3714805341368e-18,0.13838619850206,5.3714805341368e-18,5.3714805341368e-18,5.3714805341368e-18,5.3714805341368e-18,5.3714805341368e-18,5.62930628044811e-18,5.77171876330539e-17,5.05712865724004e-07,4.26102424950281e-14,5.3714805341368e-18,5.3714805341368e-18,4.8550393303088e-17,5.3714805341368e-18,5.3714805341368e-18,5.3714805341368e-18,5.3714805341368e-18,5.16600572047673e-16,5.3714805341368e-18,5.3714805341368e-18,5.3714805341368e-18,0.726744083261468,5.3714805341368e-18,0.379935713019029,5.3714805341368e-18,5.3714805341368e-18,1.23376619124763e-05,5.3714805341368e-18,5.3714805341368e-18,5.3714805341368e-18,0.000487044365455052,5.3714805341368e-18,5.3714805341368e-18,5.3714805341368e-18,5.3714805341368e-18,5.3714805341368e-18,5.3714805341368e-18,5.3714805341368e-18,5.3714805341368e-18,6.2640920942248e-18,5.3714805341368e-18,5.3714805341368e-18,5.3714805341368e-18,5.3714805341368e-18,2.48428778752848e-16,5.3714805341368e-18,5.3714805341368e-18,5.3714805341368e-18,5.3714805341368e-18,5.3714805341368e-18,1.98007923546106e-17,8.62722070997466e-17,4.72052657106605e-17,0.0331296155963733,6.82979065045264e-13,5.3714805341368e-18,0.000113760594176337,5.3714805341368e-18,5.3714805341368e-18,5.3714805341368e-18,NA,5.3714805341368e-18,5.3714805341368e-18,5.3714805341368e-18
"VEGF",5.3714805341368e-18,5.3714805341368e-18,5.5112193311429e-18,5.3714805341368e-18,5.3714805341368e-18,5.3714805341368e-18,3.85269186367346e-17,5.3714805341368e-18,1.76631951856557e-16,5.3714805341368e-18,8.56707990762344e-18,5.3714805341368e-18,5.3714805341368e-18,5.3714805341368e-18,5.3714805341368e-18,5.3714805341368e-18,5.3714805341368e-18,1.61469715004828e-17,5.3714805341368e-18,5.3714805341368e-18,3.1474888245483e-17,5.3714805341368e-18,5.3714805341368e-18,5.3714805341368e-18,5.3714805341368e-18,5.3714805341368e-18,5.3714805341368e-18,0.328358009458352,5.3714805341368e-18,5.3714805341368e-18,5.3714805341368e-18,5.3714805341368e-18,5.3714805341368e-18,5.3714805341368e-18,5.3714805341368e-18,5.3714805341368e-18,5.3714805341368e-18,5.3714805341368e-18,5.3714805341368e-18,4.48920099346006e-08,5.3714805341368e-18,5.3714805341368e-18,5.3714805341368e-18,5.3714805341368e-18,5.3714805341368e-18,5.3714805341368e-18,5.3714805341368e-18,5.3714805341368e-18,5.3714805341368e-18,5.3714805341368e-18,1.36101800145847e-17,5.3714805341368e-18,4.99486698676202e-17,6.61645529090463e-18,5.3714805341368e-18,5.3714805341368e-18,5.62930628044811e-18,5.3714805341368e-18,0.573279764701144,7.06385266980561e-17,5.3714805341368e-18,5.3714805341368e-18,5.3714805341368e-18,5.3714805341368e-18,5.3714805341368e-18,5.3714805341368e-18,5.62930628044811e-18,5.3714805341368e-18,5.3714805341368e-18,5.3714805341368e-18,5.3714805341368e-18,5.3714805341368e-18,5.3714805341368e-18,7.8591435638001e-18,4.36608112859581e-16,5.3714805341368e-18,5.3714805341368e-18,5.3714805341368e-18,5.3714805341368e-18,5.3714805341368e-18,5.94118376332274e-17,5.3714805341368e-18,5.3714805341368e-18,5.3714805341368e-18,2.42377440720089e-17,5.3714805341368e-18,NA,0.350874541747477,5.3714805341368e-18
"VISFATIN",5.3887032033284e-18,5.3714805341368e-18,5.3714805341368e-18,5.3714805341368e-18,5.77501384870303e-18,5.3714805341368e-18,2.72141023839932e-17,5.3714805341368e-18,5.3714805341368e-18,5.3714805341368e-18,8.56707990762344e-18,1.37281621630344e-13,5.92844944668488e-18,5.3714805341368e-18,5.3714805341368e-18,5.3714805341368e-18,5.77501384870303e-18,3.43213869451038e-17,5.3714805341368e-18,5.3714805341368e-18,3.1474888245483e-17,5.3714805341368e-18,5.3714805341368e-18,5.3714805341368e-18,5.3714805341368e-18,5.3714805341368e-18,5.3714805341368e-18,0.284633313483498,5.3714805341368e-18,5.92844944668488e-18,5.3714805341368e-18,5.3714805341368e-18,5.3714805341368e-18,5.3714805341368e-18,5.3714805341368e-18,5.3714805341368e-18,5.3714805341368e-18,5.3714805341368e-18,5.3714805341368e-18,7.98933996048631e-08,5.3887032033284e-18,5.3714805341368e-18,5.3714805341368e-18,5.3714805341368e-18,5.3714805341368e-18,5.3714805341368e-18,5.3714805341368e-18,5.5112193311429e-18,5.3714805341368e-18,5.3714805341368e-18,3.11288939767659e-16,5.3714805341368e-18,2.34727180134583e-16,9.88951708437151e-18,5.3714805341368e-18,5.3714805341368e-18,8.07803588588195e-18,5.3714805341368e-18,0.644418728832366,9.4530149782458e-13,3.85269186367346e-17,5.3714805341368e-18,5.3714805341368e-18,5.3887032033284e-18,5.3714805341368e-18,5.3714805341368e-18,5.77171876330539e-17,5.3887032033284e-18,5.3714805341368e-18,5.3714805341368e-18,5.3714805341368e-18,1.71721061477143e-16,5.3714805341368e-18,1.01837493688843e-17,1.66190446414875e-17,5.3714805341368e-18,5.3714805341368e-18,5.3714805341368e-18,5.3714805341368e-18,5.3714805341368e-18,2.96895378676045e-17,5.3714805341368e-18,5.3714805341368e-18,5.3714805341368e-18,3.43213869451038e-17,5.3714805341368e-18,0.350874541747477,NA,5.3887032033284e-18
"VWF",5.3714805341368e-18,7.00212777280674e-18,5.3714805341368e-18,5.3714805341368e-18,5.3714805341368e-18,5.3714805341368e-18,5.3714805341368e-18,5.3714805341368e-18,5.3714805341368e-18,5.3714805341368e-18,5.3714805341368e-18,5.3714805341368e-18,0.0385826214287211,5.3714805341368e-18,5.3714805341368e-18,5.3714805341368e-18,1.18179711517647e-16,5.3714805341368e-18,5.3714805341368e-18,5.3714805341368e-18,5.3887032033284e-18,5.3714805341368e-18,5.3714805341368e-18,5.3714805341368e-18,5.3714805341368e-18,5.3714805341368e-18,1.66190446414875e-17,5.3714805341368e-18,5.3714805341368e-18,3.58019223021935e-09,9.56086599007261e-16,5.3714805341368e-18,5.3714805341368e-18,5.3714805341368e-18,5.3714805341368e-18,5.3714805341368e-18,5.3714805341368e-18,5.3714805341368e-18,5.3714805341368e-18,1.43965415465178e-17,0.911723616302223,5.3714805341368e-18,5.3714805341368e-18,1.55047224541322e-11,5.3714805341368e-18,5.3714805341368e-18,5.3714805341368e-18,5.3714805341368e-18,5.3714805341368e-18,5.3714805341368e-18,5.3714805341368e-18,5.3714805341368e-18,1.28377884562579e-17,5.3714805341368e-18,5.3714805341368e-18,5.3714805341368e-18,3.11935426310488e-13,5.3714805341368e-18,2.20593114518178e-11,5.3714805341368e-18,2.04142476669495e-06,5.3714805341368e-18,6.0939749679077e-18,0.0620078010169969,5.3714805341368e-18,5.3714805341368e-18,3.79279773643861e-16,1.88015068098955e-05,1.21107936999471e-07,5.3714805341368e-18,5.3714805341368e-18,7.92518955953919e-17,5.3714805341368e-18,5.3714805341368e-18,5.62930628044811e-18,5.3714805341368e-18,5.3714805341368e-18,5.3714805341368e-18,5.3714805341368e-18,5.3714805341368e-18,5.3714805341368e-18,5.3714805341368e-18,5.3714805341368e-18,5.3714805341368e-18,5.3714805341368e-18,5.3714805341368e-18,5.3714805341368e-18,5.3887032033284e-18,NA
