"external_gene_name","hsapiens_homolog_associated_gene_name"
"",""
"MT-ND1","MT-ND1"
"MT-ND2","MT-ND2"
"MT-CO1","MT-CO1"
"MT-CO2","MT-CO2"
"MT-ATP8","MT-ATP8"
"MT-ATP6","MT-ATP6"
"MT-CO3","MT-CO3"
"MT-ND3","MT-ND3"
"MT-ND4L","MT-ND4L"
"MT-ND4","MT-ND4"
"MT-ND5","MT-ND5"
"MT-ND6","MT-ND6"
"MT-CYB","MT-CYB"
"SLC7A11","SLC7A11"
"PABPC4L","PABPC4L"
"C2H4orf33","C4orf33"
"SCLT1","SCLT1"
"PCDH10","PCDH10"
"NDUFC1","NDUFC1"
"SETD7","SETD7"
"RAB33B","RAB33B"
"NAA15","NAA15"
"ELF2","ELF2"
"NOCT","NOCT"
"","ENO1"
"PCDH18","PCDH18"
"ABHD18","ABHD18"
"PGRMC2","PGRMC2"
"LARP1B","LARP1B"
"MFSD8","MFSD8"
"PLK4","PLK4"
"CCKAR","CCKAR"
"CACHD1","CACHD1"
"LGI2","LGI2"
"","UNG"
"HSPA4L","HSPA4L"
"STIM2","STIM2"
"C5H1orf87","C1orf87"
"SLC25A31","SLC25A31"
"UBE2U","UBE2U"
"INTU","INTU"
"RBPJ","RBPJ"
"ROR1","ROR1"
"JADE1","JADE1"
"PDE4B","PDE4B"
"TBC1D19","TBC1D19"
"L1TD1","L1TD1"
"PATJ","PATJ"
"TM2D1","TM2D1"
"SMIM20","SMIM20"
"NFIA","NFIA"
"PCDH7","PCDH7"
"SGIP1","SGIP1"
"SEL1L3","SEL1L3"
"SLC34A2","SLC34A2"
"ANAPC4","ANAPC4"
"U7",""
"PGM1","PGM1"
"U6",""
"MGARP","MGARP"
"ZCCHC4","ZCCHC4"
"ATG4C","ATG4C"
"PI4K2B","PI4K2B"
"SEPSECS","SEPSECS"
"DOCK7","DOCK7"
"DTHD1","DTHD1"
"ANGPTL3","ANGPTL3"
"USP1","USP1"
"KANK4","KANK4"
"ARAP2","ARAP2"
"EFCAB7","EFCAB7"
"ITGB3BP","ITGB3BP"
"ALG6","ALG6"
"POLE2","DNAAF2"
"LEPR","LEPR"
"LRR1","LRR1"
"MGAT2","MGAT2"
"LEPROT","LEPROT"
"","RPL36AL"
"KLHDC1","KLHDC1"
"DNAJC6","DNAJC6"
"KLHDC2","KLHDC2"
"NEMF","NEMF"
"ARF6","ARF6"
"PYGL","PYGL"
"AK4","AK4P3"
"AK4","AK4"
"U1","RNU1-42P"
"ABHD12B","ABHD12B"
"U6","RNU6-576P"
"eca-mir-1261",""
"NWD2","NWD2"
"TRIM9","TRIM9"
"JAK1","JAK1"
"TMX1","TMX1"
"FRMD6","FRMD6"
"GNG2","GNG2"
"RAVER2","RAVER2"
"RTRAF","RTRAF"
"NID2","NID2"
"PTGDR","PTGDR"
"VCPKMT","VCPKMT"
"CDKL1","CDKL1"
"SOS2","SOS2"
"L2HGDH","L2HGDH"
"CAND1","CAND1"
"eca-mir-101-1","MIR101-1"
"IFNG","IFNG"
"DMAC2L","DMAC2L"
"IL26","IL26"
"TSPAN8","TSPAN8"
"MAP4K5","MAP4K5"
"","ZNF133"
"KCNA4","KCNA4"
"LIN7C","LIN7C"
"DYRK2","DYRK2"
"ATL1","ATL1"
"IL22","IL22"
"SAV1","SAV1"
"BDNF","BDNF"
"TBC1D30","TBC1D30"
"WIF1","WIF1"
"LUZP2","LUZP2"
"NIN","NIN"
"LEMD3","LEMD3"
"FIBIN","FIBIN"
"BBOX1","BBOX1"
"CCDC34","CCDC34"
"ADGRL3","ADGRL3"
"MSRB3","MSRB3"
"MDGA2","MDGA2"
"LGR4","LGR4"
"RPL10L","RPL10L"
"CCDC73","CCDC73"
"HMGA2","HMGA2"
"ZFC3H1","ZFC3H1"
"EIF3M","EIF3M"
"THAP2","THAP2"
"PPDPFL","PPDPFL"
"TMEM19","TMEM19"
"CHIC2","CHIC2"
"NPBWR1","NPBWR1"
"ALKAL1","ALKAL1"
"","RABL2B"
"","RABL2A"
"RB1CC1","RB1CC1"
"PRRG4","PRRG4"
"GSX2","GSX2"
"QSER1","QSER1"
"CNOT2","CNOT2"
"PDGFRA","PDGFRA"
"PCMTD1","PCMTD1"
"RCN1","RCN1"
"PXDNL","PXDNL"
"WT1","WT1"
"TECRL","TECRL"
"CCDC179","CCDC179"
"SNTG1","SNTG1"
"ANO3","ANO3"
"KCNMB4","KCNMB4"
"LNX1","LNX1"
"Metazoa_SRP",""
"MUC15","MUC15"
"Metazoa_SRP","RN7SL1"
"SNORA70","SNORA70"
"FIP1L1","FIP1L1"
"SLC5A12","SLC5A12"
"BHLHE22","BHLHE22"
"OPRK1","OPRK1"
"KIF18A","KIF18A"
"","GAPDH"
"CHD7","CHD7"
"METTL15","METTL15"
"RUNX1T1","RUNX1T1"
"SCFD2","SCFD2"
"","FSHB"
"Beta-FSH","FSHB"
"ARL14EP","ARL14EP"
"RASL11B","RASL11B"
"MCM4","MCM4"
"USP46","USP46"
"MPPED2","MPPED2"
"BPNT2","BPNT2"
"PRKDC","PRKDC"
"DCDC1","DCDC1"
"IGFBP7","IGFBP7"
"REST","REST"
"SDR16C5","SDR16C5"
"POLR2B","POLR2B"
"NOA1","NOA1"
"CYP7B1","CYP7B1"
"","SPINK2"
"ASPH","ASPH"
"HOPX","HOPX"
"PTPRB","PTPRB"
"SPMAP2L","SPMAP2L"
"DNAJC24","DNAJC24"
"PAICS","PAICS"
"CEBPD","CEBPD"
"IMMP1L","IMMP1L"
"SPIDR","SPIDR"
"ELP4","ELP4"
"SNAI2",""
"CLXN","CLXN"
"UBE2V2","UBE2V2"
"PAX6","PAX6"
"OTUD6B","OTUD6B"
"HNF4G","HNF4G"
"TERF1","TERF1"
"CLVS1","CLVS1"
"PTPRR","PTPRR"
"OSGIN2","OSGIN2"
"PENK","PENK"
"MOS","MOS"
"","ZIC5"
"SBSPON","SBSPON"
"RIPK2","RIPK2"
"RPS20","RPS20"
"TMBIM4","TMBIM4"
"KCNB2","KCNB2"
"NBN","NBN"
"LYN","LYN"
"MYBL1","MYBL1"
"ARL9","ARL9"
"CHCHD7","CHCHD7"
"PLAG1","PLAG1"
"SRP72","SRP72"
"IRAK3","IRAK3"
"DECR1","DECR1"
"TGS1","TGS1"
"CALB1","CALB1"
"TMEM64","TMEM64"
"HELB","HELB"
"PREX2","PREX2"
"PPAT","PPAT"
"NECAB1","NECAB1"
"TMEM68","TMEM68"
"GRIP1","GRIP1"
"C8orf88","C8orf88"
"PIP4P2","PIP4P2"
"XKR4","XKR4"
"CRACD","CRACD"
"SLC26A7","SLC26A7"
"YTHDF3","YTHDF3"
"VXN","VXN"
"AASDH","AASDH"
"TTPA","TTPA"
"RAB2A","RAB2A"
"LGR5","LGR5"
"C8orf34","C8orf34"
"eca-mir-8990",""
"RASSF3","RASSF3"
"CEP135","CEP135"
"ADHFE1","ADHFE1"
"eca-mir-8995",""
"CA8","CA8"
"RPE65","RPE65"
"IFI44L","IFI44L"
"RRS1","RRS1"
"GNS","GNS"
"EXOC1","EXOC1"
"CRH","CRH"
"","SMIM15"
"ST6GALNAC3","ST6GALNAC3"
"TOX","TOX"
"TRIM55","TRIM55"
"NEGR1","NEGR1"
"MDM1","MDM1"
"EXOC1L","EXOC1L"
"IFI44","IFI44"
"NMU","NMU"
"DEPDC1","DEPDC1"
"NSMAF","NSMAF"
"PTGFR","PTGFR"
"DNAJC5B","DNAJC5B"
"ZRANB2","ZRANB2"
"RAP1B","RAP1B"
"PDCL2","PDCL2"
"PEX2","PEX2"
"PTGER3","PTGER3"
"SRD5A3","SRD5A3"
"SDCBP","SDCBP"
"CLOCK","CLOCK"
"CTH","CTH"
"KDR","KDR"
"PDE7A","PDE7A"
"ANKRD13C","ANKRD13C"
"CYP7A1","CYP7A1"
"SRSF11","SRSF11"
"UBXN2B","UBXN2B"
"LRRC40","LRRC40"
"AHCYL1","AHCYL1"
"NUP107","NUP107"
"KIT","KIT"
"ZFHX4","ZFHX4"
"LRRC7","LRRC7"
"TAF13","TAF13"
"FAM110B","FAM110B"
"KCNA2","KCNA2"
"MTFR1","MTFR1"
"COL11A1","COL11A1"
"LYPLA1","LYPLA1"
"SERBP1","SERBP1"
"ARMC1","ARMC1"
"SLC35E3","SLC35E3"
"IL12RB2","IL12RB2"
"CPM","CPM"
"PRDM14","PRDM14"
"IL23R","IL23R"
"MRPL15","MRPL15"
"CPSF6","CPSF6"
"CRISPLD1","CRISPLD1"
"C5H1orf141","C1orf141"
"LYZ","LYZ"
"SLC35D1","SLC35D1"
"TAFA3","TAFA3"
"TCEA1","TCEA1"
"YEATS4","YEATS4"
"BET1",""
"RHOC","RHOC"
"DNAI4","DNAI4"
"PI15","PI15"
"FRS2","FRS2"
"H3-3B",""
"GDAP1","GDAP1"
"MIER1","MIER1"
"MOV10","MOV10"
"","ESD"
"CCT2","CCT2"
"SEM1","SEM1"
"CAPZA1","CAPZA1"
"LHX8","LHX8"
"LRRC10",""
"TYW3","TYW3"
"RGS20","RGS20"
"DLX6","DLX6"
"CRYZ","CRYZ"
"BEST3","BEST3"
"ST7L","ST7L"
"DLX5","DLX5"
"ERICH3","ERICH3"
"JPH1","JPH1"
"ATP6V1H","ATP6V1H"
"SDHAF3",""
"STEAP2","STEAP2"
"RAB3IP","MYRFL"
"TMEM70","TMEM70"
"TNNI3K","TNNI3K"
"LRRC53","LRRC53"
"LY96","LY96"
"FPGT","FPGT"
"GTPBP10","GTPBP10"
"LRRIQ3","LRRIQ3"
"WNT2B","WNT2B"
"ELOC","ELOC"
"RP1","RP1"
"CFAP69","CFAP69"
"CTTNBP2NL","CTTNBP2NL"
"ASB17","ASB17"
"MSH4","MSH4"
"LRIG2","LRIG2"
"RABGGTB","RABGGTB"
"ACADM","ACADM"
"SLC16A1","SLC16A1"
"NKAIN3","NKAIN3"
"CLDN12","CLDN12"
"TGIF1","TGIF1"
"U6","RNU6-899P"
"U6","RNU6-91P"
"CYM",""
"CETN1","CETN1"
"eca-mir-9076",""
"KCNA3","KCNA3"
"TMEM165","TMEM165"
"PTTG1IP2","PTTG1IP2"
"DLGAP1","DLGAP1"
"","UBE2W"
"ADORA3","ADORA3"
"CDK14","CDK14"
"KCND3","KCND3"
"SLC44A5","SLC44A5"
"DDX20","DDX20"
"STAU2","STAU2"
"INKA2","INKA2"
"USP14","USP14"
"STEAP1","STEAP1"
"STEAP1","STEAP1B"
"RAP1A","RAP1A"
"WLS","WLS"
"ADAM22","ADAM22"
"ATP5PB","ATP5PB"
"THOC1","THOC1"
"WDR77","WDR77"
"DIRAS3","DIRAS3"
"CIMAP3","CIMAP3"
"GADD45A","GADD45A"
"COLEC12","COLEC12"
"GIPC2","GIPC2"
"CHI3L2","CHI3L2"
"DENND2D","DENND2D"
"DNAJB4","DNAJB4"
"SRI","SRI"
"CEPT1","CEPT1"
"FUBP1",""
"U2",""
"eca-mir-763",""
"ZNF521","ZNF521"
"MDM2","MDM2"
"DRAM2","DRAM2"
"STEAP4","STEAP4"
"LRIF1","LRIF1"
"AKAIN1","AKAIN1"
"ZNF804B","ZNF804B"
"ZBTB14","ZBTB14"
"CD53","CD53"
"NEXN","NEXN"
"TEX47","TEX47"
"LAMA3","LAMA3"
"","AMY1B"
"","AMY2B"
"","AMY1C"
"","AMY2A"
"","AMY1A"
"MIGA1","MIGA1"
"RDH10","RDH10"
"RNPC3","RNPC3"
"COL1A2","COL1A2"
"RPL7",""
"SARS1","SARS1"
"USP33","USP33"
"C8orf89","C8orf89"
"CPA6","CPA6"
"ELAPOR1","ELAPOR1"
"TTC39C","TTC39C"
"ARFGEF1","ARFGEF1"
"CABYR","CABYR"
"ZZZ3","ZZZ3"
"OSBPL1A","OSBPL1A"
"IMPACT","IMPACT"
"HRH4","HRH4"
"EMILIN2","EMILIN2"
"AK5","AK5"
"CSPP1","CSPP1"
"LPIN2","LPIN2"
"SNORD115",""
"SNORD54","SNORD54"
"PIGK","PIGK"
"GGH","GGH"
"CFAP276","CFAP276"
"AFG3L2","AFG3L2"
"TMEM167B","TMEM167B"
"PROK1","PROK1"
"LAMTOR5","LAMTOR5"
"TUBB6","TUBB6"
"ST6GALNAC5","ST6GALNAC5"
"SLC16A4","SLC16A4"
"METTL4","METTL4"
"MMP27","MMP27"
"CASD1","CASD1"
"MMP12","MMP12"
"NDC80","NDC80"
"MMP8","MMP8"
"CLUL1","CLUL1"
"RBM15","RBM15"
"TYMS","TYMS"
"MMP1","MMP1"
"ITPRID1","ITPRID1"
"MMP12","MMP3"
"BATF3","BATF3"
"ENOSF1","ENOSF1"
"","ITLN1"
"POU2AF3","POU2AF3"
"PPP1R17","PPP1R17"
"SGCE","SGCE"
"NAF1","NAF1"
"FLVCR1","FLVCR1"
"NPY2R","NPY2R"
"KCNC4","KCNC4"
"GRIA4","GRIA4"
"GRIA2","GRIA2"
"SPATA45","SPATA45"
"NPSR1","NPSR1"
"TRPC6","TRPC6"
"TATDN3","TATDN3"
"RBM46","RBM46"
"IGFBP3","IGFBP3"
"SLC6A17","SLC6A17"
"YES1","YES1"
"BBS9","BBS9"
"SPMIP2","SPMIP2"
"NSL1","NSL1"
"SIK2","SIK2"
"ADCYAP1","ADCYAP1"
"UBL4B","UBL4B"
"COPS5","COPS5"
"UPP1","UPP1"
"FNIP2","FNIP2"
"U6","RNU6-1233P"
"U6","RNU6-117P"
"U6","RNU6-1102P"
"RD3","RD3"
"PSMA8","PSMA8"
"IGFBP1","IGFBP1"
"U6","RNU6-586P"
"U6","RNU6-503P"
"PPP2R1B","PPP2R1B"
"LRRC52","LRRC52"
"SNORD45C","SNORD45C"
"SNORD45B","SNORD45B"
"SNORD45A","SNORD45A"
"MIR186","MIR186"
"eca-mir-8971",""
"PEG10","PEG10"
"VWC2","VWC2"
"PPP1R42","PPP1R42"
"ALX3","ALX3"
"RXRG","RXRG"
"SS18","SS18"
"NPY5R","NPY5R"
"ZPBP","ZPBP"
"GRM3","GRM3"
"TCF24","TCF24"
"STRIP1","STRIP1"
"SPMIP7","SPMIP7"
"NPY1R","NPY1R"
"UCK2","UCK2"
"BTG4","BTG4"
"ELAPOR2","ELAPOR2"
"MCMDC2","MCMDC2"
"MAP9","MAP9"
"TAF4B","TAF4B"
"SGK3","SGK3"
"ABCA13","ABCA13"
"HOATZ","HOATZ"
"SFRP2","SFRP2"
"GLRA3","GLRA3"
"ALDH9A1","ALDH9A1"
"LAYN","LAYN"
"RNF175","RNF175"
"KLHL2","KLHL2"
"KCTD1","KCTD1"
"TLR2","TLR2"
"ANLN","ANLN"
"MGST3","MGST3"
"POU2AF2","POU2AF2"
"MYOM1","MYOM1"
"MSANTD4","MSANTD4"
"LRAT","LRAT"
"PROX1","PROX1"
"VCPIP1","VCPIP1"
"WDR47","WDR47"
"KBTBD3","KBTBD3"
"AASDHPPT","AASDHPPT"
"DMTF1","DMTF1"
"","CD55"
"C2H4orf46","C4orf46"
"MATCAP2","MATCAP2"
"SULF1","SULF1"
"ETFDH","ETFDH"
"CASP1","CARD16"
"CASP1","CASP1"
"TMEM192","TMEM192"
"ADCY1","ADCY1"
"ADAM29","ADAM29"
"AKNAD1","AKNAD1"
"NPY","NPY"
"AOAH","AOAH"
"RPS6KC1","RPS6KC1"
"TRIM75","TRIM75"
"MYL12A","MYL12A"
"GPNMB","GPNMB"
"CLCC1","CLCC1"
"TMEM243","TMEM243"
"CIDEA","CIDEA"
"SLCO5A1","SLCO5A1"
"CROT","CROT"
"","MGST2"
"RXFP1","RXFP1"
"C4H7orf25","C7orf25"
"GPSM2","GPSM2"
"","CASP12"
"MPPE1","MPPE1"
"OSBPL3","OSBPL3"
"MRPL32","MRPL32"
"","CASP4"
"","CASP5"
"HECW1","HECW1"
"VASH2","VASH2"
"VSTM5","VSTM5"
"DPY19L1","DPY19L1"
"CEP350","CEP350"
"TRIM61","TRIM61"
"ANGPTL5","ANGPTL5"
"","ABCB4"
"TRPA1","TRPA1"
"PRPF38B","STXBP3"
"CEP126","CEP126"
"TMEM144","TMEM144"
"APELA",""
"GNAL","GNAL"
"ABCB1","ABCB1"
"ARHGAP42","ARHGAP42"
"FOXN4","FOXN4"
"SMIM31","SMIM31"
"CHMP1B","CHMP1B"
"MSC","MSC"
"ANGEL2","ANGEL2"
"POLM","POLM"
"MTNR1B","MTNR1B"
"","PSMG2"
"FSTL5","FSTL5"
"DPY19L2","DPY19L2"
"FNDC7","FNDC7"
"","KRT19"
"EYA1","EYA1"
"OLFM2","OLFM2"
"FGB","FGB"
"SPOCK3","SPOCK3"
"GLTP","GLTP"
"PBX1","PBX1"
"AEBP1","AEBP1"
"ANKRD29","ANKRD29"
"PRPF38B","PRPF38B"
"PGR","PGR"
"PLRG1","PLRG1"
"HYCC1","HYCC1"
"RUNDC3B","RUNDC3B"
"PANX1","PANX1"
"NPC1","NPC1"
"DCHS2","DCHS2"
"HEPHL1","HEPHL1"
"FBXO21","FBXO21"
"TBX20","TBX20"
"HENMT1","HENMT1"
"POLD2","POLD2"
"","CHMP4B"
"","CHMP4BP1"
"ZC3H12C","ZC3H12C"
"SH3RF1","SH3RF1"
"RAPGEF2","RAPGEF2"
"RMC1","RMC1"
"HERPUD2","HERPUD2"
"FAT3","FAT3"
"EEIG2","EEIG2"
"POU6F2","POU6F2"
"KLHL7","KLHL7"
"CBR4","CBR4"
"TRPV4","TRPV4"
"YAE1","YAE1"
"RDX","RDX"
"SLC25A40","SLC25A40"
"QSOX1","QSOX1"
"RALA","RALA"
"SEPTIN7","SEPTIN7"
"NUP42","NUP42"
"PALLD","PALLD"
"XKR9","XKR9"
"RIOK3","RIOK3"
"LHX4","LHX4"
"NOX4","NOX4"
"SLC25A24","SLC25A24"
"ZMIZ2","ZMIZ2"
"DBF4","DBF4"
"EEPD1","EEPD1"
"LACTB2","TRAM1"
"ACBD6","ACBD6"
"SKAP2","SKAP2"
"TMEM241","TMEM241"
"DDX60L","DDX60L"
"TMEM131L","TMEM131L"
"PPIA",""
"PPP1R9A","PPP1R9A"
"ELMO1","ELMO1"
"H2AZ2","H2AZ2"
"NCOA2","NCOA2"
"","MT1X"
"FAM78B","FAM78B"
"KIAA0040","KIAA0040"
"VAV3","VAV3"
"WIPF3","WIPF3"
"PURB","PURB"
"CABLES1","CABLES1"
"GARIN4","GARIN4"
"TRIM2","TRIM2"
"FKBP14","FKBP14"
"ATF3","ATF3"
"","CCDC201"
"MYO1G","MYO1G"
"TNR","TNR"
"","KRAS"
"RBBP8","RBBP8"
"PKD1L1","PKD1L1"
"NSUN3","NSUN3"
"PON1","PON1"
"PDE1C","PDE1C"
"PLXNA2","PLXNA2"
"TYR","TYR"
"ARL13B","ARL13B"
"GRM5","GRM5"
"GATA6","GATA6"
"HUS1","HUS1"
"PON3","PON3"
"FHDC1","FHDC1"
"CD34","CD34"
"NTNG1","NTNG1"
"","CD46"
"DEUP1","DEUP1"
"MIB1","MIB1"
"ARFIP1","ARFIP1"
"GCK","GCK"
"PON2","PON2"
"STX19","STX19"
"SEZ6L","SEZ6L"
"TIGD4","TIGD4"
"USP28","USP28"
"ASB4","ASB4"
"PROS1","PROS1"
"","PRPS2"
"ABHD3","ABHD3"
"TMEM154","TMEM154"
"PRMT6","PRMT6"
"MYL7","MYL7"
"PDK4","PDK4"
"AVL9","AVL9"
"SNRPD1","SNRPD1"
"FBXW7","FBXW7"
"FDX1","FDX1"
"SUN3","SUN3"
"DYNC1I1","DYNC1I1"
"","CR1"
"C4H7orf57","C7orf57"
"ESCO1","ESCO1"
"SYT6","SYT6"
"ZNF414","ZNF414"
"ARHGAP20","ARHGAP20"
"PLA2G4A","PLA2G4A"
"MYO1F","MYO1F"
"","OR5W2"
"FGG","FGG"
"CTSO","CTSO"
"GREB1L","GREB1L"
"GIT2","GIT2"
"NENF","NENF"
"IRX6","IRX6"
"CDK13","CDK13"
"PACC1","PACC1"
"KCNJ12","KCNJ18"
"KCNJ12","KCNJ12"
"N4BP1","N4BP1"
"HIPK1","HIPK1"
"INMT","INMT"
"PPP2R5A","PPP2R5A"
"TDO2","TDO2"
"CBLN1","CBLN1"
"MPLKIP","MPLKIP"
"SLC25A13","SLC25A13"
"ASIC5","ASIC5"
"ADAMTS10","ADAMTS10"
"C3H16orf78","C16orf78"
"GUCY1B1","GUCY1B1"
"MAP2K3","MAP2K3"
"SUGCT","SUGCT"
"RPGRIP1L","RPGRIP1L"
"NCAM1","NCAM1"
"GUCY1A1","GUCY1A1"
"DTL","DTL"
"","PLP2"
"MINDY4","MINDY4"
"Metazoa_SRP","RN7SL703P"
"Metazoa_SRP","RN7SL22P"
"HNRNPM","HNRNPM"
"U6","RNU6-940P"
"SNORD87","SNORD87"
"POU2AF1","POU2AF1"
"DHRS7B","DHRS7B"
"GASK1B","GASK1B"
"ROCK1","ROCK1"
"U6","RNU6-550P"
"FZD1","FZD1"
"FGA","FGA"
"FTO","FTO"
"MIR2052","MIR2052"
"HOXA1","HOXA1"
"GLRB","GLRB"
"HOXA2","HOXA2"
"INTS7","INTS7"
"OLFML3","OLFML3"
"HOXA3","HOXA3"
"PLEKHA8","PLEKHA8"
"DCLRE1B","DCLRE1B"
"IRX3","IRX3"
"PDGFC","PDGFC"
"MTERF1","MTERF1"
"HERPUD1","HERPUD1"
"","RPL21"
"AQP1","AQP1"
"","TEDDM1"
"GLUL","GLUL"
"","RAMP3"
"AP4B1","AP4B1"
"TMEM11","TMEM11"
"NUP93","NUP93"
"AKAP9","AKAP9"
"TKTL2","TKTL2"
"INHBA","INHBA"
"GHRHR","GHRHR"
"FAM222A","FAM222A"
"TTC12","TTC12"
"MARCHF2","MARCHF2"
"PTPN22","PTPN22"
"GLI3","GLI3"
"HOXA5","HOXA5"
"TCHP","TCHP"
"NATD1","NATD1"
"CENPF","CENPF"
"ADCYAP1R1","ADCYAP1R1"
"HOXA6","HOXA6"
"RGSL1","RGSL1"
"EED","EED"
"TNFRSF13B","TNFRSF13B"
"HOXA7","HOXA7"
"ABCC11","ABCC11"
"TRA2A","TRA2A"
"PTPN14","PTPN14"
"CRYBA4","CRYBA4"
"USP22","USP22"
"VPS41","VPS41"
"LONP2","LONP2"
"LMX1A","LMX1A"
"CCDC126","CCDC126"
"SMYD2","SMYD2"
"ME3","ME3"
"RNASEL","RNASEL"
"ANKK1","ANKK1"
"SIAH1","SIAH1"
"CRYBB1","CRYBB1"
"SLC30A1","SLC30A1"
"UTP25","UTP25"
"FAM221A","FAM221A"
"","MYL9"
"LPGAT1","LPGAT1"
"MT3","MT3"
"GRK3","GRK3"
"","MT1E"
"HTR3A","HTR3A"
"RALGPS2","RALGPS2"
"NEK2","NEK2"
"NEUROD6","NEUROD6"
"STK31","STK31"
"BMPER","BMPER"
"RSBN1","RSBN1"
"HEATR3","HEATR3"
"ZBTB16","ZBTB16"
"ANGPTL1","ANGPTL1"
"INSC","INSC"
"eca-mir-9108",""
"MVK","MVK"
"ZNF648","ZNF648"
"KCNK2","KCNK2"
"PHTF1","PHTF1"
"CCDC81","CCDC81"
"ZNF648",""
"TAX1BP1","TAX1BP1"
"TENT4B","TENT4B"
"NNMT",""
"ARPC5","ARPC5"
"CYP51A1","CYP51A1"
"MMAB","MMAB"
"ADCY7","ADCY7"
"NECTIN1","NECTIN1"
"TRAF5","TRAF5"
"YKT6","YKT6"
"RGL1","RGL1"
"RCOR3","RCOR3"
"JAZF1","JAZF1"
"TPST2","TPST2"
"CAMK2B","CAMK2B"
"BRD7","BRD7"
"LRRD1","LRRD1"
"GPR141","GPR141"
"SLC36A4","SLC36A4"
"U6","RNU6-1258P"
"DKK3","DKK3"
"U6","RNU6-640P"
"","TLR2"
"MFRP","C1QTNF5"
"KRIT1","KRIT1"
"APOBEC4","APOBEC4"
"ANO5","ANO5"
"PPID","PPID"
"KCNH1","KCNH1"
"MAGI3","MAGI3"
"MED17","MED17"
"U6","RNU6-48P"
"U6","RNU6-378P"
"U6","RNU6-27P"
"U6","RNU6-609P"
"TFIP11","TFIP11"
"eca-mir-1597",""
"COLGALT2","COLGALT2"
"eca-mir-1-1","MIR1-2"
"MIR133A1","MIR133A1"
"MND1","MND1"
"THAP5","THAP5"
"CYCS",""
"SMCHD1","SMCHD1"
"USP2","USP2"
"UBE3B","UBE3B"
"SPMIP4","SPMIP4"
"IMMP2L","IMMP2L"
"NPVF","NPVF"
"C7H11orf54","C11orf54"
"SDHD","SDHD"
"TSEN15","TSEN15"
"ANKIB1","ANKIB1"
"TRIL","TRIL"
"HHAT","HHAT"
"CPVL","CPVL"
"MYL12B","MYL12B"
"ALG9","ALG9"
"SRRD","SRRD"
"NUDCD3","NUDCD3"
"IMPA2","IMPA2"
"LRRN3","LRRN3"
"CYB561D1","CYB561D1"
"THY1","THY1"
"SLC17A6","SLC17A6"
"TMBIM7",""
"KLF7","KLF7"
"AMPD2","AMPD2"
"PAPPA2","PAPPA2"
"DRD2","DRD2"
"GATAD1","GATAD1"
"CHN2","CHN2"
"NPC1L1","NPC1L1"
"TEAD1","TEAD1"
"KCTD10","KCTD10"
"TAF1D","TAF1D"
"PEX1","PEX1"
"DOCK4","DOCK4"
"ASTN1","ASTN1"
"NNMT","NNMT"
"CREB1","CREB1"
"GNAT2","GNAT2"
"CEP295","CEP295"
"DDX56","DDX56"
"TMPRSS5","TMPRSS5"
"HPS4","HPS4"
"GNAI3","GNAI3"
"SERTAD4","SERTAD4"
"GALNT18","GALNT18"
"HHIP","HHIP"
"BRINP2","BRINP2"
"SYT14","SYT14"
"METTL21A","METTL21A"
"GPR61","GPR61"
"SYNM","SYNM"
"RBM48","RBM48"
"HOXA9","HOXA9"
"POU4F2","POU4F2"
"IRF6","IRF6"
"ZNF330","ZNF330"
"C5H1orf74","C1orf74"
"AMIGO1","AMIGO1"
"IQCM","IQCM"
"TMED4","TMED4"
"SMAD1","SMAD1"
"EDEM3","EDEM3"
"TTC23","TTC23"
"SYPL2","SYPL2"
"HOXA10","HOXA10"
"TRAF3IP3","TRAF3IP3"
"C7H11orf71","C11orf71"
"PLEKHM3","PLEKHM3"
"MYO1H","MYO1H"
"PSMA5","PSMA5"
"RBM7","RBM7"
"TBC1D9","TBC1D9"
"OGDH","OGDH"
"USP47","USP47"
"HOXA13","HOXA13"
"TMEM135","TMEM135"
"HOXA11","HOXA11"
"ZW10","ZW10"
"EVX1","EVX1"
"PSRC1","PSRC1"
"RNF150","RNF150"
"HIBADH","HIBADH"
"REXO2","REXO2"
"FZD5","FZD5"
"NIBAN1","NIBAN1"
"POLR1F","POLR1F"
"LRRC28","LRRC28"
"LPCAT2","LPCAT2"
"SORT1","SORT1"
"TMEM196",""
"USP38","USP38"
"MACC1","MACC1"
"MDH1B","MDH1B"
"MYBPHL","MYBPHL"
"NXPE1","NXPE1"
"MMP2","MMP2"
"RNF2","RNF2"
"GYPA","GYPB"
"GYPA","GYPE"
"GYPA","GYPA"
"NXPE4","NXPE4"
"ITGB8","ITGB8"
"CELSR2","CELSR2"
"HSD11B1","HSD11B1"
"GATB","GATB"
"ISCU",""
"FASTKD2","FASTKD2"
"FDXACB1","FDXACB1"
"ZNF277","ZNF277"
"","ACTB"
"SLC6A2","SLC6A2"
"LAMB3","LAMB3"
"CRYGC","CRYGC"
"CFAP68","CFAP68"
"OTUD7A","OTUD7A"
"STK17A","STK17A"
"CRYGB",""
"SART3","SART3"
"CRYGB","CRYGA"
"CADM1","CADM1"
"DIXDC1","DIXDC1"
"","ABCB5"
"FHIP1A","FHIP1A"
"","CHRNA7"
"","CHRFAM7A"
"LSMEM1","LSMEM1"
"C18H2orf80","C2orf80"
"SP8","SP8"
"IFRD1","IFRD1"
"TRMT1L","TRMT1L"
"IDH1","IDH1"
"COA1","COA1"
"CSF1","CSF1"
"G0S2","G0S2"
"CERS3","CERS3"
"PIKFYVE","PIKFYVE"
"FICD","FICD"
"SH3D19","SH3D19"
"TMEM168","TMEM168"
"CRYAB","CRYAB"
"CAMK1G","CAMK1G"
"PSMA1","PSMA1"
"ANKRD13A","ANKRD13A"
"SP4","SP4"
"HSPB2","HSPB2"
"MEF2A","MEF2A"
"CES5A","CES5A"
"BMT2","SAMTOR"
"BLVRA","BLVRA"
"C7H11orf52","C11orf52"
"STMN4","STMN4"
"EPS8L3","EPS8L3"
"TOX3","TOX3"
"DLAT","DLAT"
"FAM133B","FAM133B"
"","TOX3"
"GPR85","GPR85"
"MED13L","MED13L"
"SWT1","SWT1"
"PDE3B","PDE3B"
"IRX5","IRX5"
"MTMR9","MTMR9"
"PRSS48","PRSS48"
"KBTBD2","KBTBD2"
"IVNS1ABP","IVNS1ABP"
"PALS2","PALS2"
"RPS3A","RPS3A"
"","CXCR5"
"RP9","RP9"
"NKD1","NKD1"
"URGCP","URGCP"
"PTH2R","PTH2R"
"GSTM3","GSTM3"
"BCL9L","BCL9L"
"LRBA","LRBA"
"SNX20","SNX20"
"TDH",""
"LYSMD4","LYSMD4"
"CDK6","CDK6"
"CCNYL1",""
"","GSTM4"
"NOD2","NOD2"
"MSRA","MSRA"
"FOXR1","FOXR1"
"CYP2R1","CYP2R1"
"MRPS24","MRPS24"
"SAMD9","SAMD9"
"ADAMTS17","ADAMTS17"
"UPK2","UPK2"
"UBE2D4","UBE2D4"
"FKBP9","FKBP9"
"SAMD9L","SAMD9L"
"GSDME","GSDME"
"CALCA","CALCA"
"DBNL","DBNL"
"TAOK3","TAOK3"
"CYLD","CYLD"
"NT5C3A","NT5C3A"
"FREM3","FREM3"
"","CALCA"
"","MTURN"
"HEPACAM2","HEPACAM2"
"SMARCA5","SMARCA5"
"APBA2","APBA2"
"PRSS55","PRSS55"
"","CALCB"
"FZD4","FZD4"
"PGAM2","PGAM2"
"SHCBP1","SHCBP1"
"IKZF1","IKZF1"
"ADRA1A","ADRA1A"
"HTATIP2","HTATIP2"
"MCEE","MCEE"
"PRSS23","PRSS23"
"MAB21L2","MAB21L2"
"VPS50","VPS50"
"PIH1D2","PIH1D2"
"GAB1","GAB1"
"ZNRF2","ZNRF2"
"C1R","C1R"
"MPHOSPH10","MPHOSPH10"
"VPS35","VPS35"
"NKAPD1","NKAPD1"
"NOD1","NOD1"
"NUGGC","NUGGC"
"FAN1","FAN1"
"PEBP1","PEBP1"
"PRMT3","PRMT3"
"TIMM8B","TIMM8B"
"CTSC","CTSC"
"ORC6","ORC6"
"DYNLRB2","DYNLRB2"
"C3H16orf87","C16orf87"
"IL18","IL18"
"DCLK2","DCLK2"
"PTS","PTS"
"CMIP","CMIP"
"CFAP300","CFAP300"
"TRAPPC4",""
"ELP3","ELP3"
"MYLK3","MYLK3"
"GGCT","GGCT"
"MTMR10","MTMR10"
"YAP1","YAP1"
"SLC6A5","SLC6A5"
"SLC10A7","SLC10A7"
"GARS1","GARS1"
"CENATAC","CENATAC"
"KCNA6","KCNA6"
"GPT2","GPT2"
"BIRC3","BIRC2"
"RAB38","RAB38"
"RPS25",""
"NR3C2","NR3C2"
"NELL1","NELL1"
"WSB2","WSB2"
"CCM2","CCM2"
"DNAJA2","DNAJA2"
"TMEM123","TMEM123"
"SLC37A4","SLC37A4"
"PLCG2","PLCG2"
"ARHGAP10","ARHGAP10"
"UBL5",""
"U6","RNU6-1078P"
"","PRG4"
"KCNA5","KCNA5"
"NETO2","NETO2"
"DEFB135","DEFB135"
"U6","RNU6-801P"
"MMP7","MMP7"
"U5",""
"eca-mir-29c-2","MIR29C"
"CCND2","CCND2"
"EPHX2","EPHX2"
"FBXL12","FBXL12"
"eca-mir-29c","MIR29C"
"TPR","TPR"
"MMP20","MMP20"
"eca-mir-29b-2","MIR29B2"
"ITFG1","ITFG1"
"eca-mir-7177a",""
"eca-mir-8972",""
"C7H11orf87","C11orf87"
"eca-mir-205","MIR205"
"CLEC3A","CLEC3A"
"PDGFD","PDGFD"
"TMCO1","TMCO1"
"CMTR2","CMTR2"
"VSIG10","VSIG10"
"PRMT9","PRMT9"
"DDI1","DDI1"
"PLET1","PLET1"
"GUCY1A2","GUCY1A2"
"WWOX","WWOX"
"","ZNF266"
"TRPM1","TRPM1"
"MYOD1","MYOD1"
"PHKB","PHKB"
"IL10RA","IL10RA"
"ALKBH8","ALKBH8"
"RFC5","RFC5"
"ELMOD1","ELMOD1"
"KCNC1","KCNC1"
"AKAP3","AKAP3"
"EDNRA","EDNRA"
"NACAD","NACAD"
"FAM167A","FAM167A"
"CRHR2","CRHR2"
"SCN4B","SCN4B"
"SLC35F2","SLC35F2"
"NDUFA9","NDUFA9"
"BLK","BLK"
"ODR4","ODR4"
"TTC29","TTC29"
"NFE2L3","NFE2L3"
"SERGEF","SERGEF"
"KSR2","KSR2"
"MAF","MAF"
"SCARNA2","SCARNA2"
"MIR197","MIR197"
"NEIL2","NEIL2"
"RAB39A","RAB39A"
"PPM1J","PPM1J"
"CDYL2","CDYL2"
"TMPRSS4","TMPRSS4"
"ITFG2","ITFG2"
"SRRM4","SRRM4"
"GATA4","GATA4"
"CMC2","CMC2"
"UCP1","UCP1"
"PDC","PDC"
"ABCC12","ABCC12"
"HNRNPA2B1","HNRNPA2B1"
"TBRG4","TBRG4"
"CUL5","CUL5"
"NRIP2","NRIP2"
"RNFT2","RNFT2"
"","SLC16A1"
"IL15","IL15"
"PTGS2","PTGS2"
"CENPN","CENPN"
"GALNT8","GALNT8"
"CTSB","CTSB"
"","TMIGD3"
"SUDS3","SUDS3"
"SNX10","SNX10"
"ZNF423","ZNF423"
"GULO",""
"C5H1orf21",""
"CRACR2A","CRACR2A"
"TNS3","TNS3"
"ARRDC4","ARRDC4"
"ATMIN","ATMIN"
"REELD1","REELD1"
"SPRING1","SPRING1"
"CLU","CLU"
"MALSU1","MALSU1"
"ACAT1","ACAT1"
"NR2F2","NR2F2"
"C3H16orf46","C16orf46"
"GCSH","GCSH"
"ZNF827","ZNF827"
"ATXN7L2","ATXN7L2"
"U2","RNU2-13P"
"SALL1","SALL1"
"","IGF2BP3"
"SLC12A3","SLC12A3"
"TESC","TESC"
"","PKD1L2"
"DNAH11","DNAH11"
"TJP1","TJP1"
"NPAT","NPAT"
"CALCR","CALCR"
"BCO1","BCO1"
"PARP11","PARP11"
"SCARA3","SCARA3"
"XPR1","XPR1"
"TFPI2","TFPI2"
"GAN","GAN"
"C4orf51","C4orf51"
"GNGT1","GNGT1"
"CCDC25","CCDC25"
"MMAA","MMAA"
"SCN2B","SCN2B"
"CHD9","CHD9"
"ATM","ATM"
"SERGEF","TPH1"
"NTF3","NTF3"
"FBXW8","FBXW8"
"OTUD4","OTUD4"
"HYDIN","HYDIN"
"HYOU1","HYOU1"
"SAAL1","SAAL1"
"KIAA1614","KIAA1614"
"CLEC1A","CLEC1A"
"ESCO2","ESCO2"
"CDCA7L","CDCA7L"
"RBL2","RBL2"
"GALNT7","GALNT7"
"ARNTL","BMAL1"
"ANAPC10","ANAPC10"
"","ZNF426"
"CRYBB2","CRYBB2"
"STX6","STX6"
"RAPGEF5","RAPGEF5"
"ENTREP2","ENTREP2"
"PBK","PBK"
"C7H11orf65","C11orf65"
"AKTIP","AKTIP"
"NOS1","NOS1"
"OLR1","OLR1"
"MARCHF1","MARCHF1"
"C2CD2L","C2CD2L"
"","ZNF721"
"ABCE1","ABCE1"
"NLRC5","NLRC5"
"EXPH5","EXPH5"
"ZNF177","ZNF177"
"SCARA5","SCARA5"
"TMA16",""
"ELMOD2","ELMOD2"
"TMEM52B","TMEM52B"
"VPS11","VPS11"
"OR7E220",""
"MAGEL2","MAGEL2"
"NDN","NDN"
"BTBD10","BTBD10"
"DDX10","DDX10"
"","KLRC4"
"","KLRC3"
"","KLRC2"
"","KLRC1"
"MGAT4D","MGAT4D"
"SNURF","SNURF"
"OR7E225","OR7E24"
"MYO18B","MYO18B"
"ANXA10","ANXA10"
"SNRPN","SNRPN"
"MMP13","MMP13"
"KLRD1","KLRD1"
"TRIM35","TRIM35"
"","SCOC"
"DPAGT1","DPAGT1"
"","PSME3"
"LINS1","LINS1"
"GNAO1",""
"GALNTL6","GALNTL6"
"PTH","PTH"
"","OR7E24"
"DCUN1D5","DCUN1D5"
"PTK2B","PTK2B"
"CLGN","CLGN"
"NUDT21","NUDT21"
"MAML3","MAML3"
"OR7D20","OR7D4"
"FAR1","FAR1"
"ASB7","ASB7"
"TOMM7","TOMM7"
"MGST2","MGST2"
"OGFOD1","OGFOD1"
"CHRNA2","CHRNA2"
"","TAS2R50"
"","TAS2R19"
"","TAS2R31"
"","TAS2R20"
"","TAS2R30"
"","TAS2R43"
"","TAS2R46"
"","RP1L1"
"Y_RNA","Y_RNA"
"HPGD","HPGD"
"","TIMM17A"
"C2H8orf74","C8orf74"
"eca-mir-703",""
"DYNC2H1","DYNC2H1"
"HMBS","HMBS"
"ALDH1A3","ALDH1A3"
"eca-mir-489","MIR489"
"SOX7","SOX7"
"eca-mir-653","MIR653"
"OR7D2","OR7D2"
"MTSS2","MTSS2"
"PINX1","XKR6"
"ZNF317","ZNF317"
"CEP44","CEP44"
"SMIM10L1","SMIM10L1"
"INPP4B","INPP4B"
"BBS2","BBS2"
"TAS2R42","TAS2R42"
"FASLG","FASLG"
"VAC14","VAC14"
"ETV6","ETV6"
"IL6","IL6"
"NAV2","NAV2"
"OR7G49",""
"DEFB134","DEFB134"
"FBXO8","FBXO8"
"MR1","MR1"
"BNIP3L","BNIP3L"
"","AP2S1"
"IL10","IL10"
"H2AX","H2AX"
"HAND2","HAND2"
"HINFP","HINFP"
"PNMA2","PNMA2"
"IL34","IL34"
"SCRG1","SCRG1"
"LRRK1","LRRK1"
"PRELP","PRELP"
"TRIM29","TRIM29"
"SAP30","SAP30"
"OPTC","OPTC"
"SF3B3","SF3B3"
"FGF23","FGF23"
"DPYSL2","DPYSL2"
"","OR7G2"
"COG4","COG4"
"OAF","OAF"
"NUCKS1","NUCKS1"
"FGF6","FGF6"
"HMGB2","HMGB2"
"U6","RNU6-1061P"
"U7","RNU7-80P"
"TLCD5","TLCD5"
"SNORD116",""
"","DEFB131A"
"","DEFB131B"
"SNORA9","SNORA9"
"POU2F1","POU2F1"
"CHSY1","CHSY1"
"SNORA5C","SNORA5C"
"","DEFB136"
"SNORA5A","SNORA5A"
"IZUMO1R","IZUMO1R"
"AADAT","AADAT"
"SELENOS","SELENOS"
"ADAM28","ADAM28"
"IER5","IER5"
"MFAP3L","MFAP3L"
"PSMA2","PSMA2"
"FCSK","FCSK"
"ARHGEF12","ARHGEF12"
"CPE","CPE"
"USH1C","USH1C"
"CACNA1E","CACNA1E"
"CHORDC1","CHORDC1"
"SNRPA1","SNRPA1"
"MSMO1","MSMO1"
"ADAMDEC1","ADAMDEC1"
"ST3GAL2","ST3GAL2"
"TLL1","TLL1"
"ADAM7","ADAM7"
"PCSK6","PCSK6"
"AP1G1","AP1G1"
"U7","RNU7-151P"
"FERRY3","FERRY3"
"SNORD73","SNORD73B"
"SNORD73","SNORD73A"
"TMEM184C","TMEM184C"
"","TRIM43"
"","TRIM43B"
"NEFM","NEFM"
"","MMAA"
"PSMD7","PSMD7"
"NDUFA9","DYRK4"
"DBX1","DBX1"
"HPF1",""
"CD247","CD247"
"NEFL","NEFL"
"","PTMA"
"CREG1","CREG1"
"UBTFL1","UBTFL1"
"SPON1","SPON1"
"DOCK5","DOCK5"
"CLCN3","CLCN3"
"ZFHX3","ZFHX3"
"","UBTFL1"
"DPT","DPT"
"GRIK4","GRIK4"
"TNFSF4","TNFSF18"
"TM2D3","TM2D3"
"NEK1","NEK1"
"FOLH1","FOLH1"
"RAD51AP1","RAD51AP1"
"PMFBP1","PMFBP1"
"RRAS2","RRAS2"
"PRDX6","PRDX6"
"TARS3","TARS3"
"DHX38","DHX38"
"KLRK1","KLRK1"
"eca-mir-34b","MIR34B"
"U6","RNU6-988P"
"eca-mir-34c","MIR34C"
"eca-mir-138-1","MIR138-2"
"TEX12","TEX12"
"TBCEL","TBCEL"
"BCO2","BCO2"
"SLC9C2","SLC9C2"
"OR1M1","OR1M1"
"BIRC3","BIRC3"
"TEX50","TEX50"
"COPB1","COPB1"
"TXNL4B","TXNL4B"
"GNRH1","GNRH1"
"ANKRD45","ANKRD45"
"","MUC16"
"CWF19L2","CWF19L2"
"KLRB1","KLRB1"
"KLF13","KLF13"
"","HPR"
"","HP"
"AMFR","AMFR"
"KCTD9","KCTD9"
"ZDHHC13","ZDHHC13"
"KLRF1","KLRF1"
"TECTA","TECTA"
"FANCF","FANCF"
"MPZL1","MPZL1"
"SC5D","SC5D"
"DHODH","DHODH"
"GAS2","GAS2"
"CDCA2","CDCA2"
"","SPRYD7"
"PGPEP1L","PGPEP1L"
"PKD1L3","PKD1L3"
"CLEC2D","CLEC2D"
"","MBD3L1"
"ADCY10","ADCY10"
"SVIP","SVIP"
"SORL1","SORL1"
"IGF1R","IGF1R"
"OTOG","OTOG"
"CLECL1P",""
"CD69","CD69"
"U6","U6"
"","MBD3L4"
"","MBD3L3"
"","MBD3L2B"
"","MBD3L2"
"","MBD3L5"
"eca-mir-492-1","MIR492"
"CLEC2B","CLEC2B"
"IST1","IST1"
"CLEC12A","CLEC12A"
"DDX60","DDX60"
"DCAF6","DCAF6"
"","SAA4"
"ZNF821","ZNF821"
"ZNF558","ZNF558"
"","ZDHHC19"
"CMKLR1","CMKLR1"
"ATXN1L","ATXN1L"
"","ACTL9"
"","MRGPRX3"
"","MRGPRX4"
"","MRGPRX2"
"","MRGPRX1"
"ABCG4","ABCG4"
"U6","RNU6-46P"
"U6","RNU6-626P"
"U6","RNU6-283P"
"U6","RNU6-1034P"
"U6","RNU6-969P"
"","OR2Z1"
"SNORD93","SNORD93"
"MIR148A","MIR148A"
"eca-mir-196b","MIR196B"
"eca-mir-1302b-2",""
"OR7D28P",""
"WSCD2","WSCD2"
"NHERF4","NHERF4"
"SCRN1","SCRN1"
"CASQ2","CASQ2"
"NLRX1","NLRX1"
"CREB5","CREB5"
"VANGL1","VANGL1"
"ABCB5",""
"GPR161","GPR161"
"NGF","NGF"
"IGF2BP3","IGF2BP3"
"","SLC7A4"
"DRC12","DRC12"
"NFILZ","NFILZ"
"","NBPF1"
"","NBPF26"
"","NBPF19"
"","NBPF8"
"","NBPF4"
"","NBPF15"
"","NBPF11"
"","NBPF20"
"","NBPF9"
"","NBPF12"
"","NBPF6"
"","NBPF14"
"","NBPF10"
"","NBPF3"
"OR7H3",""
"CBL","CBL"
"TSPAN2","TSPAN2"
"HPS5","HPS5"
"MCAM","MCAM"
"IGSF3","IGSF3"
"","MZT2A"
"","MZT2B"
"LDHA","LDHA"
"CD2","CD2"
"RNF26","RNF26"
"TIPRL","TIPRL"
"PHB2","PHB2"
"RHEX","RHEX"
"UBASH3B","UBASH3B"
"GTF2H1","GTF2H1"
"SFT2D2","SFT2D2"
"EMG1","EMG1"
"CRTAM","CRTAM"
"TBX19","TBX19"
"XCL1","XCL2"
"XCL1","XCL1"
"LPCAT3","LPCAT3"
"C8H12orf43","C12orf43"
"JHY","JHY"
"EBF2","EBF2"
"OASL","OASL"
"ILDR2","ILDR2"
"BSX","BSX"
"MARVELD3","MARVELD3"
"HNF1A","HNF1A"
"C1S","C1S"
"LDHC","LDHC"
"U6","RNU6-1236P"
"TAT","TAT"
"","SNORD5"
"CHST4","CHST4"
"DPPA3","DPPA3"
"SNORD6","SNORD6"
"SNORA8","SNORA8"
"TSG101","TSG101"
"","SNORA32"
"SPPL3","SPPL3"
"","ZNF19"
"CD58","CD58"
"","CLMP"
"GDF3","GDF3"
"U6","RNU6-3P"
"PPP2R2A","PPP2R2A"
"APOBEC1","APOBEC1"
"ZNF23","ZNF23"
"eca-mir-8984",""
"eca-mir-8993-2",""
"AICDA","AICDA"
"UBASH3B",""
"UEVLD","UEVLD"
"PRAM1","PRAM1"
"","CCR5"
"MAEL","MAEL"
"GFRA2","GFRA2"
"KPLCE","KPLCE"
"MFAP5","MFAP5"
"CALB2","CALB2"
"","LCE2C"
"","LCE2D"
"","LCE2B"
"","LCE2A"
"","OR10AG1"
"ACADS","ACADS"
"","HIKESHI"
"NQO1","NQO1"
"BTG2","BTG2"
"PIN1",""
"","TUBA3D"
"","TUBA3E"
"RIMKLB","RIMKLB"
"FMOD","FMOD"
"DOK2","DOK2"
"NOB1","NOB1"
"UNC119B","UNC119B"
"A2ML1","A2ML1"
"SPTY2D1","SPTY2D1"
"ZNF699","ZNF699"
"WWP2","WWP2"
"TMEM86A","TMEM86A"
"CABP1","CABP1"
"XPO7","XPO7"
"BUD13","BUD13"
"KLHL20","KLHL20"
"PHC1","PHC1"
"MON1B","MON1B"
"PTPN5","PTPN5"
"POP5","POP5"
"DDX19B","DDX19B"
"CENPL","CENPL"
"NPM2","NPM2"
"DARS2","DARS2"
"FGF17","FGF17"
"AARS1","AARS1"
"DMTN","DMTN"
"M6PR","M6PR"
"PDIK1L","PDIK1L"
"TRIM63","TRIM63"
"KLRG1","KLRG1"
"CD101","CD101"
"VAMP4","VAMP4"
"EXOSC6","EXOSC6"
"CLEC18B","CLEC18A"
"CLEC18B","CLEC18B"
"CLEC18B","CLEC18C"
"SEC16B","SEC16B"
"PTGFRN","PTGFRN"
"GRIK3","GRIK3"
"SLC22A15","SLC22A15"
"FHIP2B","FHIP2B"
"PDPR","PDPR"
"U6","RNU6-1181P"
"MAB21L3","MAB21L3"
"","SNORD109A"
"","SNORD109B"
"NHLH2","NHLH2"
"U6","RNU6-202P"
"U6","RNU6-300P"
"A2M","A2M"
"TENT5C","TENT5C"
"RFWD3","RFWD3"
"NUDT18","NUDT18"
"SNORD116","SNORD116-28"
"SNORD116","SNORD116-29"
"SNORD116","SNORD116-25"
"SNORD116","SNORD116-27"
"SNORD116","SNORD116-26"
"SNORD116","SNORD116-30"
"CLIC4","CLIC4"
"SNORD115","SNORD115"
"SNORD115","SNORD115-47"
"","DPEP2NB"
"HR","HR"
"MLKL","MLKL"
"SNORD115","SNORD115-48"
"SNORD107","SNORD107"
"HMCN1","HMCN1"
"MAN1A2","MAN1A2"
"SNORD115","SNORD115-45"
"FA2H","FA2H"
"SNORD108","SNORD108"
"LAPTM5","LAPTM5"
"WDR59","WDR59"
"GABRG1","GABRG1"
"PLEKHG6","PLEKHG6"
"SNORD115","SNORD115-46"
"VTCN1","VTCN1"
"OCIAD2","OCIAD2"
"eca-mir-9051",""
"PAQR7","PAQR7"
"ZNRF1","ZNRF1"
"eca-mir-211","MIR211"
"eca-mir-9045",""
"UCHL1","UCHL1"
"COX6A1","COX6A1"
"LDHD","LDHD"
"RNF10","RNF10"
"ZFP1","ZFP1"
"MRGPRX2",""
"GPR3","GPR3"
"COQ5","COQ5"
"TNFRSF1A","TNFRSF1A"
"MICAL2","MICAL2"
"SLC30A9","SLC30A9"
"CD164L2","CD164L2"
"","CTRB2"
"","CTRB1"
"BCAR1","BCAR1"
"TRIM45","TRIM45"
"GATC","GATC"
"TEC","TEC"
"MAP3K6","MAP3K6"
"MSI1","MSI1"
"CFDP1","CFDP1"
"TTF2",""
"COP1","COP1"
"SRSF9","SRSF9"
"SYTL1","SYTL1"
"PDE4DIP","PDE4DIP"
"PARVA","PARVA"
"PLA2G1B","PLA2G1B"
"SIRT4","SIRT4"
"PXN","PXN"
"SOX6","SOX6"
"DNM3","DNM3"
"ADD3","ADD3"
"RASAL2","RASAL2"
"SEC22B","SEC22B"
"TMEM174","TMEM174"
"NOTCH2","NOTCH2"
"XPNPEP1","XPNPEP1"
"BDP1","BDP1"
"LGI3","LGI3"
"C2H1orf216","C1orf216"
"","REG4"
"SDR42E1","SDR42E1"
"AUNIP","AUNIP"
"SORCS1","SORCS1"
"REEP4","REEP4"
"FOXF1","FOXF1"
"APOA5","APOA5"
"","SPRR1A"
"","SPRR1B"
"KPRP","KPRP"
"ZPR1","ZPR1"
"OR13A31",""
"CRNN","CRNN"
"MTHFSD","MTHFSD"
"BIN3","BIN3"
"CLEC20A","CLEC20A"
"CLRN3","CLRN3"
"FLG2","FLG2"
"","SERF1A"
"METTL13","METTL13"
"STYK1","STYK1"
"SMNDC1","SMNDC1"
"FOXI2","FOXI2"
"","HRNR"
"OR12J2",""
"MXI1","MXI1"
"FOXC2","FOXC2"
"MTFR1L","MTFR1L"
"SIK3","SIK3"
"YBX3","YBX3"
"TCHH","RPTN"
"GPR26","GPR26"
"ZNF366","ZNF366"
"TCHHL1","TCHHL1"
"C7H11orf58","C11orf58"
"PIGC","PIGC"
"S100A11","S100A11"
"FOXL1","FOXL1"
"CPXM2","CPXM2"
"FOXM1","FOXM1"
"S100A10","S100A10"
"PRSS38","PRSS38"
"SUCO","SUCO"
"CFAP58","CFAP58"
"SFTPC","SFTPC"
"THEM5","THEM5"
"C2CD4D","C2CD4D"
"SNAP47","SNAP47"
"TLX1","TLX1"
"ZC3H18","ZC3H18"
"PLEKHA7","PLEKHA7"
"SYCE1","SYCE1"
"BMP1","BMP1"
"RAB35","RAB35"
"ABL2","ABL2"
"APOA4","APOA4"
"NFASC","NFASC"
"PHYHIP","PHYHIP"
"JMJD4","JMJD4"
"APOC3","APOC3"
"TXK","TXK"
"CARTPT","CARTPT"
"GLRX3","GLRX3"
"","POLR3D"
"ZCCHC14","ZCCHC14"
"APOA1","APOA1"
"MCCC2","MCCC2"
"GCN1","GCN1"
"SELENON","SELENON"
"PIWIL2","PIWIL2"
"TMEM33","TMEM33"
"PAFAH1B2","PAFAH1B2"
"RPS13",""
"ABRAXAS2","ABRAXAS2"
"CNTN2","CNTN2"
"SLC39A14","SLC39A14"
"SERINC2","SERINC2"
"TAGLN","TAGLN"
"TCERG1L","TCERG1L"
"NIPAL1","NIPAL1"
"CHST6","CHST6"
"CHST6","CHST5"
"NPS","NPS"
"FAM20B","FAM20B"
"CNGA1","CNGA1"
"PPP3CC","PPP3CC"
"PIK3C2A","PIK3C2A"
"PCSK7","PCSK7"
"BUB3","BUB3"
"","GPX1"
"TMEM170A","TMEM170A"
"MATN1","MATN1"
"RELL1","RELL1"
"WASF2","WASF2"
"TOR3A","TOR3A"
"TMEM231","TMEM231"
"BICDL1","BICDL1"
"RNF214","RNF214"
"NUCB2","NUCB2"
"GABARAPL2","GABARAPL2"
"LINGO4","LINGO4"
"DLGAP3","DLGAP3"
"C3H4orf19","PGCKA1"
"HMX2","HMX2"
"RORC","RORC"
"ADAT1","ADAT1"
"HMX3","HMX3"
"SORBS3","SORBS3"
"SMIM12","SMIM12"
"","SMN2"
"","SMN1"
"CHST15","CHST15"
"ZNF469","ZNF469"
"GNPDA2","GNPDA2"
"TDRKH","TDRKH"
"BACE1","BACE1"
"ACADSB","ACADSB"
"CIT","CIT"
"PDLIM2","PDLIM2"
"GUF1","GUF1"
"RUNX3","RUNX3"
"KARS1","KARS1"
"","NCR3LG1"
"OAZ3","OAZ3"
"ZFPM1","ZFPM1"
"KCNJ11","KCNJ11"
"","GUF1"
"SLC30A2","SLC30A2"
"C2H8orf58","C8orf58"
"IKZF5","IKZF5"
"TERF2IP","TERF2IP"
"C16orf95","C16orf95"
"CEP164","CEP164"
"NAIP","NAIP"
"YIPF7","YIPF7"
"","DUX4"
"CCAR2","CCAR2"
"PSTK","PSTK"
"ABCC8","ABCC8"
"MRPL9","MRPL9"
"ADAD2","ADAD2"
"GABRA4","GABRA4"
"FBXO31","FBXO31"
"EGR3","EGR3"
"COX7B2","COX7B2"
"","FAM24B"
"","FAM24A"
"EXTL1","EXTL1"
"CELF3","CELF3"
"","GTF2H2"
"","GTF2H2C"
"PEBP4","PEBP4"
"","MKI67"
"ADAMTS18","ADAMTS18"
"PAFAH2","PAFAH2"
"OCIAD1","OCIAD1"
"PRKAB1","PRKAB1"
"SNX27","SNX27"
"OCLN","OCLN"
"PTPRE","PTPRE"
"RHOBTB2","RHOBTB2"
"NUDT7","NUDT7"
"","EIF3G"
"CDH18","CDH18"
"ITPRIP","ITPRIP"
"CD59","CD59"
"CCDC60","CCDC60"
"VAT1L","VAT1L"
"MARVELD2","MARVELD2"
"FBXO3","FBXO3"
"STMN1","STMN1"
"DSCAML1","DSCAML1"
"TULP3","TULP3"
"","DERL3"
"TUFT1","TUFT1"
"TRIO","TRIO"
"GSTO1","GSTO1"
"FRYL","FRYL"
"TNFRSF10B","TNFRSF10A"
"NKAIN1","NKAIN1"
"CGN",""
"AXDND1","AXDND1"
"RHNO1","RHNO1"
"","TNFRSF10A"
"RAD17","RAD17"
"GSTO2","GSTO2"
"HMGCS2","HMGCS2"
"TMEM81","TMEM81"
"","FXYD2"
"CHMP7","CHMP7"
"","EEF1AKMT2"
"RAG2","RAG2"
"PHGDH","PHGDH"
"R3HCC1","R3HCC1"
"JAML","JAML"
"SOAT1","SOAT1"
"IFTAP","IFTAP"
"LHPP","LHPP"
"CFAP43","CFAP43"
"RASSF10","RASSF10"
"LOXL2","LOXL2"
"RBBP5","RBBP5"
"AK6","AK6"
"PUM1","PUM1"
"ZNF697","ZNF697"
"MPZL3","MPZL3"
"ENTPD4","ENTPD4"
"NKX1-2","NKX1-2"
"EHF","EHF"
"NPHS2","NPHS2"
"OAT","OAT"
"TAF9","TAF9"
"IRX1","IRX1"
"HSD3B2","HSD3B2"
"HSD3B2","HSD3B1"
"IRX2","IRX2"
"OR9E4",""
"HAO2","HAO2"
"DSTYK","DSTYK"
"","DNAJA1"
"TDRD5","TDRD5"
"SFR1","SFR1"
"TENT4A","TENT4A"
"CTBP2","CTBP2"
"WARS2","WARS2"
"FGF8","FGF8"
"GCSAML","GCSAML"
"SLC10A4","SLC10A4"
"MPZL2","MPZL2"
"PRKAB2","PRKAB2"
"ZAR1","ZAR1"
"MTRR","MTRR"
"FBXW4","FBXW4"
"SYT13","SYT13"
"SLC25A37","SLC25A37"
"APBB2","APBB2"
"CD3E","CD3E"
"TMCC2","TMCC2"
"ELF5","ELF5"
"GJA5","GJA5"
"TOR1AIP2","TOR1AIP2"
"POLL","POLL"
"FASTKD3","FASTKD3"
"SNORD111B","SNORD111B"
"SNORD111","SNORD111"
"MARCHF11","MARCHF11"
"SNORD71","SNORD71"
"NKX3-1","NKX3-1"
"NUAK2","NUAK2"
"eca-mir-9079",""
"ACP6","ACP6"
"CD3D","CD3D"
"WNT9A","WNT9A"
"MIR140","MIR140"
"APIP","APIP"
"DPCD","DPCD"
"ZRANB1","ZRANB1"
"AQP12","AQP12A"
"AQP12","AQP12B"
"NKX2-6","NKX2-6"
"PHLPP2","PHLPP2"
"SLC9A3","SLC9A3"
"FBXL7","FBXL7"
"BCL9","BCL9"
"STC1","STC1"
"NSUN7","NSUN7"
"KLHDC8A","KLHDC8A"
"PWWP2B","PWWP2B"
"CD3G","CD3G"
"TOR1AIP1","TOR1AIP1"
"SEMA5A","SEMA5A"
"MYO10","MYO10"
"ZNF19","ZNF19"
"TMEM171","TMEM171"
"RBM47","RBM47"
"HJURP","HJURP"
"CHD1L","CHD1L"
"PNOC","PNOC"
"LEMD1","LEMD1"
"PDHX","PDHX"
"UBE4A","UBE4A"
"FCHO2","FCHO2"
"ZMYM6","ZMYM6"
"SH3BP4","SH3BP4"
"NFAT5","NFAT5"
"LRRC27","LRRC27"
"ZNF395","ZNF395"
"ACACB","ACACB"
"BTRC","BTRC"
"CHRNA9","CHRNA9"
"RGS16","RGS16"
"CDK18","CDK18"
"DDX19A","DDX19A"
"KCTD8","KCTD8"
"FMO5","FMO5"
"GLG1","GLG1"
"","TIGD1"
"STK32C","STK32C"
"TNPO1","TNPO1"
"CES3","CES3"
"FBXO16","FBXO16"
"BOK","BOK"
"RGS8","RGS8"
"GRXCR1","GRXCR1"
"","ATP5MG"
"","ATP5MGL"
"ADAMTS16","ADAMTS16"
"SPAG17","SPAG17"
"TMEM25","TMEM25"
"DPEP2","DPEP2"
"LBX1","LBX1"
"THAP4","THAP4"
"IRX4","IRX4"
"PSMB2","PSMB2"
"CCL22","CCL22"
"NDUFS6","NDUFS6"
"H2BL1",""
"MFSD4A","MFSD4A"
"COL17A1","COL17A1"
"MRPL36","MRPL36"
"CBFB","CBFB"
"NPL","NPL"
"NLRP3","NLRP3"
"DPYSL4","DPYSL4"
"TFAP2E","TFAP2E"
"EXOC3","EXOC3"
"","RPS25"
"FZD3","FZD3"
"TTC36","TTC36"
"KIAA0319L","KIAA0319L"
"WDR3","WDR3"
"TRIP13","TRIP13"
"PPP3CA","PPP3CA"
"CD44","CD44"
"ZNF496","ZNF496"
"RETREG1","RETREG1"
"ATG4B","ATG4B"
"IFT46","IFT46"
"EXTL3","EXTL3"
"GINS3","GINS3"
"JAKMIP3","JAKMIP3"
"BRD9","BRD9"
"U6","RNU6-1232P"
"CNTNAP4","CNTNAP4"
"U6","RNU6-1038P"
"","SNORD89"
"CDH11","CDH11"
"eca-mir-1302c-5",""
"INTS9","INTS9"
"ARCN1","ARCN1"
"UNG","UNG"
"NCDN","NCDN"
"GDAP2","GDAP2"
"DHX9","DHX9"
"TSHB","TSHB"
"CPNE2","CPNE2"
"NDUFA10","NDUFA10"
"PHLDB1","PHLDB1"
"SYCP1","SYCP1"
"ALKBH2","ALKBH2"
"","VN1R5"
"USP30","USP30"
"ZMYM4","ZMYM4"
"SLC1A2","SLC1A2"
"","ZG16B"
"SLK","SLK"
"RNF187","RNF187"
"SSTR5","SSTR5"
"H2BC26",""
"SVOP","SVOP"
"TSPAN9","TSPAN9"
"","TPSAB1"
"","TPSB2"
"SHCBP1L","SHCBP1L"
"ZNF622","ZNF622"
"DAO","DAO"
"STN1","STN1"
"SLC7A5","SLC7A5"
"LAMC1","LAMC1"
"SIKE1","SIKE1"
"TRIM17","TRIM17"
"TREH","TREH"
"ANKH","ANKH"
"HMBOX1","HMBOX1"
"PSME3IP1","PSME3IP1"
"CSDE1","CSDE1"
"KHDRBS3","KHDRBS3"
"SH3PXD2A","SH3PXD2A"
"TRIM11","TRIM11"
"","TWSG1"
"SSH1","SSH1"
"RSPRY1","RSPRY1"
"ZG16B","ZG16B"
"CA5A","CA5A"
"","MRPL32"
"ADCY8","ADCY8"
"PTCD2","PTCD2"
"DOCK1","DOCK1"
"BANP","BANP"
"DDX6","DDX6"
"NEURL1","NEURL1"
"ARL2BP","ARL2BP"
"","ZDHHC11B"
"","ZDHHC11"
"MSLNL","MSLNL"
"LAMC2","LAMC2"
"OTULIN","OTULIN"
"TPPP","TPPP"
"CLDN25","CLDN25"
"TSPAN11","TSPAN11"
"ST3GAL1","ST3GAL1"
"NRAS","NRAS"
"CORO1C","CORO1C"
"SORCS3","SORCS3"
"CEP72","CEP72"
"PLLP","PLLP"
"KIF13B","KIF13B"
"AMPD1","AMPD1"
"SELPLG","SELPLG"
"SFPQ","SFPQ"
"COL22A1","COL22A1"
"DAP","DAP"
"ICE1","ICE1"
"ANKRD33B","ANKRD33B"
"OTOS","OTOS"
"PAMR1","PAMR1"
"PRMT8","PRMT8"
"MRPS27","MRPS27"
"TMEM119","TMEM119"
"ADRA2A","ADRA2A"
"UBE2QL1","UBE2QL1"
"TWIST2","TWIST2"
"EMCN","EMCN"
"SHOC2","SHOC2"
"ROPN1L","ROPN1L"
"PDP2","PDP2"
"","MSLN"
"NMNAT2","NMNAT2"
"DDIT4L","DDIT4L"
"LPCAT1","LPCAT1"
"MLYCD","MLYCD"
"XBP1","XBP1"
"TPSG1","TPSG1"
"DENND2C","DENND2C"
"WDTC1","WDTC1"
"SLC6A3","SLC6A3"
"BBIP1","BBIP1"
"H2AZ1",""
"","TRPM8"
"CLPTM1L","CLPTM1L"
"CACNA1H","CACNA1H"
"OR6B2C","OR6B2"
"OR6B2C","OR6B3"
"PDCD4","PDCD4"
"MARCHF6","MARCHF6"
"MAP1B","MAP1B"
"CDH16","CDH16"
"OR9S3",""
"HSCB","HSCB"
"SLC9A1","SLC9A1"
"","COPS9"
"TRIM33","TRIM33"
"FJX1","FJX1"
"TENT5B","TENT5B"
"INSYN2A","INSYN2A"
"RBM20","RBM20"
"TERT","TERT"
"TRIM44","TRIM44"
"TRNP1","TRNP1"
"ARL4C","ARL4C"
"BNIP3","BNIP3"
"SLC6A18","SLC6A18"
"","MAFIP"
"","TEKT4"
"SMC3","SMC3"
"PLEKHO1","PLEKHO1"
"CHEK2","CHEK2"
"CMBL","CMBL"
"SMG7","SMG7"
"RRAD","RRAD"
"KDF1","KDF1"
"C1QTNF8","C1QTNF8"
"OBSCN","OBSCN"
"SOX8","SOX8"
"AGAP1","AGAP1"
"SLC6A19","SLC6A19"
"CCT5","CCT5"
"ASAP1","ASAP1"
"LMF1","LMF1"
"PPP2R2D","PPP2R2D"
"DUSP5","DUSP5"
"CES2",""
"ATP8A1","ATP8A1"
"","ZDHHC18"
"SLC12A7","SLC12A7"
"CUTC","CUTC"
"KCNQ3","KCNQ3"
"LRRC4C","LRRC4C"
"CHUK","CHUK"
"CIAO2B","CIAO2B"
"NUDC","NUDC"
"CYP2E1","CYP2E1"
"CYP2C23",""
"NR0B2","NR0B2"
"FAM135B","FAM135B"
"NKD2","NKD2"
"GPN2","GPN2"
"EBF3","EBF3"
"CDH5","CDH5"
"CPN1","CPN1"
"MED10",""
"ARID1A","ARID1A"
"TTC28","TTC28"
"ATPSCKMT","ATPSCKMT"
"BEND4","BEND4"
"TMEM71","TMEM71"
"DNMBP","DNMBP"
"BEAN1","BEAN1"
"AHRR","AHRR"
"SPATA18","SPATA18"
"GNG13","GNG13"
"NCF2","NCF2"
"CHTF18","CHTF18"
"COX15","COX15"
"DNAH5","DNAH5"
"DNAAF11","DNAAF11"
"SGCB","SGCB"
"PDCD6","PDCD6"
"RPS6KA1","RPS6KA1"
"MGMT","MGMT"
"ENTPD7","ENTPD7"
"TK2","TK2"
"LRRC66","LRRC66"
"LRRC14B","LRRC14B"
"MN1","MN1"
"SDHA","SDHA"
"DCUN1D4","DCUN1D4"
"SLC25A28","SLC25A28"
"CRYBB3","CRYBB3"
"PHF20L1","PHF20L1"
"CALHM3","CALHM3"
"CLEC1B","CLEC1B"
"RPUSD1","RPUSD1"
"LAMTOR3","LAMTOR3"
"ASB18","ASB18"
"CLEC9A","CLEC9A"
"KIAA1671","KIAA1671"
"CMTM4","CMTM4"
"CCDC127","CCDC127"
"ACCSL","ACCSL"
"C1H10orf90","C10orf90"
"ANO2","ANO2"
"PLEKHG4B","PLEKHG4B"
"GBX2","GBX2"
"TG","TG"
"CWH43","CWH43"
"CASKIN1","CASKIN1"
"TRAF3IP1","TRAF3IP1"
"DNAJB14","DNAJB14"
"","TAF11L8"
"","LINC02218"
"","TAF11L11"
"","TAF11L13"
"","TAF11L7"
"","TAF11L3"
"","TAF11L9"
"","TAF11L2"
"","TAF11L6"
"","TAF11L10"
"","TAF11L4"
"","TAF11L14"
"","TAF11L12"
"","TAF11L5"
"TMPRSS13",""
"BASP1","BASP1"
"LHFPL7","LHFPL7"
"SRD5A1","SRD5A1"
"SGSM1","SGSM1"
"ELK4","ELK4"
"ADAM12","ADAM12"
"ZCCHC17","ZCCHC17"
"LIMCH1","LIMCH1"
"NSUN2","NSUN2"
"ACCS","ACCS"
"CFAP90","CFAP90"
"RAB26","RAB26"
"ADCY2","ADCY2"
"SLA","SLA"
"OTULINL","OTULINL"
"TRAF7","TRAF7"
"ASB1","ASB1"
"SLC45A3","SLC45A3"
"DAPP1","DAPP1"
"EXT2","EXT2"
"OTUD7B","OTUD7B"
"PIWIL3","PIWIL3"
"CTNND2","CTNND2"
"MTMR11","MTMR11"
"CCN4","CCN4"
"VWF","VWF"
"GJC2","GJC2"
"ATP1A1","ATP1A1"
"NDRG1","NDRG1"
"C4orf54","C4orf54"
"GPA33","GPA33"
"FABP3","FABP3"
"IBA57","IBA57"
"KLF3","KLF3"
"C14H1orf35","C1orf35"
"MTTP","MTTP"
"PKD1","PKD1"
"STYXL2","STYXL2"
"ACKR3","ACKR3"
"FANK1","FANK1"
"TBC1D1","TBC1D1"
"SLC41A1","SLC41A1"
"TAS2R1","TAS2R1"
"SNRNP40","SNRNP40"
"GUK1","GUK1"
"EFR3A","EFR3A"
"TRMT10A","TRMT10A"
"WNT3A","WNT3A"
"GJA4","GJA4"
"GPC1","GPC1"
"CIART","CIART"
"ALX4","ALX4"
"ARF1","ARF1"
"DHX32","DHX32"
"PM20D1","PM20D1"
"GJB3","GJB3"
"RPRD2","RPRD2"
"TSC2","TSC2"
"CD82","CD82"
"SLAIN2","SLAIN2"
"BCCIP","BCCIP"
"OR2C3D","OR2C3"
"C3H4orf17","C4orf17"
"","RSL24D1"
"NFXL1","NFXL1"
"ECM1","ECM1"
"ZFAT","ZFAT"
"OR2C3","OR2C3"
"UROS","UROS"
"ANKMY1","ANKMY1"
"OR2C3F","OR2C3"
"TARS2","TARS2"
"","ADH1C"
"","ADH1A"
"","ADH1B"
"OR2W29",""
"TP53I11","TP53I11"
"SLC26A9","SLC26A9"
"GJB5","GJB5"
"OR2B11","OR2B11"
"RHOH","RHOH"
"PRDM11","PRDM11"
"JPH3","JPH3"
"SNORD14","SNORD14C"
"OC90","OC90"
"SNORD14","SNORD14D"
"KLHDC4","KLHDC4"
"RAB7B","RAB7B"
"HHLA1","HHLA1"
"PRPF3","PRPF3"
"SNORD123","SNORD123"
"eca-mir-8960",""
"eca-mir-100","MIR100"
"","GSDMC"
"CD9","CD9"
"eca-mir-125b","MIR125B1"
"MAN1C1","MAN1C1"
"N4BP2","N4BP2"
"","MIRLET7A2"
"eca-mir-8988",""
"MIR320A","MIR320A"
"CA14","C1orf54"
"MMP21","MMP21"
"LDLRAD3","LDLRAD3"
"eca-mir-8983",""
"eca-mir-598","MIR598"
"eca-mir-9000",""
"CTSE","CTSE"
"eca-mir-9064",""
"POU2F3","POU2F3"
"MIR124-1","MIR124-1"
"PHOX2B","PHOX2B"
"EDRF1","EDRF1"
"FDFT1","FDFT1"
"CORIN","CORIN"
"APH1A","APH1A"
"CYRIB","CYRIB"
"RCSD1","RCSD1"
"COMMD9","COMMD9"
"LDLRAP1","LDLRAP1"
"OSGIN1","OSGIN1"
"C1RL","C1RL"
"ANP32E","ANP32E"
"HSPA8","HSPA8"
"TEX36","TEX36"
"KCNK9","KCNK9"
"TRAPPC9","TRAPPC9"
"PRR5L","PRR5L"
"MACO1","MACO1"
"AVPR1B","AVPR1B"
"","CHTOP"
"FAM72A","FAM72C"
"FAM72A","FAM72A"
"FAM72A","FAM72B"
"FAM72A","FAM72D"
"OR6AE1",""
"ATP10D","ATP10D"
"SIDT2","SIDT2"
"NTHL1","NTHL1"
"NECAB2","NECAB2"
"POGZ","POGZ"
"CLSTN3","CLSTN3"
"OR6B13",""
"TMEM50A","TMEM50A"
"","IGLV8-61"
"","IGLV3-12"
"","IGLV3-21"
"SCART1","SCART1"
"U6","RNU6-475P"
"U6","RNU6-448P"
"","IGLV3-32"
"","IGLV3-19"
"SCARNA3","SCARNA3"
"NHERF2","NHERF2"
"","IGLV2-18"
"","IGLV2-8"
"","IGLV2-11"
"","IGLV2-33"
"","IGLV2-23"
"","IGLV2-14"
"KMT2A","KMT2A"
"eca-mir-488","MIR488"
"eca-mir-8969",""
"COL6A3","COL6A3"
"COMMD8","COMMD8"
"PAOX","PAOX"
"TRAF6","TRAF6"
"","RHD"
"","RHCE"
"","PRODH"
"SPRN","SPRN"
"GABRB1","GABRB1"
"RBP5","RBP5"
"NPW","NPW"
"RAG1","RAG1"
"","DGCR6L"
"","DGCR6"
"MBTPS1","MBTPS1"
"CALHM1","CALHM1"
"PSMB4","PSMB4"
"PGM2","PGM2"
"ZNF598","ZNF598"
"CALHM2","CALHM2"
"KIAA1549L","KIAA1549L"
"RSRP1","RSRP1"
"PDCD11","PDCD11"
"SELENBP1","SELENBP1"
"PEX5","PEX5"
"SYNGR3","SYNGR3"
"RFX5","RFX5"
"BCR","BCR"
"PDS5A","PDS5A"
"ATP5MK","ATP5MK"
"","SYF2"
"DUSP28","DUSP28"
"PI4KB","PI4KB"
"SLC38A8","SLC38A8"
"C12H11orf91","C11orf91"
"METRN","METRN"
"TAF5","TAF5"
"RNPEPL1","RNPEPL1"
"TRIM62","TRIM62"
"HIPK3","HIPK3"
"PCGF6","PCGF6"
"HSDL1","HSDL1"
"UBE2K","UBE2K"
"ZNF687","ZNF687"
"AZIN2","AZIN2"
"CCDC78","CCDC78"
"DNAAF1","DNAAF1"
"PSMD4","PSMD4"
"CGA","CGA"
"TAF1C","TAF1C"
"CAPN10","CAPN10"
"","CMTM1"
"SMIM14","SMIM14"
"CIAO3","CIAO3"
"","LRRC59"
"RNF19B","RNF19B"
"CKLF","CKLF"
"NT5C2","NT5C2"
"PIP5K1A","PIP5K1A"
"ZDHHC7","ZDHHC7"
"HTR1E","HTR1E"
"HAGHL","HAGHL"
"CAPRIN1","CAPRIN1"
"UGDH","UGDH"
"CMTM2","CMTM2"
"KIAA0513","KIAA0513"
"ASZ1","ASZ1"
"EPHA7","EPHA7"
"P2RY1","P2RY1"
"CMTM3","CMTM3"
"WDR24","WDR24"
"AK2","AK2"
"HDAC4","HDAC4"
"MANEA","MANEA"
"U6","RNU6-250P"
"CIBAR2","CIBAR2"
"U2","RNU2-53P"
"TCP11L1","TCP11L1"
"AGTR1","AGTR1"
"FEZF1","FEZF1"
"LIAS","LIAS"
"U4",""
"eca-mir-9005",""
"FUT9","FUT9"
"eca-mir-9010",""
"eca-mir-9012",""
"MDFIC","MDFIC"
"INA","INA"
"ASPHD2","ASPHD2"
"DEPDC7","DEPDC7"
"CD163","CD163"
"DYNC1LI2","DYNC1LI2"
"SRGAP2","SRGAP2C"
"SRGAP2","SRGAP2B"
"SRGAP2","SRGAP2"
"WNT2","WNT2"
"RSPH14","RSPH14"
"C3orf33","C3orf33"
"GNAZ","GNAZ"
"GMPS","GMPS"
"","C16orf74"
"","DRG1"
"RPL9","RPL9"
"RAB36","RAB36"
"MLEC","MLEC"
"UFL1","UFL1"
"CD163L1","CD163L1"
"RFC1","RFC1"
"NF2","NF2"
"GSE1","GSE1"
"GPR15","GPR15"
"","TMEM233"
"LMO2","LMO2"
"CCDC117","CCDC117"
"RAP2B","RAP2B"
"WDR19","WDR19"
"TMEM54","TMEM54"
"IQCA1","IQCA1"
"NAT10","NAT10"
"CADPS2","CADPS2"
"PITPNB","PITPNB"
"FHL5","FHL5"
"FBXL16","FBXL16"
"NIPSNAP1","NIPSNAP1"
"GPR63","GPR63"
"AADACL2","AADACL2"
"","GMCL2"
"","GMCL1"
"HPCA","HPCA"
"KLHL5","KLHL5"
"AADAC",""
"THOC5","THOC5"
"HSD17B2","HSD17B2"
"TERB1","TERB1"
"CLEC4E","CLEC4E"
"IKBKE","IKBKE"
"STUB1","STUB1"
"FNDC5","FNDC5"
"CDH13","CDH13"
"DTYMK","DTYMK"
"CLEC4D","CLEC4D"
"OSTF1","OSTF1"
"NDUFAF4","NDUFAF4"
"RHBDL1","RHBDL1"
"NEFH","NEFH"
"CLEC6A","CLEC6A"
"C2H1orf94","C1orf94"
"CNR1","CNR1"
"U1","RNU1-18P"
"ABTB2","ABTB2"
"PRAME",""
"SLC39A13","SLC39A13"
"eca-mir-1204",""
"eca-mir-30b","MIR30B"
"RHOT2","RHOT2"
"NAE1","NAE1"
"eca-mir-30d","MIR30D"
"ING5","ING5"
"PISD","PISD"
"NMRK1","NMRK1"
"TMEM156","TMEM156"
"CSMD2","CSMD2"
"NECAP1","NECAP1"
"GAL3ST2","GAL3ST2"
"WDR90","WDR90"
"KLHL32","KLHL32"
"FAM114A1","FAM114A1"
"RASSF5","RASSF5"
"NEU4","NEU4"
"CDH8","CDH8"
"AASS","AASS"
"SFI1","SFI1"
"PSMC3","PSMC3"
"","FOXB2"
"DPPA4","DPPA4"
"TLR1","TLR1"
"CARNMT1","CARNMT1"
"COX4I1","COX4I1"
"PDCD1","PDCD1"
"TRMT10C","TRMT10C"
"CDH10","CDH10"
"IRF8","IRF8"
"TLR6","TLR6"
"C21H5orf22","C5orf22"
"C3AR1","C3AR1"
"ECHS1","ECHS1"
"RAPSN","RAPSN"
"DROSHA","DROSHA"
"ANXA1","ANXA1"
"UBE2F","UBE2F"
"PCNP","PCNP"
"SLC13A1","SLC13A1"
"METTL26","METTL26"
"FOXJ2","FOXJ2"
"FUOM","FUOM"
"EIF2D","EIF2D"
"DPPA2","DPPA2"
"CFAP20","CFAP20"
"TLR10","TLR10"
"IQUB","IQUB"
"C3orf85","C3orf85"
"CRISPLD2","CRISPLD2"
"SPI1","SPI1"
"WFIKKN1","WFIKKN1"
"PRAP1","PRAP1"
"SLC2A3",""
"NECTIN3","NECTIN3"
"","CSNK2B"
"PRUNE2","PRUNE2"
"RAB40C","RAB40C"
"CALY","CALY"
"ALCAM","ALCAM"
"OR5T36P",""
"CDH6","CDH6"
"CSNK2A2","CSNK2A2"
"MMS22L","MMS22L"
"CAT","CAT"
"RAI14","RAI14"
"PIGQ","PIGQ"
"OR4C10HP",""
"NANOG","NANOGP8"
"NANOG","NANOG"
"ZNF511","ZNF511"
"HGD","HGD"
"IL17C","IL17C"
"DYRK3","DYRK3"
"TFPI","TFPI"
"KCNG4","KCNG4"
"","NANOGNB"
"OR5W1JP",""
"CFAP263","CFAP263"
"CBLB","CBLB"
"","AADAC"
"OR8U36P",""
"PRR35","PRR35"
"WFDC1","WFDC1"
"ASB15","ASB15"
"MLF2","MLF2"
"OR5M10FP",""
"NDUFB4","NDUFB4"
"OR5AP10P",""
"SUCNR1","SUCNR1"
"PCSK5","PCSK5"
"MAPKAPK2","MAPKAPK2"
"OR9G4GP",""
"CAPN15","CAPN15"
"","PTMS"
"MBNL1","MBNL1"
"CPED1","CPED1"
"ATP2C2","ATP2C2"
"MORC1","MORC1"
"ATP1B1","ATP1B1"
"PRSS54","PRSS54"
"LAG3","LAG3"
"ZNF292","ZNF292"
"CALCRL","CALCRL"
"CDCA3","CDCA3"
"CCDC181","CCDC181"
"GUCA1C","GUCA1C"
"RAB11FIP3","RAB11FIP3"
"GABRR3","GABRR3"
"FSTL1","FSTL1"
"BLZF1","BLZF1"
"CD4","CD4"
"API5","API5"
"MEAK7","MEAK7"
"FSIP2","FSIP2"
"GCNT1","GCNT1"
"SMIM8","SMIM8"
"CDH12","CDH12"
"FAM3C","FAM3C"
"DECR2","DECR2"
"GJB7","GJB7"
"CLDND1","CLDND1"
"CREB3L1","CREB3L1"
"SLC19A2","SLC19A2"
"SCNM1","SCNM1"
"","COTL1"
"MYO1B","MYO1B"
"PGAP6","PGAP6"
"LRRC58","LRRC58"
"OR5D14D","OR5D14"
"P3H3","P3H3"
"PRLR","PRLR"
"C10H6orf163","C6orf163"
"WNT16","WNT16"
"","OR5D14"
"CNNM2","CNNM2"
"GNAQ","GNAQ"
"ARHGEF26","ARHGEF26"
"CFAP206","CFAP206"
"VPS72","VPS72"
"GNA14","GNA14"
"PTPRZ1","PTPRZ1"
"","OR4A47"
"AS3MT","AS3MT"
"F5","F5"
"ALKBH3","ALKBH3"
"OR4A16","OR4A16"
"TMOD4","TMOD4"
"CD200","CD200"
"USP5","USP5"
"OR4A47OP",""
"OR5T32P",""
"OR4A47CP",""
"DHX36","DHX36"
"AGXT2","AGXT2"
"U2","RNU2-15P"
"U2","RNU2-48P"
"U2","RNU2-50P"
"U2","RNU2-33P"
"U2","RNU2-8P"
"NME4","NME4"
"KLHL36","KLHL36"
"TNFAIP8L2","TNFAIP8L2"
"OR4B1J","OR4B1"
"GABRA2","GABRA2"
"","BORCS7"
"","OR5J2"
"SELP","SELP"
"KLB","KLB"
"OR8J3H","OR8J1"
"OR8J3H","OR8J3"
"VPS13A","VPS13A"
"OR5G38P",""
"CYP17A1","CYP17A1"
"USP10","USP10"
"SEMA6C","SEMA6C"
"MRPL28","MRPL28"
"RARS2","RARS2"
"DNAJC21","DNAJC21"
"OR5K24","OR5K3"
"KCND2","KCND2"
"","C2orf68"
"","OR5AP2"
"ZNF804A","ZNF804A"
"OR5AL1P",""
"OR5H41P",""
"GPR149","GPR149"
"OR5M9RP",""
"TSPAN12","TSPAN12"
"OR8U8",""
"IFT57","IFT57"
"C5H1orf56","C1orf56"
"SLC9C1","SLC9C1"
"MME","MME"
"RAD1","RAD1"
"COL3A1","COL3A1"
"EIF4ENIF1","EIF4ENIF1"
"CYBA","CYBA"
"OR5T31",""
"MVD","MVD"
"MTCH2","MTCH2"
"TTC23L","TTC23L"
"GABPB2","GABPB2"
"ADGRG7","ADGRG7"
"ING3","ING3"
"GCSAM","GCSAM"
"SNAI3","SNAI3"
"MLLT11","MLLT11"
"ASCC2","ASCC2"
"PLCH1","PLCH1"
"CTU2","CTU2"
"AGBL2","AGBL2"
"CDC42SE1","CDC42SE1"
"ANXA9","ANXA9"
"BRIX1","BRIX1"
"AXIN1","AXIN1"
"NDRG4","NDRG4"
"C19H3orf52","C3orf52"
"TMEM45A","TMEM45A"
"ZMAT5","ZMAT5"
"PRUNE1","PRUNE1"
"HMGB4","HMGB4"
"GPR37","GPR37"
"SCLY","SCLY"
"ZSCAN20","ZSCAN20"
"FNBP4","FNBP4"
"MINDY1","MINDY1"
"ZFR","ZFR"
"LNP1","LNP1"
"TSC22D2","TSC22D2"
"CAV2","CAV2"
"CABP7","CABP7"
"NUP160","NUP160"
"RNF166","RNF166"
"SLC35A5","SLC35A5"
"CERS2","CERS2"
"EIF2A","EIF2A"
"TPI1","TPI1"
"CCDC188","CCDC188"
"CAV1","CAV1"
"PHC2","PHC2"
"SLC35A1","SLC35A1"
"LTK","LTK"
"TOMM70","TOMM70"
"eca-mir-8924-1",""
"LRRC23","LRRC23"
"MTMR12","MTMR12"
"SETDB1","SETDB1"
"","PTPRJ"
"SEL1L2","SEL1L2"
"TMC1","TMC1"
"PIEZO1","PIEZO1"
"NIT2","NIT2"
"MET","MET"
"ZDHHC8","ZDHHC8"
"OR5AN1G","OR5AN1"
"ORC3","ORC3"
"ATG3","ATG3"
"TLR12",""
"ADAM8",""
"GCFC2","GCFC2"
"SPSB2","SPSB2"
"ZFAND5","ZFAND5"
"SERP1","SERP1"
"GOLPH3","GOLPH3"
"ESPNL","ESPNL"
"PES1","PES1"
"ARNT","ARNT"
"BTLA","BTLA"
"SELL","SELL"
"GDA","GDA"
"SELENOT","SELENOT"
"COL5A2","COL5A2"
"IVD","IVD"
"AKIRIN2","AKIRIN2"
"CD47","CD47"
"TUBGCP2","TUBGCP2"
"NDUFAF5","NDUFAF5"
"ATN1","ATN1"
"SETD6","SETD6"
"ERICH6","ERICH6"
"KLHL30","KLHL30"
"PDZD2","PDZD2"
"PTCH1","PTCH1"
"GAL3ST1","GAL3ST1"
"TMPRSS7","TMPRSS7"
"SIAH2","SIAH2"
"CTSS","CTSS"
"SLC9B2","SLC9B2"
"SPACA1","SPACA1"
"MRPL19","MRPL19"
"MINDY4B","MINDY4B"
"ITPKA","ITPKA"
"CNOT1","CNOT1"
"C23H9orf85","C9orf85"
"SEC14L4","SEC14L4"
"ESF1","ESF1"
"SELE","SELE"
"ERFE","ERFE"
"","C9orf57"
"CLRN1","CLRN1"
"EGR4","EGR4"
"ZPLD1","ZPLD1"
"PNRC1","PNRC1"
"SEC14L3","SEC14L3"
"CAPZA2","CAPZA2"
"FBXO41","FBXO41"
"HORMAD1","HORMAD1"
"SLC38A7","SLC38A7"
"AQP9","AQP9"
"ABHD17B","ABHD17B"
"RNGTT","RNGTT"
"ENO2","ENO2"
"SMYD5","SMYD5"
"CDH9","CDH9"
"TASP1","TASP1"
"ILKAP","ILKAP"
"MED12L","MED12L"
"NFKBIZ","NFKBIZ"
"C1QTNF3","C1QTNF3"
"CEP78","CEP78"
"CDT1","CDT1"
"VENTX","VENTX"
"PRADC1","PRADC1"
"MAPK6","MAPK6"
"UTF1",""
"CTSK","CTSK"
"FBP1","FBP1"
"SLC45A2","SLC45A2"
"KNDC1","KNDC1"
"","REG1B"
"GOT2","GOT2"
"METTL18","METTL18"
"ST7","ST7"
"LRRTM4","LRRTM4"
"ARHGDIG","ARHGDIG"
"CEP97","CEP97"
"CTSL","CTSL"
"TAGLN3","TAGLN3"
"ENSA","ENSA"
"AMACR","AMACR"
"RXFP3","RXFP3"
"CGNL1","CGNL1"
"OR5T30",""
"CA7","CA7"
"PDIA2","PDIA2"
"PABPN1L","PABPN1L"
"DAPK1","DAPK1"
"OR8K78","OR8K3"
"ISM1","ISM1"
"OR8J3P",""
"GPR171","GPR171"
"ADAMTS12","ADAMTS12"
"FIRRM","FIRRM"
"CTNNA2","CTNNA2"
"OR5M9M","OR5M9"
"SRSF12","SRSF12"
"MCL1","MCL1"
"TCF12","TCF12"
"ADGRA1","ADGRA1"
"DRC7","DRC7"
"APRT","APRT"
"RPL24","RPL24"
"RGS11","RGS11"
"P2RY14","P2RY14"
"SFXN2","SFXN2"
"GABRR1","GABRR1"
"ADAMTSL4","ADAMTSL4"
"OR5AP2","OR5AP2"
"SPTLC3","SPTLC3"
"SV2A","SV2A"
"TUT7","TUT7"
"GALNS","GALNS"
"ZBTB11","ZBTB11"
"GPR87","GPR87"
"PER2","PER2"
"PTPN6","PTPN6"
"P2RY13","P2RY13"
"CD209","CD209"
"CFAP46","CFAP46"
"OR5G37P",""
"WBP1L","WBP1L"
"TARS1","TARS1"
"H2AC20","H2AC20"
"SCYL3","SCYL3"
"","RFK"
"WDR75","WDR75"
"","OR5D18"
"GABRR1","GABRR2"
"P2RY12","P2RY12"
"","CLEC4G"
"OR5L23P",""
"ABHD10","ABHD10"
"BOLA1","BOLA1"
"TRPM3","TRPM3"
"UBE2J1","UBE2J1"
"CHST1","CHST1"
"IGSF10","IGSF10"
"NPR3","NPR3"
"ZNF280D","ZNF280D"
"H2BC21","H2BC21"
"ARL3","ARL3"
"RRAGD","RRAGD"
"PHLDB2","PHLDB2"
"H2AC19","H2AC18"
"H2AC19","H2AC19"
"RETN","RETN"
"RIOX2","RIOX2"
"FAM234A","FAM234A"
"C23H9orf153",""
"SUB1","SUB1"
"PLCB1","PLCB1"
"CBFA2T3","CBFA2T3"
"KATNB1","KATNB1"
"H2BC19","H2BC21"
"MLLT1","MLLT1"
"H4C15",""
"GOLM1","GOLM1"
"SLC35C1","CRY2"
"KIFAP3","KIFAP3"
"H3C13","H3C13"
"PPP1R3A","PPP1R3A"
"ZC3H15","ZC3H15"
"H2BC18","H2BC18"
"INPP5A","INPP5A"
"","FCGR1A"
"TRIM8","TRIM8"
"LUC7L","LUC7L"
"LRRTM1","LRRTM1"
"MOB3A","MOB3A"
"FOXP2","FOXP2"
"HES6","HES6"
"ANKRD6","ANKRD6"
"NAA35","NAA35"
"FAM171B","FAM171B"
"KAZALD1","KAZALD1"
"","RTP5"
"EVA1A","EVA1A"
"SFXN3","SFXN3"
"IZUMO4","IZUMO4"
"MAPK8IP1","MAPK8IP1"
"KIFC3","KIFC3"
"MLPH","MLPH"
"WDR72","WDR72"
"UVRAG","UVRAG"
"MRPL43","MRPL43"
"FRMD3","FRMD3"
"CRYBG3","CRYBG3"
"PDZD7","PDZD7"
"PEX16","PEX16"
"ZSWIM2","ZSWIM2"
"ACSF3","ACSF3"
"HBQ1","HBQ1"
"CPB1","CPB1"
"AP3D1","AP3D1"
"NKX6-2","NKX6-2"
"TACR1","TACR1"
"","HBA1"
"","HBA2"
"CPA3","CPA3"
"LZTS2","LZTS2"
"KLF9","KLF9"
"LARGE2","LARGE2"
"HBZ","HBZ"
"NTMT2","NTMT2"
"POLE4","POLE4"
"TWNK","TWNK"
"A3GALT2","A3GALT2"
"NABP1","NABP1"
"SMC5",""
"TMX4","TMX4"
"GORAB","GORAB"
"RHBDF1","RHBDF1"
"SEMA4G","SEMA4G"
"CD96","CD96"
"HK2","HK2"
"GYG1","GYG1"
"ZNF362","ZNF362"
"HAO1","HAO1"
"HJV","HJV"
"SLF2","SLF2"
"PHF21A","PHF21A"
"TNFAIP8L3","TNFAIP8L3"
"CDH15","CDH15"
"EBF4","EBF4"
"CAVIN2","CAVIN2"
"AP4E1","AP4E1"
"CAMSAP3","CAMSAP3"
"MDN1","MDN1"
"HLTF","HLTF"
"GULP1","GULP1"
"ANKRD11","ANKRD11"
"ARL6","ARL6"
"RAB17","RAB17"
"RASEF","RASEF"
"MMP15","MMP15"
"OR5BB13",""
"MPG","MPG"
"","FAU"
"OR4D35",""
"SEC14L2","SEC14L2"
"U6","RNU6-464P"
"VAMP1","VAMP1"
"SPPL2A","SPPL2A"
"POLR3GL","POLR3GL"
"eca-mir-9123",""
"eca-mir-1902",""
"PAX2","PAX2"
"MAMDC2","MAMDC2"
"SNAP25","SNAP25"
"eca-mir-670",""
"ZBED2","ZBED2"
"eca-mir-9118",""
"POLR3K","POLR3K"
"eca-mir-9111",""
"DISP2","DISP2"
"MIR129-2","MIR129-2"
"EPHA6","EPHA6"
"XAB2","XAB2"
"CSTF3","CSTF3"
"IL9R","IL9R"
"FANCC","FANCC"
"CTTNBP2","CTTNBP2"
"OR4C11D","OR4C11"
"ANKEF1","ANKEF1"
"BOLA3","BOLA3"
"HPS3","HPS3"
"RTF1","RTF1"
"HCFC1R1","HCFC1R1"
"","OR2L5"
"","OR2L3"
"","OR2L2"
"","OR2L8"
"HIF1AN","HIF1AN"
"PET100","PET100"
"GPR156","GPR156"
"CFAP95","CFAP95"
"","OR2AJ1"
"SCNN1A","SCNN1A"
"LSM8","LSM8"
"TTC17","TTC17"
"","OR4C16"
"TET3","TET3"
"OR2T75",""
"KIF1A","KIF1A"
"OR4C252P",""
"OR4C203",""
"LMOD2","LMOD2"
"PCP2","PCP2"
"OR4A47J","OR4A47"
"SPMIP8","SPMIP8"
"SLC40A1","SLC40A1"
"TXNIP","TXNIP"
"TRPM7","TRPM7"
"OR4C10","OR4C13"
"OR4C10","OR4C46"
"KNSTRN","KNSTRN"
"MTFP1","MTFP1"
"STXBP2","STXBP2"
"CP","CP"
"SEC31B","SEC31B"
"SPG7","SPG7"
"WASL","WASL"
"IL32",""
"PSAT1","PSAT1"
"GSK3B","GSK3B"
"ANKRD34A","ANKRD34A"
"BBX","BBX"
"AOPEP","AOPEP"
"ANKAR","ANKAR"
"LTBR","LTBR"
"PAK5","PAK5"
"RNF215","RNF215"
"","LXN"
"","ABCD2"
"ZNF319","ZNF319"
"CPHL1",""
"OR4A47F","OR4A47"
"HSD17B12","HSD17B12"
"","OR4C15"
"RARRES1","RARRES1"
"CCDC157","CCDC157"
"CD27","CD27"
"OR4C269P",""
"TM4SF18","TM4SF18"
"HYAL4","HYAL4"
"NR4A2","NR4A2"
"MMP25","MMP25"
"TIMM44","TIMM44"
"LYRM2","LYRM2"
"SPAM1","SPAM1"
"","MFSD1"
"DGUOK","DGUOK"
"PTAR1","PTAR1"
"CASP8AP2","CASP8AP2"
"SF3A1","SF3A1"
"USB1","USB1"
"TM4SF1","TM4SF1"
"CCDC9B","CCDC9B"
"CTSV","CTSV"
"","OR2T1"
"OR4X2C","OR4X2"
"CSF3R","CSF3R"
"TMEM229A","TMEM229A"
"SIM1","SIM1"
"TM4SF4","TM4SF4"
"OR14P6",""
"OR4A2F",""
"WWTR1","WWTR1"
"CACYBP","CACYBP"
"COL8A1","COL8A1"
"TAPBPL","TAPBPL"
"LIF","LIF"
"COMMD2","COMMD2"
"EPC2","EPC2"
"CFTR","CFTR"
"ELAVL1","ELAVL1"
"APBA1","APBA1"
"WNT8B","WNT8B"
"TBC1D10A","TBC1D10A"
"LAMP5","LAMP5"
"NR1I2","NR1I2"
"BICDL2","BICDL2"
"FBXL4","FBXL4"
"ZNF782","ZNF782"
"INAFM2","INAFM2"
"TBC1D23","TBC1D23"
"GJA10","GJA10"
"ORMDL1","ORMDL1"
"CX3CL1","CX3CL1"
"SPINT1","SPINT1"
"CFAP91","CFAP91"
"ANKUB1","ANKUB1"
"RPL13",""
"LXN","LXN"
"SCD","SCD"
"CASTOR1","CASTOR1"
"CCL25","CCL25"
"BACH2","BACH2"
"OR5L1F","OR5L2"
"OR5L1F","OR5L1"
"ACTG2","ACTG2"
"CNTN5","CNTN5"
"RORB","RORB"
"ZNF510","ZNF510"
"ACVR1C","ACVR1C"
"CIAPIN1","CIAPIN1"
"RNF13","RNF13"
"PRLH","PRLH"
"PRDM13","PRDM13"
"NCAPD2","NCAPD2"
"RABGAP1L","RABGAP1L"
"PKD2L1","PKD2L1"
"USP8","USP8"
"CPNE7","CPNE7"
"PMS1","PMS1"
"MRPS15","MRPS15"
"PLCB4","PLCB4"
"OSM","OSM"
"","LY6G6C"
"GRIK2","GRIK2"
"OR5D132P","OR5D18"
"RBM8A","RBM8A"
"LSM10","LSM10"
"PPP4R2","PPP4R2"
"HORMAD2","HORMAD2"
"PFN2","PFN2"
"POPDC2","POPDC2"
"GALNT13","GALNT13"
"ITGA10","ITGA10"
"LRRFIP1","LRRFIP1"
"OR5D132CP",""
"PPP1R14D","PPP1R14D"
"STAMBP","STAMBP"
"DPEP1","DPEP1"
"TRPM6","TRPM6"
"OR4A150P","OR4A5"
"OR4A150P","OR4A8"
"POLR2C","POLR2C"
"MTMR3","MTMR3"
"CNTN6","CNTN6"
"CHST14","CHST14"
"OR4C253P","OR4C16"
"PRXL2C","PRXL2C"
"MED16","MED16"
"STK40","STK40"
"MAP3K7","MAP3K7"
"OR4C257P",""
"TMEM30C",""
"KNL1","KNL1"
"CCDC102A","CCDC102A"
"ADPRH","ADPRH"
"SOCS1","SOCS1"
"RBM43","RBM43"
"TUBB4A","TUBB4A"
"CHMP1A","CHMP1A"
"OR5D16",""
"CDC14B","CDC14C"
"CDC14B","CDC14B"
"FILIP1L","FILIP1L"
"RAB30","RAB30"
"SH3D21","SH3D21"
"GAPDH","GAPDH"
"OR10AG95",""
"NMI","NMI"
"CWC15","CWC15"
"SEC14L5","SEC14L5"
"CELF1","CELF1"
"SRFBP1","SRFBP1"
"","KDM4D"
"CLDN9","CLDN9"
"TFEC","TFEC"
"ZC3H7A","ZC3H7A"
"CERS4","CERS4"
"TNFAIP6","TNFAIP6"
"OSTM1","OSTM1"
"IFFO1","IFFO1"
"THRAP3","THRAP3"
"CD80","CD80"
"DDIAS","DDIAS"
"EDEM1","EDEM1"
"C18H2orf88","C2orf88"
"FTMT","FTMT"
"LIX1L","LIX1L"
"LYPD6","LYPD6"
"CDK10","CDK10"
"THOC6","THOC6"
"DOK4","DOK4"
"EEF2KMT","EEF2KMT"
"EEF2KMT","FAM86B2"
"EEF2KMT","FAM86B1"
"FAM170A","FAM170A"
"RPUSD2","RPUSD2"
"PRCP","PRCP"
"ARL8B","ARL8B"
"RBM44","RBM44"
"MAP7D1","MAP7D1"
"","C2orf78"
"CD320","CD320"
"HSD17B4","HSD17B4"
"NR2E1","NR2E1"
"","MUC2"
"CCDC32","CCDC32"
"HABP4","HABP4"
"GNRHR2",""
"RAMP1","RAMP1"
"SNX3","SNX3"
"GPR52","GPR52"
"PEX11B","PEX11B"
"TPRKB","TPRKB"
"SPATA2L","SPATA2L"
"GXYLT2","GXYLT2"
"WNT11","WNT11"
"ADGRG5","ADGRG5"
"MMADHC","MMADHC"
"MSTN","MSTN"
"C9orf40","C9orf40"
"ANKRD63","ANKRD63"
"ACRBP","ACRBP"
"POLR3C","POLR3C"
"","FTH1"
"CPOX","CPOX"
"VPS9D1","VPS9D1"
"PAK6","PAK6"
"TNFRSF12A","TNFRSF12A"
"MRPS14","MRPS14"
"ZNF367","ZNF367"
"AFG1L","AFG1L"
"SHQ1","SHQ1"
"COPS8","COPS8"
"TIMMDC1","TIMMDC1"
"PICALM","PICALM"
"TES","TES"
"PAQR4","PAQR4"
"SLC35D2","SLC35D2"
"ALG1","ALG1L2"
"ALG1","ALG1"
"HIBCH","HIBCH"
"U6","RNU6-682P"
"DZIP3","DZIP3"
"WFDC5","WFDC5"
"eca-mir-9043",""
"PI3","PI3"
"ZNF276","ZNF276"
"","C10orf88"
"","GREP1"
"POGLUT1","POGLUT1"
"FAM81A","FAM81A"
"ALDH1A1","ALDH1A1"
"BUB1B","BUB1B"
"","WFDC12"
"","NXF2B"
"","NXF2"
"ANKRD35","ANKRD35"
"GPD2","GPD2"
"SRSF6","SRSF6"
"TNN","TNN"
"TRAPPC3","TRAPPC3"
"HSD17B3","HSD17B3"
"SGK2","SGK2"
"POT1","POT1"
"5S_rRNA",""
"ASCC3","ASCC3"
"BHLHE40","BHLHE40"
"RANBP1","RANBP1"
"PDZK1","PDZK1"
"PKMYT1","PKMYT1"
"FAM53B","FAM53B"
"COL8A2","COL8A2"
"ADGRG3","ADGRG3"
"TMEM39A","TMEM39A"
"CNTN3","CNTN3"
"","NAT8"
"","IGLV1-51"
"","IGLV1-47"
"","IGLV1-36"
"","IGLV1-44"
"","IGLV1-50"
"","IGLV1-40"
"MYO1E","MYO1E"
"TRMT2A","TRMT2A"
"IFT52","IFT52"
"CDK19","CDK19"
"TXNDC11","TXNDC11"
"SPP2","SPP2"
"FANCA","FANCA"
"RFK","RFK"
"NDUFS3","NDUFS3"
"TEKT2","TEKT2"
"MTG1","MTG1"
"PIAS3","PIAS3"
"ERCC6L2","ERCC6L2"
"BAHD1","BAHD1"
"ADGRG1","ADGRG1"
"ARHGAP31","ARHGAP31"
"AGXT","AGXT"
"NOP2","NOP2"
"KREMEN2","KREMEN2"
"ALMS1","ALMS1"
"CEMIP2","CEMIP2"
"INPP1","INPP1"
"DGCR8","DGCR8"
"MYBL2","MYBL2"
"CHD4","CHD4"
"TNFAIP8","TNFAIP8"
"PPP1R7","ANO7"
"SRP14","SRP14"
"PTPMT1","PTPMT1"
"FLYWCH1",""
"NUDT17","NUDT17"
"KBTBD4","KBTBD4"
"AGO3","AGO3"
"CRBN","CRBN"
"KANK3","KANK3"
"CCDC83","CCDC83"
"CD160","CD160"
"MFSD6","MFSD6"
"NDUFA7","NDUFA7"
"CIP2A","CIP2A"
"C13H16orf89","C16orf89"
"EIF2AK4","EIF2AK4"
"FAM181B",""
"SEMA4F","SEMA4F"
"KIF5C","KIF5C"
"GTSF1L","GTSF1L"
"TANGO2","TANGO2"
"FLYWCH2","FLYWCH2"
"DDX28","DDX28"
"","GPR89B"
"","GPR89A"
"ANGPTL4","ANGPTL4"
"KPNA5","KPNA5"
"DMXL1","DMXL1"
"SYTL2","SYTL2"
"CDH22","CDH22"
"TRNT1","TRNT1"
"B4GALT4","B4GALT4"
"NAGPA","NAGPA"
"SLC35C2","SLC35C2"
"NFATC3","NFATC3"
"SRRM2","SRRM2"
"BLOC1S2","BLOC1S2"
"GPR83","GPR83"
"CD83","CD83"
"","OR2G6"
"GPR6","GPR6"
"MDK","MDK"
"ZBTB37",""
"NEMP2","NEMP2"
"NT5DC1","NT5DC1"
"AGTPBP1","AGTPBP1"
"LPAR5","LPAR5"
"IL5RA","IL5RA"
"MTERF4","MTERF4"
"CWF19L1","CWF19L1"
"UPK1B","UPK1B"
"MRE11","MRE11"
"MCUR1","MCUR1"
"ARVCF","ARVCF"
"ELMO2","ELMO2"
"LCE7A","LCE7A"
"SERPINC1","SERPINC1"
"TLE4","TLE4"
"SPIRE2","SPIRE2"
"DGKZ","DGKZ"
"LOXL3","LOXL3"
"SPRR4","SPRR4"
"MAB21L4","MAB21L4"
"GJA8","GJA8"
"BMP2","BMP2"
"LCE3B","LCE3B"
"","LCE3D"
"","LCE3E"
"FERMT1","FERMT1"
"","LCE3C"
"","LCE3A"
"COL10A1","COL10A1"
"LELP1","LELP1"
"","SLC28A3"
"LCE4A","LCE4A"
"","NDUFA3"
"","CD24"
"IVL","IVL"
"TSPYL1","TSPYL1"
"ING4","ING4"
"LYPD6B","LYPD6B"
"AGO1","AGO1"
"CROCC2","CROCC2"
"RC3H1","RC3H1"
"ACTL6A","ACTL6A"
"CHL1","CHL1"
"MYH15","MYH15"
"TMEM114","TMEM114"
"GABPB1","GABPB1"
"NAB1","NAB1"
"","KRT18"
"OR2L30","OR2L5"
"OR2L30","OR2L3"
"OR2L30","OR2L2"
"OR2L30","OR2L8"
"CRLS1","CRLS1"
"TEX55","TEX55"
"ACVR2A","ACVR2A"
"ERCC6","ERCC6"
"TCF25","TCF25"
"MPV17L","MPV17L"
"ZNF384","ZNF384"
"ANKRD49","ANKRD49"
"LRRN4","LRRN4"
"MRPL47","MRPL47"
"MKNK2","MKNK2"
"ANXA2","ANXA2"
"KCNB1","KCNB1"
"IGSF11","IGSF11"
"ENTREP1","ENTREP1"
"KBTBD8","KBTBD8"
"SUSD6","SUSD6"
"ELOB","ELOB"
"PTGIS","PTGIS"
"PRRX1","PRRX1"
"MCHR2","MCHR2"
"NDUFB5","NDUFB5"
"CREBZF","CREBZF"
"ABCD4","ABCD4"
"MCM8","MCM8"
"TUBB3","TUBB3"
"SUCLG2","SUCLG2"
"ORC4","ORC4"
"","EPPIN"
"R3HDM4","R3HDM4"
"USP13","USP13"
"HACE1","HACE1"
"OR5A1","OR5A1"
"SNED1","SNED1"
"WFDC8","WFDC8"
"TJP2","TJP2"
"","COMT"
"DEF8","DEF8"
"MROH9","MROH9"
"LSAMP","LSAMP"
"","PRSS33"
"ESRP2","ESRP2"
"CDHR1","CDHR1"
"TMEM126A","TMEM126A"
"GLS","GLS"
"LITAF","LITAF"
"NCOA3","NCOA3"
"OR2T2EP",""
"","PPDPF"
"RYBP","RYBP"
"DTWD2","DTWD2"
"ACER1","ACER1"
"PIANP","PIANP"
"HHLA2","HHLA2"
"DOK1","DOK1"
"CHRM4","CHRM4"
"CLPP","CLPP"
"TMEM126B","TMEM126B"
"SNTN","SNTN"
"ALKBH7","ALKBH7"
"AGO4","AGO4"
"MBD5","MBD5"
"NTRK2","NTRK2"
"TSPYL4","TSPYL4"
"VRTN","VRTN"
"SLC7A6OS","SLC7A6OS"
"PDZRN3","PDZRN3"
"SYNPR","SYNPR"
"PSPN","PSPN"
"DLG2","DLG2"
"GTF2F1","GTF2F1"
"TXNRD2","TXNRD2"
"","TRAV20"
"MED4","MED4"
"ZFP36L1","ZFP36L1"
"PRMT7","PRMT7"
"SULF2","SULF2"
"","OR2T6"
"COPS7A","COPS7A"
"DSE","DSE"
"STAT1","STAT1"
"GPR176","GPR176"
"PYGO1","PYGO1"
"DCBLD2","DCBLD2"
"THBS1","THBS1"
"WBP1","WBP1"
"AMBRA1","AMBRA1"
"TRMT6","TRMT6"
"NUDT15","NUDT15"
"PEX5L","PEX5L"
"CCPG1","CCPG1"
"SLC25A23","SLC25A23"
"PLEKHG3","PLEKHG3"
"ARMH3","ARMH3"
"TRAT1","TRAT1"
"CHGB","CHGB"
"GAS8","GAS8"
"","TRDV1"
"CALHM6","CALHM6"
"HTRA2","HTRA2"
"PCDH8","PCDH8"
"SHLD1","SHLD1"
"TRAPPC3L","TRAPPC3L"
"RASGRP1","RASGRP1"
"U6","RNU6-1194P"
"OLFM4","OLFM4"
"RETNLB","RETNLB"
"BTBD3","BTBD3"
"eca-mir-1302e-6","MIR1302-1"
"NINJ2","NINJ2"
"PM20D2","PM20D2"
"OR2L29","OR2L5"
"OR2L29","OR2L3"
"OR2L29","OR2L2"
"OR2L29","OR2L8"
"PRR16","PRR16"
"HDLBP","HDLBP"
"CADPS","CADPS"
"GAP43","GAP43"
"CALHM5","CALHM5"
"CALHM4","CALHM4"
"AUP1","AUP1"
"SMIM13","SMIM13"
"LIN28B","LIN28B"
"","FBXO22"
"GNB1L","GNB1L"
"CLSPN","CLSPN"
"SEMA6A","SEMA6A"
"NEDD9","NEDD9"
"CNTN4","CNTN4"
"RNASEH2B","RNASEH2B"
"RND3","RND3"
"RWDD1","RWDD1"
"TMEM239","TMEM239"
"DQX1","DQX1"
"ZNF658","ZNF658"
"ZFP90","ZFP90"
"","PIERCE2"
"ST3GAL6","ST3GAL6"
"WFDC10A","WFDC10A"
"B4GALNT3","B4GALNT3"
"PIGB",""
"FMO3","FMO3"
"WFDC9","WFDC9"
"CACNB4","CACNB4"
"SST","SST"
"PCGF1","PCGF1"
"ZBTB20","ZBTB20"
"TLE1","TLE1"
"RTP2","RTP2"
"WFDC11","WFDC11"
"BVES","POPDC1"
"PRSS21","PRSS21"
"SEPTIN2","SEPTIN2"
"RAB27A","RAB27A"
"VPS16","VPS16"
"SLC33A1","SLC33A1"
"EPHB3","EPHB3"
"DCBLD1","DCBLD1"
"OR2L5E","OR2L5"
"OR2L5E","OR2L3"
"OR2L5E","OR2L2"
"OR2L5E","OR2L8"
"WFDC13","WFDC13"
"TBX1","TBX1"
"RSL24D1",""
"TIGIT","TIGIT"
"SPINT4","SPINT4"
"FOXE3","FOXE3"
"FMO1","FMO2"
"SPTB","SPTB"
"POPDC3","POPDC3"
"CITED4","CITED4"
"CDH3","CDH3"
"HARBI1","HARBI1"
"PREP","PREP"
"ATG13","ATG13"
"MFN1","MFN1"
"ZSWIM5","ZSWIM5"
"ADAM30",""
"RMI2","RMI2"
"ITPR1","ITPR1"
"FMO1","FMO1"
"ZNF80","ZNF80"
"TTC31","TTC31"
"GOPC","GOPC"
"","TMEM242"
"SUFU","SUFU"
"UNC13C","UNC13C"
"DBNDD1","DBNDD1"
"UROD","UROD"
"GNB4","GNB4"
"DRD3","DRD3"
"CHURC1","CHURC1"
"CCDC77","CCDC77"
"PCED1A","PCED1A"
"Prm2",""
"","IGLV5-48"
"","IGLV5-37"
"","IGLV5-45"
"PRSS22","PRSS22"
"URAH","URAD"
"CCDC142","CCDC142"
"STAT4","STAT4"
"PTPN20","PTPN20"
"COMMD10","COMMD10"
"PRM3","PRM3"
"ACTR1A","ACTR1A"
"NEPN",""
"FMO4","FMO4"
"","IGLV11-55"
"GPX2","GPX2"
"FAM98B","FAM98B"
"QTRT2","QTRT2"
"KLHL14","KLHL14"
"OR5D13","OR5D13"
"HAPSTR1","HAPSTR1"
"CPXM1","CPXM1"
"NUS1","NUS1"
"TNFSF11","TNFSF11"
"AMDHD2","AMDHD2"
"PRDM7","PRDM7"
"BCL6","BCL6"
"PRDM1","PRDM1"
"TAFA4","TAFA4"
"KHSRP","KHSRP"
"FARP2","FARP2"
"","NOMO2"
"","NOMO1"
"","NOMO3"
"RAB15","RAB15"
"SLC35F1","SLC35F1"
"","RPLP1"
"MFSD13A","MFSD13A"
"NOP56","NOP56"
"HTR2A","HTR2A"
"HECTD3","HECTD3"
"CDH1","CDH1"
"KDM5A","KDM5A"
"STAM2","STAM2"
"SLC25A41","SLC25A41"
"SIRT5","SIRT5"
"","IGLC1"
"","IGLC2"
"","IGLL5"
"","IGLC3"
"","IGLL1"
"","IGLC7"
"MEP1B","MEP1B"
"DNTTIP1","DNTTIP1"
"SPRED1","SPRED1"
"MAX","MAX"
"CRB3","CRB3"
"TAFA1","TAFA1"
"AP2M1","AP2M1"
"ARL14EPL","ARL14EPL"
"DENND1C","DENND1C"
"CRYBG1","CRYBG1"
"PSD","PSD"
"GPRC6A","GPRC6A"
"AKAP11","AKAP11"
"CCDC191","CCDC191"
"","KLF17"
"TMCO5A","TMCO5A"
"FMNL2","FMNL2"
"","ADGRE2"
"IDH3B","IDH3B"
"MFSD2A","MFSD2A"
"UBE2C","UBE2C"
"PRRC2C","PRRC2C"
"ARHGAP22","ARHGAP22"
"DSC2","DSC2"
"FEZF2","FEZF2"
"MCOLN1","MCOLN1"
"AP3S1","AP3S1"
"MRPL53",""
"TANGO6","HAS3"
"","IGLV3-16"
"","IGLV3-25"
"","IGLV3-10"
"","IGLV3-27"
"","IGLV3-22"
"BMF","BMF"
"FBXL15","FBXL15"
"MOGS","MOGS"
"PDCD10","PDCD10"
"","IGLV3-9"
"","IGLV3-1"
"ZDHHC23","ZDHHC23"
"CEP15","CEP15"
"GAREM1","GAREM1"
"FIGN","FIGN"
"FOXB1","FOXB1"
"RANBP9","RANBP9"
"CYP24A1","CYP24A1"
"RFX6","RFX6"
"ABCC6","ABCC6"
"RNaseP_nuc",""
"VSX2","VSX2"
"NEURL2","NEURL2"
"PPT1","PPT1"
"U1",""
"ABCF3","ABCF3"
"U1","RNU1-52P"
"JAG1","JAG1"
"FUT8","FUT8"
"SERPINI1","SERPINI1"
"U1","RNVU1-21"
"U1","RNVU1-26"
"U1","RNVU1-22"
"U1","U1"
"U1","RNVU1-25"
"U1","RNVU1-24"
"WDR54","WDR54"
"ZSWIM1","ZSWIM1"
"PRSS27","PRSS27"
"C1H10orf71","C10orf71"
"PNPLA6","PNPLA6"
"NFKB2","NFKB2"
"IMPG2","IMPG2"
"ATG12","ATG12"
"PLCB2","PLCB2"
"ARHGAP1","ARHGAP1"
"eca-mir-7045",""
"PTPRG","PTPRG"
"eca-mir-8970",""
"GOLIM4","GOLIM4"
"CRYBG2","CRYBG2"
"NOL7","NOL7"
"ROS1","ROS1"
"TP63","TP63"
"THEM4","THEM4"
"SNX21","SNX21"
"DSC3","DSC3"
"SLX4IP","SLX4IP"
"PRAME","PRAME"
"DGKH","DGKH"
"C2orf81","C2orf81"
"CCDC196","CCDC196"
"SPATA25","SPATA25"
"PFDN4","PFDN4"
"TBX15","TBX15"
"ABCC1","ABCC1"
"CDO1","CDO1"
"RTKN","RTKN"
"HIVEP1","HIVEP1"
"","TPD52L3"
"GBF1","GBF1"
"OR2AJ14","OR2AJ1"
"","OR13G1"
"CTSA","CTSA"
"IDNK","IDNK"
"SCN7A","SCN7A"
"TMEM273","TMEM273"
"CAP1","CAP1"
"SLC6A13","SLC6A13"
"GRAMD1C","GRAMD1C"
"SPATA16","SPATA16"
"TICAM2","TICAM2"
"UBQLN1","UBQLN1"
"SLC10A1","SLC10A1"
"","OR2AE1"
"MYOC","MYOC"
"ZNF280B","ZNF280B"
"SERPINI2","SERPINI2"
"SRSF5","SRSF5"
"CENPE",""
"SLC6A12","SLC6A12"
"PITX3","PITX3"
"FZD7","FZD7"
"VPS45","VPS45"
"KCTD5","KCTD5"
"FAM170B","FAM170B"
"PLTP","PLTP"
"F2","F2"
"CLDN11","CLDN11"
"VGLL2","VGLL2"
"","MAGEA10"
"PRPF40A","PRPF40A"
"SENP7","SENP7"
"DCTN1","DCTN1"
"U6","RNU6-24P"
"5_8S_rRNA","RNA5-8SN1"
"BMP7","BMP7"
"U1","RNU1-14P"
"DGAT2","DGAT2"
"KIF27","KIF27"
"IQSEC3","IQSEC3"
"KIAA2012","KIAA2012"
"FHOD3","FHOD3"
"CRYGS","CRYGS"
"U6","RNU6-937P"
"TYRO3","TYRO3"
"VSTM4","VSTM4"
"GUCA2B","GUCA2B"
"U6","RNU6-1060P"
"TBCCD1","TBCCD1"
"SLC7A14","SLC7A14"
"IL19","IL19"
"C3","C3"
"ZNF408","ZNF408"
"EDN1","EDN1"
"STIL","STIL"
"ACTN1","ACTN1"
"PDPK1","PDPK1"
"XIRP2","XIRP2"
"TOP1","TOP1"
"MKKS","MKKS"
"ELOVL3","ELOVL3"
"MOGAT2","MOGAT2"
"IL20","IL20"
"TMED7","TMED7"
"SUMF1","SUMF1"
"ATG5","ATG5"
"RNF182","RNF182"
"CKAP5","CKAP5"
"","IGLV7-46"
"","IGLV7-43"
"NOLC1","NOLC1"
"GPCPD1","GPCPD1"
"YTHDF1","YTHDF1"
"FEM1C","FEM1C"
"FCMR","FCMR"
"LDB1","LDB1"
"DMBX1","DMBX1"
"ANKRD42","ANKRD42"
"","IGLV6-57"
"DERPC","DERPC"
"DNAJB11","DNAJB11"
"TMEM125","TMEM125"
"eca-mir-8943",""
"BCAS1","BCAS1"
"RTN4R","RTN4R"
"CCSER2","CCSER2"
"MYLIP","MYLIP"
"HPS6","HPS6"
"IL24","IL24"
"CCDC112","CCDC112"
"RMI1","RMI1"
"OGA","OGA"
"","TMEM14C"
"SUMO1","SUMO1"
"PIGR","PIGR"
"SLC5A4","SLC5A4"
"RPAP1","RPAP1"
"","GIMAP1"
"LIN28A","LIN28A"
"MAK","MAK"
"STK39","STK39"
"CFAP57","CFAP57"
"","MIR204"
"GPR27","GPR27"
"PGGT1B","PGGT1B"
"DHDDS","DHDDS"
"SOX11","SOX11"
"TBL1XR1","TBL1XR1"
"WASHC1","WASHC1"
"WASHC1","WASH6P"
"EIF4E3","EIF4E3"
"eca-mir-8951",""
"","SELENBP1"
"SLC5A1","SLC5A1"
"STK25","STK25"
"ARL6IP6","ARL6IP6"
"ATP6V1A","ATP6V1A"
"EIPR1","EIPR1"
"PLCG1","PLCG1"
"RTN4IP1","RTN4IP1"
"PSMD6","PSMD6"
"POU3F1","POU3F1"
"FCAMR","FCAMR"
"UTP11","UTP11"
"EIF4G1","EIF4G1"
"GOLPH3L","GOLPH3L"
"PROKR2","PROKR2"
"TBC1D24","TBC1D24"
"QNG1","QNG1"
"C5H1orf116","C1orf116"
"ATXN7","ATXN7"
"NPM3","NPM3"
"DCAF5","DCAF5"
"EBNA1BP2","EBNA1BP2"
"UTP4","UTP4"
"","HIGD2B"
"","HIGD2A"
"CDS2","CDS2"
"SYCP2L","SYCP2L"
"HNRNPK","HNRNPK"
"NTSR2","NTSR2"
"GALNT5","GALNT5"
"MROH2A","MROH2A"
"RNF115","RNF115"
"SLC9B1","SLC9B1"
"NAA50","NAA50"
"DDX11","DDX11"
"NDUFAF1","NDUFAF1"
"NTN3","NTN3"
"NPY4R","NPY4R2"
"NPY4R","NPY4R"
"INPP5B","INPP5B"
"","WDR49"
"LRP4","LRP4"
"LPIN1","LPIN1"
"GTF2A2","GTF2A2"
"ZHX3","ZHX3"
"PFKFB2","PFKFB2"
"CDK15","CDK15"
"ERH","ERH"
"ZNF683","ZNF683"
"GPRIN2","GPRIN2"
"TEDC2","TEDC2"
"KCNN2","KCNN2"
"ERMN","ERMN"
"NAALADL2","NAALADL2"
"","CNOT6"
"CD52","CD52"
"GCM2","GCM2"
"NUSAP1","NUSAP1"
"MARCKS","MARCKS"
"CYTIP","CYTIP"
"","VPREB1"
"CCDC90B","CCDC90B"
"SEPTIN5","SEPTIN5"
"BNIP2","BNIP2"
"LRRN1","LRRN1"
"ELOVL2","ELOVL2"
"EXD2","EXD2"
"UBXN11","UBXN11"
"SUCLA2","SUCLA2"
"CERS6","CERS6"
"HDAC2","HDAC2"
"CHAT","CHAT"
"LPIN3","LPIN3"
"CACNA1C","CACNA1C"
"KCNJ3","KCNJ3"
"PGAP1","PGAP1"
"MYT1","MYT1"
"QRSL1","QRSL1"
"EAF2","EAF2"
"SNTB2","SNTB2"
"THOC7","THOC7"
"PCF11","PCF11"
"DRG1","DRG1"
"YTHDC2","YTHDC2"
"MBOAT1","MBOAT1"
"","FUS"
"USF3","USF3"
"GALNT16","GALNT16"
"ACVR1","ACVR1"
"TPGS2","TPGS2"
"IQCB1","IQCB1"
"ABI3BP","ABI3BP"
"OXGR1","OXGR1"
"FOXP1","FOXP1"
"GCNT3","GCNT3"
"SLC4A10","SLC4A10"
"HS3ST5","HS3ST5"
"CFAP144","CFAP144P1"
"CFAP144","CFAP144"
"C1H10orf53","C10orf53"
"ABCA17",""
"","OR5M8"
"CARHSP1","CARHSP1"
"TNFSF14","TNFSF14"
"OIP5","OIP5"
"FAM162B","FAM162B"
"SIDT1","SIDT1"
"SLC39A9","SLC39A9"
"C16H3orf49","C3orf49"
"MTRES1","MTRES1"
"FHL3","FHL3"
"FAM131A","FAM131A"
"FAM43A","FAM43A"
"GAS1","GAS1"
"FAM76B","FAM76B"
"FHIT",""
"","SYT15B"
"","SYT15"
"PATZ1","PATZ1"
"CDC40","CDC40"
"OR13P2",""
"SLC10A2","SLC10A2"
"SIAH3","SIAH3"
"PMM2","PMM2"
"CSTPP1","CSTPP1"
"FKBP4","FKBP4"
"CBY2","CBY2"
"EMILIN3","EMILIN3"
"CHP1","CHP1"
"SF3A3","SF3A3"
"TMEM230","TMEM230"
"CCDC148","CCDC148"
"SLC4A5","SLC4A5"
"MAP6","MAP6"
"TFAP2A","TFAP2A"
"CCDC50","CCDC50"
"SH3BGRL3","SH3BGRL3"
"","DOLK"
"PCNA","PCNA"
"ITGBL1","ITGBL1"
"ERICH6B","ERICH6B"
"CLCN2","CLCN2"
"KIAA1328","KIAA1328"
"GHITM","GHITM"
"CEP57","CEP57"
"MECOM","MECOM"
"SNTG2","SNTG2"
"","TPTE2"
"","TPTE"
"CHD6","CHD6"
"PIK3IP1","PIK3IP1"
"BEND3","BEND3"
"CCNB2","CCNB2"
"WASF1","WASF1"
"SLC23A2","SLC23A2"
"ADAMTS9","ADAMTS9"
"PLEKHD1","PLEKHD1"
"PDSS2","PDSS2"
"CEP85","CEP85"
"POGK","POGK"
"TMED6","TMED6"
"RNF111","RNF111"
"MCC","MCC"
"LIMK2","LIMK2"
"VPS4A","VPS4A"
"COG3","COG3"
"METTL24","METTL24"
"TADA1","TADA1"
"GRID1","GRID1"
"OR9S18B","OR9H1"
"TMEM186","TMEM186"
"SPATS2L","SPATS2L"
"PDF","PDF"
"EXD1","EXD1"
"TMEM170B","TMEM170B"
"TAS2R14","TAS2R14"
"COG8","COG8"
"CCNF","CCNF"
"RASSF2","RASSF2"
"TAS2R7","TAS2R7"
"PCMTD2","PCMTD2"
"FRK","FRK"
"MTMR2","MTMR2"
"SERPINH1","SERPINH1"
"ACTRT3","ACTRT3"
"SYNDIG1L","SYNDIG1L"
"LAX1","LAX1"
"TAS2R8","TAS2R8"
"XXYLT1","XXYLT1"
"NPC2","NPC2"
"MYNN","MYNN"
"TAS2R9","TAS2R9"
"","B4GALT4"
"NIP7","NIP7"
"ABCA3","ABCA3"
"RNF185","RNF185"
"ISCA2",""
"FGF12","FGF12"
"ATP2B4","ATP2B4"
"MTG2","MTG2"
"STARD5","STARD5"
"","RPL7L1"
"CCN6","CCN6"
"CFAP44","CFAP44"
"MYT1L","MYT1L"
"MTHFD2","MTHFD2"
"","RPS4X"
"PRND","PRND"
"SOBP","SOBP"
"GALNT1","GALNT1"
"GDPD5","GDPD5"
"PACSIN3","PACSIN3"
"TERF2","TERF2"
"LTBP2","LTBP2"
"OR4D10","OR4D10"
"ADTRP","ADTRP"
"B3GALT1","B3GALT1"
"U6","RNU6-425P"
"PKP4","PKP4"
"IL16","IL16"
"POLR2H","POLR2H"
"SLTM","SLTM"
"LRRC34","LRRC34"
"SCML4","SCML4"
"TUBE1","TUBE1"
"U6","RNU6-1050P"
"RBM38","RBM38"
"eca-mir-9182",""
"TOP3B","TOP3B"
"","CD177"
"ARFGAP2","ARFGAP2"
"INO80","INO80"
"MB21D2","MB21D2"
"THPO","THPO"
"FGF14","FGF14"
"PRNP","PRNP"
"CSTA","CSTA"
"CFAP161","CFAP161"
"FAM171B","ITGAV"
"C8H18orf21","C18orf21"
"DCP2","DCP2"
"","ABI1"
"C13orf42","C13orf42"
"CASR","CASR"
"SLC25A30","SLC25A30"
"PHACTR1","PHACTR1"
"NRG3","NRG3"
"CTCFL","CTCFL"
"CATSPER4","CATSPER4"
"KCTD18","KCTD18"
"","EZHIP"
"LRRIQ4","LRRIQ4"
"SERTM1","SERTM1"
"TBC1D7","TBC1D7"
"MDFIC2","MDFIC2"
"ADRA1D","ADRA1D"
"LAMA4","LAMA4"
"RPRD1A","RPRD1A"
"ACAP2","ACAP2"
"CHRD","CHRD"
"C1orf232","C1orf232"
"SMOX","SMOX"
"MRPL51",""
"LRRC31","LRRC31"
"PTPRT","PTPRT"
"NALCN","NALCN"
"DDB2","DDB2"
"ZBED6","ZBED6"
"FOXO3","FOXO3"
"SGO2","SGO2"
"JARID2","JARID2"
"","IGHG1"
"","IGHG3"
"","IGHG2"
"","IGHG4"
"PPM1F","PPM1F"
"TANK","TANK"
"CISD2","CISD2"
"DCP1B","DCP1B"
"WDFY4","WDFY4"
"CNKSR1","CNKSR1"
"TPT1","TPT1"
"PCK1","PCK1"
"SAMD7","SAMD7"
"PANK2","PANK2"
"RXFP2","RXFP2"
"PLA2G3","PLA2G3"
"","AOX1"
"BOC","BOC"
"SEC62","SEC62"
"","UBE2D3"
"LRIG1","LRIG1"
"PMEPA1","PMEPA1"
"ZNF593","ZNF593"
"ACP2","ACP2"
"PTPN1","PTPN1"
"GPHN","GPHN"
"INPP5J","INPP5J"
"GPR160","GPR160"
"SLC39A6","SLC39A6"
"GTF2F2","GTF2F2"
"FAM110D","FAM110D"
"ABAT","ABAT"
"ARMC2","ARMC2"
"P3H2","P3H2"
"RFPL4B","RFPL4B"
"CACNA2D4","CACNA2D4"
"XKR8","XKR8"
"ELP2","ELP2"
"RIF1","RIF1"
"RNF24","RNF24"
"MINDY2","MINDY2"
"PTPRU","PTPRU"
"INTS6","INTS6"
"RSPH4A","RSPH4A"
"KCTD4","KCTD4"
"NR1H3","NR1H3"
"SMTN","SMTN"
"A4GNT","A4GNT"
"PHC3","PHC3"
"KLHL35","KLHL35"
"ECI1","ECI1"
"REEP5","REEP5"
"TRIM42","TRIM42"
"GPALPP1",""
"CD86","CD86"
"CLDN1","CLDN1"
"DTNBP1","DTNBP1"
"SNRPE",""
"RIPOR3","RIPOR3"
"SESN1","SESN1"
"RPS3",""
"METTL22","METTL22"
"ZUP1","ZUP1"
"TMEFF2","TMEFF2"
"SPSB4","SPSB4"
"PSMD14","PSMD14"
"MANBA","MANBA"
"CLDN16","CLDN16"
"MAVS","MAVS"
"NUFIP1","NUFIP1"
"TUBB1","TUBB1"
"MADD","MADD"
"AP5S1","AP5S1"
"NEPRO","NEPRO"
"TMEM207","TMEM207"
"TBC1D32","TBC1D32"
"TRPC1","TRPC1"
"ILDR1","ILDR1"
"TENM4","TENM4"
"FAM216B","FAM216B"
"LRRC18","LRRC18"
"OSGEPL1","OSGEPL1"
"RNPS1","RNPS1"
"SOX13","SOX13"
"PRKCI","PRKCI"
"COL6A1","COL6A1"
"MAML2","MAML2"
"CENPB","CENPB"
"SLC25A26","SLC25A26"
"IL1RAP","IL1RAP"
"SRP19","SRP19"
"DNAJC15","DNAJC15"
"NOX3","NOX3"
"GJA1","GJA1"
"CCDC82","CCDC82"
"GTPBP8","GTPBP8"
"LRRC10B","LRRC10B"
"LIPC","LIPC"
"TFG","TFG"
"CHAC1","CHAC1"
"TLNRD1","TLNRD1"
"HSF4","HSF4"
"APLNR","APLNR"
"NEB","NEB"
"MECR","MECR"
"USP7","USP7"
"PARD6B","PARD6B"
"ZP1","ZP1"
"MORC2","MORC2"
"DNASE1L2","DNASE1L2"
"GARIN2","GARIN2"
"SERPINE3","SERPINE3"
"CDC25B","CDC25B"
"eca-mir-8956",""
"APC","APC"
"TBR1","TBR1"
"EPSTI1","EPSTI1"
"","ATP5F1E"
"GRM1","GRM1"
"SRSF4","SRSF4"
"SLC15A2","SLC15A2"
"IL20RB","IL20RB"
"SKIL","SKIL"
"MESD","MESD"
"ADNP","ADNP"
"ZMAT3","ZMAT3"
"REN","REN"
"JRKL","JRKL"
"FAM124A","FAM124A"
"OR9I21P",""
"ONECUT1","ONECUT1"
"EPB41","EPB41"
"SCN3A","SCN3A"
"MAGI1","MAGI1"
"DEFB116","DEFB116"
"PRELID3B","PRELID3B"
"OR5H44","OR5H1"
"OR5H44","OR5H6"
"OR5H44","OR5H2"
"OR5H44","OR5H8"
"OR5H44","OR5H14"
"OR5H44","OR5H15"
"DLL4","DLL4"
"GLYAT","GLYAT"
"ADIPOR2","ADIPOR2"
"SLC35G2","SLC35G2"
"CEMIP","CEMIP"
"OR5K1","OR5K1"
"OR5K1","OR5K2"
"NTS","NTS"
"OR5AC34","OR5AC2"
"KISS1","KISS1"
"DEFB121","DEFB121"
"ATOSA","ATOSA"
"OR5AC32",""
"E4F1","E4F1"
"PIK3CA","PIK3CA"
"POSTN","POSTN"
"FAM111B","FAM111B"
"MCEMP1","MCEMP1"
"CCDC54","CCDC54"
"PALS1","PALS1"
"LUM","LUM"
"PLD1","PLD1"
"","VPS26A"
"CD200R1","CD200R1L"
"CD200R1","CD200R1"
"NFKB1","NFKB1"
"FAM111A","FAM111A"
"SLC17A9","SLC17A9"
"CEP57L1","CEP57L1"
"TRAPPC5","TRAPPC5"
"PLEKHA6","PLEKHA6"
"MOCS3","MOCS3"
"DLG1","DLG1"
"LRTM2","LRTM2"
"SLC25A36","SLC25A36"
"SLC6A15","SLC6A15"
"VWA8","VWA8"
"ARHGAP40","ARHGAP40"
"AKAP12","AKAP12"
"STK17B","STK17B"
"PHAF1","PHAF1"
"","CAMSAP1"
"VPS18","VPS18"
"WNT5B","WNT5B"
"MYO5C","MYO5C"
"SCRT2","SCRT2"
"OR5AK36",""
"YRDC","YRDC"
"OSBP2","OSBP2"
"FCER2","FCER2"
"DPM1","DPM1"
"LRRC55","LRRC55"
"SPEF1",""
"FAM83D","FAM83D"
"RHOV","RHOV"
"EPHA10","EPHA10"
"HECW2","HECW2"
"ADISSP","ADISSP"
"NKAIN4","NKAIN4"
"PGP","PGP"
"KCNG1","KCNG1"
"DHX35","DHX35"
"ATP6V1D","ATP6V1D"
"CD164","CD164"
"","CD200R1L"
"","CD200R1"
"OR6C7N",""
"TRIM23","TRIM23"
"OR6C268","OR6C68"
"PKIG","PKIG"
"SEMA6D","SEMA6D"
"EPB41L4A","EPB41L4A"
"SYT7","SYT7"
"OR6C318B",""
"","PPWD1"
"OR6C65","OR6C65"
"SCN2A","SCN2A"
"MYBPC3","MYBPC3"
"PCOLCE2","PCOLCE2"
"MOCOS","MOCOS"
"CFAP20DC","CFAP20DC"
"","C5orf52"
"COL6A2","COL6A2"
"OR6C325",""
"GNB5","GNB5"
"U6","RNU6-544P"
"CCDC80","CCDC80"
"HSPA12B","HSPA12B"
"SF3A2","SF3A2"
"MTF1","MTF1"
"SERPINE2","SERPINE2"
"CCER1","CCER1"
"SNORA12","SNORA12"
"MLST8","MLST8"
"ZNF217","ZNF217"
"EIF2S1","EIF2S1"
"KCNMB3","KCNMB3"
"PPIL6","PPIL6"
"eca-mir-9057",""
"DOT1L","DOT1L"
"E2F3","E2F3"
"eca-mir-146b","MIR146B"
"TTPAL","TTPAL"
"eca-mir-1307","MIR1307"
"HS6ST3","HS6ST3"
"TSPAN19","TSPAN19"
"MANEAL","MANEAL"
"PAQR9","PAQR9"
"ABCC2","ABCC2"
"ADGB","ADGB"
"SERINC3","SERINC3"
"PLEK2","PLEK2"
"CDCA8","CDCA8"
"ZNF639","ZNF639"
"LRRIQ1","LRRIQ1"
"SLC35E4","SLC35E4"
"SLC22A16","SLC22A16"
"FBXL14","FBXL14"
"EDN3","EDN3"
"TCN2","TCN2"
"ZBTB38","ZBTB38"
"ZNF174","ZNF174"
"ABCC4","ABCC4"
"VPS8","VPS8"
"RSPO1","RSPO1"
"B3GNT9","B3GNT9"
"U6","RNU6-588P"
"NTAN1","NTAN1"
"SIGLEC1","SIGLEC1"
"ADA","ADA"
"ABHD17C","ABHD17C"
"MIR3074","MIR3074"
"OR4A47I","OR4A47"
"CDKAL1","CDKAL1"
"SMPD2","SMPD2"
"","C16orf82"
"","DUSP18"
"MIR27B","MIR27B"
"OR10AG96B",""
"MIR23B","MIR23B"
"AIRIM","AIRIM"
"OR5T28",""
"OR4X2","OR4X2"
"TRADD","TRADD"
"eca-mir-544b",""
"MBL2","MBL2"
"TMEM229B","TMEM229B"
"OR5L1","OR5L2"
"OR5L1","OR5L1"
"","BCL2L10"
"ERC1","ERC1"
"eca-mir-7-3","MIR7-1"
"OR8H1","OR8H1"
"OR8H1","OR8H2"
"OR8H1","OR8H3"
"ZNF75A","ZNF75A"
"","AP1S3"
"GNL2","GNL2"
"FBP2","FBP2"
"OR10AG94",""
"ZNF831","ZNF831"
"OR5W59B",""
"eca-mir-9072",""
"FTCD","FTCD"
"WDFY1","WDFY1"
"MICAL1","MICAL1"
"ERLIN1","ERLIN1"
"DDO","DDO"
"LEO1","LEO1"
"U3","U3"
"OR8U3","OR8U3"
"","EVA1A"
"FBXL8","FBXL8"
"TMEM212","TMEM212"
"","IGFN1"
"DKK1","DKK1"
"OR5M3","OR5M3"
"DSC1","DSC1"
"U2","RNU2-26P"
"U2","RNU2-57P"
"TRPC4","TRPC4"
"DTX4","DTX4"
"ARNT2","ARNT2"
"U2SURP","U2SURP"
"","GBF1"
"RAB32","RAB32"
"OR5M8B","OR5M8"
"MATCAP1","MATCAP1"
"SOX4","SOX4"
"NTSR1","NTSR1"
"NLGN1","NLGN1"
"SCARNA10","SCARNA10"
"GAB2","GAB2"
"TAS1R2","TAS1R2"
"CEP85L","CEP85L"
"OR5M11","OR5M11"
"U6","RNU6-561P"
"DEPDC5","DEPDC5"
"SCARNA11","SCARNA11"
"eca-mir-9149",""
"OR5M13E",""
"KCNK15","KCNK15"
"EXOC3L1","EXOC3L1"
"OR5M10","OR5M10"
"OR5M10","OR5M1"
"ADAM33","ADAM33"
"SCARNA12","SCARNA12"
"CSRNP3","CSRNP3"
"","GCNT2"
"PLEKHH1","PLEKHH1"
"MIR200C","MIR200C"
"OR5AP1",""
"USP35","USP35"
"eca-mir-141",""
"PPRC1","PPRC1"
"CCT7","CCT7"
"OR4C202","OR4C5"
"RIMS4","RIMS4"
"TIGAR","TIGAR"
"FAM3D","FAM3D"
"","KIF21B"
"ZWINT","ZWINT"
"UST","UST"
"SLC39A8","SLC39A8"
"","MRPL44"
"","PLEKHJ1"
"SPATC1L","SPATC1L"
"PABPC1L","PABPC1L"
"PDXDC1","PDXDC1"
"OR5AS1","OR5AS1"
"TMEM200B","TMEM200B"
"MPEG1","MPEG1"
"OR5W1G",""
"TIGD7","TIGD7"
"OR5D17",""
"","TRBV19"
"GALNT3","GALNT3"
"OR5L22",""
"YBEY","YBEY"
"OR4D11F","OR4D11"
"SLC39A10","SLC39A10"
"OR5I1","OR5I1"
"DNALI1","DNALI1"
"OR4C11","OR4C11"
"OR5J1",""
"SNIP1","SNIP1"
"UFM1","UFM1"
"GFRA4","GFRA4"
"EPYC","EPYC"
"DSG1","DSG1"
"MITF","MITF"
"SERPING1","SERPING1"
"FNDC3B","FNDC3B"
"MEAF6","MEAF6"
"KCTD21","KCTD21"
"E2F4","E2F4"
"C26H21orf58","C21orf58"
"YWHAB","YWHAB"
"ALX1","ALX1"
"GABARAPL1","GABARAPL1"
"OPRD1","OPRD1"
"RASSF9","RASSF9"
"BANK1","BANK1"
"GKAP1","GKAP1"
"ATRN","ATRN"
"RALGAPB","RALGAPB"
"PIGH","PIGH"
"YTHDF2","YTHDF2"
"CST6","CST6"
"GDF10","GDF10"
"OGFR","OGFR"
"DCLK1","DCLK1"
"RRN3","RRN3"
"MCM3AP","MCM3AP"
"PPP1R15B","PPP1R15B"
"RGCC","RGCC"
"TOMM34","TOMM34"
"","CPAMD8"
"","PZP"
"PAK1IP1","PAK1IP1"
"DNAH7","DNAH7"
"DSG4","DSG4"
"BTG1","BTG1"
"TTC21B","TTC21B"
"PLN","PLN"
"CLSTN2","CLSTN2"
"SLC18A3","SLC18A3"
"CATSPER1","CATSPER1"
"AK9","AK9"
"C28H12orf50","C12orf50"
"GDF2","GDF2"
"ARG2","ARG2"
"MCM9","MCM9"
"","TSHR"
"SLC27A6","SLC27A6"
"KCTD21",""
"TMC3","TMC3"
"PIK3C2B","PIK3C2B"
"NREP","NREP"
"NAA16","NAA16"
"","ZSCAN32"
"MRGBP","MRGBP"
"ZC3H12A","ZC3H12A"
"ZC3H12D","ZC3H12D"
"TMOD3","TMOD3"
"GMPR","GMPR"
"STK4","STK4"
"CSNK1G3","CSNK1G3"
"GMEB1","GMEB1"
"PCDH15","PCDH15"
"ALG8","ALG8"
"LRIT1","LRIT1"
"SPATA6","SPATA6"
"OR5W2G",""
"LRRC15","LRRC15"
"ELMO3","ELMO3"
"AMH","AMH"
"CBLN4","CBLN4"
"TMEM216","TMEM216"
"DSG2","DSG2"
"LRIT2","LRIT2"
"PPIL4","PPIL4"
"FRMD4B","FRMD4B"
"JSRP1","JSRP1"
"AURKA","AURKA"
"SH2D4B","SH2D4B"
"ATXN1","ATXN1"
"PEAK3","PEAK3"
"OR2C1","OR2C1"
"RDH11","RDH11"
"","IGHV1-69"
"","IGHV1-69D"
"MOB1A","MOB1A"
"TAF12","TAF12"
"ZNF263","ZNF263"
"CPSF7","CPSF7"
"OAZ1","OAZ1"
"RAD52","RAD52"
"TAB2","TAB2"
"RBP2","RBP1"
"ASF1A","ASF1A"
"SLC5A9","SLC5A9"
"RLIG1","RLIG1"
"CORO7","CORO7"
"LINGO3","LINGO3"
"NMNAT3","NMNAT3"
"MTRF1","MTRF1"
"TSPAN14","TSPAN14"
"PCNT","PCNT"
"GP5","GP5"
"CEP290","CEP290"
"","MEFV"
"STARD4","STARD4"
"DSG3","DSG3"
"FAM184A","FAM184A"
"TRABD2B","TRABD2B"
"ATP13A3","ATP13A3"
"GHSR","GHSR"
"DUSP11","DUSP11"
"LSM7","LSM7"
"STMND1","STMND1"
"TEAD4","TEAD4"
"TMOD2","TMOD2"
"SAXO4","SAXO4"
"TNFSF10","TNFSF10"
"IPO5","IPO5"
"SPPL2B","SPPL2B"
"B4GALT6","B4GALT6"
"C19H3orf70","C3orf70"
"MTRF1L","MTRF1L"
"DNAAF9","DNAAF9"
"KCNS1","KCNS1"
"MEFV",""
"RDH12","RDH12"
"","KLF18"
"SDHAF2","SDHAF2"
"KLF17","KLF17"
"ZNF200","ZNF200"
"WNK1","WNK1"
"CAP2","CAP2"
"PXYLP1","PXYLP1"
"KBTBD7","KBTBD7"
"","RIOX2"
"","GIMAP5"
"TTC14","TTC14"
"MAFB","MAFB"
"INO80B","INO80B"
"SLC38A1","SLC38A1"
"ADIG","ADIG"
"SLC6A9","SLC6A9"
"RGS17","RGS17"
"","LIPF"
"E2F8","E2F8"
"NCEH1","NCEH1"
"OR1F1","OR1F1"
"TPO","TPO"
"TOX2","TOX2"
"MC1R","MC1R"
"ZBTB3","ZBTB3"
"","NDUFA11"
"ZFYVE26","ZFYVE26"
"FBXO5","FBXO5"
"FHOD1","FHOD1"
"FRA10AC1","FRA10AC1"
"CAMK4","CAMK4"
"PRR14L","PRR14L"
"U6","RNU6-805P"
"U6","RNU6-739P"
"U6","RNU6-493P"
"TRIB2","TRIB2"
"CHST2","CHST2"
"PRXL2A","PRXL2A"
"CCDC39","CCDC39"
"ECT2","ECT2"
"eca-mir-9170",""
"TMPRSS9","TMPRSS9"
"ALDH7A1","ALDH7A1"
"OR1F1D","OR1F1"
"SLC9A9","SLC9A9"
"PXDN","PXDN"
"CASP16",""
"MTHFD1L","MTHFD1L"
"ARHGAP24","ARHGAP24"
"eca-mir-8927-2",""
"WBP4","WBP4"
"FAM210B","FAM210B"
"CSRP3","CSRP3"
"PAM16","PAM16"
"SLPI","SLPI"
"","AKR1C8"
"LMOD3","LMOD3"
"AP1B1","AP1B1"
"","ZNF883"
"LYSMD2","LYSMD2"
"CSTF1","CSTF1"
"","PRR22"
"TTR","TTR"
"VASN","VASN"
"MATN4","MATN4"
"CNMD","CNMD"
"TAF6L","TAF6L"
"","DCAF12L2"
"UBA3","UBA3"
"CASS4","CASS4"
"TRAPPC8","TRAPPC8"
"","ZDHHC13"
"RND1","RND1"
"","ZNF677"
"PIK3AP1","PIK3AP1"
"TMTC3","TMTC3"
"GLIS2","GLIS2"
"WDR36","WDR36"
"DNAJC17","DNAJC17"
"ELF1","ELF1"
"FXR1","FXR1"
"MAN1A1","MAN1A1"
"DYDC2","DYDC2"
"PPP2R3A","PPP2R3A"
"MGAT4C","MGAT4C"
"SCG3","SCG3"
"MBNL2","MBNL2"
"ITPA","ITPA"
"CCDC65","CCDC65"
"SCN1A","SCN1A"
"DYDC1","DYDC1"
"SATB2","SATB2"
"B4GALT2","B4GALT2"
"RBPJL","RBPJL"
"CAP2","FAM8A1"
"NDUFC2","NDUFC2"
"POLR2G","POLR2G"
"KERA","KERA"
"AMD1","AMD1"
"NKX2-3","NKX2-3"
"TMEM179B","TMEM179B"
"ID2","ID2"
"MAT1A","MAT1A"
"RBP4","RBP4"
"MSL2","MSL2"
"SDC4","SDC4"
"THRSP","THRSP"
"DMXL2","DMXL2"
"NUP153","NUP153"
"FKBP11","ARF3"
"","KBTBD11"
"KCNF1","KCNF1"
"GTF3C6","GTF3C6"
"KITLG","KITLG"
"","INTS4"
"SFTPA1","SFTPA1"
"SFTPA1","SFTPA2"
"TMEM223","TMEM223"
"MDM4","MDM4"
"PDIA6","PDIA6"
"DIPK2A","DIPK2A"
"TMF1","TMF1"
"WDR74","WDR74"
"FFAR4","FFAR4"
"SUGT1","SUGT1"
"RTF2","RTF2"
"TFAP4","TFAP4"
"MBL1",""
"LMNB2","LMNB2"
"RAP2A","RAP2A"
"","PDE6C"
"FIG4","FIG4"
"RAD51B","RAD51B"
"RPF2","RPF2"
"ZNF213","ZNF213"
"PLEKHG1","PLEKHG1"
"TSLP",""
"","FTCDNL1"
"SLC9A5","SLC9A5"
"ZIC4","ZIC4"
"AAMDC","AAMDC"
"SFTPD","SFTPD"
"SYS1","SYS1"
"","FFAR4"
"U6","RNU6-818P"
"ZNF205","ZNF205"
"SLC4A11","SLC4A11"
"SNORD67","SNORD67"
"FOXS1","FOXS1"
"NXF1","NXF1"
"GPC6","GPC6"
"eca-mir-8938",""
"RAB12","RAB12"
"eca-mir-493a",""
"WNT10B","WNT10B"
"eca-mir-9114",""
"PIGT","PIGT"
"NRTN","NRTN"
"MFSD4B","MFSD4B"
"ATP6V1C2","ATP6V1C2"
"KCTD19","KCTD19"
"GALNT9","GALNT9"
"SOHLH2","SOHLH2"
"DCN","DCN"
"GADD45B","GADD45B"
"SLC25A46","SLC25A46"
"OR2L5IP",""
"MANBAL","MANBAL"
"STX5","STX5"
"CYP1A1","CYP1A1"
"REV3L","REV3L"
"GAS2L1","GAS2L1"
"","CAPS"
"KCNMB2","KCNMB2"
"RSF1","RSF1"
"ZSCAN10","ZSCAN10"
"ZIC1","ZIC1"
"TEX54","TEX54"
"","CETP"
"PRPF19","PRPF19"
"GCNT7","GCNT7"
"RMDN3","RMDN3"
"WNT1","WNT1"
"EWSR1","EWSR1"
"DIP2A","DIP2A"
"RANBP3","RANBP3"
"PLOD2","PLOD2"
"SEH1L","SEH1L"
"CCDC59","CCDC59"
"GHRH","GHRH"
"EOGT","EOGT"
"NOL10","NOL10"
"ATP10A","ATP10A"
"DCT","DCT"
"EFL1","EFL1"
"","C1QL3"
"USP18","USP18"
"DEFB115","DEFB115"
"RPL22L1","RPL22L1"
"ANO6","ANO6"
"GFER","GFER"
"NAPG","NAPG"
"ESD","ESD"
"DDRGK1","DDRGK1"
"FAM209B","FAM209A"
"FAM209B","FAM209B"
"SHISA9","SHISA9"
"SPART","SPART"
"TMEM232","TMEM232"
"SLC52A3","SLC52A3"
"OR5D18HP","OR5D18"
"NOXO1","NOXO1"
"LRRN2","LRRN2"
"COL9A3",""
"METTL25","METTL25"
"IYD","IYD"
"C18H2orf69","C2orf69"
"OR5W59",""
"FASTKD5","FASTKD5"
"EIF5A2","EIF5A2"
"RHOJ","RHOJ"
"GLDN","GLDN"
"TP53TG5","TP53TG5"
"TYW5","TYW5"
"PLEKHG4","PLEKHG4"
"TGDS","TGDS"
"GRAMD2B","GRAMD2B"
"LRCH1","LRCH1"
"ZFYVE19","ZFYVE19"
"OR4A2E",""
"TMEM44","TMEM44"
"CTNNBL1","CTNNBL1"
"PPP1R14C","PPP1R14C"
"U6","RNU6-1019P"
"SLC2A2","SLC2A2"
"GPB5","GPHB5"
"RAB42","RAB42"
"eca-mir-9179",""
"eca-mir-6529",""
"LZTS3","LZTS3"
"CMSS1","CMSS1"
"PPP2R5E","PPP2R5E"
"KIF13A","KIF13A"
"TBL3","TBL3"
"DPH2","DPH2"
"CPPED1","CPPED1"
"PLA1A","PLA1A"
"","OIP5"
"TRNAU1AP","TRNAU1AP"
"DBNDD2","DBNDD2"
"CLNS1A","CLNS1A"
"MAIP1","MAIP1"
"","NUDT4B"
"","NUDT4"
"TMEM132A","TMEM132A"
"eca-mir-3200",""
"CCNA1","CCNA1"
"MEX3B","MEX3B"
"UBOX5","UBOX5"
"RHBDD3","RHBDD3"
"GCHFR","GCHFR"
"ODC1","ODC1"
"SPICE1","SPICE1"
"CYP19A1","CYP19A1"
"PSTPIP1","PSTPIP1"
"MTCL1",""
"DNAJC19","DNAJC19"
"DRGX","DRGX"
"TNIK","TNIK"
"ANKRD44","ANKRD44"
"GPR180","GPR180"
"SCN9A","SCN9A"
"FREM2","FREM2"
"","ULBP3"
"","RAET1L"
"","ULBP1"
"","ULBP2"
"","RAET1G"
"PLSCR1","PLSCR1"
"POF1B","POF1B"
"AVP",""
"C1H15orf62","C15orf62"
"EMID1","EMID1"
"IPO13","IPO13"
"OXT","OXT"
"PCIF1","PCIF1"
"AMER2","AMER2"
"","EPHA6"
"DIRAS1","DIRAS1"
"MRPS26","MRPS26"
"DUSP6","DUSP6"
"","WASHC2A"
"","WASHC2C"
"HPCAL1","HPCAL1"
"","SMC2"
"SOX2","SOX2"
"SNX29","SNX29"
"RSAD2","RSAD2"
"LPP","LPP"
"MTMR6","MTMR6"
"RFX2","RFX2"
"LSG1","LSG1"
"TRAF3IP2","TRAF3IP2"
"ZNF711","ZNF711"
"PTPRA","PTPRA"
"RAD51","RAD51"
"CMPK2","CMPK2"
"TMTC2","TMTC2"
"TMEM109","TMEM109"
"TPRG1","TPRG1"
"RRM2","RRM2"
"SLC15A3","SLC15A3"
"RCC1","RCC1"
"OR2L34","OR2L5"
"OR2L34","OR2L3"
"OR2L34","OR2L2"
"OR2L34","OR2L8"
"SOX21","SOX21"
"HDC","HDC"
"TFRC","TFRC"
"WDR89","WDR89"
"PLSCR5","PLSCR5"
"RNF125","RNF125"
"","RAET1E"
"SMAD9",""
"AHSG","AHSG"
"FYN","FYN"
"","PRR23A"
"","PRR23C"
"","PRR23B"
"LRRC36","LRRC36"
"ARHGAP28","ARHGAP28"
"AQP11","AQP11"
"ZNF335","ZNF335"
"TPP2","TPP2"
"GALNT14","GALNT14"
"","MAGED4"
"","MAGED4B"
"CD6","CD6"
"MRPS22","MRPS22"
"TNFRSF17","TNFRSF17"
"HOXB13","HOXB13"
"GSPT1","GSPT1"
"SLC39A3","SLC39A3"
"LIPJ","LIPJ"
"SLC27A2","SLC27A2"
"GHDC","GHDC"
"KCNQ4","KCNQ4"
"CIMAP1C","CIMAP1C"
"ACSBG2","ACSBG2"
"GNRH2","GNRH2"
"SGPP1","SGPP1"
"PAK1","PAK1"
"TUBA8","TUBA8"
"CSPG4","CSPG4"
"","TCFL5"
"FETUB","FETUB"
"RSL1D1","RSL1D1"
"POC1B","GALNT4"
"RNF138","RNF138"
"HYPK",""
"CYS1","CYS1"
"","OR6C65"
"VSTM2L","VSTM2L"
"RNLS","RNLS"
"SLC4A8","SLC4A8"
"CAPN14","CAPN14"
"ISOC1","ISOC1"
"RFXAP","RFXAP"
"FAXC","FAXC"
"KLF11","KLF11"
"IFT88","IFT88"
"DIDO1","DIDO1"
"PHACTR4","PHACTR4"
"TTI1","TTI1"
"LRP11","LRP11"
"COPB2","COPB2"
"ALG5","ALG5"
"TNK2","TNK2"
"GAST","GAST"
"SYNE2","SYNE2"
"OR6C7K",""
"TPPP3","TPPP3"
"NFYC","NFYC"
"MEGF10","MEGF10"
"EHD3","EHD3"
"OR6C201",""
"","FRMD4A"
"RPRD1B","RPRD1B"
"RUBCNL","RUBCNL"
"RPL3L","RPL3L"
"LCLAT1","LCLAT1"
"EMP2","EMP2"
"SMC2","SMC2"
"KISS1R",""
"GRHL1","GRHL1"
"KREMEN1","KREMEN1"
"TBX21","TBX21"
"SLC12A5","SLC12A5"
"UBE3A","UBE3A"
"","FAM168B"
"USP45","USP45"
"PCMT1","PCMT1"
"MSMB","MSMB"
"HSD11B2","HSD11B2"
"ATP8B4","ATP8B4"
"TLL2","TLL2"
"PTEN",""
"ATF7IP2","ATF7IP2"
"ARL5A","ARL5A"
"ARID3A","ARID3A"
"DPP4","DPP4"
"TIMM23","TIMM23"
"TIMM23","TIMM23B"
"VPS37C","VPS37C"
"TBKBP1","TBKBP1"
"ATP2B1","ATP2B1"
"PEX26","PEX26"
"SPG11","SPG11"
"ATP6V0D1","ATP6V0D1"
"CELF4","CELF4"
"DAPL1","DAPL1"
"FAM174A","FAM174A"
"RNF151","RNF151"
"HRG","HRG"
"NDUFB10","NDUFB10"
"PLPP2","PLPP2"
"GDPD4","GDPD4"
"TANC1","TANC1"
"TM9SF3","TM9SF3"
"MICAL3","MICAL3"
"KNG1","KNG1"
"","SPATA31C1"
"","SPATA31A5"
"","SPATA31A3"
"","SPATA31A7"
"","SPATA31A6"
"","SPATA31C2"
"","SPATA31E1"
"","SPATA31A1"
"C14H5orf63","C5orf63"
"PARG","PARG"
"S100B","S100B"
"RPS2","RPS2"
"ADAMTS7","ADAMTS7"
"PRMT2","PRMT2"
"SOCS7","SOCS7"
"LBH","LBH"
"ATAD1","ATAD1"
"SLCO6A1","SLCO6A1"
"SPMAP2","SPMAP2"
"LRRC63","LRRC63"
"MYO7A","MYO7A"
"GID8","GID8"
"DBR1","DBR1"
"RIPOR1","RIPOR1"
"CD5","CD5"
"CAPN13","CAPN13"
"CIMIP1","CIMIP1"
"SLCO4C1","SLCO4C1"
"MARCHF3","MARCHF3"
"ARID2","ARID2"
"MIER2","MIER2"
"C8H22orf31","C22orf31"
"MMP9","MMP9"
"","CPPED1"
"METTL21C","METTL21C"
"DNTT","DNTT"
"TGM2","TGM2"
"OGDHL","OGDHL"
"LAMA1","LAMA1"
"","TRGV8"
"","TRGV3"
"","TRGV1"
"","TRGV2"
"","TRGV5"
"","TRGV4"
"KDM1B","KDM1B"
"TAF1B","TAF1B"
"TBC1D2B","TBC1D2B"
"MED18","MED18"
"GRIN2A","GRIN2A"
"ARMC8","ARMC8"
"ZNRF3","ZNRF3"
"PPP1R3C","PPP1R3C"
"CD248","CD248"
"SESN2","SESN2"
"","SV2B"
"HECTD2","HECTD2"
"","PIGB"
"RIN1","RIN1"
"","OR2T5"
"","OR2T4"
"","OR2T29"
"CAPN5","CAPN5"
"","WDR45"
"NCOA5","NCOA5"
"NUP43","NUP43"
"EXOSC8","EXOSC8"
"HS3ST6","HS3ST6"
"UBE2N","UBE2N"
"RFC4","RFC4"
"CD40","CD40"
"KIF11","KIF11"
"YPEL5","YPEL5"
"OR2T1C","OR2T1"
"LMNB1","LMNB1"
"","POLR2M"
"EEA1","EEA1"
"TNFSF9","TNFSF9"
"SF3B1","SF3B1"
"JUP","JUP"
"GCG","GCG"
"CCDC178","CCDC178"
"AIFM3","AIFM3"
"PAPSS2","PAPSS2"
"","MYZAP"
"KIAA1755","KIAA1755"
"SAXO5","SAXO5"
"","PHACTR1"
"DNAJC8","DNAJC8"
"BRMS1","BRMS1"
"ALK","ALK"
"CIB2","CIB2"
"","MUC4"
"ZNF358","ZNF358"
"MEIOB","MEIOB"
"PTPRM","PTPRM"
"","OR14I1"
"","MYO18B"
"WDSUB1","WDSUB1"
"RIMS3","RIMS3"
"MAN2A1","MAN2A1"
"LATS1","LATS1"
"EIF4A2",""
"FAP","FAP"
"eca-mir-628a","MIR628"
"B4GAT1","B4GAT1"
"PNISR","PNISR"
"NHLRC1","NHLRC1"
"CEP70","CEP70"
"IDE","IDE"
"BPI","BPI"
"SUPT20H","SUPT20H"
"CEP20","CEP20"
"SLC29A2","SLC29A2"
"KATNA1","KATNA1"
"SH2D7","SH2D7"
"JPH2","JPH2"
"OMP","OMP"
"EVI5L","EVI5L"
"ASXL3","ASXL3"
"HAP1","HAP1"
"DTWD1","DTWD1"
"TPMT","TPMT"
"MINPP1","MINPP1"
"KIDINS220","KIDINS220"
"B3GNT6","B3GNT6"
"ATP5IF1","ATP5IF1"
"IDH3A","IDH3A"
"BAZ2B","BAZ2B"
"OSER1","OSER1"
"PJA2","PJA2"
"","EIF4E2"
"PTAFR","PTAFR"
"LCP1","LCP1"
"","MS4A4A"
"","MS4A4E"
"PCSK1","PCSK1"
"ADIPOQ","ADIPOQ"
"GINM1","GINM1"
"SPECC1L","SPECC1L"
"LSS","LSS"
"COQ10B","COQ10B"
"DEK","DEK"
"FAM227B","FAM227B"
"MUC20","MUC20"
"ST6GAL1","ST6GAL1"
"RNF6","RNF6"
"SPMIP10","SPMIP10"
"NOL4","NOL4"
"HAGH","HAGH"
"FER","FER"
"MYH11","MYH11"
"GDAP1L1","GDAP1L1"
"","HSFX3"
"","HSFX4"
"PHAX","PHAX"
"HSPD1","HSPD1"
"ACER3","ACER3"
"RGR","RGR"
"COQ3","COQ3"
"RTP1","RTP1"
"FGF7","FGF7"
"GSDMA","GSDMA"
"FLT1",""
"STXBP5","STXBP5"
"FAHD1","FAHD1"
"MASP1","MASP1"
"MAPK8","MAPK8"
"THEMIS2","THEMIS2"
"eca-mir-1289",""
"MS4A7","MS4A7"
"GALK2","GALK2"
"OPA1","OPA1"
"CPB2","CPB2"
"PRICKLE2","PRICKLE2"
"SGMS1","SGMS1"
"TEX30","TEX30"
"FSTL4","FSTL4"
"ADGRV1","ADGRV1"
"","LBP"
"FITM2","FITM2"
"CLIP4","CLIP4"
"TSTD3",""
"SLC36A1","SLC36A1"
"POGLUT2","POGLUT2"
"IGFALS","IGFALS"
"DDX27","DDX27"
"SNORD68","SNORD68"
"eca-mir-9068",""
"CCNC","CCNC"
"AQP4","AQP4"
"eca-mir-9073",""
"ZC3H13","ZC3H13"
"SRC","SRC"
"THEMIS","THEMIS"
"eca-mir-9074",""
"EME2","EME2"
"eca-mir-9069",""
"RFTN2","RFTN2"
"ACSBG1","ACSBG1"
"GINS2","GINS2"
"ZPBP2","ZPBP2"
"OR4C204","OR4C45"
"MS4A14","MS4A14"
"SLC38A4","SLC38A4"
"CMAS","CMAS"
"EMC8","EMC8"
"RNF144B","RNF144B"
"BOLL","BOLL"
"MS4A5","MS4A5"
"RTP4","RTP4"
"ADORA2A","ADORA2A"
"IFIH1","IFIH1"
"SNCAIP","SNCAIP"
"AGRP","AGRP"
"ASAH2","ASAH2B"
"ASAH2","ASAH2"
"MAPK8IP3","MAPK8IP3"
"","MRTO4"
"CTCF","CTCF"
"EHHADH","EHHADH"
"EYA3","EYA3"
"NXPH3","NXPH3"
"RAB22A","RAB22A"
"PTPRK","PTPRK"
"RGMB","RGMB"
"","AKR7A3"
"","EHHADH"
"SPOP","SPOP"
"U6","RNU6-21P"
"U6","RNU6-936P"
"MAP3K13","MAP3K13"
"CHST9","CHST9"
"BIVM","BIVM"
"BIVM","ERCC5"
"PTCD3","PTCD3"
"PRR36","PRR36"
"UPB1","UPB1"
"OR1J49B",""
"ORMDL3","ORMDL3"
"TSKU","TSKU"
"OR1J46B",""
"OR1J38",""
"GUCD1","GUCD1"
"IKZF3","IKZF3"
"VAPB","VAPB"
"OR1J1C","OR1J1"
"SCAF11","SCAF11"
"COPS2","COPS2"
"SGCG","SGCG"
"OR1J40",""
"OR1J47B",""
"NUDT12","NUDT12"
"CBX2","CBX2"
"MS4A1","MS4A1"
"ID4","ID4"
"FRMPD2","FRMPD2"
"OR1J2","OR1J2"
"ZNFX1","ZNFX1"
"","ST8SIA1"
"OR1J1E","OR1J1"
"NPTX1","NPTX1"
"TMEM41A",""
"LOXL1","LOXL1"
"KCNJ8","KCNJ8"
"LOX","LOX"
"CDH2","CDH2"
"NME9","NME9"
"SNRPD3","SNRPD3"
"OR4F1","OR4F16"
"OR4F1","OR4F21"
"OR4F1","OR4F3"
"OR4F1","OR4F29"
"SACS","SACS"
"ERCC5","BIVM"
"ERCC5","ERCC5"
"OR4G27",""
"NUDT4","NUDT4B"
"NUDT4","NUDT4"
"LRRC75B","LRRC75B"
"HRH3","HRH3"
"MEDAG","MEDAG"
"CBX8","CBX8"
"TSC22D1","TSC22D1"
"OR4K66",""
"ZNF684","ZNF684"
"MACIR","MACIR"
"A1CF","A1CF"
"MS4A12","MS4A12"
"","SERP2"
"TEX26","TEX26"
"ADRM1","ADRM1"
"INSYN1","INSYN1"
"CH25H","CH25H"
"GCA","GCA"
"LRRC32","LRRC32"
"MNS1","MNS1"
"METTL21EP","METTL21EP"
"R3HDML","R3HDML"
"GGT5","GGT5"
"OTOP2","OTOP2"
"E2F6","E2F6"
"ST3GAL5","ST3GAL5"
"MARCHF5","MARCHF5"
"BID","BID"
"","NNAT"
"LIPH","LIPH"
"TM9SF2","TM9SF2"
"HNF4A","HNF4A"
"MRPL42","MRPL42"
"LAMA5","LAMA5"
"","ZNF475"
"LRRC30","LRRC30"
"USH1G","USH1G"
"CPEB3","CPEB3"
"","DEFB125"
"SMIM2",""
"","MAGEA11"
"","MAGEB17"
"","MAGEB1"
"","MAGEA9"
"","MAGEA9B"
"","MAGEA8"
"","MAGEA12"
"","MAGEA2B"
"","MAGEA2"
"","MAGEA4"
"","MAGEA6"
"","MAGEA3"
"","MAGEC2"
"","MAGEC1"
"","MAGEC3"
"Y_RNA",""
"DTNA","DTNA"
"BCL2L13","BCL2L13"
"TBC1D21","TBC1D21"
"SLC32A1","SLC32A1"
"MS4A13","MS4A13"
"","ZNF684"
"EMSY","EMSY"
"","NAALAD2"
"","GGTLC2"
"","GGTLC3"
"","GGT1"
"","GGTLC1"
"BIRC5","BIRC5"
"LACC1","LACC1"
"ACTR5","ACTR5"
"EXO5","EXO5"
"SENP2","SENP2"
"MS4A8","MS4A8"
"LRRC8E","LRRC8E"
"ROCK2","ROCK2"
"OCSTAMP","OCSTAMP"
"HSPH1","HSPH1"
"THA1",""
"NDE1","NDE1"
"POLR1A","POLR1A"
"CSTF2T","CSTF2T"
"","UGT3A2"
"MRAS","MRAS"
"","CYP4F2"
"ST8SIA4","ST8SIA4"
"AKIRIN1","AKIRIN1"
"ESYT3","ESYT3"
"FAM76A","FAM76A"
"SLC13A3","SLC13A3"
"IL7R","IL7R"
"HMGB1",""
"NPAS4","NPAS4"
"AMIGO2","AMIGO2"
"TMEM235","TMEM235"
"MAP2K7","MAP2K7"
"CD276","CD276"
"GDF5","GDF5"
"EFNA5","EFNA5"
"","SEC11C"
"BTAF1","BTAF1"
"HES1","HES1"
"PCED1B","PCED1B"
"PCARE","PCARE"
"GRB7","GRB7"
"MARCHF7","MARCHF7"
"RBP3","RBP3"
"TMEM200C","TMEM200C"
"CCDC122","CCDC122"
"MINAR2","MINAR2"
"TIMP2","TIMP2"
"","SLC43A3"
"LTBP1","LTBP1"
"CEP250","CEP250"
"USPL1","USPL1"
"BICC1","BICC1"
"GLRX","GLRX"
"SUSD2","SUSD2"
"","CXorf49"
"","CXorf49B"
"GMNC","GMNC"
"SMAP2","SMAP2"
"RHOBTB3","RHOBTB3"
"ZNF488","ZNF488"
"ZNF608","ZNF608"
"SOCS2","SOCS2"
"TEX9","TEX9"
"OR5W2I",""
"PIEZO2","PIEZO2"
"GPR18","GPR18"
"","POM121L12"
"PARD6A","PARD6A"
"GPR183","GPR183"
"VSTM2A","VSTM2A"
"TGFBR3L","TGFBR3L"
"NPTN","NPTN"
"ENOX1","ENOX1"
"OSTN","OSTN"
"SNAPC2","SNAPC2"
"SEMA3E","SEMA3E"
"FAIM","FAIM"
"TLR4","TLR4"
"ATP6V1E1","ATP6V1E1"
"","ANTXRL"
"CAPSL","CAPSL"
"FBXL17","FBXL17"
"TP53RK","TP53RK"
"UTS2B","UTS2B"
"NME3","NME3"
"KCNH7","KCNH7"
"IGF2BP2","IGF2BP2"
"CARMIL2","CARMIL2"
"PIK3CB","PIK3CB"
"ASAH1","ASAH1"
"SLC2A10","SLC2A10"
"XPO4","XPO4"
"RPA2","RPA2"
"SASH1","SASH1"
"SPATA9","SPATA9"
"PPP1R2","PPP1R2"
"PPP1R2","PPP1R2B"
"GPR108","GPR108"
"CABIN1","CABIN1"
"NUBP2","NUBP2"
"SSRP1","SSRP1"
"TAMALIN","TAMALIN"
"EIF3J",""
"MARS2","MARS2"
"SPSB3","SPSB3"
"APOD","APOD"
"RBFOX1","RBFOX1"
"RHBDL2","RHBDL2"
"CLDN10","CLDN10"
"ACVR1B","ACVR1B"
"MRPS34","MRPS34"
"PREX1","PREX1"
"MIEN1","MIEN1"
"CEP120","CEP120"
"JPT2","JPT2"
"RFESD","RFESD"
"PLCL1","PLCL1"
"","PCM1"
"DZIP1","DZIP1"
"RRAGC","RRAGC"
"CD302","CD302"
"GAL3ST3","GAL3ST3"
"REC114","REC114"
"SLC25A18","SLC25A18"
"TMC2","TMC2"
"ERBB2","ERBB2"
"BDH1","BDH1"
"PCLO","PCLO"
"NEDD4","NEDD4"
"TIMP2","CEP295NL"
"CTDSPL2","CTDSPL2"
"SF3B2","SF3B2"
"CLVS2","CLVS2"
"MEF2C","MEF2C"
"ESR2","ESR2"
"TRIP10","TRIP10"
"CRAMP1","CRAMP1"
"LGALS3BP","LGALS3BP"
"HCN4","HCN4"
"COL9A2",""
"U2","RNU2-36P"
"U2","RNU2-59P"
"TMBIM6","TMBIM6"
"U1","RNU1-103P"
"U1","RNU1-35P"
"SMLR1","SMLR1"
"APCDD1","APCDD1"
"NBEA","NBEA"
"RPRM","RPRM"
"NEO1","NEO1"
"","IL17D"
"MFSD4B","SLC16A10"
"TRIM47","TRIM47"
"NDUFV2","NDUFV2"
"CHD1","CHD1"
"GRB14","GRB14"
"","ANXA8"
"","ANXA8L1"
"FGFBP3","FGFBP3"
"EPB41L2","EPB41L2"
"LATS2","LATS2"
"SNRPB","SNRPB"
"","GPC5"
"CBX4","CBX4"
"ADCY5","ADCY5"
"THAP12","THAP12"
"SH2D3A","SH2D3A"
"SNORD86","SNORD86"
"PCCB","PCCB"
"SEMA3D","SEMA3D"
"DLEU7","DLEU7"
"SNORD110","SNORD110"
"MTHFD1","MTHFD1"
"ZMPSTE24","ZMPSTE24"
"CCNG2","CCNG2"
"U6","RNU6-446P"
"SLC26A11","SLC26A11"
"TGM6","TGM6"
"VAV1","VAV1"
"GABRG2","GABRG2"
"","SNORD94"
"SNORD56","SNORD56"
"FBN2","FBN2"
"SNORD57","SNORD57"
"eca-mir-8961",""
"GOLM2","GOLM2"
"PLB1","PLB1"
"HTR7","HTR7"
"GTF3C3","GTF3C3"
"GVQW3","GVQW3"
"POLR1D",""
"eca-mir-103","MIR103A2"
"TRA2B","TRA2B"
"IPMK","IPMK"
"CECR2","CECR2"
"SHLD2","SHLD2"
"TRIM13","TRIM13"
"TMEM161B","TMEM161B"
"HHEX","HHEX"
"NCKAP5L","NCKAP5L"
"SLC66A3","SLC66A3"
"PCGF5","PCGF5"
"COBLL1","COBLL1"
"TGM3","TGM3"
"MELTF","MELTF"
"DNAJC3","DNAJC3"
"LNX2","LNX2"
"CACNA2D1","CACNA2D1"
"ENKD1","ENKD1"
"ARRB1","ARRB1"
"C2orf66","C2orf66"
"RAB1B","RAB1B"
"ETV5","ETV5"
"SGSH","SGSH"
"STK35","STK35"
"RPS21","RPS21"
"","POF1B"
"TMCO2","TMCO2"
"CISD1","CISD1"
"SNCG","ADIRF"
"ACD","ACD"
"PDYN","PDYN"
"STX12","STX12"
"PARD3B","PARD3B"
"TSHR","TSHR"
"RLF","RLF"
"PLAAT1","PLAAT1"
"C15H2orf50","CIMIP5"
"CARD14","CARD14"
"PPIP5K2","PPIP5K2"
"BCDIN3D","BCDIN3D"
"LINGO1","LINGO1"
"MAPRE2","MAPRE2"
"GLUD1","GLUD2"
"GLUD1","GLUD1"
"MBOAT2","MBOAT2"
"SIRPA","SIRPG"
"SIRPA","SIRPA"
"SIRPA","SIRPB1"
"ANKRD1","ANKRD1"
"CDK8","CDK8"
"CABLES2","CABLES2"
"IFT140","IFT140"
"SPRYD7","SPRYD7"
"P2RX3","P2RX3"
"PPP1R8","PPP1R8"
"TFB1M","TFB1M"
"AQP2","AQP2"
"C3H16orf86","C16orf86"
"","MARK1"
"MARF1","MARF1"
"UBE2D1","UBE2D1"
"AQP6","AQP6"
"","HIGD1A"
"DGKG","DGKG"
"","RALY"
"RANBP10","RANBP10"
"","FOXO6"
"ADGRE1","ADGRE1"
"STAG1","STAG1"
"FOXO6",""
"ATP13A5","ATP13A5"
"PACS1","PACS1"
"FGR","FGR"
"RBBP8NL","RBBP8NL"
"CLDN20","CLDN20"
"RACGAP1","RACGAP1"
"SCMH1","SCMH1"
"ARFGEF2","ARFGEF2"
"TIAM2","TIAM2"
"KPNA3","KPNA3"
"FOSL2","FOSL2"
"","SIRPG"
"","SIRPA"
"","SIRPB1"
"UGGT2","UGGT2"
"EIF4A3","EIF4A3"
"","IK"
"MMRN2","MMRN2"
"YWHAQ","YWHAQ"
"WASF3","WASF3"
"PHYHIPL","PHYHIPL"
"RBKS","RBKS"
"SLCO2B1","SLCO2B1"
"RPP30","RPP30"
"ATP13A4","ATP13A4"
"SKIC8","SKIC8"
"AHDC1","AHDC1"
"DDT","DDT"
"DDT","DDTL"
"TMEM204","TMEM204"
"GATA5","GATA5"
"BMPR1A","BMPR1A"
"RASA1","RASA1"
"BMERB1","BMERB1"
"","EIF2S2"
"","RBP1"
"ZBTB25","ZBTB25"
"TELO2","TELO2"
"","TMCO6"
"ADAM17","ADAM17"
"SEMA3A","SEMA3A"
"TTLL6","TTLL6"
"","RAD23B"
"U6","RNU6-1279P"
"SLCO4A1","SLCO4A1"
"GPR12","GPR12"
"U6","RNU6-485P"
"","SNORA13"
"EBPL","EBPL"
"GAA","GAA"
"U1","RNU1-109P"
"ANKRD12","ANKRD12"
"ZNF396","ZNF396"
"U6","RNU6-989P"
"SIRPB2","SIRPB2"
"LVRN","LVRN"
"CLEC16A","CLEC16A"
"","TTLL6"
"","SATL1"
"USP12","USP12"
"","PSMA1"
"ARL11","ARL11"
"ZNF397","ZNF397"
"LDB3","LDB3"
"MRPL33","MRPL33"
"RCBTB1","RCBTB1"
"FAS","FAS"
"FAM13C","FAM13C"
"SLC2A11","SLC2A11"
"CALCOCO2","CALCOCO2"
"DNAI2","DNAI2"
"MROH8","MROH8"
"AKAP5","AKAP5"
"PTX4","PTX4"
"HGF","HGF"
"CPN2","CPN2"
"TTYH2","TTYH2"
"","APOOL"
"CTPS1","CTPS1"
"CD14","CD14"
"SNORD81","SNORD81"
"DNAJA4","DNAJA4"
"SLC4A1AP","SLC4A1AP"
"CCDC154","CCDC154"
"ACTA2","ACTA2"
"IQCC","IQCC"
"IAH1","IAH1"
"HSPA2","HSPA2"
"GOLGB1","GOLGB1"
"","APLP2"
"","ZNF711"
"HDHD5","HDHD5"
"SNORD79","SNORD79"
"TRIM36","TRIM36"
"TWSG1","TWSG1"
"MSRB2","MSRB2"
"PPP1R36","PPP1R36"
"PHACTR3","PHACTR3"
"VWA5B2","VWA5B2"
"CPSF3","CPSF3"
"TMEM151A","TMEM151A"
"TPBGL","TPBGL"
"SNORD24",""
"CRABP1","CRABP1"
"","SNORD74B"
"","PRG3"
"TMEM121B","TMEM121B"
"","CMAS"
"SMOC1","SMOC1"
"eca-mir-135b","MIR135B"
"OPN4","OPN4"
"","PRG2"
"MIR199A2","MIR199A2"
"CAMK2N2","CAMK2N2"
"PHF11","PHF11"
"CCNH","CCNH"
"MIR214","MIR214"
"YIF1A","YIF1A"
"ZNF24","ZNF24"
"RASL11A","RASL11A"
"S100PBP","S100PBP"
"WAPL","WAPL"
"PRTG","PRTG"
"NME7","NME7"
"IREB2","IREB2"
"FIGNL1","FIGNL1"
"ADRB2","ADRB2"
"TSNAXIP1","TSNAXIP1"
"FEV","FEV"
"CLCN7","CLCN7"
"ALG3","ALG3"
"INO80C","INO80C"
"STAMBPL1","STAMBPL1"
"TMCO6","TMCO6"
"GTF3A","GTF3A"
"CFAP65","CFAP65"
"SLFNL1","SLFNL1"
"IL17RA","IL17RA"
"HCLS1","HCLS1"
"","CLDN18"
"SLC8A3","SLC8A3"
"RPN2","RPN2"
"SLC6A4","SLC6A4"
"ASIC1","ASIC1"
"FRMD5","FRMD5"
"YARS1","YARS1"
"PSMD2","PSMD2"
"FARP1","FARP1"
"DDC","DDC"
"SETDB2","SETDB2"
"SLC16A9","SLC16A9"
"CSE1L","CSE1L"
"SUPT7L","SUPT7L"
"U6","RNU6-1255P"
"U6","RNU6-930P"
"ANAPC1","ANAPC1"
"NRP2","NRP2"
"WSCD1","WSCD1"
"NASP","NASP"
"U6","RNU6-932P"
"eca-mir-9085",""
"U2","RNU2-21P"
"ARHGAP19","ARHGAP19"
"PERCC1","PERCC1"
"SLC38A10","SLC38A10"
"SEC63","SEC63"
"GIN1","GIN1"
"RASA2","RASA2"
"MTIF3","MTIF3"
"ABCC3","ABCC3"
"SLC12A2","SLC12A2"
"CCDC6","CCDC6"
"ITGB1BP1","ITGB1BP1"
"TRPV3","TRPV3"
"","UQCC4"
"ELL2","ELL2"
"ABCC5","ABCC5"
"TNFRSF19","TNFRSF19"
"FBXO40","FBXO40"
"GPN1","GPN1"
"SLC38A11","SLC38A11"
"SPINK6","SPINK6"
"RORA","RORA"
"OR5D18OP","OR5D18"
"PAM","PAM"
"OR5W1IP",""
"POLQ","POLQ"
"USP51","USP51"
"COX14","COX14"
"ASAP2","ASAP2"
"YOD1","YOD1"
"THAP11","THAP11"
"COX16","COX16"
"SMARCD1","SMARCD1"
"SPINK14","SPINK14"
"C4BPA",""
"TEPSIN","TEPSIN"
"RNF7","RNF7"
"OR9S21",""
"ANK3","ANK3"
"HYKK","HYKK"
"CCDC92B","CCDC92B"
"","ADH6"
"SYNJ2BP","SYNJ2BP"
"","TRAV8-2"
"","TRAV8-6"
"","TRAV8-4"
"CRYBA2","CRYBA2"
"INSR","INSR"
"","CYP4F11"
"DEXI","DEXI"
"GRK7","GRK7"
"RAB11FIP4","RAB11FIP4"
"PSMA4","PSMA4"
"CAB39L","CAB39L"
"CENPT","CENPT"
"MIPEP","MIPEP"
"FRAT2",""
"","TRAV22"
"ATP1B3","ATP1B3"
"FRAT1","FRAT1"
"ADAM19","ADAM19"
"CCDC86","CCDC86"
"TAAR1","TAAR1"
"SYCP2","SYCP2"
"ANKRD22","ANKRD22"
"ICE2","ICE2"
"NHSL3","NHSL3"
"CIITA","CIITA"
"","TRAV18"
"STK11IP","STK11IP"
"NEU3","NEU3"
"STK24","STK24"
"U6","RNU6-1190P"
"KSR1","KSR1"
"STXBP5L","STXBP5L"
"NOSTRIN","NOSTRIN"
"PLCZ1","PLCZ1"
"U6","RNU6-879P"
"","COX7C"
"TCF15","TCF15"
"STAU1","STAU1"
"AKAP7","AKAP7"
"LIPM","LIPM"
"CCDC192","CCDC192"
"ETNK2","ETNK2"
"DCDC2C","DCDC2C"
"PLEKHG7","PLEKHG7"
"RALBP1","RALBP1"
"ANKRD40","ANKRD40"
"","ADAM21"
"ARRDC3","ARRDC3"
"MED6","MED6"
"RSPO4","RSPO4"
"SPCS2","SPCS2"
"LIPK","LIPK"
"","RPL15"
"PEX11G","PEX11G"
"","CAPZA3"
"CTXN3","CTXN3"
"TSR3","TSR3"
"FAM217B","FAM217B"
"CCDC121",""
"INO80D","INO80D"
"PPP4R1","PPP4R1"
"KCNH4","KCNH4"
"","RASA4"
"","RASA4B"
"ATP11B","ATP11B"
"CDADC1","CDADC1"
"MRPS28","MRPS28"
"WDR76","WDR76"
"","CLEC4M"
"NRN1L","NRN1L"
"CD7","SECTM1"
"LYSMD3","LYSMD3"
"","TRAV16"
"IPP","IPP"
"TPD52","TPD52"
"XRRA1","XRRA1"
"NUTF2","NUTF2"
"FAM98A","FAM98A"
"SHC2",""
"UNKL","UNKL"
"POLR3G",""
"EDC4","EDC4"
"CNPPD1","CNPPD1"
"C22H20orf173","C20orf173"
"SLC15A1","SLC15A1"
"PRRC1","PRRC1"
"NFATC2","NFATC2"
"PPP1R3D","PPP1R3D"
"RBBP4",""
"MBLAC2","MBLAC2"
"","OR5BS1"
"GPD1","GPD1"
"GOLT1A","GOLT1A"
"RAB5C","RAB5C"
"SCAF8","SCAF8"
"","ADAM20"
"CETN3","CETN3"
"U6","RNU6-810P"
"GRB10","GRB10"
"","SPAG11B"
"","SPAG11A"
"SLIT1","SLIT1"
"ERGIC3","ERGIC3"
"SCN8A","SCN8A"
"eca-mir-8914",""
"CSNK1D","CSNK1D"
"PSKH1","PSKH1"
"ALLC","ALLC"
"CDH26","CDH26"
"NIPAL4","NIPAL4"
"CIMAP1D","CIMAP1D"
"INAVA","INAVA"
"GFOD1","GFOD1"
"HSPB9","HSPB9"
"KLF15","KLF15"
"DEFB103A","DEFB103A"
"DEFB103A","DEFB103B"
"DCUN1D1","DCUN1D1"
"FBXO47","FBXO47"
"HSPA4","HSPA4"
"NKAIN2","NKAIN2"
"RASGRP3","RASGRP3"
"RPS7","RPS7"
"MLNR","MLNR"
"SLC6A6","SLC6A6"
"PSMB10","PSMB10"
"GK5","GK5"
"","MADCAM1"
"TMEM69","TMEM69"
"DLGAP2","DLGAP2"
"ADI1","ADI1"
"FNDC3A","FNDC3A"
"ATP9A","ATP9A"
"GPBP1L1","GPBP1L1"
"EEF1B2","EEF1B2"
"ADAM20","ADAM20"
"TLE6","TLE6"
"TRAPPC12","TRAPPC12"
"SPATA13","SPATA13"
"","SLC16A7"
"BPIFA2","BPIFA2"
"LCOR","LCOR"
"SCGB3A2","SCGB3A2"
"MCCC1","MCCC1"
"GNPTG","GNPTG"
"PRDX1","PRDX1"
"ALDH1L1","ALDH1L1"
"ELL3","ELL3"
"DOCK9","DOCK9"
"RAB31","RAB31"
"SLC12A4","SLC12A4"
"COBL","COBL"
"FER1L4",""
"TTC9","TTC9"
"TFAP2C","TFAP2C"
"IHH","IHH"
"LASP1","LASP1"
"MMACHC","MMACHC"
"RAP1GAP2","RAP1GAP2"
"MAP3K9","MAP3K9"
"SPC25","SPC25"
"POMP","POMP"
"ARSK","ARSK"
"SLC16A3","SLC16A3"
"CCDC163",""
"NDUFS1","NDUFS1"
"GREB1","GREB1"
"ZNF57","ZNF57"
"BAIAP3","BAIAP3"
"TPD52L1","TPD52L1"
"JAKMIP2","JAKMIP2"
"TTC27","TTC27"
"PDE6C","PDE6C"
"SGTA","SGTA"
"TFDP2","TFDP2"
"TXNDC2","TXNDC2"
"TVP23A","TVP23A"
"G6PC2","G6PC2"
"NHEJ1","NHEJ1"
"MUTYH","TESK2"
"VAPA","VAPA"
"CSMD1","CSMD1"
"SKIC3","SKIC3"
"PCNX1","PCNX1"
"SERINC4","SERINC4"
"H2BW1","H2BW2"
"H2BW1","H2BW1"
"RNF169","RNF169"
"","MS4A6E"
"","MS4A6A"
"OR4F80",""
"SYNC","SYNC"
"","H2BW2"
"","H2BW1"
"","IGHV7-81"
"","IGHV7-4-1"
"ZCCHC10","ZCCHC10"
"SLC46A3","SLC46A3"
"CYP26A1","CYP26A1"
"CHRDL2","CHRDL2"
"MC2R","MC2R"
"NR3C1","NR3C1"
"ABCB11","ABCB11"
"RPL23","RPL23"
"PRR23E",""
"UBE2I","UBE2I"
"MC5R","MC5R"
"RETREG2","RETREG2"
"SEMA7A","SEMA7A"
"SLC6A11","SLC6A11"
"RABL3","RABL3"
"DOK5","DOK5"
"RNMT","RNMT"
"NUBP1","NUBP1"
"NUP58","NUP58"
"FAIM2","FAIM2"
"ZBTB8A","ZBTB8A"
"PDIA3","PDIA3"
"HDDC2","HDDC2"
"SPMAP1","SPMAP1"
"","UPK3BL2"
"","UPK3BL1"
"GPRC5C","GPRC5C"
"LCAT","LCAT"
"THOP1","THOP1"
"","PRR20A"
"","PRR20C"
"","PRR20D"
"","PRR20E"
"","PRR20B"
"","PRR20G"
"CWC25","CWC25"
"TOE1","TOE1"
"TRH","TRH"
"SEC61G","SEC61G"
"DPEP3","DPEP3"
"ITM2A","ITM2A"
"","CHORDC1"
"MS4A15","MS4A15"
"","P2RX6"
"SPAG4","SPAG4"
"GTF2E1","GTF2E1"
"SSUH2","SSUH2"
"MUTYH","MUTYH"
"MCF2L2","MCF2L2"
"LRP2","LRP2"
"BTBD17","BTBD17"
"RHBDD2","RHBDD2"
"DLX4","DLX4"
"NCOA7","NCOA7"
"LDLRAD4","LDLRAD4"
"5_8S_rRNA","5_8S_rRNA"
"TEKT5","TEKT5"
"ATIC","ATIC"
"UBL7","UBL7"
"SNORA74","SNORA74C-1"
"SNORA74","SNORA74C-2"
"CNKSR3","CNKSR3"
"eca-mir-1905a",""
"ZBTB8B","ZBTB8B"
"GPR142","GPR142"
"DLX3","DLX3"
"EGFR","EGFR"
"MIR346","MIR346"
"SALL4","SALL4"
"","IL16"
"PIGZ",""
"ARHGAP26","ARHGAP26"
"CCR7","CCR7"
"KIF19","KIF19"
"ATP8A2","ATP8A2"
"ZFAND4","ZFAND4"
"CCL24","CCL24"
"KLK6","KLK6"
"","ANP32E"
"ZNF554","ZNF554"
"CCL26","CCL26"
"ZFP64",""
"NCOA4","NCOA4"
"CCDC33","CCDC33"
"TNS4","TNS4"
"ANKS3","ANKS3"
"POLD3",""
"CASTOR2","CASTOR2"
"FN1","FN1"
"RBM12","RBM12"
"SMARCB1","SMARCB1"
"SENP5","SENP5"
"CYSLTR2","CYSLTR2"
"CACNG7","CACNG7"
"XRN1","XRN1"
"B4GALT5","B4GALT5"
"SDK2","SDK2"
"OR9I18",""
"NLRP4","NLRP4"
"CMKLR2","CMKLR2"
"LANCL2","LANCL2"
"OR10Q1","OR10Q1"
"SIPA1L1","SIPA1L1"
"","CTSH"
"NUP210","NUP210"
"IGFBP4","IGFBP4"
"MMP11","MMP11"
"CATSPER2","CATSPER2"
"FAM210A","FAM210A"
"ARFGAP1","ARFGAP1"
"IPCEF1","IPCEF1"
"HEY2","HEY2"
"SPATA22","SPATA22"
"U6","RNU6-1311P"
"U6","RNU6-444P"
"OR1S1","OR1S1"
"OR1S1","OR1S2"
"TOP2A","TOP2A"
"U6","RNU6-1097P"
"","MT-ND4L"
"U6","RNU6-1112P"
"CHCHD10","CHCHD10"
"defb3",""
"ADGRD1","ADGRD1"
"STRA6","STRA6"
"MIR187","MIR187"
"HINT3","HINT3"
"TMEM106C","TMEM106C"
"NLRP13","NLRP13"
"GAD2","GAD2"
"","GCAT"
"CPNE1","CPNE1"
"CLDN4","CLDN4"
"ZSCAN30","ZSCAN30"
"OR9Q7P",""
"RCBTB2","RCBTB2"
"ZNF70","ZNF70"
"C10H6orf58","C6orf58"
"MORF4L1",""
"SECISBP2L","SECISBP2L"
"","SERPINE2"
"OR10Q13P",""
"SLC9A8","SLC9A8"
"NKX2-5","NKX2-5"
"ASPA","ASPA"
"FAM229A","FAM229A"
"ZDBF2","ZDBF2"
"SPINK5","SPINK5"
"BIRC6","BIRC6"
"ZNF556","ZNF556"
"PAK2","PAK2"
"OR10W5P",""
"MRPL44","MRPL44"
"HRH2","HRH2"
"OPRM1","OPRM1"
"C8H22orf15","C22orf15"
"KLF6","KLF6"
"FAM237A","FAM237A"
"DEFA20","DEFA1"
"DEFA20","DEFA5"
"DEFA20","DEFA3"
"DEFA20","DEFA1B"
"DEFA20","DEFA4"
"DEFA20","DEFA6"
"","MYO3A"
"TRIOBP","TRIOBP"
"TMCC1","TMCC1"
"OR1D3","OR1D2"
"DYTN","DYTN"
"BSDC1","BSDC1"
"NLRP5","NLRP5"
"DEFA1","DEFA1"
"DEFA1","DEFA5"
"DEFA1","DEFA3"
"DEFA1","DEFA1B"
"DEFA1","DEFA4"
"DEFA1","DEFA6"
"CDK1","CDK1"
"RSPO3","RSPO3"
"ISLR2","ISLR2"
"RAB3C","RAB3C"
"COL2A1","COL2A1"
"DEFA7","DEFA1"
"DEFA7","DEFA5"
"DEFA7","DEFA3"
"DEFA7","DEFA1B"
"DEFA7","DEFA4"
"DEFA7","DEFA6"
"ZNF555","ZNF555"
"WNT7A","WNT7A"
"VPREB3","VPREB3"
"CLDN3","CLDN3"
"CDC42EP4","CDC42EP4"
"LIPT2","LIPT2"
"SHC4","SHC4"
"GZMK","GZMK"
"OR2O2",""
"KCNE3","KCNE3"
"ABI2","ABI2"
"METTL27","METTL27"
"VOPP1","VOPP1"
"","OR1A1"
"","OR1A2"
"COL20A1","COL20A1"
"PIGX","PIGX"
"ACP4","ACP4"
"DEFA8","DEFA1"
"DEFA8","DEFA5"
"DEFA8","DEFA3"
"DEFA8","DEFA1B"
"DEFA8","DEFA4"
"DEFA8","DEFA6"
"VIP","VIP"
"OR5B163P",""
"LSM11","LSM11"
"ESM1","ESM1"
"PLXND1","PLXND1"
"PITRM1","PITRM1"
"","DEFA1"
"","DEFA5"
"","DEFA3"
"","DEFA1B"
"","DEFA4"
"","DEFA6"
"OR5B12","OR5B12"
"","IFNL1"
"COX4I2","COX4I2"
"HS2ST1","HS2ST1"
"PGM2L1","PGM2L1"
"HPDL","HPDL"
"DEFA36L","DEFA1"
"DEFA36L","DEFA5"
"DEFA36L","DEFA3"
"DEFA36L","DEFA1B"
"DEFA36L","DEFA4"
"DEFA36L","DEFA6"
"SPATA2","SPATA2"
"","SNORA78"
"","SNORA10B"
"","SNORA10"
"RGS6","RGS6"
"OR5B24P",""
"DEFA16","DEFA1"
"DEFA16","DEFA5"
"DEFA16","DEFA3"
"DEFA16","DEFA1B"
"DEFA16","DEFA4"
"DEFA16","DEFA6"
"SOX30","SOX30"
"SNORA64","SNORA64"
"RNF146","RNF146"
"SHISA2","SHISA2"
"THAP7","THAP7"
"","ZNF77"
"LPXN","LPXN"
"MTNAP1","MTNAP1"
"CEP19","CEP19"
"GSX1","GSX1"
"AFF4","AFF4"
"RB1","RB1"
"OR3A2E","OR3A2"
"SNORD60","SNORD60"
"GPR179","GPR179"
"SNAI1","SNAI1"
"DEFA22","DEFA1"
"DEFA22","DEFA5"
"DEFA22","DEFA3"
"DEFA22","DEFA1B"
"DEFA22","DEFA4"
"DEFA22","DEFA6"
"PDX1","PDX1"
"PML","PML"
"HIVEP3","HIVEP3"
"NRROS","NRROS"
"BCL2L1","BCL2L1"
"CDX2","CDX2"
"eca-mir-9141",""
"PEDS1","PEDS1"
"ITGA1","ITGA1"
"OR1A1IP",""
"EID1","EID1"
"MYCT1","MYCT1"
"eca-mir-9140",""
"PPL","PPL"
"OR3A2","OR3A2"
"MRPL45","MRPL45"
"SPTBN5","SPTBN5"
"URAD",""
"eca-mir-1842",""
"DEFB1","DEFB1"
"","GALR3"
"JMJD8","JMJD8"
"XKR5","XKR5"
"WDR53","WDR53"
"FAM81B","FAM81B"
"FLT3","FLT3"
"UBE2V1",""
"","PRPF8"
"SYNE1","SYNE1"
"TMEM270","TMEM270"
"EDN2","EDN2"
"CPSF4L","CPSF4L"
"H1-0","H1-0"
"LMO4","LMO4"
"GM2A","GM2A"
"TPX2","TPX2"
"RDH13","RDH13"
"ELN","ELN"
"LAMP3",""
"P4HA3","P4HA3"
"NPRL3","NPRL3"
"VCF1",""
"AGPAT5","AGPAT5"
"CEBPB","CEBPB"
"MCTP1","MCTP1"
"TSSK3","TSSK3"
"CMPK1","CMPK1"
"SYT3","SYT3"
"OR1R1P","OR1R1P"
"CYP26C1","CYP26C1"
"FBXO45","FBXO45"
"CLINT1","CLINT1"
"PI4KA","PI4KA"
"C5H1orf52","C1orf52"
"COG1","COG1"
"SMCO1","SMCO1"
"XAF1","XAF1"
"EYA2","EYA2"
"RNF168","RNF168"
"SFSWAP","SFSWAP"
"STOML1","STOML1"
"SLC4A3","SLC4A3"
"C10H19orf81","C19orf81"
"EXOC6","EXOC6"
"B3GNT5","B3GNT5"
"MARCKSL1","MARCKSL1"
"MCPH1","MCPH1"
"MYCL","MYCL"
"SYDE2","SYDE2"
"FBN3","FBN3"
"FBXO39","FBXO39"
"CXXC5","CXXC5"
"TM4SF19","TM4SF19"
"","ZNF75A"
"DPYSL3","DPYSL3"
"SLC41A3","SLC41A3"
"SHANK1","SHANK1"
"LPAR6","LPAR6"
"TAL1","TAL1"
"HDAC1","HDAC1"
"NF1","NF1"
"ITM2B","ITM2B"
"EIF4E1B","EIF4E1B"
"DNAI3","DNAI3"
"SNX18","SNX18"
"ECHDC1","ECHDC1"
"PAN3","PAN3"
"PLA2G4B","PLA2G4B"
"DYNLT2B","DYNLT2B"
"UBN1","UBN1"
"NPEPPS","NPEPPS"
"EDC3","EDC3"
"MCIDAS","MCIDAS"
"GDF9","GDF9"
"SSTR2","SSTR2"
"CYP4X1","CYP4X1"
"NOP58","NOP58"
"UBE2D2","UBE2D2"
"ENDOD1","ENDOD1"
"","UQCRQ"
"MMP17","MMP17"
"PECR","PECR"
"EIF4E1B","TSPAN17"
"B3GLCT","B3GLCT"
"HSPB3","HSPB3"
"","RNF115"
"MYLK2","MYLK2"
"CLK3","CLK3"
"PPME1","PPME1"
"CDC20B","CDC20B"
"ULK1","ULK1"
"SESN3","SESN3"
"CLEC11A","CLEC11A"
"ATR","ATR"
"RPL38","RPL38"
"LCK","LCK"
"SHROOM1","SHROOM1"
"","CYP4B1"
"ZFP91","ZFP91"
"KLHL6",""
"STK32A","STK32A"
"NUAK1","NUAK1"
"CLYBL","CLYBL"
"SOWAHA","SOWAHA"
"ARID3B","ARID3B"
"TMEM169","TMEM169"
"MSX2","MSX2"
"LMCD1","LMCD1"
"RBM28","RBM28"
"PCYT1A","PCYT1A"
"KCNC3","KCNC3"
"MCOLN3","MCOLN3"
"SEPTIN8","SEPTIN8"
"NEURL1B","NEURL1B"
"KLHL24","KLHL24"
"MTCL3","MTCL3"
"XRCC5","XRCC5"
"ANGPT4","ANGPT4"
"SLC25A48","SLC25A48"
"KATNAL1","KATNAL1"
"SFXN1","SFXN1"
"DHRS9","DHRS9"
"KIAA0408","KIAA0408"
"FAM110A","FAM110A"
"DPF3","DPF3"
"TPGS1","TPGS1"
"SLC39A11","SLC39A11"
"ARG1","ARG1"
"BBS5","BBS5"
"NAPSA","NAPSA"
"GABRB3","GABRB3"
"YEATS2","YEATS2"
"SAP18","SAP18"
"CDC34","CDC34"
"HDAC11","HDAC11"
"BMPR2","BMPR2"
"RPAP3","RPAP3"
"C2CD3","C2CD3"
"U6","RNU6-84P"
"U6","RNU6-376P"
"GPX8","GPX8"
"MCOLN2","MCOLN2"
"SKA3","SKA3"
"ESR1","ESR1"
"KPNB1","KPNB1"
"GAS2L3","GAS2L3"
"ZMYND8","ZMYND8"
"IL9","IL9"
"CCNI2","CCNI2"
"NR1H2","NR1H2"
"SLC51A","SLC51A"
"GZMA","GZMA"
"PPP2R2B","PPP2R2B"
"TRPC7","TRPC7"
"","C12orf75"
"PRDM6","PRDM6"
"MRPL57","MRPL57"
"MAPKBP1","MAPKBP1"
"GABRA5","GABRA5"
"MED23","MED23"
"LIMK1","LIMK1"
"SNORA50A","SNORA50A"
"BSG","BSG"
"U6","RNU6-9"
"DRD1","DRD1"
"U3",""
"ZDHHC20","ZDHHC20"
"U6","RNU6-1110P"
"U6","RNU6-269P"
"FAM167B","FAM167B"
"SPIB","SPIB"
"ADGRL4","ADGRL4"
"FBLN2","FBLN2"
"PUS1","PUS1"
"SNX24","SNX24"
"MYRF","MYRF"
"LATH",""
"GABRG3","GABRG3"
"SNORA46","SNORA46"
"ACTBL2","ACTBL2"
"MARCHF4","MARCHF4"
"U6","RNU6-480P"
"HCN2","HCN2"
"FASTKD1","FASTKD1"
"ST6GALNAC1","ST6GALNAC1"
"GFPT2","GFPT2"
"U6","RNU6-294P"
"TMEM234","TMEM234"
"GPBP1","GPBP1"
"U2","RNU2-51P"
"ZIC2","ZIC2"
"POLD1","POLD1"
"EP400","EP400"
"TNKS2","TNKS2"
"eca-mir-328",""
"SMARCAL1","SMARCAL1"
"eca-mir-9075",""
"CCDC170","CCDC170"
"C13H16orf96","C16orf96"
"POLRMT","POLRMT"
"eca-mir-149",""
"COQ9","COQ9"
"SEC22A","SEC22A"
"FAM117B","FAM117B"
"eca-mir-8979",""
"MAPKAPK3","MAPKAPK3"
"eca-mir-8975",""
"H1-8","H1-8"
"SMAD5","SMAD5"
"DCAF4","DCAF4"
"DCAF4","DCAF4L2"
"PLS1","PLS1"
"CHRNA4","CHRNA4"
"","BPIFA1"
"CHCHD3","CHCHD3"
"GAPT","GAPT"
"TRPM8","TRPM8"
"CYGB","CYGB"
"MAPK9","MAPK9"
"C28H12orf42","C12orf42"
"KCNQ2","KCNQ2"
"TXLNA","TXLNA"
"ICA1L","ICA1L"
"BPIFA1","BPIFA1"
"GRM7","GRM7"
"ARHGAP23","ARHGAP23"
"SLF1","SLF1"
"CKAP4","CKAP4"
"MAP6D1","MAP6D1"
"PCCA","PCCA"
"D2HGDH","D2HGDH"
"TCP11L2","TCP11L2"
"TGFBI","TGFBI"
"PPIG","PPIG"
"","HTR3D"
"BCL10","BCL10"
"PPIC","PPIC"
"KPNA6","KPNA6"
"ELK3","ELK3"
"CLDN18","CLDN18"
"","TCEAL8"
"eca-mir-9154",""
"ARMT1","ARMT1"
"MICU2","MICU2"
"RNF144A","RNF144A"
"PDIA5","PDIA5"
"ST6GALNAC2","ST6GALNAC2"
"SMPD3","SMPD3"
"STOML3","STOML3"
"RMND1","RMND1"
"GLYR1","GLYR1"
"ADARB2","ADARB2"
"PLK2","PLK2"
"PASK","PASK"
"ADGRL2","ADGRL2"
"FGF22","FGF22"
"ZFYVE1","ZFYVE1"
"DZIP1L","DZIP1L"
"CFAP210","CFAP210"
"RNF126","RNF126"
"SNX2","SNX2"
"CYB5B","CYB5B"
"NHLRC3","NHLRC3"
"HTR4","HTR4"
"CISH","CISH"
"COLEC11","COLEC11"
"WDR37","WDR37"
"LEP","LEP"
"","BPIFB1"
"GTF2I","GTF2I"
"TMEM191C","TMEM191C"
"TMEM191C","TMEM191B"
"FGF9","FGF9"
"RPL37A","RPL37A"
"HTR3E","HTR3E"
"ALAS1","ALAS1"
"SEC14L1","SEC14L1"
"ZDHHC1","ZDHHC1"
"PLXNA4","PLXNA4"
"PHOSPHO2","PHOSPHO2"
"TPRA1","TPRA1"
"SOX14","SOX14"
"RNASEH1","RNASEH1"
"EMC10","EMC10"
"SEMA5B","SEMA5B"
"LECT2","LECT2"
"CDK17","CDK17"
"RBM25","RBM25"
"FOXL2","FOXL2"
"IGFBP2","IGFBP2"
"MTUS2","MTUS2"
"HAUS2","HAUS2"
"EVI2A","EVI2A"
"CCDC195","CCDC195"
"TMEM39B","TMEM39B"
"SERPIND1","SERPIND1"
"EEF1A2","EEF1A2"
"SNAP23","SNAP23"
"","TMCC3"
"HIC2","HIC2"
"ANGPT2","ANGPT2"
"EIF2B5","EIF2B5"
"FSTL3","FSTL3"
"AP1S3","AP1S3"
"FBXL21",""
"FLT4","FLT4"
"MYBPC2","MYBPC2"
"LRRC70","LRRC70"
"","RIMBP3B"
"","RIMBP3"
"","RIMBP3C"
"KIF20B","KIF20B"
"IPO11","IPO11"
"","UBE2L3"
"","UBE2L5"
"NOC4L","NOC4L"
"ADA2","ADA2"
"IGFBP5","IGFBP5"
"CA10","CA10"
"POC1A","POC1A"
"YDJC","YDJC"
"PYY","PYY"
"PTK6","PTK6"
"WDR12","WDR12"
"ZBTB2","ZBTB2"
"KLHL23","KLHL23"
"PCBD2","CATSPER3"
"EVI2B","EVI2B"
"PPY","PPY"
"GFOD2","GFOD2"
"TNP1","TNP1"
"SPATA4","SPATA4"
"PROSER1","PROSER1"
"DNPEP","DNPEP"
"CCDC116","CCDC116"
"IDI1","IDI1"
"FBXO38","FBXO38"
"KHDRBS1","KHDRBS1"
"","COPS4"
"ATPAF1","ATPAF1"
"WDR17","WDR17"
"MPP2","MPP2"
"SDF2L1","SDF2L1"
"WSB1","WSB1"
"SSB","SSB"
"SLC7A1","SLC7A1"
"SEPTIN12","SEPTIN12"
"EEF1G","EEF1G"
"LRRC57","LRRC57"
"ENPP3","ENPP3"
"SNX9","SNX9"
"SRMS","SRMS"
"GTPBP4","GTPBP4"
"DDX51","DDX51"
"ATP2B2","ATP2B2"
"CHSY3","CHSY3"
"NBEAL1","NBEAL1"
"UBL3","UBL3"
"SLC49A4","SLC49A4"
"NLRC4","NLRC4"
"FNDC11","FNDC11"
"RAPGEF3","RAPGEF3"
"KIAA0825","KIAA0825"
"PTP4A2","PTP4A2"
"ZNF106","ZNF106"
"ATP12A","ATP12A"
"TUT1","TUT1"
"KIF3A","KIF3A"
"SPIC","SPIC"
"LRRC3C","LRRC3C"
"KIF2B","KIF2B"
"PTPN2","PTPN2"
"","PRCD"
"ENPP1","ENPP1"
"PSEN1","PSEN1"
"FLNB","FLNB"
"HELZ2","HELZ2"
"UCP3","UCP3"
"","BPIFA3"
"TOM1L1","TOM1L1"
"MYBPC1","MYBPC1"
"SEPTIN9","SEPTIN9"
"U6","RNU6-616P"
"DNAJB13","DNAJB13"
"EXOC4","EXOC4"
"CNOT6","CNOT6"
"RNF17","RNF17"
"U6","RNU6-951P"
"FEN1","FEN1"
"DNAAF8","DNAAF8"
"U4","RNU4-30P"
"U4","RNU4-48P"
"SLC13A5","SLC13A5"
"HSPBAP1","HSPBAP1"
"COG6","COG6"
"EFCAB14","EFCAB14"
"","GARIN5A"
"LARP4B","LARP4B"
"SPOCD1","SPOCD1"
"ALDH1A2","ALDH1A2"
"ASPDH","ASPDH"
"PANK1","PANK1"
"MTA2","EML3"
"METTL5","METTL5"
"PAPLN","PAPLN"
"U4","RNU4-34P"
"","ARL17A"
"","ARL17B"
"eca-mir-9058a",""
"CEP76","CEP76"
"SH3GLB1","SH3GLB1"
"PRKG1","PRKG1"
"PRSS57","PRSS57"
"SLC16A12","SLC16A12"
"JOSD2","JOSD2"
"COX11","COX11"
"TMEM18","TMEM18"
"C17orf100","C17orf100"
"TEX38","TEX38"
"FADS1","FADS1"
"DNAAF4","DNAAF4"
"SOX9","SOX9"
"NCF1","NCF1"
"PID1","PID1"
"B4GALT7","B4GALT7"
"PARP14","PARP14"
"APCDD1L","APCDD1L"
"PALM","PALM"
"PRELID3A","PRELID3A"
"GPM6A","GPM6A"
"NSF","NSF"
"ADGRB2","ADGRB2"
"ENDOU","ENDOU"
"TXNDC17","TXNDC17"
"CCDC40","CCDC40"
"STXBP4","STXBP4"
"SPINK9","SPINK9"
"DES","DES"
"TAF4","TAF4"
"UCP2","UCP2"
"LRRC4B","LRRC4B"
"CHCHD6","CHCHD6"
"SPINK7","SPINK7"
"KIAA0753","KIAA0753"
"KLK13","KLK13"
"","IFIT5"
"ROM1","ROM1"
"","GTF2IRD2"
"","GTF2IRD2B"
"ADAM10","ADAM10"
"FAM110C","FAM110C"
"FBRSL1","FBRSL1"
"B3GAT3","B3GAT3"
"","SPINK13"
"","DEFB130A"
"","DEFB130B"
"CACNG8","CACNG8"
"FAM124B","FAM124B"
"GGACT","GGACT"
"FADS2","FADS2"
"TMED9","TMED9"
"UBR3","UBR3"
"COA4",""
"","IFIT1"
"TBC1D16","TBC1D16"
"","CLCA4"
"CUL3","CUL3"
"CACNG6","CACNG6"
"","DEFB108C"
"","DEFB108B"
"IL4","IL4"
"PFKP","PFKP"
"ZDHHC14","ZDHHC14"
"","BOD1"
"","BOD1L2"
"CENPJ","CPAP"
"MISP","MISP"
"MYO5A","MYO5A"
"SRGAP3","SRGAP3"
"SNTA1","SNTA1"
"","FAM90A26"
"","FAM90A16"
"","FAM90A17"
"","FAM90A8"
"","FAM90A20"
"","FAM90A24"
"","FAM90A13"
"","FAM90A12"
"","FAM90A11"
"","FAM90A9"
"","FAM90A14"
"","FAM90A22"
"","FAM90A10"
"","FAM90A18"
"","FAM90A1"
"","FAM90A15"
"","FAM90A3"
"","FAM90A7"
"","FAM90A5"
"","FAM90A23"
"","FAM90A19"
"PARP15","PARP15"
"","TARM1"
"MED31","MED31"
"PLPPR3","PLPPR3"
"STC2","STC2"
"IL13","IL13"
"SNTA1","CDK5RAP1"
"PARP4","PARP4"
"PTBP1","PTBP1"
"RAD50","RAD50"
"SPEG","SPEG"
"","CXCL14"
"","NUDT16L1"
"FAM90A1","FAM90A26"
"FAM90A1","FAM90A16"
"FAM90A1","FAM90A17"
"FAM90A1","FAM90A8"
"FAM90A1","FAM90A20"
"FAM90A1","FAM90A24"
"FAM90A1","FAM90A13"
"FAM90A1","FAM90A12"
"FAM90A1","FAM90A11"
"FAM90A1","FAM90A9"
"FAM90A1","FAM90A14"
"FAM90A1","FAM90A22"
"FAM90A1","FAM90A10"
"FAM90A1","FAM90A18"
"FAM90A1","FAM90A1"
"FAM90A1","FAM90A15"
"FAM90A1","FAM90A3"
"FAM90A1","FAM90A7"
"FAM90A1","FAM90A5"
"FAM90A1","FAM90A23"
"FAM90A1","FAM90A19"
"NARF","NARF"
"SLC48A1","SLC48A1"
"","ENPP3"
"LRGUK","LRGUK"
"CAPN3","CAPN3"
"PITPNM3","PITPNM3"
"NUMB","NUMB"
"CLCA1","CLCA1"
"MYO3B","MYO3B"
"HDAC7","HDAC7"
"ALKAL2","ALKAL2"
"DEFB124","DEFB124"
"TMTC4","TMTC4"
"PAAF1","PAAF1"
"NEUROG1","NEUROG1"
"DOCK10","DOCK10"
"CLCA2","CLCA2"
"DTX3L","DTX3L"
"ARB2A","ARB2A"
"MPHOSPH8","MPHOSPH8"
"MFAP3","MFAP3"
"REM1","REM1"
"LRCOL1","LRCOL1"
"CCDC70","CCDC70"
"","DEFB107B"
"","DEFB107A"
"STX16","STX16"
"DIMT1","DIMT1"
"FAM114A2","FAM114A2"
"TMEM272","TMEM272"
"VSTM1","VSTM1"
"P2RX2","P2RX2"
"","DEFB105A"
"","DEFB105B"
"TIFAB","TIFAB"
"TMEM242","TMEM242"
"PLXNA1","PLXNA1"
"CYBC1","CYBC1"
"WNT3","WNT3"
"MGRN1","MGRN1"
"","DEFB106B"
"","DEFB106A"
"DR1","DR1"
"PIMREG","PIMREG"
"PARP9","PARP9"
"ACP1","ACP1"
"AXIN2","AXIN2"
"HM13","HM13"
"ALOX5AP","ALOX5AP"
"TGFBR3","TGFBR3"
"HEXD","HEXD"
"AIPL1","AIPL1"
"CARF","CARF"
"FADS3","FADS3"
"ODF2L","ODF2L"
"MRPL48","MRPL48"
"CCN2","CCN2"
"BLMH","BLMH"
"LDHAL6B","LDHAL6B"
"","DEFB103A"
"","DEFB103B"
"MACROH2A1","MACROH2A1"
"POLE","POLE"
"CEP112","CEP112"
"FOXO1","FOXO1"
"MOXD1","MOXD1"
"ARID1B","ARID1B"
"RAB3IL1","RAB3IL1"
"SNX7","SNX7"
"AZU1","AZU1"
"GRIA1","GRIA1"
"OGFOD3","OGFOD3"
"OCA2","OCA2"
"ATP7B","ATP7B"
"MYOM2","MYOM2"
"PRTN3","PRTN3"
"HEATR4","HEATR4"
"PSPC1","PSPC1"
"CFD","CFD"
"STX7","STX7"
"SP5","SP5"
"SEC13","SEC13"
"PIWIL4","PIWIL4"
"RIOX1","RIOX1"
"KPNA1","KPNA1"
"IL5","IL5"
"OSCAR","OSCAR"
"COL16A1","COL16A1"
"UTS2R","UTS2R"
"PSMB3","PSMB3"
"SH3YL1","SH3YL1"
"WDR5B","WDR5B"
"ERICH2","ERICH2"
"USP36","USP36"
"IRF1","IRF1"
"MIX23","MIX23"
"DIP2C","DIP2C"
"UBALD1","UBALD1"
"COL24A1","COL24A1"
"ZMYM5","ZMYM5"
"TMIGD1","TMIGD1"
"CCDC89","CCDC89"
"RFX7","RFX7"
"PCGF2","PCGF2"
"PITX1","PITX1"
"KIF2A","KIF2A"
"GHRL","GHRL"
"DNAJA3","DNAJA3"
"GAD1","GAD1"
"CPD","CPD"
"FAM162A","FAM162A"
"RAD18","RAD18"
"ACOT4","ACOT4"
"VDR","VDR"
"FUT4","FUT4"
"SLC35B4","SLC35B4"
"BEST1","BEST1"
"TXNDC15","TXNDC15"
"","ACOT2"
"","ACOT1"
"MGAT5B","MGAT5B"
"PPIL2","PPIL2"
"NR2F1","NR2F1"
"YIPF4","YIPF4"
"TFPT","TFPT"
"DNAL1","DNAL1"
"AMOTL1","AMOTL1"
"NPEPL1","NPEPL1"
"FTH1","FTH1"
"SLC22A5","SLC22A5"
"ID1","ID1"
"ZMYM2","ZMYM2"
"RUBCN","RUBCN"
"PRPF31","PRPF31"
"C14H5orf24","C5orf24"
"GANC","GANC"
"CYP20A1","CYP20A1"
"PLPPR4","PLPPR4"
"NSFL1C","NSFL1C"
"ZNHIT6","ZNHIT6"
"AHCYL2","AHCYL2"
"TAAR9","TAAR9"
"ACOT6","ACOT6"
"SGPP2","SGPP2"
"U6","RNU6-1134P"
"ZCRB1","ZCRB1"
"CYTH1","CYTH1"
"RIOK2","RIOK2"
"","SNORD66"
"APOH","APOH"
"SNORA4","SNORA4"
"SNORA81","SNORA81"
"SNORD2","SNORD2"
"SLC30A6","SLC30A6"
"HSF2","HSF2"
"GORASP2","GORASP2"
"","KRTAP3-1"
"SNORA63","SNORA63"
"CRHR1","CRHR1"
"","GRK3"
"PLPPR5","PLPPR5"
"U6","RNU6-406P"
"DDX46","DDX46"
"PTGDR2","PTGDR2"
"FARSB","FARSB"
"CLP1","CLP1"
"YPEL1","YPEL1"
"eca-mir-9178",""
"RPS15","RPS15"
"CNOT3","CNOT3"
"eca-mir-1248",""
"TATDN2","TATDN2"
"eca-mir-28","MIR28"
"IL20RB","NCK1"
"LIX1","LIX1"
"ANKRD33","ANKRD33"
"NIPA1","NIPA1"
"RAPH1","RAPH1"
"PPP2CA","PPP2CA"
"DVL3","DVL3"
"OXTR","OXTR"
"ZDHHC5","ZDHHC5"
"PLSCR4","PLSCR4"
"AGA","AGA"
"CCN1","CCN1"
"SPO11","SPO11"
"CAV3","CAV3"
"ACVRL1","ACVRL1"
"QDPR","QDPR"
"MFSD11","MFSD11"
"MAPK1","MAPK1"
"GMPPA","GMPPA"
"GOSR1","GOSR1"
"SERINC1","SERINC1"
"DDAH1","DDAH1"
"KNCN","KNCN"
"ABCA4","ABCA4"
"HMOX2","HMOX2"
"CHPT1","CHPT1"
"","SPCS1"
"APC2","APC2"
"NEIL3","NEIL3"
"CHIT1","CHIT1"
"LNPEP","LNPEP"
"SYCP3","SYCP3"
"NIPA2","NIPA2"
"NMUR2","NMUR2"
"FYTTD1","FYTTD1"
"ECE2","ECE2"
"FABP7","FABP7"
"MKNK1","MKNK1"
"TLK1","TLK1"
"SNORA31","SNORA31"
"CLDN5","CLDN5"
"NMRAL1","NMRAL1"
"OR2AT2",""
"GLRA1","GLRA1"
"PACRGL","PACRGL"
"eca-mir-3613",""
"TRARG1","TRARG1"
"SMPDL3A","SMPDL3A"
"PCSK4","PCSK4"
"TSHZ2","TSHZ2"
"SRRM3","SRRM3"
"WASHC3","WASHC3"
"CACNA2D3","CACNA2D3"
"FKBP1A","FKBP1A"
"FKBP1A","FKBP1C"
"MIR15A","MIR15A"
"CDC45","CDC45"
"SKP1","SKP1"
"LRCH3","LRCH3"
"G3BP1","G3BP1"
"SSX2IP","SSX2IP"
"ABR","ABR"
"PNMA1","PNMA1"
"REEP6","REEP6"
"KBTBD6","KBTBD6"
"CYFIP1","CYFIP1"
"PLA2G10","PLA2G10"
"WNT9B","WNT9B"
"MIDEAS","MIDEAS"
"GNPTAB","GNPTAB"
"ARHGEF10","ARHGEF10"
"ADAMTSL5","ADAMTSL5"
"CHCHD4","CHCHD4"
"TMEM87A","TMEM87A"
"GCLM","GCLM"
"ASIC4","ASIC4"
"GJA3","GJA3"
"BPTF","BPTF"
"","AIMP1"
"STRIP2","STRIP2"
"TUBA5P",""
"PPHLN1","PPHLN1"
"SDCBP2","SDCBP2"
"BFAR","BFAR"
"TCF7","TCF7"
"TRMT11","TRMT11"
"GJB2","GJB2"
"KLHL12","KLHL12"
"PGAM5","PGAM5"
"PARL","PARL"
"ARL15","ARL15"
"TMEM43","TMEM43"
"MRPS31","MRPS31"
"CAMLG","CAMLG"
"SPAST","SPAST"
"DHX15","DHX15"
"ADIPOR1","ADIPOR1"
"CTBS","CTBS"
"PTGR2","PTGR2"
"PLK5","PLK5"
"DNTTIP2","DNTTIP2"
"CXNF","GJB6"
"XPC","XPC"
"VPS36","VPS36"
"TMEM198","TMEM198"
"SPATA1","SPATA1"
"CYB5R1","CYB5R1"
"CHPF","CHPF"
"CDC7","CDC7"
"COQ6","COQ6"
"ANKLE2","ANKLE2"
"KCNIP4","KCNIP4"
"SPARC","SPARC"
"","MAP1LC3B2"
"","MAP1LC3B"
"CAB39","CAB39"
"MEX3D","MEX3D"
"FAM161B","FAM161B"
"RAD21L1","RAD21L1"
"","ERVV-2"
"","ERVV-1"
"CISD3","CISD3"
"CHFR","CHFR"
"CRYL1","CRYL1"
"BTBD18","BTBD18"
"SEC24A","SEC24A"
"LSM3","LSM3"
"TCF3","TCF3"
"U6","RNU6-29P"
"MLLT6","MLLT6"
"PARN","PARN"
"CD28","CD28"
"NEK3","NEK3"
"ERAP2","ERAP2"
"OBSL1","OBSL1"
"","ZMYND11"
"ENTPD5","ENTPD5"
"MED19","MED19"
"","GNG5"
"RPF1","RPF1"
"IQCG","IQCG"
"TMX2","TMX2"
"UFD1","UFD1"
"TMEM183A","TMEM183A"
"HFM1","HFM1"
"NDUFS4","NDUFS4"
"DTX2","DTX2"
"PLA2G4F","PLA2G4F"
"CFAP100","CFAP100"
"SELENOH","SELENOH"
"SLIT2","SLIT2"
"CTLA4","CTLA4"
"ADORA1","ADORA1"
"CTNND1","CTNND1"
"UOX",""
"ITM2C","ITM2C"
"TMEM74B","TMEM74B"
"C11H17orf58","C17orf58"
"","METTL23"
"LMLN","LMLN"
"PPFIA4","PPFIA4"
"CENPW","CENPW"
"ICOS","ICOS"
"INHA","INHA"
"ONECUT3","ONECUT3"
"PRICKLE1","PRICKLE1"
"NYAP2","NYAP2"
"ATP8B3","ATP8B3"
"ZNF605","ZNF605"
"DNASE2B","DNASE2B"
"PLA2G4D","PLA2G4D"
"ZP3","POMZP3"
"ZP3","ZP3"
"FAT2","FAT2"
"","KPNA2"
"BBOF1","BBOF1"
"EPOP","EPOP"
"HIRA","HIRA"
"C22H20orf202","C20orf202"
"VDAC1","VDAC1"
"JMJD6","JMJD6"
"SMKR1","SMKR1"
"ZXDC","ZXDC"
"SLC38A2","SLC38A2"
"DRAM1","DRAM1"
"ERAP1","ERAP1"
"ZNF26","ZNF26"
"VEGFC","VEGFC"
"DPY30","DPY30"
"TIMM22","TIMM22"
"NEK5","NEK5"
"VWC2L","VWC2L"
"TUBGCP5","TUBGCP5"
"ADAMTS5","ADAMTS5"
"PSMF1","PSMF1"
"UROC1","UROC1"
"ASB16","ASB16"
"GBA3","GBA3"
"REXO1","REXO1"
"FST","FST"
"SAR1B","SAR1B"
"PLA2G4E","PLA2G4E"
"CLN8","CLN8"
"NRF1","NRF1"
"ERICH1","ERICH1"
"AGL","AGL"
"TOGARAM2","TOGARAM2"
"ZNF891","ZNF891"
"SRCIN1","SRCIN1"
"DNAH17","DNAH17"
"ADAMTS20","ADAMTS20"
"PARPBP","PARPBP"
"OSBPL11","OSBPL11"
"ALDH6A1","ALDH6A1"
"LDB2","LDB2"
"","IKZF2"
"","CTAGE8"
"","CTAGE6"
"","MIA2"
"","CTAGE4"
"","CTAGE15"
"","CTAGE1"
"","CTAGE9"
"SSC4D","SSC4D"
"MOCS2","MOCS2"
"ERBB4","ERBB4"
"HUNK","HUNK"
"METTL8","METTL8"
"HROB","HROB"
"DUSP15","DUSP15"
"TDRP","TDRP"
"","LGALS16"
"","LGALS13"
"","LGALS14"
"CAST","CAST"
"PRKACB","PRKACB"
"LENG1","LENG1"
"C14H5orf15","C5orf15"
"POU4F3","POU4F3"
"LIN52","LIN52"
"ZNF140","ZNF140"
"CHST13","CHST13"
"LAMA2","LAMA2"
"RBM27","RBM27"
"MBOAT7","MBOAT7"
"ARMC9","ARMC9"
"MYOG","MYOG"
"KLF16","KLF16"
"ZNF10","ZNF10"
"SNORD15","SNORD15B"
"ITGA2","ITGA2"
"YWHAG","YWHAG"
"ABHD17A","ABHD17A"
"LRTM1","LRTM1"
"TXNRD3","TXNRD3"
"SNX4","SNX4"
"SNORD15","SNORD15A"
"eca-mir-326","MIR326"
"IL10RB","IL10RB"
"MYBPH","MYBPH"
"SLC36A2","SLC36A2"
"PMCH","PMCH"
"PEF1","PEF1"
"FAH","FAH"
"ADAMTS19","ADAMTS19"
"GNAS","GNAS"
"FBXO25","FBXO25"
"HEMK1","HEMK1"
"TMC4","TMC4"
"RTN4RL2","RTN4RL2"
"eca-mir-708","MIR708"
"EHD4","EHD4"
"PPARGC1A","PPARGC1A"
"CKAP2","CKAP2"
"HDAC5","HDAC5"
"ZNF268","ZNF268"
"HEG1","HEG1"
"PPP1CB","WDR43"
"INTS4","INTS4"
"SCAMP4","SCAMP4"
"IGF1","IGF1"
"SLC43A1","SLC43A1"
"TSEN34","TSEN34"
"PUS7L","PUS7L"
"ADAT3","ADAT3"
"OR10P1","OR10P1"
"CHI3L1","CHI3L1"
"ANHX","ANHX"
"ALG11","ALG11"
"IFNAR1","IFNAR1"
"CCDC177","CCDC177"
"MRPL40","MRPL40"
"CTSZ","CTSZ"
"CSNK1G2","CSNK1G2"
"TTLL9","TTLL9"
"PHYKPL","PHYKPL"
"TTLL7","TTLL7"
"OR10P22P",""
"HSPB1","HSPB1"
"C16H3orf18","C3orf18"
"LRIG3","LRIG3"
"HCRTR1","HCRTR1"
"MYEF2","MYEF2"
"ZNF148","ZNF148"
"PDLIM4","PDLIM4"
"ERCC4","ERCC4"
"AOX4",""
"","SPDYA"
"","SHCBP1"
"KLK1",""
"U6","RNU6-490P"
"TKT","TKT"
"NOS2","NOS2"
"COL23A1","COL23A1"
"BTBD2","BTBD2"
"KLK1E2",""
"FRY","FRY"
"","SLC25A1"
"MRPS6","MRPS6"
"TINAGL1","TINAGL1"
"IRAK4","IRAK4"
"DCAF17","DCAF17"
"UBAC2","UBAC2"
"ZNF596","ZNF596"
"","KLK3"
"","KLK2"
"TIMM10","TIMM10"
"UBE2H","UBE2H"
"WDR18","WDR18"
"SLC36A3","SLC36A3"
"SMTNL1","SMTNL1"
"TMEM120A","TMEM120A"
"","KLK4"
"GRIP2","GRIP2"
"NELFCD","NELFCD"
"MRTFB","MRTFB"
"ASCL1","ASCL1"
"SLC5A3",""
"P4HA2","P4HA2"
"ZFAND6","ZFAND6"
"SLC12A8","SLC12A8"
"CYFIP2","CYFIP2"
"","TAC3"
"UBE2L6","UBE2L6"
"GRIN3B","GRIN3B"
"SPCS3","SPCS3"
"LRRC8B","LRRC8B"
"CCDC149","CCDC149"
"G6PC3","G6PC3"
"HNRNPAB","HNRNPAB"
"PAH","PAH"
"BCL2A1","BCL2A1"
"","MUC13"
"TMEM259","TMEM259"
"ZNF326","ZNF326"
"ASB5","ASB5"
"PDE4D","PDE4D"
"TWF1","TWF1"
"CEP152","CEP152"
"ZNF644","ZNF644"
"SNORD12B","SNORD12B"
"MDH2","MDH2"
"SNORD12","SNORD12"
"SNORD12C","SNORD12C"
"U6","RNU6-1130P"
"RDH5","RDH5"
"BIRC7","BIRC7"
"U1","RNU1-154P"
"U1","RNU1-129P"
"U1","RNU1-151P"
"U1","RNU1-114P"
"KCNE2","KCNE2"
"eca-mir-8967",""
"DAGLA","DAGLA"
"MINAR1","MINAR1"
"L3MBTL1","L3MBTL1"
"NHP2","NHP2"
"KLK5","KLK5"
"LARS1","LARS1"
"TMT1B","TMT1B"
"ITGB5","ITGB5"
"TMEM117","TMEM117"
"GPR150","GPR150"
"CLTCL1","CLTCL1"
"PDRG1","PDRG1"
"POR","POR"
"ZBP1","ZBP1"
"ABCA7","ABCA7"
"LRRC8D","LRRC8D"
"AKR1B1","AKR1B1"
"DDX43",""
"KRTAP19-8","KRTAP19-8"
"RMND5B","RMND5B"
"","TMED3"
"LY75","LY75"
"ITGA7","ITGA7"
"KRTAP27-1","KRTAP27-1"
"FRRS1","FRRS1"
"ANKRD34C","ANKRD34C"
"ANO4","ANO4"
"GANAB","GANAB"
"BOD1L1","BOD1L1"
"","KRTAP13-3"
"TCEA2","TCEA2"
"HLF","HLF"
"RASGRF1","RASGRF1"
"CGAS","CGAS"
"","KRTAP13-1"
"","KRTAP13-4"
"","KRTAP13-2"
"MTCL2","MTCL2"
"ACOT8","ACOT8"
"MMD","MMD"
"BPGM","BPGM"
"LRRC8C","LRRC8C"
"GSC2","GSC2"
"EEF1A1","EEF1A1"
"PALMD","PALMD"
"FNDC9","FNDC9"
"ESS2","ESS2"
"B3GNT7","B3GNT7"
"PRRT4","PRRT4"
"P2RX5","P2RX5"
"N4BP3","N4BP3"
"NELL2","NELL2"
"ITK","ITK"
"TMEM100","TMEM100"
"FBN1","FBN1"
"PRKCD","PRKCD"
"MEST","MEST"
"NSG2","NSG2"
"KYAT3","KYAT3"
"MTO1","MTO1"
"F3","F3"
"ZAR1L","ZAR1L"
"UMPS","UMPS"
"ZSWIM3","ZSWIM3"
"C14H5orf47","C5orf47"
"SOX18","SOX18"
"BCAS4","BCAS4"
"ADCY9","ADCY9"
"KRTAP7-1","KRTAP7-1"
"VCAM1","VCAM1"
"","RESP18"
"SHPK","SHPK"
"GPR55","GPR55"
"RGS19","RGS19"
"ZSWIM6","ZSWIM6"
"MMP19","MMP19"
"CNN2","CNN2"
"CPEB4","CPEB4"
"CSF2","CSF2"
"CCN5","CCN5"
"SRL","SRL"
"","PCTP"
"OLIG2","OLIG2"
"GARIN3","GARIN3"
"ST8SIA6","ST8SIA6"
"HIP1","HIP1"
"CTNS","CTNS"
"OLIG1","OLIG1"
"PLA2R1","PLA2R1"
"SLC17A5","SLC17A5"
"LUC7L3","LUC7L3"
"","KALRN"
"ACSL6","ACSL6"
"TNS1","TNS1"
"NDUFAF2","NDUFAF2"
"MED7","MED7"
"LKAAEAR1","LKAAEAR1"
"ZFP64","ZFP64"
"CD63","CD63"
"ARHGAP45","ARHGAP45"
"IFNGR2","IFNGR2"
"LSM12","LSM12"
"CREBBP","CREBBP"
"MRC1","MRC1"
"","SYNE1"
"NKX3-2","NKX3-2"
"ARTN","ARTN"
"NAGS","NAGS"
"ROPN1","ROPN1B"
"ROPN1","ROPN1"
"SMIM15","SMIM15"
"GDF11","GDF11"
"POLR2E","POLR2E"
"BCAR3","BCAR3"
"OPRL1","OPRL1"
"ADGRA3","ADGRA3"
"RNF114","RNF114"
"DNAJC14","DNAJC14"
"SPATA3","SPATA3"
"","TIMD4"
"GBP6","GBP6"
"ITGAE","ITGAE"
"TMEM101","TMEM101"
"BZW1","BZW1"
"CCDC14","CCDC14"
"ERCC8","ERCC8"
"TMEM198B",""
"GPX4","GPX4"
"DUSP1","DUSP1"
"MAP3K14","MAP3K14"
"ST3GAL3","ST3GAL3"
"TMEM50B","TMEM50B"
"GBP5","GBP5"
"CDH4","CDH4"
"ANKRD40CL","ANKRD40CL"
"SH3PXD2B","SH3PXD2B"
"TSPAN3","TSPAN3"
"NEBL","NEBL"
"ITGB6","ITGB6"
"GBP1","GBP1"
"CD109","CD109"
"PAX3","PAX3"
"ORMDL2","ORMDL2"
"EPB41L3","EPB41L3"
"SBNO2","SBNO2"
"FNTB","FNTB"
"HAVCR2","HAVCR2"
"EOMES","EOMES"
"OR6C268BP",""
"WFIKKN2","WFIKKN2"
"CFAP54","CFAP54"
"OR6C345P",""
"DNAJC28","DNAJC28"
"FMNL1","FMNL1"
"SGCD","SGCD"
"SLC16A7","SLC16A7"
"LRRC3B","LRRC3B"
"PEAK1","PEAK1"
"TOB1","TOB1"
"MEIKIN","MEIKIN"
"MOGAT1","MOGAT1"
"LSM14B","LSM14B"
"RAB28",""
"ZBTB1","ZBTB1"
"TAX1BP3","TAX1BP3"
"GART","GART"
"MYLK","MYLK"
"LHX5","LHX5"
"STK11","STK11"
"OR6C5",""
"DBX2","DBX2"
"CCDC174","CCDC174"
"EMC6","EMC6"
"","KRT33A"
"CBARP","CBARP"
"FNBP1L","FNBP1L"
"HMG20A","HMG20A"
"ZNF410","ZNF410"
"SPAG9","SPAG9"
"RFT1","RFT1"
"HASPIN","HASPIN"
"OXSM","OXSM"
"UBTD2","UBTD2"
"OR6C69IP",""
"SNORD102","SNORD102"
"RBMS1","RBMS1"
"GTF2B","GTF2B"
"NCBP3","NCBP3"
"KDM4A","KDM4A"
"","FLT1"
"POU6F1","POU6F1"
"POM121C","POM121C"
"POM121C","POM121"
"WIPI1","WIPI1"
"RSU1","RSU1"
"OR9K2R",""
"C16H3orf20","C3orf20"
"NGLY1","NGLY1"
"ACSL3","ACSL3"
"EFCAB9","EFCAB9"
"RBM19","RBM19"
"HNRNPUL2","HNRNPUL2"
"MIDN","MIDN"
"ARHGAP18","ARHGAP18"
"PKN2","PKN2"
"OR6C69P",""
"N4BP2L1","N4BP2L1"
"PSMA7","PSMA7"
"OR6C8C",""
"SON","SON"
"FBXW11","FBXW11"
"OR6C324",""
"","SMAGP"
"CAMKK1","CAMKK1"
"FBXO22","FBXO22"
"SPDYA",""
"ARSG","ARSG"
"ELOVL7","ELOVL7"
"CHRNA5","CHRNA5"
"LCORL","LCORL"
"NR2C2","NR2C2"
"DAZAP2","DAZAP2"
"BRCA2","BRCA2"
"MARCO","MARCO"
"ATP5F1D","ATP5F1D"
"OR9K2RP",""
"TRAP1","TRAP1"
"FAM174C","FAM174C"
"LBHD1","LBHD1"
"PTPRF","PTPRF"
"SLC16A6","SLC16A6"
"C2orf72","C2orf72"
"DPP10","DPP10"
"C11orf98","C11orf98"
"DUT","DUT"
"SS18L1","SS18L1"
"NCKAP1L","NCKAP1L"
"S1PR1","S1PR1"
"PSMD1","PSMD1"
"DEPDC1B","DEPDC1B"
"AMZ2","AMZ2"
"NSUN5","NSUN5"
"NFS1","NFS1"
"","SLC12A1"
"TRMT61B","TRMT61B"
"PTER","PTER"
"FNIP1","FNIP1"
"TMEM244","TMEM244"
"CSKMT","CSKMT"
"SMIM23","SMIM23"
"RFPL4A",""
"UQCC3","UQCC3"
"TOP2B","TOP2B"
"P2RX1","P2RX1"
"L3MBTL3","L3MBTL3"
"TCERG1","TCERG1"
"","HMGB1P1"
"PPP1CB","PPP1CB"
"DPH5","DPH5"
"CHRNA3","CHRNA3"
"N4BP2L2","N4BP2L2"
"UBXN1","UBXN1"
"GNA13","GNA13"
"MINDY3","MINDY3"
"RPS9","RPS9"
"LCP2","LCP2"
"ERC2","ERC2"
"TRIM50","TRIM50"
"FGD5","FGD5"
"GMEB2","GMEB2"
"MEMO1","MEMO1"
"NCAPG","NCAPG"
"LRRN4CL","LRRN4CL"
"CA15",""
"VMA21",""
"FKBP6","FKBP6"
"MIER3","MIER3"
"RGS9","RGS9"
"SLC30A7","SLC30A7"
"CELA1","CELA1"
"UTP6","UTP6"
"DGCR2","DGCR2"
"IFIT3","IFIT3"
"BSCL2","BSCL2"
"GTSF1","GTSF1"
"CHRNB4","CHRNB4"
"","ARSJ"
"","CTXN2"
"SRD5A2","SRD5A2"
"PLAC8L1","PLAC8L1"
"LIPA","LIPA"
"","XDH"
"","SLC24A5"
"FZD9","FZD9"
"ZNF74","ZNF74"
"SH3RF2","SH3RF2"
"","OOEP"
"RBM39","RBM39"
"DNASE1","DNASE1"
"GALNT6","GALNT6"
"BAZ1B","BAZ1B"
"NRG4","NRG4"
"","PTCD3"
"SETD9","SETD9"
"FAAH","FAAH"
"SAMD3","SAMD3"
"HPD","HPD"
"FAM184B","FAM184B"
"FAM117A","FAM117A"
"STMN3","STMN3"
"PDE1B","PDE1B"
"GRXCR2","GRXCR2"
"GNG3","GNG3"
"CEP55","CEP55"
"NLRC3","NLRC3"
"MAP3K1","MAP3K1"
"RAPGEF6","RAPGEF6"
"TTC9C","TTC9C"
"PRELID2","PRELID2"
"PSMD9","PSMD9"
"HTR2B","HTR2B"
"ILT11A","LILRA5"
"ILT11A","LILRB4"
"ILT11A","LILRB3"
"ILT11A","LILRA6"
"ILT11A","LILRB5"
"KCNE4","KCNE4"
"LYSET","LYSET"
"UQCRH","UQCRHL"
"UQCRH","UQCRH"
"KLF10","KLF10"
"PPP1R1A","PPP1R1A"
"CGREF1","CGREF1"
"TMEM266","TMEM266"
"RARB","RARB"
"HACD2","HACD2"
"CHRM1","CHRM1"
"EXTL2","EXTL2"
"EPHA4","EPHA4"
"WNT5A","WNT5A"
"RBSN","RBSN"
"IFIT2","IFIT2"
"CLK1","CLK1"
"EFCAB2","EFCAB2"
"","MARCOL"
"TMEM200A","TMEM200A"
"EPB41L1","EPB41L1"
"","PPP2R2A"
"","ARRDC5"
"LRRC41","LRRC41"
"CERS5","CERS5"
"SQOR","SQOR"
"UQCRB","UQCRB"
"ATP2A3","ATP2A3"
"NEDD1","NEDD1"
"EPHX4","EPHX4"
"CFAP251","CFAP251"
"SLX4","SLX4"
"DCAF16","DCAF16"
"FGF18","FGF18"
"ABLIM3","ABLIM3"
"ZNF512","ZNF512"
"CHDH","CHDH"
"GDF6","GDF6"
"EN1","EN1"
"MYOF","MYOF"
"KAT7","KAT7"
"IRAK2","IRAK2"
"LILRA",""
"C1QL2","C1QL2"
"SLC3A2","SLC3A2"
"FGF1","FGF1"
"MED28","MED28"
"PPIL3","PPIL3"
"ACTR3","ACTR3"
"DCSTAMP","DCSTAMP"
"IRS1","IRS1"
"LAP3","LAP3"
"CUBN","CUBN"
"ACTR8","ACTR8"
"CLUAP1","CLUAP1"
"","LRRC74B"
"ODF1","ODF1"
"TSGA13","TSGA13"
"","KIR2DL1"
"","KIR3DL2"
"","KIR2DL3"
"","KIR2DS4"
"","KIR3DL3"
"","KIR3DL1"
"","KIR2DL4"
"TESPA1","TESPA1"
"ANKRD55","ANKRD55"
"GEM","GEM"
"BCL7B","BCL7B"
"","BLOC1S6"
"ETFA","ETFA"
"BRINP1","BRINP1"
"SLC18B1","SLC18B1"
"RAD54L","RAD54L"
"DONSON","DONSON"
"ACMSD","ACMSD"
"ZNF385D",""
"NEUROD4","NEUROD4"
"CLRN2","CLRN2"
"NIF3L1","NIF3L1"
"IL17RB","IL17RB"
"CPEB2","CPEB2"
"MEGF9","MEGF9"
"SLC22A6","SLC22A6"
"BRDT","BRDT"
"P2RX6",""
"SMUG1","SMUG1"
"BCL7A","BCL7A"
"COPG2","COPG2"
"SLC30A4","SLC30A4"
"VNN1","VNN1"
"SPRY4","SPRY4"
"RHBDD1","RHBDD1"
"ZZEF1","ZZEF1"
"FBXW2","FBXW2"
"","RIDA"
"SLC22A8","SLC22A8"
"LURAP1","TSPAN1"
"C2orf16","SPATA31H1"
"C1H15orf48","C15orf48"
"CCNT2","CCNT2"
"RAD54B","RAD54B"
"","SLC22A9"
"TMEM132C","TMEM132C"
"AFG2B","AFG2B"
"FANCD2","FANCD2"
"CACNA1D","CACNA1D"
"NTN4","NTN4"
"SLC22A24","SLC22A24"
"GCKR","GCKR"
"NFE2","NFE2"
"TBL2","TBL2"
"ORC2","ORC2"
"VIRMA","VIRMA"
"COL4A4","COL4A4"
"CD38","CD38"
"","LILRA5"
"","LILRB4"
"","LILRB3"
"","LILRA6"
"","LILRB5"
"TAC4","TAC4"
"SLC22A10","SLC22A10"
"PDS5B","PDS5B"
"CBX5","CBX5"
"SLC4A7","SLC4A7"
"C13H16orf90","C16orf90"
"IL6ST","IL6ST"
"ATP6V0A1","ATP6V0A1"
"CRYZL1","CRYZL1"
"GATM","GATM"
"POMGNT1","POMGNT1"
"B3GALT9","B3GALT9"
"FNDC4","FNDC4"
"ISL2","ISL2"
"TAPT1","TAPT1"
"HNRNPA1","HNRNPA1"
"NAA60","NAA60"
"PAPPA","PAPPA"
"VNN2","VNN2"
"NDFIP1","NDFIP1"
"SMPD4","SMPD4"
"","LILRA2"
"","LILRB2"
"","LILRB1"
"","LILRA1"
"SCAPER","SCAPER"
"DEFA26","DEFA1"
"DEFA26","DEFA5"
"DEFA26","DEFA3"
"DEFA26","DEFA1B"
"DEFA26","DEFA4"
"DEFA26","DEFA6"
"SLC2A4RG","SLC2A4RG"
"MLXIPL","MLXIPL"
"SH3TC2","SH3TC2"
"DEFA31L","DEFA1"
"DEFA31L","DEFA5"
"DEFA31L","DEFA3"
"DEFA31L","DEFA1B"
"DEFA31L","DEFA4"
"DEFA31L","DEFA6"
"ZNF597","ZNF597"
"PLAAT5","PLAAT5"
"SLC28A2","SLC28A2"
"IFT172","IFT172"
"DEFA12","DEFA1"
"DEFA12","DEFA5"
"DEFA12","DEFA3"
"DEFA12","DEFA1B"
"DEFA12","DEFA4"
"DEFA12","DEFA6"
"MAP3K19","MAP3K19"
"LGALS12","LGALS12"
"SDSL","SDSL"
"PROM1","PROM1"
"CDC42SE2","CDC42SE2"
"CIRBP","CIRBP"
"ABCC9","ABCC9"
"","RTL9"
"ZGPAT","ZGPAT"
"CYB5D2","CYB5D2"
"EYA4","EYA4"
"eca-mir-9135",""
"SHF","SHF"
"SNRPF","SNRPF"
"HYCC2","HYCC2"
"SDS","SDS"
"CCDC69","CCDC69"
"MKLN1","MKLN1"
"CNN3",""
"CCDC74B","CCDC74B"
"CCDC74B","CCDC74A"
"TNFRSF6B","TNFRSF6B"
"ANKFY1","ANKFY1"
"ITSN1","ITSN1"
"OR4C203B","OR4C6"
"KLK8","KLK8"
"ARFRP1","ARFRP1"
"COL4A3","COL4A3"
"LYRM7","LYRM7"
"ASTN2","ASTN2"
"PWWP3A","PWWP3A"
"CCDC38","CCDC38"
"GNPDA1","GNPDA1"
"PIK3R3","PIK3R3"
"PLBD2","PLBD2"
"U6","RNU6-30P"
"KLK7","KLK7"
"U6","RNU6-268P"
"U7","RNU7-73P"
"U7","RNU7-133P"
"U7","RNU7-167P"
"U7","RNU7-188P"
"RAB3GAP1","RAB3GAP1"
"MED15","MED15"
"","PLAAT4"
"","ALDH4A1"
"TMX3","TMX3"
"IL31RA","IL31RA"
"DUOX1","DUOX1"
"KLHL41","KLHL41"
"","PLAAT2"
"KLK9","KLK9"
"LIME1","LIME1"
"LPAR3","LPAR3"
"SLC44A3","SLC44A3"
"NIPAL2","NIPAL2"
"FANCD2OS","FANCD2OS"
"NPM1","NPM1"
"TRDMT1","TRDMT1"
"KL","KL"
"KLK12","KLK12"
"HSD17B1","HSD17B1"
"ANXA6","ANXA6"
"COPZ1","COPZ1"
"HAL","HAL"
"ZNF385C","ZNF385C"
"","LRRC8B"
"SCARF2","SCARF2"
"CAVIN1","CAVIN1"
"NDUFS7","NDUFS7"
"NDUFB3","NDUFB3"
"ZBTB46","ZBTB46"
"RNF14","RNF14"
"DDX4","DDX4"
"","PGA5"
"","PGA3"
"","PGA4"
"EMC3","EMC3"
"GAMT","GAMT"
"CYP2C113",""
"DUSP3","DUSP3"
"KLK11","KLK11"
"HINT1","HINT1"
"UBE2G1","UBE2G1"
"STARD13","STARD13"
"KCNS2","KCNS2"
"ABHD16B","ABHD16B"
"CASP10","CASP10"
"TMEM132D","TMEM132D"
"PCDH12","PCDH12"
"SPNS3","SPNS3"
"NEK10","NEK10"
"","TPD52L2"
"VSIG10L","VSIG10L"
"P3R3URF","P3R3URF"
"PHF20","PHF20"
"MCM2","MCM2"
"CYP2C114",""
"DAZAP1","DAZAP1"
"STK3","STK3"
"CD300LG","CD300LG"
"DELE1","DELE1"
"MAST2","MAST2"
"GPR84",""
"CFLAR","CFLAR"
"HELLS","HELLS"
"","CTU1"
"ZNF385A","ZNF385A"
"TMEM132B","TMEM132B"
"TLX3","TLX3"
"LTA4H","LTA4H"
"SNORA49","SNORA49"
"C17orf113","C17orf113"
"","MYDGF"
"","KATNBL1"
"eca-mir-9013",""
"eca-mir-9002-1",""
"MRPL22","MRPL22"
"SPNS2","SPNS2"
"CBLN2","CBLN2"
"MATK","MATK"
"RCN2","RCN2"
"eca-mir-9009",""
"DNAJC7","DNAJC7"
"PCDH1","PCDH1"
"MPP3","MPP3"
"eca-mir-9004",""
"RANBP17","RANBP17"
"KLK14","KLK14"
"VIM","VIM"
"KRTCAP3","KRTCAP3"
"DUOX2","DUOX2"
"","IMPA1"
"SERPINB12","SERPINB12"
"CEP192","CEP192"
"CASP8","CASP8"
"FGFBP1","FGFBP1"
"DPYD","DPYD"
"LMAN1L","LMAN1L"
"RFC3","RFC3"
"OR5T32BP",""
"NRBP1","NRBP1"
"ITGA5","ITGA5"
"GEMIN5","GEMIN5"
"SCARB1","SCARB1"
"TMEM236","TMEM236"
"TBC1D12","TBC1D12"
"DSEL","DSEL"
"SCAND1","SCAND1"
"","PODXL"
"PRPF6","PRPF6"
"LTN1","LTN1"
"MIR9-2","MIR9-2"
"MFF",""
"MFF","MFF"
"TLE2","TLE2"
"CNBD2","CNBD2"
"MYBBP1A","MYBBP1A"
"STAM","STAM"
"U6","RNU6-679P"
"KCTD16","KCTD16"
"U2","RNU2-62P"
"CFAP97D1","CFAP97D1"
"NOC3L","NOC3L"
"ZRANB3","ZRANB3"
"TRDN","TRDN"
"eca-mir-9180",""
"eca-mir-9177",""
"MAB21L1","MAB21L1"
"SOD3","SOD3"
"FLACC1","FLACC1"
"YIPF5","YIPF5"
"RUFY4","RUFY4"
"NCBP2","NCBP2"
"DUOXA1","DUOXA1"
"MEOX1","MEOX1"
"BST1","BST1"
"SNX33","SNX33"
"TRAK2","TRAK2"
"AAR2","AAR2"
"IMP3","IMP3"
"OR6C3NP",""
"UBXN7",""
"JADE2","JADE2"
"CXCR2","CXCR2"
"OR6C74EP",""
"EIF2B4","EIF2B4"
"ETV4","ETV4"
"SND1","SND1"
"SNUPN","SNUPN"
"KALRN","KALRN"
"DHX37","DHX37"
"SERPINB5","SERPINB5"
"GABRP","GABRP"
"FAM200B","FAM200B"
"THRB","THRB"
"SLC38A9","SLC38A9"
"PPM1G","PPM1G"
"","SIGLEC12"
"","SIGLEC8"
"","SIGLEC7"
"","SIGLEC9"
"DLGAP4","DLGAP4"
"FBXL5","FBXL5"
"PTBP2","PTBP2"
"","ZNF706"
"DUOXA2","DUOXA2"
"CNOT8","CNOT8"
"PLCE1","PLCE1"
"PNKD","PNKD"
"STRADB","STRADB"
"ZNF512B","ZNF512B"
"UBXN4","UBXN4"
"TRIQK","TRIQK"
"BRI3BP","BRI3BP"
"SMTNL2","SMTNL2"
"STX1A","STX1A"
"BCL2","BCL2"
"SORD","SORD"
"SNORA73","SNORA73"
"ZNF513","ZNF513"
"SPIRE1","SPIRE1"
"DHX8","DHX8"
"KCNIP1","KCNIP1"
"SNORA44","SNORA44"
"PTPN9","PTPN9"
"LCT","LCT"
"SNORD22",""
"TBX3","TBX3"
"NR1D2","NR1D2"
"SNORD99","SNORD99"
"SNORA16A","SNORA16A"
"TEKT1","TEKT1"
"U6","RNU6-170P"
"U6","RNU6-793P"
"SLC5A8","SLC5A8"
"TM4SF20","TM4SF20"
"SNORA73",""
"PODXL2","PODXL2"
"LARP1","LARP1"
"VPS37D","VPS37D"
"SNX17","SNX17"
"SNORA61","SNORA61"
"YWHAZ","YWHAZ"
"AGFG1","AGFG1"
"HACD1","HACD1"
"SCARNA1","SCARNA1"
"C2CD6","C2CD6"
"FZD10","FZD10"
"DNAJC30","DNAJC30"
"RPL15",""
"BUD23","BUD23"
"ALOX15","ALOX15"
"UBE2E1","UBE2E1"
"GOT1","GOT1"
"ABTB1","ABTB1"
"GPBAR1","GPBAR1"
"DOHH","DOHH"
"PIWIL1","PIWIL1"
"GPR158","GPR158"
"PLPP1","PLPP1"
"eca-mir-9065",""
"eca-mir-9059",""
"ARPC2","ARPC2"
"SIN3A","SIN3A"
"MCM6","MCM6"
"TRIM54","TRIM54"
"KCNMB1","KCNMB1"
"GNA11","GNA11"
"RACK1","RACK1"
"KDSR","KDSR"
"MGLL","MGLL"
"NKIRAS1","NKIRAS1"
"MTERF3","MTERF3"
"RNASEK","BACC1"
"CNNM1","CNNM1"
"CC2D2A","CC2D2A"
"PRKCA","PRKCA"
"TERB2","TERB2"
"PLXDC2","PLXDC2"
"GOLGA3","GOLGA3"
"UTP20","UTP20"
"MAN2C1","MAN2C1"
"ABHD11","ABHD11"
"N6AMT1","HEMK2"
"AAMP","AAMP"
"LRRC4","LRRC4"
"NCAM2","NCAM2"
"TAAR3",""
"MTREX","MTREX"
"ZNF84","ZNF84"
"TAAR2","TAAR2"
"S1PR4","S1PR4"
"B2M","RNF4"
"","TAAR5"
"TMBIM1","TMBIM1"
"EIF2B3","EIF2B3"
"NCLN","NCLN"
"UCN","UCN"
"HPSE2","HPSE2"
"UBE2E2","UBE2E2"
"","SIGLEC11"
"","SIGLEC10"
"","SIGLEC16"
"TAAR5","TAAR5"
"TMEM237","TMEM237"
"SLC16A11","SLC16A11"
"FAXDC2","FAXDC2"
"TAAR4",""
"","DNAJC5G"
"PHF2","PHF2"
"PTDSS1","PTDSS1"
"VWCE","VWCE"
"SLC19A3","SLC19A3"
"TRIM41","TRIM41"
"CDKN2AIPNL","CDKN2AIPNL"
"C19orf84","C19orf84"
"MYL9","MYL9"
"DARS1","DARS1"
"CACNG5","CACNG5"
"FAM180A","FAM180A"
"PTCH2","PTCH2"
"TRIM7","TRIM7"
"LIM2","LIM2"
"NEIL1","NEIL1"
"CATIP","CATIP"
"UBE2B","UBE2B"
"EIF4H","EIF4H"
"MTPN","MTPN"
"DCP1A","DCP1A"
"RWDD3","RWDD3"
"CACNG4","CACNG4"
"RIMBP2","RIMBP2"
"ROBO2","ROBO2"
"","FCAR"
"CELF5","CELF5"
"PTPDC1","PTPDC1"
"KBTBD12","KBTBD12"
"TUBGCP4","TUBGCP4"
"SLC30A3","SLC30A3"
"ALOX12","ALOX12"
"BTNL9","BTNL9"
"CDKL3","CDKL3"
"MALRD1","MALRD1"
"TLCD4","TLCD4"
"VPS4B","VPS4B"
"NDRG3","NDRG3"
"RBMS3","RBMS3"
"CACNG1","CACNG1"
"IKZF2","IKZF2"
"SMIM24","SMIM24"
"SEC61A1","SEC61A1"
"GRM8","GRM8"
"DDB1","DDB1"
"GOSR2","GOSR2"
"BCL6B","SLC16A13"
"RWDD2B","RWDD2B"
"ALG14","ALG14"
"C20orf204","C20orf204"
"CCL20","CCL20"
"SDC2","SDC2"
"CXCR4","CXCR4"
"ZNF800","ZNF800"
"BHLHE23","BHLHE23"
"CYP27B1","CYP27B1"
"HAND1","HAND1"
"LAT2","LAT2"
"RUVBL1","RUVBL1"
"CNP","ODAD4"
"SPHKAP","SPHKAP"
"INHBB","INHBB"
"OLFM3","OLFM3"
"MC3R","MC3R"
"NPBWR2","NPBWR2"
"USP16","USP16"
"HPS1","HPS1"
"MPP4","MPP4"
"IL17RD","IL17RD"
"TMEM185B","TMEM185B"
"GALNT10","GALNT10"
"STRC","STRC"
"","MOSMO"
"MGAT1","MGAT1"
"FAM120A","FAM120A"
"ZMAT2","ZMAT2"
"INSIG2","INSIG2"
"SNORD125","SNORD125"
"","CNN3"
"COMMD4","COMMD4"
"","SNORA77"
"","SNORA77B"
"CLEC10A","CLEC10A"
"LIMA1","LIMA1"
"TSFM","TSFM"
"LIPI","LIPI"
"CAD","CAD"
"eca-mir-9014-1",""
"eca-mir-9003",""
"CNP","CNP"
"RFC2","RFC2"
"eca-mir-185","MIR185"
"CCDC93","CCDC93"
"MIR3618","MIR3618"
"RPRML","RPRML"
"eca-mir-130b",""
"CCT8","CCT8"
"EEFSEC","EEFSEC"
"eca-mir-9008",""
"CDH7","CDH7"
"WDR55","WDR55"
"CCDC18","CCDC18"
"FAM186A","FAM186A"
"ALS2","ALS2"
"MIR1306","MIR1306"
"C1QTNF7","C1QTNF7"
"PYROXD2","PYROXD2"
"eca-mir-301b","MIR301B"
"METTL1","METTL1"
"ZFP62","ZFP62"
"RAB5IF","RAB5IF"
"AVIL","AVIL"
"DNAJB8","DNAJB8"
"","CKMT1A"
"","CKMT1B"
"ACLY","ACLY"
"ASGR2","ASGR2"
"C1H15orf39","C15orf39"
"ZCWPW2","ZCWPW2"
"GATA2","GATA2"
"CTDSP2","CTDSP2"
"SPAG16","SPAG16"
"MTMR1","MTMR1"
"CPQ","CPQ"
"WNK2","WNK2"
"HARS2","HARS2"
"PPCDC","PPCDC"
"THNSL1","THNSL1"
"","SERPINB4"
"","SERPINB3"
"DHX29","DHX29"
"TLDC2","TLDC2"
"ARHGEF3","ARHGEF3"
"TMEM138","TMEM138"
"FAM193B","FAM193B"
"PPIP5K1","PPIP5K1"
"DAW1","DAW1"
"AZI2","AZI2"
"ATP23","ATP23"
"SERPINB11","SERPINB11"
"PLD2","PLD2"
"SCAMP5","SCAMP5"
"LARP4","LARP4"
"MYO1A","MYO1A"
"SAMHD1","SAMHD1"
"PRRT3","PRRT3"
"TKFC","TKFC"
"R3HCC1L","R3HCC1L"
"STX2","STX2"
"LZTR1","LZTR1"
"TNIP1","TNIP1"
"SCG2","SCG2"
"RPP25","RPP25"
"NEMP1","NEMP1"
"RBM11","RBM11"
"SERPINB7","SERPINB7"
"MAP3K7CL","MAP3K7CL"
"TSPYL5","TSPYL5"
"OSBP","OSBP"
"ENKUR","ENKUR"
"CMC1","CMC1"
"CHODL","CHODL"
"PRTFDC1","PRTFDC1"
"PATL1","PATL1"
"NAB2","NAB2"
"MIR193B","MIR193B"
"eca-mir-1302e-7",""
"TMED5","TMED5"
"TRIM32","TRIM32"
"DNER","DNER"
"ZFAND2B","ZFAND2B"
"COX5A","COX5A"
"eca-mir-365-2","MIR365A"
"CXCL16","CXCL16"
"CLIP2","CLIP2"
"LOXL4","LOXL4"
"HSPA13","HSPA13"
"MTF2","MTF2"
"C17orf114","C17orf114"
"DND1","DND1"
"SAMSN1","SAMSN1"
"STX3","STX3"
"FAM219B","FAM219B"
"PSMB6","PSMB6"
"KLHL22","KLHL22"
"CMTM7","CMTM7"
"MTDH",""
"VMO1","VMO1"
"BACH1","BACH1"
"NEK6","NEK6"
"STAT6","STAT6"
"ARL5B","ARL5B"
"SLC35G1","SLC35G1"
"SERPINB2","SERPINB2"
"","LRRC37B"
"","LRRC37A3"
"","LRRC37A"
"","LRRC37A2"
"GLB1","GLB1"
"LGI1","LGI1"
"MPI","MPI"
"NSUN6","NSUN6"
"GRIK1","GRIK1"
"KLHL4","KLHL4"
"TRIP12","TRIP12"
"U2","RNU2-28P"
"KLHL11","KLHL11"
"MIR3661","MIR3661"
"MRPL16","MRPL16"
"ATF1","ATF1"
"RAN",""
"eca-mir-9160",""
"KLHL10","KLHL10"
"eca-mir-9159",""
"CBLIF","CBLIF"
"GPX3","GPX3"
"ATRAID","ATRAID"
"SLC22A4","SLC22A4"
"DDX18","DDX18"
"TCN1","TCN1"
"ARL1","ARL1"
"FCN3","FCN3"
"PSMB7","PSMB7"
"NT5C3B","NT5C3B"
"TASOR","TASOR"
"CCNO","CCNO"
"DIPK1A","DIPK1A"
"CRTAC1","CRTAC1"
"LRP1","LRP1"
"TMT1A",""
"LENG9","LENG9"
"LRRC43","LRRC43"
"FSCN3","FSCN3"
"SCAMP2","SCAMP2"
"CLASP2","CLASP2"
"CDC42EP5","CDC42EP5"
"PSMD12","PSMD12"
"TMPRSS12","TMPRSS12"
"CD99L2","CD99L2"
"PIGV","PIGV"
"ZNF300","ZNF300"
"SLC5A6","SLC5A6"
"","NDUFA2"
"SLC25A3","SLC25A3"
"","CSNK2A1"
"","CSNK2A3"
"VGLL3","VGLL3"
"OOSP3","OOSP3"
"GTF2IRD1","GTF2IRD1"
"HIGD1C","HIGD1C"
"GCC1","GCC1"
"CHM","CHM"
"DCTN4","DCTN4"
"OOSP1","OOSP1"
"MLXIP","MLXIP"
"GPATCH3","GPATCH3"
"FKBP10","FKBP10"
"RDM1","RDM1"
"OOSP2","OOSP2"
"MS4A3","MS4A3"
"ARF5",""
"AZIN1","AZIN1"
"CACNB2","CACNB2"
"ULK3","ULK3"
"TNC","TNC"
"OSCP1","OSCP1"
"IL31","IL31"
"SLC11A2","SLC11A2"
"SLC35A4","SLC35A4"
"NRIP1","NRIP1"
"MS4A2","MS4A2"
"SHC3","SHC3"
"B3GNT4","B3GNT4"
"RPL5","RPL5"
"PAX4","PAX4"
"","PTRHD1"
"CSK","CSK"
"PITPNC1","PITPNC1"
"GOLGA7B","GOLGA7B"
"LAIR1","LAIR2"
"IKBIP","IKBIP"
"EPHA3","EPHA3"
"TCF23","TCF23"
"INCENP","INCENP"
"DIABLO","DIABLO"
"CCDC66","CCDC66"
"DACH2","DACH2"
"ZFYVE27","ZFYVE27"
"ATP6V1C1","ATP6V1C1"
"PRR30","PRR30"
"CYP1A2","CYP1A2"
"NMBR","NMBR"
"MGAT5","MGAT5"
"RBM22","RBM22"
"IFNAR2","IFNAR2"
"P3H4","P3H4"
"","ARPC1A"
"CLIP1","CLIP1"
"KLHDC10","KLHDC10"
"GJE1","GJE1"
"ADPRS","ADPRS"
"ADGRB3","ADGRB3"
"","SCGB1D2"
"","SCGB1D1"
"","SCGB1D4"
"LYZL6","LYZL6"
"","SCGB2A2"
"","SCGB2A1"
"USP25","USP25"
"TTYH1","TTYH1"
"SMPDL3B","SMPDL3B"
"EVI5","EVI5"
"APAF1","APAF1"
"DOK3","DOK3"
"BTBD19","BTBD19"
"PLEKHM1","PLEKHM1"
"DDX41","DDX41"
"UBP1","UBP1"
"MIR218-1","MIR218-1"
"ABHD1","ABHD1"
"IL17RE","IL17RE"
"NME2","NME2"
"APBB3","APBB3"
"LENG8","LENG8"
"","SCGB1A1"
"STX11","STX11"
"RBCK1","RBCK1"
"S1PR3","S1PR3"
"CADM2","CADM2"
"ZC3HC1","ZC3HC1"
"MAP1A","MAP1A"
"ATP5PO","ATP5PO"
"DBN1","DBN1"
"TMEM163","TMEM163"
"HMGB3","HMGB3"
"FBXO36","FBXO36"
"MBTD1","MBTD1"
"MYOZ3","MYOZ3"
"NXPH4","NXPH4"
"ASRGL1","ASRGL1"
"FBXL2","FBXL2"
"","LAIR2"
"SLC16A14","SLC16A14"
"ATG9A","ATG9A"
"SLC35F5","SLC35F5"
"EVA1C","EVA1C"
"EIF3I","EIF3I"
"SYNPO","SYNPO"
"ARHGAP27","ARHGAP27"
"GLTPD2","GLTPD2"
"AUTS2","AUTS2"
"NXNL2","NXNL2"
"SHMT2","SHMT2"
"SF3B5","SF3B5"
"ROBO1","ROBO1"
"TM4SF5","TM4SF5"
"FMR1NB","FMR1NB"
"CRELD1","CRELD1"
"TMEM209","TMEM209"
"LETMD1","LETMD1"
"ABCB6","ABCB6"
"ADGRG6","ADGRG6"
"PLK3","PLK3"
"SPIN1","SPIN1"
"NDST1","NDST1"
"ANKHD1","ANKHD1"
"SFRP5","SFRP5"
"TP53BP1","TP53BP1"
"MYO3A","MYO3A"
"MARVELD1","MARVELD1"
"TRIB3","TRIB3"
"IDS","IDS"
"AVPI1","AVPI1"
"IL17RC","IL17RC"
"ANKZF1","ANKZF1"
"GPR174","GPR174"
"NDUFA4L2","NDUFA4L2"
"SNORD100","SNORD100"
"PI4K2A","PI4K2A"
"SERPINB10","SERPINB10"
"SNORD101","SNORD101"
"TEKTIP1","TEKTIP1"
"U6","RNU6-953P"
"NRSN2","NRSN2"
"PRR7","PRR7"
"STAC3","STAC3"
"ZBTB8OS","ZBTB8OS"
"DYNLT4","DYNLT4"
"RNF217","RNF217"
"GFI1","GFI1"
"GPR39","GPR39"
"SOX12","SOX12"
"","HMG20B"
"LMBRD1","LMBRD1"
"GLB1L","GLB1L"
"UTP18","UTP18"
"NOL11","NOL11"
"GRK6","GRK6"
"CIBAR1","CIBAR1"
"SYNJ1","SYNJ1"
"RPAP2","RPAP2"
"R3HDM2","R3HDM2"
"C22H20orf96","C20orf96"
"MORN4","MORN4"
"SP110","SP110"
"SERPINB8","SERPINB8"
"BEST4","BEST4"
"SUSD5","SUSD5"
"CXADR","CXADR"
"FAM107A","FAM107A"
"U6","RNU6-1080P"
"RPS8","RPS8"
"CDK20","CDK20"
"PKIB","PKIB"
"WDFY2","WDFY2"
"JAGN1","JAGN1"
"","EOLA1"
"","EOLA2"
"HOGA1","HOGA1"
"MEIOC","MEIOC"
"BTG3","BTG3"
"KIF2C","KIF2C"
"CYLC1","CYLC1"
"FZR1","FZR1"
"CIDEC","CIDEC"
"CRTAP","CRTAP"
"F12","F12"
"AHNAK","AHNAK"
"CSRNP2","CSRNP2"
"ITGA3","ITGA3"
"RPS14","RPS14"
"STK16","STK16"
"LYPD1","LYPD1"
"C26H21orf91","C21orf91"
"ACOX2","ACOX2"
"SLC34A1","SLC34A1"
"SSMEM1","SSMEM1"
"","MAGEA1"
"","MAGEE1"
"KCNQ5","KCNQ5"
"TFCP2","TFCP2"
"RPS6KA6","RPS6KA6"
"","ANKRD62"
"eca-mir-184","MIR184"
"DBF4B","DBF4B"
"CYP11A1","CYP11A1"
"OR1B4P",""
"CD74","CD74"
"SH2B2","SH2B2"
"CPA4","CPA4"
"RGS14","RGS14"
"RPUSD3","RPUSD3"
"C10orf62","C10orf62"
"RBM12B","RBM12B"
"CCDC43","CCDC43"
"HERC2","HERC2"
"OR1J30",""
"CSNKA2IP","CSNK2A2IP"
"PLXNC1","PLXNC1"
"ZCCHC8","ZCCHC8"
"ZMYND15","ZMYND15"
"NCKAP5","NCKAP5"
"MFSD12","MFSD12"
"CCR4","CCR4"
"OR1J43",""
"VTA1","VTA1"
"NUTM2F","NUTM2E"
"NUTM2F","NUTM2D"
"NUTM2F","NUTM2G"
"NUTM2F","NUTM2B"
"NUTM2F","NUTM2A"
"NUTM2F","NUTM2F"
"ABCC13",""
"TBXA2R","TBXA2R"
"TRIM71","TRIM71"
"TMEM53","TMEM53"
"RETREG3","RETREG3"
"TMEM67","TMEM67"
"MXD3","MXD3"
"RSRC2","RSRC2"
"ZCCHC3","ZCCHC3"
"","CPA2"
"TTLL3","TTLL3"
"OR1L8",""
"CNOT10","CNOT10"
"ZNF169","ZNF169"
"CACTIN","CACTIN"
"TUBA4A","TUBA4A"
"TCOF1","TCOF1"
"CPA5","CPA5"
"GLMN","GLMN"
"PRELID1","PRELID1"
"SERPINB13","SERPINB13"
"","C3orf38"
"DEFB129","DEFB129"
"INHBC","INHBC"
"ZSCAN29","ZSCAN29"
"PDK2","PDK2"
"PELP1","PELP1"
"PIP5K1C","PIP5K1C"
"DEFB128","DEFB128"
"PYM1","PYM1"
"ATL3","ATL3"
"","TUBA4B"
"LRWD1","LRWD1"
"NSD1","NSD1"
"DEFB127","DEFB127"
"SHPRH","SHPRH"
"","HNRNPA1L3"
"ZNF654","ZNF654"
"DNAJB2","DNAJB2"
"EZH1","EZH1"
"CPA1","CPA1"
"DEFB126","DEFB126"
"KCTD6","KCTD6"
"SAMD14","SAMD14"
"PDCL","PDCL"
"XKR7","XKR7"
"OGG1","OGG1"
"ARMH1","ARMH1"
"NETO1","NETO1"
"SLC4A9","SLC4A9"
"MACROD1","MACROD1"
"BTBD8","BTBD8"
"MAPKAP1","MAPKAP1"
"MTHFS","MTHFS"
"KNTC1","KNTC1"
"LCMT2","LCMT2"
"DGKA","DGKA"
"CCM2L","CCM2L"
"TMEM185A","TMEM185A"
"TMPRSS15","TMPRSS15"
"HDX","HDX"
"SENP1","SENP1"
"CFAP298","CFAP298"
"CNOT9","CNOT9"
"APBA3","APBA3"
"CNTNAP1","CNTNAP1"
"SP140","SP140"
"TADA3","TADA3"
"KHK","KHK"
"ORAI2","ORAI2"
"DYNC1LI1","DYNC1LI1"
"KIR3DL","KIR2DL1"
"KIR3DL","KIR3DL2"
"KIR3DL","KIR2DL3"
"KIR3DL","KIR2DS4"
"KIR3DL","KIR3DL3"
"KIR3DL","KIR3DL1"
"KIR3DL","KIR2DL4"
"RTN3","RTN3"
"NINJ1","NINJ1"
"TJP3","TJP3"
"MORF4L1","MORF4L1"
"CAMK1","CAMK1"
"","RNF220"
"CGGBP1","CGGBP1"
"NCR1","NCR1"
"PMEL","PMEL"
"FGD3","FGD3"
"ALKBH4","ALKBH4"
"PAXBP1","PAXBP1"
"CEP41","CEP41"
"ARRB2","ARRB2"
"PPP1R9B","PPP1R9B"
"TGM7","TGM7"
"HCK","HCK"
"PXK","PXK"
"CMTM6","CMTM6"
"HTR1F","HTR1F"
"RIMS1","RIMS1"
"","SP140"
"RAX2","RAX2"
"BRPF1","BRPF1"
"GPD1L","GPD1L"
"UBE2Q2","UBE2Q2"
"TGM5","TGM5"
"GALNT17","GALNT17"
"ATCAY","ATCAY"
"ERI3","ERI3"
"EPCIP","EPCIP"
"CCR10","CCR10"
"ZFTA","ZFTA"
"TENT5D","TENT5D"
"SGCA","SGCA"
"CCDC102B",""
"PLEKHH3","PLEKHH3"
"EPB41L5","EPB41L5"
"AGBL5","AGBL5"
"SLC11A1","SLC11A1"
"GBE1","GBE1"
"OSBPL10","OSBPL10"
"MED11","MED11"
"IKZF4","IKZF4"
"EEF2","EEF2"
"TUBG2",""
"MARK2","MARK2"
"BRWD3","BRWD3"
"NLRP2","NLRP2"
"HBEGF","HBEGF"
"EPB42","EPB42"
"PFKM","PFKM"
"FBXO30","FBXO30"
"DNAJC1","DNAJC1"
"NLRP1","NLRP1"
"MTM1","MTM1"
"BARHL2","BARHL2"
"ADAMTS1","ADAMTS1"
"GP6","GP6"
"TM9SF4","TM9SF4"
"GPR88","GPR88"
"OR6Z10",""
"PSMC3IP","PSMC3IP"
"PFDN1",""
"DMAP1","DMAP1"
"SP100","SP100"
"","SUSD3"
"CTDSP1","CTDSP1"
"RC3H2","RC3H2"
"NMRK2","NMRK2"
"PHLPP1","PHLPP1"
"SZT2","SZT2"
"STT3B","STT3B"
"RPS26","RPS26"
"MRPL39","MRPL39"
"ZNF787","ZNF787"
"PDP1","PDP1"
"MLLT10","MLLT10"
"MLX","MLX"
"DAPK3","DAPK3"
"H1-9",""
"PURA","PURA"
"CDK2","CDK2"
"CPNE9","CPNE9"
"ARSI","ARSI"
"CDH19","CDH19"
"U6","RNU6-922P"
"SLC8B1","SLC8B1"
"CARD19","CARD19"
"CDC14A","CDC14A"
"VIL1","VIL1"
"eca-mir-1388",""
"MIS12","MIS12"
"PIAS4","PIAS4"
"COASY","COASY"
"eca-mir-8963",""
"NCL","NCL"
"eca-mir-296",""
"FZD2","FZD2"
"SLC6A7","SLC6A7"
"PLAGL1","PLAGL1"
"ZNF444","ZNF444"
"IPPK","IPPK"
"eca-mir-1-2","MIR1-1"
"CDH17","CDH17"
"NRG2","NRG2"
"USP37","USP37"
"RAE1","RAE1"
"CCNDBP1","CCNDBP1"
"COL1A1","COL1A1"
"","CFAP221"
"CAPS2","CAPS2"
"EMILIN1","EMILIN1"
"DERL2","DERL2"
"ZBTB7A","ZBTB7A"
"CALN1","CALN1"
"MTMR14","MTMR14"
"BNIP1","BNIP1"
"TPCN1","TPCN1"
"GALP","GALP"
"ZC2HC1B","ZC2HC1B"
"DOK6","DOK6"
"ANKS1B","ANKS1B"
"ZSCAN5B","ZSCAN5C"
"ZSCAN5B","ZSCAN5A"
"ZSCAN5B","ZSCAN5B"
"GADL1","GADL1"
"TMEM214","TMEM214"
"EDDM13","EDDM13"
"SH3BGRL",""
"POU1F1","POU1F1"
"MAP2K2","MAP2K2"
"RCOR2","RCOR2"
"CREBRF","CREBRF"
"U6","RNU6-223P"
"U6","RNU6-123P"
"MYF5","MYF6"
"eca-mir-125b-2","MIR125B2"
"BAALC","BAALC"
"MIRLET7C","MIRLET7C"
"TPH2","TPH2"
"eca-mir-99a-2","MIR99A"
"JAM2","JAM2"
"LIN7A","LIN7A"
"CHRM2","CHRM2"
"CDX1","CDX1"
"ZNF667","ZNF667"
"TMEM62","TMEM62"
"NAA40","NAA40"
"FZD6","FZD6"
"CHMP2B","CHMP2B"
"CENPP","CENPP"
"CSF1R","CSF1R"
"C1QBP","C1QBP"
"NMUR1","NMUR1"
"","MAPRE3"
"","TYW1B"
"","TYW1"
"SETD5","SETD5"
"OSBPL2","OSBPL2"
"PBX3","PBX3"
"RPL26L1","RPL26L1"
"TEX44","TEX44"
"CREB3L3","CREB3L3"
"PSD2","PSD2"
"DPYSL5","DPYSL5"
"DHX33","DHX33"
"TRHDE","TRHDE"
"PLAGL2","PLAGL2"
"ERGIC1","ERGIC1"
"CTHRC1","CTHRC1"
"F9","F9"
"PTN","PTN"
"POFUT1","POFUT1"
"ZNF583","ZNF583"
"ANKRD2","ANKRD2"
"LTV1","LTV1"
"APOOL","APOOL"
"TGFBR2","TGFBR2"
"RTEL1","RTEL1"
"SLC25A32","SLC25A32"
"ASB8","ASB8"
"SIRT6","SIRT6"
"OTUB1","OTUB1"
"PDE6D","PDE6D"
"RTCA","RTCA"
"CD226","CD226"
"ECM2","ECM2"
"PDGFRB","PDGFRB"
"APP","APP"
"DGKI","DGKI"
"MCF2","MCF2"
"HYI","HYI"
"OGFRL1","OGFRL1"
"SNORA41","SNORA41"
"SNORD51","SNORD51"
"ZNF582","ZNF582"
"GLIPR1L1","GLIPR1L1"
"SNORD70B","SNORD70B"
"SNORD11B","SNORD11B"
"PDHB","PDHB"
"SNORD70","SNORD70"
"ITGA2B","ITGA2B"
"ZNF142",""
"CITED2","CITED2"
"LHFPL4","LHFPL4"
"","SNORD11"
"DBT","DBT"
"ZFP28","ZFP28"
"DCAF13","DCAF13"
"U6","RNU6-441P"
"RPAIN","RPAIN"
"GLIPR1L2","GLIPR1L2"
"THUMPD3","THUMPD3"
"FLRT1","FLRT1"
"ZNF641","ZNF641"
"U6","RNU6-984P"
"U6","RNU6-213P"
"U6","RNU6-546P"
"U6","RNU6-723P"
"U6","RNU6-532P"
"ELOVL1","ELOVL1"
"TXLNB","TXLNB"
"COPS7B","COPS7B"
"UBTD1","UBTD1"
"THOC3","THOC3"
"RTTN","RTTN"
"LRRC39","LRRC39"
"EXOSC1","EXOSC1"
"SBDS","SBDS"
"TMEM177","TMEM177"
"HMGXB3","HMGXB3"
"STIP1","STIP1"
"SNCB","SNCB"
"HECA","HECA"
"ASXL1","ASXL1"
"HTD2","HTD2"
"RPN1","RPN1"
"DAB2IP","DAB2IP"
"COL19A1","COL19A1"
"TMEM248","TMEM248"
"GPRIN1","GPRIN1"
"UBR1","UBR1"
"ASPN","ASPN"
"BCS1L","BCS1L"
"FERMT3","FERMT3"
"NUP88","NUP88"
"KRR1","KRR1"
"RIMS2","RIMS2"
"CDHR2","CDHR2"
"TRMT13","TRMT13"
"RNF25","RNF25"
"TRPT1","TRPT1"
"GPATCH8","GPATCH8"
"TBX22","TBX22"
"OGN","OGN"
"UTRN","UTRN"
"RNF44","RNF44"
"CEP83","CEP83"
"H1-7P","H1-7"
"UCKL1","UCKL1"
"FAM171A2","FAM171A2"
"MMS19","MMS19"
"OR8S2",""
"RABEP1","RABEP1"
"NPPC","NPPC"
"C12orf54","C12orf54"
"STK36","STK36"
"POU3F4","POU3F4"
"ABHD6","ABHD6"
"GRN","GRN"
"FAF2","FAF2"
"OMD","OMD"
"SCTR","SCTR"
"DIS3L2","DIS3L2"
"ATP11C","ATP11C"
"","ATP5PF"
"IARS1","IARS1"
"SUOX","SUOX"
"SLC25A39","SLC25A39"
"GABPA","GABPA"
"NOP16","NOP16"
"TMCC3",""
"SCIMP","SCIMP"
"TMEM92","TMEM92"
"SYT1","SYT1"
"CLTB","CLTB"
"TIGD6","TIGD6"
"IMPDH1","IMPDH1"
"RUNDC3A","RUNDC3A"
"TTLL4","TTLL4"
"MOB4","MOB4"
"CYYR1",""
"U6","RNU6-1206P"
"ZDHHC16","ZDHHC16"
"C29H10orf67","C10orf67"
"XYLT2","XYLT2"
"U6","RNU6-207P"
"SASS6","SASS6"
"TMEM37","TMEM37"
"ZNF594","ZNF594"
"IQCD","IQCD"
"ERBB3","ERBB3"
"eca-mir-361","MIR361"
"MIS18A","MIS18A"
"SLC4A1","SLC4A1"
"CCDC150","CCDC150"
"SIMC1","SIMC1"
"PAWR","PAWR"
"DNASE1L3","DNASE1L3"
"EBI3","EBI3"
"SLC26A2","SLC26A2"
"UBTF","UBTF"
"COL9A1","COL9A1"
"PTF1A","PTF1A"
"PGAM1","PGAM1"
"MRAP","MRAP"
"ANKRD24","ANKRD24"
"CPLX2","CPLX2"
"PDE6A","PDE6A"
"ZNF879","ZNF879"
"","ALPI"
"","ALPG"
"","ALPP"
"GAPVD1","GAPVD1"
"GRM6","GRM6"
"ADAM23","ADAM23"
"RRP12","RRP12"
"PPP1R12A","PPP1R12A"
"RITA1","RITA1"
"ZFP3","ZFP3"
"DBI","DBI"
"MRPL27","MRPL27"
"NDUFA12","NDUFA12"
"ARMC3","ARMC3"
"NUDT22","NUDT22"
"C18H2orf76","C2orf76"
"DDX54","DDX54"
"CYP27A1","CYP27A1"
"ATXN7L3","ATXN7L3"
"EME1","EME1"
"TMUB2","TMUB2"
"VEGFB","VEGFB"
"URB1","URB1"
"KIF1C","KIF1C"
"DNAJC4","DNAJC4"
"SHD","SHD"
"FKBP2","FKBP2"
"PRKAG3","PRKAG3"
"STEAP3","STEAP3"
"PPARGC1B","PPARGC1B"
"BLTP3B","BLTP3B"
"FAM135A","FAM135A"
"CFAP73","CFAP73"
"FGF20","FGF20"
"TMIGD2","TMIGD2"
"PPP1R14B","PPP1R14B"
"KIF3B","KIF3B"
"U6","RNU6-598P"
"U6","RNU6-646P"
"U6","RNU6-206P"
"RPL29","RPL29"
"MFSD14A","MFSD14A"
"GARIN1B","GARIN1B"
"U6","RNU6-661P"
"TUSC3","TUSC3"
"PLCB3","PLCB3"
"","IGKV2D-30"
"","IGKV2-30"
"U6","RNU6-131P"
"U6","RNU6-1027P"
"","SUCLG1"
"NOL4L","NOL4L"
"STAT3","STAT3"
"eca-mir-449a","MIR449A"
"eca-mir-8958",""
"FSD1","FSD1"
"RASAL1","RASAL1"
"eca-mir-449b","MIR449B"
"ACY1","ACY1"
"BLNK","BLNK"
"eca-mir-582","MIR582"
"CDAN1","CDAN1"
"STAP2","STAP2"
"GARIN1A","GARIN1A"
"PIP4K2A","PIP4K2A"
"OSR2","OSR2"
"CHRNE","CHRNE"
"HILPDA","HILPDA"
"WNT6","WNT6"
"","CDV3"
"MSR1","MSR1"
"NAV3","NAV3"
"MPND","MPND"
"CALU","CALU"
"LRRC59","LRRC59"
"OTUD1","OTUD1"
"WNT10A","WNT10A"
"NOL8","NOL8"
"ARHGEF37","ARHGEF37"
"TTBK2","TTBK2"
"BAD",""
"CDK5R2","CDK5R2"
"SLC35A3","SLC35A3"
"ZNF471","ZNF471"
"INCA1","INCA1"
"KCNK4","KCNK4"
"SGCZ","SGCZ"
"SPAG6","SPAG6"
"COMMD7","COMMD7"
"VPS13B","VPS13B"
"BARD1","BARD1"
"SLC25A11","SLC25A11"
"ZNF71","ZNF71"
"GPR137","GPR137"
"NR2C1","NR2C1"
"ZNF470","ZNF470"
"ECEL1","ECEL1"
"STAT5A","STAT5A"
"SOCS6","SOCS6"
"THNSL2","THNSL2"
"OPN1SW","OPN1SW"
"DTX1","DTX1"
"CATSPERZ","CATSPERZ"
"CLDN8","CLDN8"
"CDK5RAP2","CDK5RAP2"
"ZNF484","ZNF484"
"PRAG1","PRAG1"
"eca-mir-9024",""
"eca-mir-9030",""
"PRDX5","PRDX5"
"FABP1","FABP1"
"SH3GL1","SH3GL1"
"ABCD3","ABCD3"
"OAS2","OAS2"
"SPAG7","SPAG7"
"ESRRA","ESRRA"
"SMIM17","SMIM17"
"ZNF518A","ZNF518A"
"LONRF1","LONRF1"
"CSNK1A1","CSNK1A1"
"CCDC136","CCDC136"
"DNMT3B","DNMT3B"
"U6","RNU6-601P"
"TIAM1","TIAM1"
"MFSD14B","MFSD14B"
"ARHGAP21","ARHGAP21"
"ATOH8","ATOH8"
"ZNF835",""
"CCDC88B","CCDC88B"
"HEXIM1","HEXIM1"
"TRMT9B","TRMT9B"
"GP1BA","GP1BA"
"U6","RNU6-1278P"
"STARD9",""
"ESYT1","ESYT1"
"ACTR6","ACTR6"
"CMTM8","CMTM8"
"ACSS3","ACSS3"
"HEXIM2","HEXIM2"
"PRSS56","PRSS56"
"DLC1","DLC1"
"RNF152","RNF152"
"CCNJ","CCNJ"
"ENO3","ENO3"
"ABHD14A","ABHD14A"
"GNLY","GNLY"
"ARAP3","ARAP3"
"CHAF1A","CHAF1A"
"TAFA2","TAFA2"
"CC2D2B","CC2D2B"
"OR2BD2",""
"SMAP1","SMAP1"
"PCNX3","PCNX3"
"ABHD14B","ABHD14B"
"ZC3H10","ZC3H10"
"ABCA12","ABCA12"
"PFN1",""
"OR10AM8",""
"OAS3","OAS3"
"OR10AM7",""
"USP15","USP15"
"RNF167","RNF167"
"CHRND","CHRND"
"NMT1","NMT1"
"RRP9","RRP9"
"CNGA3","CNGA3"
"C11H17orf107","C17orf107"
"UBXN6","UBXN6"
"PEG3","PEG3"
"DISP1","DISP1"
"NDFIP2","NDFIP2"
"RABGEF1","RABGEF1"
"MINK1","MINK1"
"KIAA1217","KIAA1217"
"FGD6","FGD6"
"PIGN","PIGN"
"VWA3B","VWA3B"
"OAS1","OAS1"
"C27H8orf48","C8orf48"
"IZUMO2","IZUMO2"
"PHACTR2","PHACTR2"
"SEMA4D","SEMA4D"
"DUSP4","DUSP4"
"ARHGAP29","ARHGAP29"
"MON2","MON2"
"B3GAT2","B3GAT2"
"HDGFL2","HDGFL2"
"TNKS","TNKS"
"DPF2","TIGD3"
"CHRNG","CHRNG"
"ENTPD1","ENTPD1"
"PPFIA2","PPFIA2"
"KCTD7","KCTD7"
"MYH14","MYH14"
"IL17B","IL17B"
"UNC80","UNC80"
"OVCA2","DPH1"
"ACBD4","ACBD4"
"","CDC14C"
"","CDC14B"
"PLIN4","PLIN4"
"SOD1","SOD1"
"GRPEL2","GRPEL2"
"CENPA","CENPA"
"RPH3A","RPH3A"
"GPHA2","GPHA2"
"GLOD4","GLOD4"
"DUSP10","DUSP10"
"LRG1","LRG1"
"CDC20","CDC20"
"SCAF4","SCAF4"
"PLCD3","PLCD3"
"AFAP1L1","AFAP1L1"
"PPP1R3B","PPP1R3B"
"SLC35F6","SLC35F6"
"FLNC","FLNC"
"RSAD1","RSAD1"
"","CKS2"
"MRM3","MRM3"
"PLIN5","PLIN5"
"EIF4E2","EIF4E2"
"TPC3",""
"MPL","MPL"
"TGFB2","TGFB2"
"SEMA6B","SEMA6B"
"LALBA","LALBA"
"ACSF2","ACSF2"
"SLC22A11","SLC22A11"
"ERI1","ERI1"
"DEPDC4","DEPDC4"
"GEMIN4","GEMIN4"
"TNFAIP8L1","TNFAIP8L1"
"H1-10","H1-10"
"DCAKD","DCAKD"
"SECISBP2","SECISBP2"
"TIE1","TIE1"
"ZNF454","ZNF454"
"TCTN3","TCTN3"
"TPST1","TPST1"
"C1QL1","C1QL1"
"RAB7A","RAB7A"
"EFCAB8","EFCAB8"
"SLC22A12","SLC22A12"
"SLITRK1","SLITRK1"
"C2H1orf210","C1orf210"
"KIF18B","KIF18B"
"TBX5","TBX5"
"RRP15","RRP15"
"MFHAS1","MFHAS1"
"ZFP2","ZFP2"
"TLCD3A","TLCD3A"
"CIB4","CIB4"
"SPRY2","SPRY2"
"FEM1A","FEM1A"
"SLC2A1","SLC2A1"
"RAB11FIP5","RAB11FIP5"
"FCHSD1","FCHSD1"
"GPR62","GPR62"
"CXHXorf66","CXorf66"
"PARP3","PARP3"
"CLDN17","CLDN17"
"KDM4B","KDM4B"
"NRXN2","NRXN2"
"GFAP","GFAP"
"VPS53","VPS53"
"KRTAP24-1","KRTAP24-1"
"PPM1H","PPM1H"
"KANSL2","KANSL2"
"NRG1","NRG1"
"ZNF691","ZNF691"
"TRABD2A","TRABD2A"
"KRTAP25-1","KRTAP25-1"
"EMX1","EMX1"
"ZNF354B","ZNF354B"
"GIGYF2","GIGYF2"
"CRCP","CRCP"
"SLITRK5","SLITRK5"
"","KRTAP26-1"
"COPG1","COPG1"
"FUCA2","FUCA2"
"NOTO","NOTO"
"GPR151","GPR151"
"KCNK3","KCNK3"
"AVPR1A","AVPR1A"
"IQCF5","IQCF5"
"VEZT","VEZT"
"BMP10","BMP10"
"SUN5","SUN5"
"FAM187A","FAM187A"
"","UFM1"
"GPC5","GPC5"
"ZNF354A","ZNF354A"
"RGS22","RGS22"
"CCDC103","DNAAF19"
"CLEC4F","CLEC4F"
"RXYLT1","RXYLT1"
"IQCF2","IQCF2"
"TLR5","TLR5"
"EFTUD2","EFTUD2"
"TICAM1","TICAM1"
"DRC1","DRC1"
"RELL2","RELL2"
"PROP1","PROP1"
"SRGAP1","SRGAP1"
"ETAA1","ETAA1"
"PSMD5","PSMD5"
"ORAI1","ORAI1"
"CCNT1","CCNT1"
"BPIFB2","BPIFB2"
"CLK4","CLK4"
"RAB21","RAB21"
"MYCBPAP","MYCBPAP"
"","RPE"
"","RPEL1"
"MORN3","MORN3"
"PLIN3","PLIN3"
"","IQCF2"
"PEX3","PEX3"
"KCMF1","KCMF1"
"IQCF6","IQCF6"
"SPRED2","SPRED2"
"ALDH18A1","ALDH18A1"
"HDAC3","HDAC3"
"SLITRK6","SLITRK6"
"SCYL2","SCYL2"
"GRM2","GRM2"
"KANSL1L","KANSL1L"
"BPIFB6","BPIFB6"
"TMEM120B","TMEM120B"
"TBC1D15","TBC1D15"
"UCHL3","UCHL3"
"BPNT1","BPNT1"
"ARRDC5","ARRDC5"
"DNAH6","DNAH6"
"ASL","ASL"
"CHAD","CHAD"
"RPH3AL","RPH3AL"
"ODAD2","ODAD2"
"UHRF1","UHRF1"
"PPP3R1","PPP3R1"
"SELENOI","SELENOI"
"TEX264","TEX264"
"EPN3","EPN3"
"PHF19","PHF19"
"BPIFB3","BPIFB3"
"DIAPH1",""
"ADCY6","ADCY6"
"ADAT2","ADAT2"
"ADGRF3","ADGRF3"
"KICS2","KICS2"
"HIGD1B","HIGD1B"
"GABRQ","GABRQ"
"","ACADL"
"C6H12orf56","C12orf56"
"IARS2","IARS2"
"GJC1","GJC1"
"TNFRSF11A","TNFRSF11A"
"","CAP1"
"GPR50","GPR50"
"MKX","MKX"
"SLC17A8","SLC17A8"
"DUSP26","DUSP26"
"KCP","KCP"
"BPIFB4","BPIFB4"
"AIG1","AIG1"
"HADHB","HADHB"
"PTPRS","PTPRS"
"GABRE","GABRE"
"SPATA20","SPATA20"
"RHOF","RHOF"
"MYL1","MYL1"
"ADAM11","ADAM11"
"RNF122","RNF122"
"CNGA2","CNGA2"
"DMRTB1","DMRTB1"
"UNC45B","UNC45B"
"SORBS1","SORBS1"
"FGFR4","FGFR4"
"DHCR24","DHCR24"
"RAB18","RAB18"
"LIAT1","LIAT1"
"","VMA21"
"NR1H4","NR1H4"
"IRF5","IRF5"
"CRK","CRK"
"SETD1B","SETD1B"
"PASD1","PASD1"
"PLEK","PLEK"
"XPOT","XPOT"
"KCNC2","KCNC2"
"LANCL1","LANCL1"
"CACNB3","CACNB3"
"ABCA9","ABCA9"
"CACNA1G","CACNA1G"
"MYO1C","MYO1C"
"RAB3GAP2","RAB3GAP2"
"GARIN5B","GARIN5B"
"CIMAP2","CIMAP2"
"AVPR2","AVPR2"
"SUCLG1","SUCLG1"
"HIVEP2","HIVEP2"
"CLDN23","CLDN23"
"PCDHGC5","PCDHGC5"
"C11H17orf67","C17orf67"
"EPS8L1","EPS8L1"
"METAP2","METAP2"
"ARHGAP4","ARHGAP4"
"TTC22","TTC22"
"RELCH","RELCH"
"UBXN8","UBXN8"
"SLC15A4","SLC15A4"
"C8A","C8A"
"DGKE","DGKE"
"PNO1","PNO1"
"TNPO3","TNPO3"
"GUSB","GUSB"
"GSR","GSR"
"PCDHB14","PCDHB14"
"CPS1","CPS1"
"OTOGL","OTOGL"
"ZNF346","ZNF346"
"TBK1","TBK1"
"HOOK1","HOOK1"
"TMEM132E","TMEM132E"
"BMI1","BMI1"
"INPP5K","INPP5K"
"PCDHB2","PCDHB2"
"TRAF1","TRAF1"
"KCNJ2","KCNJ2"
"SPAG1","SPAG1"
"RASGRP2","RASGRP2"
"LYG1","LYG1"
"USP44","USP44"
"VKORC1L1","VKORC1L1"
"GLT1D1","GLT1D1"
"C1D","C1D"
"SAFB2","SAFB2"
"ANKFN1","ANKFN1"
"HADHA","HADHA"
"COMMD3","COMMD3"
"PITPNA","PITPNA"
"EIF2AK3","EIF2AK3"
"C5","C5"
"TXNRD1","TXNRD1"
"KCNJ13","KCNJ13"
"SKIDA1","SKIDA1"
"PHLDA1",""
"SMIM18","SMIM18"
"","PCDHA7"
"","PCDHA9"
"DDX23","DDX23"
"","C20orf144"
"CHCHD2","CHCHD2"
"SLC39A12","SLC39A12"
"NAP1L1","NAP1L1"
"GLI1","GLI1"
"RBPMS","RBPMS"
"SNORC","SNORC"
"","DLGAP5"
"KCNJ16","KCNJ16"
"CBFA2T2","CBFA2T2"
"eca-mir-30c-2","MIR30C2"
"NGEF","NGEF"
"ISY1","ISY1"
"NUPR2","NUPR2"
"PYGM","PYGM"
"UIMC1","UIMC1"
"PHKG1","PHKG1"
"RAD54L2","RAD54L2"
"SERTAD2","SERTAD2"
"RNF19A","RNF19A"
"PTCHD3","PTCHD3"
"SAFB","SAFB"
"CNBP","CNBP"
"CCT6A","CCT6A"
"ACADL","ACADL"
"eca-mir-9181",""
"YME1L1","YME1L1"
"MAP2K6","MAP2K6"
"","RAB43"
"FSIP1",""
"MIR128-1","MIR128-1"
"GAREM2","GAREM2"
"DDN","DDN"
"SNORA84","SNORA84"
"ZCCHC2","ZCCHC2"
"PDLIM1","PDLIM1"
"eca-let-7f","MIRLET7F1"
"ARHGAP9","ARHGAP9"
"eca-let-7d","MIRLET7D"
"LONP1","LONP1"
"GP9","GP9"
"MIRLET7A1","MIRLET7A1"
"R3HDM1","R3HDM1"
"NECAB3","NECAB3"
"MARK1",""
"HVCN1","HVCN1"
"eca-mir-8949",""
"HK3","HK3"
"OSBPL8","OSBPL8"
"BICD2","BICD2"
"CYP2C107",""
"PRKAG1","PRKAG1"
"NEU2","NEU2"
"PSPH","PSPH"
"KIF3C","KIF3C"
"EFCC1",""
"PLXNB3","PLXNB3"
"ANKRD46","ANKRD46"
"ACTR2","ACTR2"
"SF1","SF1"
"SPMIP9","SPMIP9"
"INPP5D","INPP5D"
"CNTRL","CNTRL"
"FOXI3","FOXI3"
"CEP68","CEP68"
"CFAP92","CFAP92"
"U6","RNU6-75P"
"ASXL2","ASXL2"
"UNC5A","UNC5A"
"ACOXL","ACOXL"
"CYP2J2","CYP2J2"
"eca-mir-19b","MIR19B1"
"HCCS","HCCS"
"MARS1","MARS1"
"MIR18A","MIR18A"
"eca-mir-17","MIR17"
"CYP2C108",""
"MICOS13","MICOS13"
"MIR20A","MIR20A"
"SNX31","SNX31"
"eca-mir-19a","MIR19A"
"CYP2C92",""
"ARHGAP6","ARHGAP6"
"RPL36","RPL36"
"SAG","SAG"
"ACTL10","ACTL10"
"TSPAN33","TSPAN33"
"PXMP4","PXMP4"
"C8B","C8B"
"HSD11B1L","HSD11B1L"
"RASGEF1C","RASGEF1C"
"PPP1CC","PPP1CC"
"LHX1","LHX1"
"RAB1A","RAB1A"
"KMT2D","KMT2D"
"ZNF341","ZNF341"
"ERMAP","ERMAP"
"DGKD","DGKD"
"FYB2","FYB2"
"SMO","SMO"
"SLFN5","SLFN5"
"ABCA10","ABCA10"
"C30H1orf115","C1orf115"
"MTNR1A","MTNR1A"
"SVBP","SVBP"
"CATSPERD","CATSPERD"
"EID3","EID3"
"TRIML1","TRIML1"
"BCL2L11","BCL2L11"
"NIPSNAP2","NIPSNAP2"
"MTARC2","MTARC2"
"JCAD","JCAD"
"TMEM269",""
"TRIML2","TRIML2"
"MASTL","MASTL"
"CHST11","CHST11"
"C2H1orf50","C1orf50"
"MAP4K2","MAP4K2"
"CALD1","CALD1"
"PABPC1","PABPC1"
"MTARC1","MTARC1"
"ACAD9","ACAD9"
"ZFP42","ZFP42"
"AMELX","AMELX"
"RPA4","RPA4"
"BSND","BSND"
"RNF130","RNF130"
"ZNRF4","ZNRF4"
"CCT6B","CCT6B"
"HLX","HLX"
"ZNF713","MRPS17"
"FAT1","FAT1"
"PRKAA2","PRKAA2"
"BCAP31","BCAP31"
"DCAF1","DCAF1"
"TCTN1","TCTN1"
"DIAPH2","DIAPH2"
"MTPAP","MTPAP"
"CYP2C111",""
"SLC1A4","SLC1A4"
"RALB","RALB"
"ZNF713",""
"FAM177B","FAM177B"
"BBS10","BBS10"
"CYP2C110",""
"DDIT3","DDIT3"
"MAP3K8","MAP3K8"
"MBD6","MBD6"
"ABCD1","ABCD1"
"DTNB","DTNB"
"BROX","BROX"
"ZDHHC17","ZDHHC17"
"SEPTIN14","SEPTIN14"
"DCTN6","DCTN6"
"ACBD5","ACBD5"
"MSL3","MSL3"
"MSL3","MSL3B"
"MEN1","MEN1"
"AHSP","AHSP"
"DCTN2","DCTN2"
"PTPN4","PTPN4"
"VAX2","VAX2"
"RUSF1","RUSF1"
"IDH3G","IDH3G"
"BAMBI","BAMBI"
"SLC41A2","SLC41A2"
"PCDH11X","PCDH11X"
"PCDH11X","PCDH11Y"
"IQSEC1","IQSEC1"
"MEIS1","MEIS1"
"TMEM140","TMEM140"
"EHD1","EHD1"
"TMEM61","TMEM61"
"ATG2A","ATG2A"
"ZNF830","ZNF830"
"MBOAT4","MBOAT4"
"ABCA5","ABCA5"
"U6","RNU6-354P"
"U6","RNU6-610P"
"PPP1R12C","PPP1R12C"
"LEPROTL1","LEPROTL1"
"ECSCR","ECSCR"
"PLPP3","PLPP3"
"HEATR6","HEATR6"
"PARD3","PARD3"
"U6","RNU6-752P"
"U6","RNU6-1301P"
"eca-mir-155","MIR155"
"CHMP4B","CHMP4B"
"CHMP4B","CHMP4BP1"
"ANOS1","ANOS1"
"eca-mir-9027",""
"RALY","RALY"
"RAB14","RAB14"
"CSRP2","CSRP2"
"SARAF","SARAF"
"AIDA","AIDA"
"FAM133A","FAM133A"
"SSR4","SSR4"
"SCARF1","SCARF1"
"","TMEM177"
"TTI2","TTI2"
"RRM2B","RRM2B"
"DCTD","DCTD"
"CLDN19","CLDN19"
"PPP2R5B","PPP2R5B"
"BEND5","BEND5"
"RILP","RILP"
"MAK16","MAK16"
"eca-mir-1282","MIR1282"
"GSN","GSN"
"DYSF","DYSF"
"TNNT1","TNNT1"
"MGA","MGA"
"USP40","USP40"
"LDOC1","LDOC1"
"P3H1","P3H1"
"PARS2","PARS2"
"TGFB1I1","TGFB1I1"
"PRPF8",""
"MERTK","MERTK"
"PDZD4","PDZD4"
"BATF2","BATF2"
"KIF5A","KIF5A"
"PPTC7","PPTC7"
"RHO","RHO"
"ABCA6","ABCA6"
"YBX1",""
"E2F7","E2F7"
"FUT10","FUT10"
"VPS39","VPS39"
"NAP1L3","NAP1L3"
"TMEM87B","TMEM87B"
"IFT122","IFT122"
"RHEBL1","RHEBL1"
"PABPC5","PABPC5"
"TNNI3","TNNI3"
"TTC4","TTC4"
"HELT","HELT"
"SERPINF2","SERPINF2"
"STING1","STING1"
"","AZIN1"
"ABI1","ABI1"
"FAM20A","FAM20A"
"NOPCHAP1","NOPCHAP1"
"NLGN4X","NLGN4X"
"NLGN4X","NLGN4Y"
"RAD9B","RAD9B"
"PPIH","PPIH"
"SNX15","SNX15"
"SPATA17","SPATA17"
"SYT5","SYT5"
"WRN","WRN"
"ASIP","ASIP"
"ACSL1","ACSL1"
"PRKAR1A","PRKAR1A"
"RNF135","RNF135"
"MAMLD1","MAMLD1"
"CPXCR1","CPXCR1"
"WDR81","WDR81"
"RBM15B","RBM15B"
"PUDP","PUDP"
"UBR5","UBR5"
"ALDH1L2","ALDH1L2"
"MROH7","MROH7"
"ADAP2","ADAP2"
"U6","RNU6-593P"
"CCDC30","CCDC30"
"","BZW2"
"SNORA66",""
"SNORA66","SNORA66"
"SMIM33","SMIM33"
"PPP6R1","PPP6R1"
"SNORD21","SNORD21"
"MIR137","MIR137"
"AHCY","AHCY"
"ATP6AP1","ATP6AP1"
"","TGFBR3"
"AOC2","AOC2"
"CLCN4","CLCN4"
"U6","RNU6-35P"
"U6","RNU6-140P"
"U6","RNU6-756P"
"DNAJC18","DNAJC18"
"ITCH","ITCH"
"GPATCH2","GPATCH2"
"FBLN7","FBLN7"
"U6","RNU6-1296P"
"MIR145","MIR145"
"TEFM","TEFM"
"MANF","MANF"
"VPS29","VPS29"
"eca-mir-143","MIR143"
"U6","RNU6-827P"
"PURG","PURG"
"MRNIP","MRNIP"
"PRKD3","PRKD3"
"GDI1","GDI1"
"FAM151A","FAM151A"
"SMYD4","SMYD4"
"PTPRH","PTPRH"
"MIR378A","MIR378A"
"ATAD5","ATAD5"
"eca-mir-9156",""
"STOM","STOM"
"MGAT4B","MGAT4B"
"WASHC4","WASHC4"
"","GABARAPL1"
"DOCK3","DOCK3"
"TEX15","TEX15"
"GPN3","GPN3"
"ACOT11","ACOT11"
"CAMK2A","CAMK2A"
"TBC1D9B","TBC1D9B"
"TMEM86B","TMEM86B"
"FGF13",""
"PCDH17","PCDH17"
"ARL4D","ARL4D"
"FAM50A","FAM50A"
"HSPBP1","HSPBP1"
"ZC3H8","ZC3H8"
"PPP2CB","PPP2CB"
"NDUFAF7","NDUFAF7"
"CCDC200","CCDC200"
"BRSK1","BRSK1"
"PDSS1","PDSS1"
"ZC3H6","ZC3H6"
"SPATA24","SPATA24"
"CRLF3","CRLF3"
"U4","RNU4-20P"
"SERPINF1","SERPINF1"
"NBR1","NBR1"
"STS","STS"
"U6","RNU6-476P"
"U6","RNU6-653P"
"U6","RNU6-288P"
"U6","RNU6-1136P"
"TRIM69","TRIM69"
"MICU3","MICU3"
"SLC23A1","SLC23A1"
"PLXNA3","PLXNA3"
"SNORD37","SNORD37"
"PCDH20","PCDH20"
"eca-mir-8987",""
"eca-mir-7143",""
"eca-mir-8991",""
"eca-mir-8996",""
"RPA1","RPA1"
"","POLE3"
"MZB1","MZB1"
"eca-mir-7-2","MIR7-3"
"SLC5A2","SLC5A2"
"MID1","MID1"
"eca-mir-1905c",""
"DIAPH3","DIAPH3"
"TGIF2LX","TGIF2LX"
"TGIF2LX","TGIF2LY"
"eca-mir-8982",""
"PAIP2","PAIP2"
"TMEM150B","TMEM150B"
"LYPLAL1","LYPLAL1"
"MATR3","MATR3"
"ARPC3","ARPC3"
"SQSTM1","SQSTM1"
"SSBP3","SSBP3"
"ZDHHC2","ZDHHC2"
"ADAL","MAPDA"
"SUZ12","SUZ12"
"KMT5C","KMT5C"
"CEBPZ","CEBPZ"
"ARHGEF25","ARHGEF25"
"KDM3A","KDM3A"
"PRSS53","PRSS53"
"SLITRK2","SLITRK2"
"PCYOX1L","PCYOX1L"
"","FUT5"
"","FUT6"
"","FUT3"
"TTLL11","TTLL11"
"LTC4S","LTC4S"
"ARHGEF18","ARHGEF18"
"BRINP3","BRINP3"
"PNPLA4","PNPLA4"
"SPR","SPR"
"CD207","CD207"
"MAML1","MAML1"
"CLTC","CLTC"
"ZMYND12","ZMYND12"
"PRL","PRL"
"ANAPC7","ANAPC7"
"EXOC7","EXOC7"
"CNOT7","CNOT7"
"SLITRK4","SLITRK4"
"GRHL2","GRHL2"
"IL11","IL11"
"CEBPZOS","CEBPZOS"
"ITGAX","ITGAX"
"RTN4RL1","RTN4RL1"
"TMEM106A","TMEM106A"
"CANX","CANX"
"EFNA2","EFNA2"
"ESRRG","ESRRG"
"SULT6B1","SULT6B1"
"MORN5","MORN5"
"LAGE3","LAGE3"
"DPP9","DPP9"
"PPCS",""
"MTMR7","MTMR7"
"TMEM190","TMEM190"
"VAT1","VAT1"
"eca-mir-107b","MIR107"
"EXOC6B","EXOC6B"
"eca-mir-9052-1",""
"MRPL37","MRPL37"
"SLC17A2","SLC17A2"
"RIMKLA","RIMKLA"
"eca-mir-9053",""
"NCALD","NCALD"
"DUSP9","DUSP9"
"SHISA7","SHISA7"
"","RBP4"
"TLR7","TLR7"
"RND2","RND2"
"PIP4K2C","PIP4K2C"
"EIF2AK2","EIF2AK2"
"LAPTM4B","LAPTM4B"
"SIL1","SIL1"
"HIC1","HIC1"
"APBB1IP","APBB1IP"
"TLR8","TLR8"
"CYB5RL","CYB5RL"
"SAC3D1","SAC3D1"
"AFF2","AFF2"
"SH2D6","SH2D6"
"FOXJ3","FOXJ3"
"ISOC2","ISOC2"
"LHX6","LHX6"
"CYREN","CYREN"
"TRIM10","TRIM10"
"DTX3","DTX3"
"SLC7A2","SLC7A2"
"PIGU","PIGU"
"WAC","WAC"
"C19orf85","C19orf85"
"CBY3","CBY3"
"SLC26A10",""
"WDR91","WDR91"
"CDCA5","CDCA5"
"HNRNPH1","HNRNPH1"
"SSC5D","SSC5D"
"IFI35","IFI35"
"SMG6","SMG6"
"PTRH2","PTRH2"
"TRIM15","TRIM15"
"ZFR2","ZFR2"
"","UGT1A4"
"","UGT1A5"
"","UGT1A3"
"MATN2","MATN2"
"MBD4","MBD4"
"RUNDC1","RUNDC1"
"","TMSB4Y"
"APPL2","APPL2"
"PTPRQ","PTPRQ"
"FGGY","FGGY"
"TDRD3","TDRD3"
"ZNF322","ZNF322"
"RUFY1","RUFY1"
"CYTL1","CYTL1"
"PTGES3L","PTGES3L"
"ITGAM","ITGAM"
"FRMPD4","FRMPD4"
"UNC5D","UNC5D"
"ZNF638","ZNF638"
"OR14I5P",""
"NFIC","NFIC"
"VMP1","VMP1"
"HCRT","HCRT"
"NKX1-1","NKX1-1"
"OR2T1B","OR2T1"
"NAALADL1","NAALADL1"
"MAN2B2","MAN2B2"
"AARSD1","AARSD1"
"GPATCH11","GPATCH11"
"LMBR1L","LMBR1L"
"CENPU","CENPU"
"KRT15","KRT35"
"B4GALNT1","B4GALNT1"
"GUCA2A","GUCA2A"
"U6","RNU6-1224P"
"PDGFRL","PDGFRL"
"NAT14",""
"CAND2","CAND2"
"AOC3","AOC3"
"KRT16","KRT16"
"EPX","EPX"
"HS3ST1","HS3ST1"
"U6","RNU6-332P"
"TRIT1","TRIT1"
"CTNNA1","CTNNA1"
"SBK2","SBK2"
"","COA3"
"TMEM225B",""
"ADAMTS2","ADAMTS2"
"USH2A","USH2A"
"ZNF579","ZNF579"
"MTUS1","MTUS1"
"SRR","SRR"
"BECN1","BECN1"
"STRA8","STRA8"
"SLMAP","SLMAP"
"HEATR5B","HEATR5B"
"","KRT9"
"TM7SF2","TM7SF2"
"MKS1","MKS1"
"ADGRD2","ADGRD2"
"","UGT1A6"
"FIZ1","FIZ1"
"","HDGFL1"
"FMR1","FMR1"
"TP53INP2","TP53INP2"
"KRT36","KRT36"
"ZNF524","ZNF524"
"STK32B","STK32B"
"TSR1","TSR1"
"RAMP2","RAMP2"
"NCOA6","NCOA6"
"LYZL1","LYZL1"
"LYZL1","LYZL2"
"CLDN34","CLDN34"
"RPL32","RPL32"
"TBL1X","TBL1Y"
"TBL1X","TBL1X"
"FZD8","FZD8"
"NR6A1","NR6A1"
"RPL30",""
"TMEM40","TMEM40"
"ZNF865","ZNF865"
"TRIM27","TRIM27"
"ERICH5","ERICH5"
"CNTD1","CNTD1"
"OS9","OS9"
"ZFPL1","ZFPL1"
"SGSM2","SGSM2"
"DHH","DHH"
"WNK4","WNK4"
"RIDA","RIDA"
"KRT33B","KRT33A"
"YJU2","YJU2"
"GGT7","GGT7"
"JUN","JUN"
"","ATP5MC3"
"VPS51","VPS51"
"ZEB1","ZEB1"
"TUBA1A","TUBA1A"
"MYSM1","MYSM1"
"KRTAP16-1","KRTAP16-1"
"STAB2","STAB2"
"PAIP2B","PAIP2B"
"OR2V1C","OR2V1"
"ZNHIT2","ZNHIT2"
"GLIPR1","GLIPR1"
"ZNF784","ZNF784"
"OR2T68",""
"POP1","POP1"
"","BMP8B"
"","BMP8A"
"CPZ","CPZ"
"SYVN1","SYVN1"
"KCNU1","KCNU1"
"VPS25","VPS25"
"","PPIE"
"TRIM72","TRIM72"
"","KRTAP9-8"
"","KRTAP9-2"
"","KRTAP9-6"
"","KRTAP9-3"
"","KRTAP9-4"
"","KRTAP9-9"
"","KRTAP9-7"
"RAF1","RAF1"
"LPO","LPO"
"","CRABP1"
"SMURF2","SMURF2"
"PRIMPOL","PRIMPOL"
"OR2B2","OR2B2"
"NR5A1","NR5A1"
"ATP2A2","ATP2A2"
"","ATP6V1G3"
"GPR143","GPR143"
"ACSS2","ACSS2"
"","KRTAP4-2"
"","KRTAP4-1"
"CNOT4","CNOT4"
"CYP26B1","CYP26B1"
"MNT","MNT"
"","KRTAP9-1"
"TACSTD2","TACSTD2"
"CTBP1","CTBP1"
"AGAP2","AGAP2"
"MPO","MPO"
"PCDH9","PCDH9"
"KCTD3","KCTD3"
"PYCARD","PYCARD"
"MKRN2","MKRN2"
"TEX261","TEX261"
"SHROOM2","SHROOM2"
"ESRP1","ESRP1"
"MRPL49",""
"LRRTM2","LRRTM2"
"OXCT2","OXCT2"
"OMA1","OMA1"
"KCNIP3","KCNIP3"
"UVSSA","UVSSA"
"TSPOAP1","TSPOAP1"
"PRPH","PRPH"
"","KRTAP4-6"
"","KRTAP4-7"
"","KRTAP4-12"
"PAFAH1B1","PAFAH1B1"
"SPDYC","SPDYC"
"HSPA9","HSPA9"
"NAGK","NAGK"
"MAEA","MAEA"
"TROAP","TROAP"
"MARCHF9","MARCHF9"
"NUP205","NUP205"
"MKRN2OS",""
"PROM2","PROM2"
"HPCAL4","HPCAL4"
"ZNF438","ZNF438"
"CEP95","CEP95"
"CAPN1","CAPN1"
"WWC3","WWC3"
"CASP3","CASP3"
"CAMKK2","CAMKK2"
"TSEN2","TSEN2"
"DENND6A","DENND6A"
"TSPAN31","TSPAN31"
"NT5C1A","NT5C1A"
"ANKRD53","ANKRD53"
"IRF2","IRF2"
"DAB1","DAB1"
"CDK4","CDK4"
"NT5DC3","NT5DC3"
"","TAF1A"
"TMEM129","TMEM129"
"C1QL4","C1QL4"
"STRN","STRN"
"PIGG","PIGG"
"CLUH","CLUH"
"HEYL","HEYL"
"ZACN","ZACN"
"PPM1D","PPM1D"
"U6","RNU6-506P"
"U6","RNU6-1303P"
"ANTXR1","ANTXR1"
"eca-mir-153-2","MIR153-1"
"DNAJC22","DNAJC22"
"MIR26B","MIR26B"
"MYL6","MYL6"
"","MAL"
"APPBP2","APPBP2"
"HHIPL2","HHIPL2"
"","NDUFA4"
"SLC22A20",""
"ENPP6","ENPP6"
"PABPC4","PABPC4"
"DPY19L4","DPY19L4"
"eca-mir-8976",""
"ZNF892","ZNF892"
"PPARG","PPARG"
"MIR375","MIR375"
"GJD4","GJD4"
"GSS","GSS"
"MREG","MREG"
"SPATS2","SPATS2"
"GALR2","GALR2"
"ZNF2","ZNF2"
"STOX2","STOX2"
"ETF1",""
"SRP68","SRP68"
"POLA2","POLA2"
"RPL35",""
"HSP90B1","HSP90B1"
"MPP7","MPP7"
"","PCGF5"
"CHCT1","CHCT1"
"USP24","USP24"
"PTPRN","PTPRN"
"DDX5","DDX5"
"H3C12","H3C10"
"","CRIPTO3"
"","CRIPTO"
"TACC3","TACC3"
"USP32","USP6"
"USP32","USP32"
"SYN2","SYN2"
"ZNF514","ZNF514"
"DHRS13","DHRS13"
"","MIA3"
"PLCXD1","PLCXD1"
"PRSS8","PRSS8"
"ARF4","ARF4"
"","H2AC12"
"SMARCC2","SMARCC2"
"WFS1","WFS1"
"OLFML2A","OLFML2A"
"CDC42EP2","CDC42EP2"
"MACF1","MACF1"
"PRPF40B","PRPF40B"
"VIT","VIT"
"GTPBP6","GTPBP6"
"TCF21","TCF21"
"H2BC15","H2BC15"
"CDK3","CDK3"
"TIMP4","TIMP4"
"PLCD4","PLCD4"
"EGR1","EGR1"
"PRSS36","PRSS36"
"SLC10A3","SLC10A3"
"IFNGR1","IFNGR1"
"SLC25A45","SLC25A45"
"","H2BC1"
"REEP2","REEP2"
"H1-5","H1-5"
"EVPL","EVPL"
"DNAH12","DNAH12"
"MILR1","MILR1"
"TRAPPC11","TRAPPC11"
"TAMM41","TAMM41"
"FAM53C","FAM53C"
"EPC1","EPC1"
"NRSN1","NRSN1"
"IFT81","IFT81"
"OTOP1","OTOP1"
"OLIG3","OLIG3"
"DCDC2","DCDC2"
"MYH7B","MYH7B"
"WDR38","WDR38"
"EPRS1","EPRS1"
"PPP2R3B","PPP2R3B"
"PPP2R2C","PPP2R2C"
"UBL4A","UBL4A"
"UQCC6","UQCC6"
"FRMD8","FRMD8"
"TEN1","TEN1"
"PLAT","PLAT"
"TNFAIP3","TNFAIP3"
"MRS2","MRS2"
"ACOX1","ACOX1"
"FAM3A","FAM3A"
"NOG","NOG"
"TDG","TDG"
"GKN2","GKN2"
"PHF12","PHF12"
"CCL8","CCL13"
"RNF212","RNF212"
"PECAM1","PECAM1"
"INTS8","INTS8"
"LIG4","LIG4"
"CDC25C","CDC25C"
"SLC39A5","SLC39A5"
"VGLL4","VGLL4"
"PERP","PERP"
"ABHD13","ABHD13"
"GOLGA1","GOLGA1"
"NRP1","NRP1"
"U6","RNU6-1212P"
"RNF41","RNF41"
"EVC","EVC"
"U6","RNU6-1024P"
"KAT8","KAT8"
"ARFGEF3","ARFGEF3"
"U6","RNU6-320P"
"GKN1","GKN1"
"U6","RNU6-786P"
"NALF1","NALF1"
"SHOX","SHOX"
"FBF1","FBF1"
"SCYL1","SCYL1"
"CCL1",""
"","MALL"
"","CRLF2"
"eca-mir-9080",""
"C3H4orf50",""
"NLE1","NLE1"
"BCKDK","BCKDK"
"NABP2","NABP2"
"G6PD","G6PD"
"ATG7","ATG7"
"SEZ6","SEZ6"
"GPLD1","GPLD1"
"GLT8D2","GLT8D2"
"ARHGAP25","ARHGAP25"
"NPHP1","NPHP1"
"ANKRD52","ANKRD52"
"C1orf53","C1orf53"
"PCSK9","PCSK9"
"FNDC8","FNDC8"
"PIPOX","PIPOX"
"gh","GH1"
"gh","CSH1"
"gh","GH2"
"gh","CSH2"
"gh","CSHL1"
"JAKMIP1","JAKMIP1"
"ELAVL4","ELAVL4"
"SCAI","SCAI"
"TRPC4AP","TRPC4AP"
"ITGB1","ITGB1"
"MYO18A","MYO18A"
"MTLN","MTLN"
"ERN1","ERN1"
"IKBKG","IKBKG"
"U2AF2","U2AF2"
"BUB1","BUB1"
"","KRTAP10-4"
"","KRTAP10-11"
"HCFC2","HCFC2"
"PDE12","PDE12"
"RWDD4","RWDD4"
"P2RX7","P2RX7"
"ZNF646","ZNF646"
"LTBP3","LTBP3"
"","KRTAP1-3"
"","KRTAP1-1"
"","KRTAP1-5"
"","KRTAP1-4"
"KCNH3","KCNH3"
"KRT40","KRT40"
"HESX1","HESX1"
"FEZ2","FEZ2"
"TNFAIP2","TNFAIP2"
"MIR383","MIR383"
"GTF2E2","GTF2E2"
"TRIM65","TRIM65"
"MMGT1","MMGT1"
"PROKR1","PROKR1"
"AP3M2","AP3M2"
"EDEM2","EDEM2"
"KRT23","KRT23"
"FAM186B","FAM186B"
"LRP8","LRP8"
"VPS37A","VPS37A"
"","MRPS17"
"ING2","ING2"
"RGS18","RGS18"
"SNORD82","SNORD82"
"CRMP1","CRMP1"
"SNORD20","SNORD20"
"SNORA75","SNORA75"
"SNORA75","SNORA75B"
"KCNH5","KCNH5"
"","CTAG1A"
"","CTAG2"
"","CTAG1B"
"APLF","APLF"
"HRH1","HRH1"
"SLC30A10","SLC30A10"
"TEDC1","TEDC1"
"PGS1","PGS1"
"STX1B","STX1B"
"NFYB","NFYB"
"CDKN2AIP","CDKN2AIP"
"PPP6C","PPP6C"
"EPN1","EPN1"
"","H2AB1"
"","H2AB3"
"","H2AB2"
"CCDC7",""
"COQ10A","COQ10A"
"SCARNA6","SCARNA6"
"eca-mir-8974",""
"eca-mir-8978",""
"KRT20","KRT20"
"GPR37L1","GPR37L1"
"eca-mir-1302d-4",""
"","MIR1244-2"
"","MIR1244-3"
"","MIR1244-1"
"","MIR1244-4"
"RABEPK","RABEPK"
"SIX1","SIX1"
"GAB3","GAB3"
"RGS21","RGS21"
"ICAM2","ICAM2"
"ZNF581","ZNF581"
"","KAT6A"
"SIX4","SIX4"
"CCNE2","CCNE2"
"CAPG","CAPG"
"ALDH5A1","ALDH5A1"
"MCRS1","MCRS1"
"WWC2","WWC2"
"PROCR","PROCR"
"SLC6A1","SLC6A1"
"IL20RA","IL20RA"
"KRT12","KRT12"
"PRR29","PRR29"
"ZNF580","ZNF580"
"RGS1","RGS1"
"CCDC106","CCDC106"
"ANK1","ANK1"
"EFNB2","EFNB2"
"MNAT1","MNAT1"
"HSPA5","HSPA5"
"CS","CS"
"P2RX4","P2RX4"
"KRT10A","KRT10"
"GALR1","GALR1"
"DKC1","DKC1"
"MMP24","MMP24"
"CRIM1","CRIM1"
"TBPL1","TBPL1"
"EFHD1","EFHD1"
"FMNL3","FMNL3"
"ZNF324","ZNF324"
"ZNF324","ZNF324B"
"DIPK1C","DIPK1C"
"RBM18","RBM18"
"RGS13","RGS13"
"EIF6","EIF6"
"DUXA","DUXA"
"NME5","NME5"
"SOCS3","SOCS3"
"TIMELESS","TIMELESS"
"ARGLU1","ARGLU1"
"TP53INP1","TP53INP1"
"DLK1","DLK1"
"RAD51D","RAD51D"
"","CCDC7"
"TMEM128","TMEM128"
"RGS2","RGS2"
"IRS2","IRS2"
"KIAA0319","KIAA0319"
"PLEKHF2","PLEKHF2"
"MRRF","MRRF"
"","ZBTB49"
"SNORD96","SNORD96B"
"SNORD96","SNORD96A"
"ATG16L1","ATG16L1"
"MPP1","MPP1"
"SNORD95","SNORD95"
"NSG1","NSG1"
"PDK3","PDK3"
"RHBDF2","RHBDF2"
"ZNF516","ZNF516"
"FBXO48","FBXO48"
"eca-mir-1271a",""
"ATP6V1G3","ATP6V1G3"
"eca-mir-340","MIR340"
"TMEM260","TMEM260"
"ANAPC5","ANAPC5"
"ELMOD3","ELMOD3"
"eca-mir-9161",""
"KIF5B","KIF5B"
"FAM171A1","FAM171A1"
"SNRNP27",""
"NUFIP2","NUFIP2"
"KRT28","KRT28"
"STK10","STK10"
"NDUFS5","NDUFS5"
"TMEM121","TMEM121"
"SLC2A12","SLC2A12"
"AANAT","AANAT"
"IL23A","IL23A"
"STX18","STX18"
"CRYBA1","CRYBA1"
"FIGLA","FIGLA"
"RFFL","RFFL"
"PTPRC","PTPRC"
"BRD8","BRD8"
"STX4","STX4"
"U6","RNU6-1111P"
"GRK1","GRK1"
"CNPY2",""
"TMEM275","TMEM275"
"ASB13","ASB13"
"TARBP2","TARBP2"
"TAOK1","TAOK1"
"U6","RNU6-280P"
"PARD6G","PARD6G"
"UQCC1","FAM83C"
"","RPL10"
"PCYT1B","PCYT1B"
"UBE2O","UBE2O"
"MYO16","MYO16"
"U6","RNU6-489P"
"U6","RNU6-304P"
"U6","RNU6-1056P"
"U6","RNU6-1192P"
"U6","RNU6-306P"
"GJA9","GJA9"
"ARC","ARC"
"APPL1","APPL1"
"KRT25","KRT25"
"RETSAT","RETSAT"
"ADD2","ADD2"
"LMAN2","LMAN2"
"eca-mir-2114",""
"eca-mir-8908f-2",""
"KIF26A","KIF26A"
"THEM6","THEM6"
"OTX2","OTX2"
"PAN2","PAN2"
"AKR1E2","AKR1E2"
"eca-mir-8908b-3",""
"LYPD2","LYPD2"
"RNF34","RNF34"
"eca-mir-8908l-2",""
"eca-mir-509a","MIR509-1"
"eca-mir-509a","MIR509-3"
"FBXL19","FBXL19"
"NDUFAF6","NDUFAF6"
"eca-mir-507b","MIR513A2"
"eca-mir-507b","MIR513B"
"ADNP2","ADNP2"
"PTGS1","PTGS1"
"eca-mir-8908c-2",""
"LY6D","LY6D"
"KRT26","KRT26"
"SPHK1","SPHK1"
"eca-mir-8908c-3",""
"TGOLN2","TGOLN2"
"eca-mir-8908b-5",""
"ALDH8A1","ALDH8A1"
"RPL26L1","ATP6V0E1"
"SPON2","SPON2"
"TCF7L1","TCF7L1"
"eca-mir-509b","MIR514B"
"eca-mir-8908b-1",""
"","LY6K"
"DUSP2","DUSP2"
"eca-mir-8908e",""
"CALML5","CALML5"
"eca-mir-8908g-2",""
"","SPATA31D1"
"","SPATA31D3"
"","SPATA31D4"
"PFDN5","PFDN5"
"TRMT5","TRMT5"
"FGL1","FGL1"
"KRT24","KRT24"
"ASTL","ASTL"
"CDC16","CDC16"
"","RPL12"
"LY6H","LY6H"
"KIAA1191","KIAA1191"
"eca-mir-504","MIR504"
"QRICH2","QRICH2"
"LIG3","LIG3"
"SLC38A6","SLC38A6"
"","CALML3"
"POLA1","POLA1"
"ABHD15","ABHD15"
"eca-mir-514a","MIR514A3"
"eca-mir-514a","MIR514A1"
"eca-mir-514a","MIR514A2"
"CNDP2","CNDP2"
"HMX1","HMX1"
"","KRT2"
"EHBP1L1","EHBP1L1"
"NET1","NET1"
"LRPAP1","LRPAP1"
"eca-mir-8908c-1",""
"STAT2","STAT2"
"KRT222","KRT222"
"ADRA2B","ADRA2B"
"TP53I13","TP53I13"
"KDM2B","KDM2B"
"HBS1L","HBS1L"
"eca-mir-8908i",""
"F8","F8"
"eca-mir-505","MIR505"
"TDP2","TDP2"
"eca-mir-8908j",""
"DOK7","DOK7"
"GIT1","GIT1"
"ARL10","ARL10"
"SMARCE1","SMARCE1"
"KIF20A","KIF20A"
"PTP4A3","PTP4A3"
"eca-mir-8908d-2",""
"KRT71","KRT71"
"OR1J38B",""
"MIP","MIP"
"SETD1A","SETD1A"
"eca-mir-514b","MIR506"
"eca-mir-514b","MIR507"
"IL1RN","IL1RN"
"eca-mir-8908h",""
"ZNF354C","ZNF354C"
"TMEM30B","TMEM30B"
"BCL11B","BCL11B"
"ARHGAP12","ARHGAP12"
"PCM1","PCM1"
"eca-mir-506a","MIR506"
"eca-mir-506a","MIR507"
"SPRYD4","SPRYD4"
"TGFA","TGFA"
"PRKCH","PRKCH"
"eca-mir-8908f-3",""
"eca-mir-8908m",""
"SCN4A","SCN4A"
"GMNN","GMNN"
"eca-mir-508",""
"GLS2","GLS2"
"FBXO15","FBXO15"
"FGF3","FGF3"
"Metazoa_SRP","RN7SL218P"
"eca-mir-9142",""
"ANKRD13B","ANKRD13B"
"GPAT2","GPAT2"
"GLT8D1","GLT8D1"
"MIR335","MIR335"
"eca-mir-8908g-1",""
"MROH5","MROH5"
"TUBAL3","TUBAL3"
"eca-mir-8908a-1",""
"OR1J45B",""
"eca-mir-129a","MIR129-1"
"","MRGPRD"
"CEP170B","CEP170B"
"MIR490","MIR490"
"MSX1","MSX1"
"eca-mir-9084",""
"OR1J42",""
"eca-mir-8908f-4",""
"MIR96","MIR96"
"MRGPRF","MRGPRF"
"eca-mir-29b","MIR29B1"
"eca-mir-29a","MIR29A"
"ACOT13","ACOT13"
"GLRX2","GLRX2"
"UCN3","UCN3"
"UPF3A","UPF3A"
"EVC2","EVC2"
"RBMS2","RBMS2"
"WNT8A","WNT8A"
"CA4","CA4"
"PELI3","PELI3"
"eca-mir-9082",""
"NKX6-3","NKX6-3"
"KTN1","KTN1"
"RABGAP1","RABGAP1"
"ITGA8","ITGA8"
"TIMM21","TIMM21"
"MIR592","MIR592"
"SFMBT1","SFMBT1"
"CD79B","CD79B"
"ORAI3","ORAI3"
"eca-mir-183","MIR183"
"ZNHIT3","ZNHIT3"
"AURKC","AURKC"
"GPAT4","GPAT4"
"SLC13A4","SLC13A4"
"CORO6","CORO6"
"CHAMP1","CHAMP1"
"PRPSAP1","PRPSAP1"
"CTF1","CTF1"
"ZNRD2","FAM89B"
"SMARCD2","SMARCD2"
"PIGW","PIGW"
"SETD3","SETD3"
"","ZNF236"
"MAP3K11","MAP3K11"
"TSNARE1","TSNARE1"
"ZNF264","ZNF264"
"UBALD2","UBALD2"
"OR2L5LP",""
"CNDP1","CNDP1"
"NMT2","NMT2"
"FAHD2A","FAHD2A"
"CACNA1S","CACNA1S"
"FAM13B","FAM13B"
"KCNK7","KCNK7"
"PSMC5","PSMC5"
"PHLDA2","PHLDA2"
"STAT5B","STAT5B"
"","GYPC"
"EFCAB5","EFCAB5"
"ZNF304","ZNF304"
"HS6ST1","HS6ST1"
"RNF157","RNF157"
"BCL7C","BCL7C"
"DOC2G",""
"RELA","RELA"
"DCUN1D2","DCUN1D2"
"MYO19","MYO19"
"","SDCBP"
"CCNY","CCNY"
"BAZ2A","BAZ2A"
"","ZNF548"
"PLEKHB2","PLEKHB2"
"CLNK","CLNK"
"CCNK","CCNK"
"GINS4","GINS4"
"TMCO3","TMCO3"
"ZNF629","ZNF629"
"F8A1","F8A3"
"F8A1","F8A2"
"F8A1","F8A1"
"PSD4","PSD4"
"ACBD7","ACBD7"
"NSRP1","NSRP1"
"NDUFV1","NDUFV1"
"RPP38","RPP38"
"FTSJ3","FTSJ3"
"ZNF518B","ZNF518B"
"C20H6orf62","C6orf62"
"GOLGA7","GOLGA7"
"SNRPG",""
"RNASEH2C","RNASEH2C"
"CCDC85C","CCDC85C"
"FUNDC2","FUNDC2"
"OLAH","OLAH"
"CCDC28A","CCDC28A"
"TSHZ1","TSHZ1"
"TFDP1","TFDP1"
"KAT5","KAT5"
"DDX42","DDX42"
"AMER3","AMER3"
"UPK3A","UPK3A"
"DLG4","DLG4"
"U6","RNU6-842P"
"ITIH4","ITIH4"
"","SNORA7A"
"","SNORA7B"
"ARX","ARX"
"SFMBT2","SFMBT2"
"PAX8","PAX8"
"CDC73","CDC73"
"eca-mir-9168-1",""
"TBX10","TBX10"
"ATP5MC1",""
"eca-mir-885","MIR885"
"WDR1","WDR1"
"PTGR3","PTGR3"
"H2BC11","H2BC11"
"ZNF17","ZNF17"
"eca-mir-9175",""
"GLI2","GLI2"
"eca-mir-9166",""
"ATP5F1B","ATP5F1B"
"","IFNL3"
"","IFNL2"
"CEP131","CEP131"
"LIMD2","LIMD2"
"SMIM28","SMIM28"
"eca-mir-9169",""
"MBP","MBP"
"FAM136A","FAM136A"
"PTCHD1","PTCHD1"
"NAA10",""
"eca-mir-9168-2",""
"NLRP6","NLRP6"
"AP5B1","AP5B1"
"eca-mir-9176",""
"CYP2G2",""
"eca-mir-9173",""
"SFRP1","SFRP1"
"","ZNF586"
"","ZNF418"
"","ZNF562"
"","ZNF561"
"PCYOX1","PCYOX1"
"OVOL1","OVOL1"
"HEBP2","HEBP2"
"MRPS25","MRPS25"
"SSH3","SSH3"
"EGFL6","EGFL6"
"ADGRB1","ADGRB1"
"ZNF772","ZNF772"
"WNT7B","WNT7B"
"PTGES3","PTGES3"
"CCDC47","CCDC47"
"DACT1","DACT1"
"","HINT1"
"ATP4B","ATP4B"
"FCGBP",""
"RENBP","RENBP"
"MUS81","MUS81"
"SNF8","SNF8"
"TIA1","TIA1"
"","ARHGEF4"
"SPTSSB","SPTSSB"
"TMEM255B","TMEM255B"
"PRSS16","PRSS16"
"TAFA5","TAFA5"
"PVALEF","PVALEF"
"BCHE","BCHE"
"ZNF773","ZNF773"
"SLC2A9","SLC2A9"
"JKAMP","JKAMP"
"NAP1L4","NAP1L4"
"STRADA","STRADA"
"LYG2","LYG2"
"REPS1","REPS1"
"GAS6","GAS6"
"CTSW","CTSW"
"AATK","AATK"
"MAGOH","MAGOH"
"","AKR1B10"
"PKD2L2","PKD2L2"
"GIP","GIP"
"TMEM187","TMEM187"
"AP2S1","AP2S1"
"MEIG1","MEIG1"
"CYB5A","CYB5A"
"TFCP2L1","TFCP2L1"
"TIPARP","TIPARP"
"","POM121L2"
"KIAA0930","KIAA0930"
"ACOT9","ACOT9"
"SNORD53B","SNORD53B"
"U2","RNU2-2"
"ZNF550","ZNF550"
"PSMD13","PSMD13"
"RASA3","RASA3"
"GPR135","GPR135"
"SNX32","SNX32"
"CZIB","CZIB"
"DCLRE1C","DCLRE1C"
"SNORA36B","SNORA36B"
"OTOL1","OTOL1"
"TMEM131","TMEM131"
"ZBTB6","ZBTB6"
"SNORD92","SNORD92"
"IGF2BP1","IGF2BP1"
"HHIPL1","HHIPL1"
"","NACA"
"","NAT1"
"","NAT2"
"SNORD53","SNORD53"
"","SNORA18"
"RNF40","RNF40"
"CREM","CREM"
"SNORA53","SNORA53"
"C8H18orf63","C18orf63"
"BABAM2","BABAM2"
"ZBBX","ZBBX"
"FRG1","FRG1"
"FRG1",""
"FIBP","FIBP"
"SNORD29","SNORD29"
"L3HYPDH","L3HYPDH"
"ZNF391","ZNF391"
"SNORA70",""
"eca-mir-215",""
"FAM168B",""
"SNORA55","SNORA55"
"CPT2","CPT2"
"B3GALT2","B3GALT2"
"NUP50","NUP50"
"eca-mir-135a-2","MIR135A2"
"NKPD1","NKPD1"
"HCFC1","HCFC1"
"SNORD38B","SNORD38B"
"CYP46A1","CYP46A1"
"eca-mir-194-2","MIR194-1"
"KCNG2","KCNG2"
"CCDC85B","CCDC85B"
"SNORD46","SNORD46"
"eca-mir-331","MIR331"
"DNAH10","DNAH10"
"","MRFAP1L2"
"TRAPPC6A","TRAPPC6A"
"U5","RNU5E-6P"
"UCHL5","UCHL5"
"ASMTL","ASMTL"
"MYOT","MYOT"
"CCDC175","CCDC175"
"SNORD39","SNORD55"
"eca-mir-1379",""
"U6","RNU6-1104P"
"HSPA14","HSPA14"
"SIRT3","SIRT3"
"MIR1251","MIR1251"
"SNORD38A","SNORD38A"
"eca-mir-664",""
"SLC1A7","SLC1A7"
"S100P","S100P"
"ZBTB26","ZBTB26"
"PRIM1","PRIM1"
"STIMATE","STIMATE"
"FOSL1","FOSL1"
"NUP37","NUP37"
"BLOC1S3","BLOC1S3"
"","TXNL4A"
"","CYLC2"
"","TGFB2"
"UGGT1","UGGT1"
"BLOC1S4","BLOC1S4"
"RTN1","RTN1"
"eca-mir-9061",""
"PSMC4","PSMC4"
"EML1","EML1"
"PRDX4","PRDX4"
"IRAK1","IRAK1"
"eca-mir-30e","MIR30E"
"F11","F11"
"KIAA0232","KIAA0232"
"eca-mir-30c","MIR30C1"
"GPR21","GPR21"
"RIC8A","RIC8A"
"C11orf68","C11orf68"
"ZFP69B","ZFP69B"
"","CSF2RA"
"CERK","CERK"
"RO60","RO60"
"STRBP","STRBP"
"TACO1","TACO1"
"KCNAB1","KCNAB1"
"ZFP69","ZFP69"
"B4GALNT2","B4GALNT2"
"ZNF134",""
"ASGR1","ASGR1"
"PODN","PODN"
"CAVIN4","CAVIN4"
"CCDC17","CCDC17"
"CYP11B1",""
"CFAP97D2",""
"DRAP1","DRAP1"
"","ZNF850"
"","RRP15"
"AMDHD1","AMDHD1"
"KLKB1","KLKB1"
"IL22RA2","IL22RA2"
"SALL3","SALL3"
"TMEFF1","TMEFF1"
"ITIH3","ITIH3"
"ZNF546","ZNF546"
"ZNF184","ZNF184"
"CDNF","CDNF"
"TBC1D22A","TBC1D22A"
"PSD3","PSD3"
"ATP11A","ATP11A"
"","BET1L"
"AKAP17A","AKAP17A"
"TMPO","TMPO"
"MECP2","MECP2"
"HSD17B6","HSD17B6"
"HNRNPA0","HNRNPA0"
"C15H2orf42","C2orf42"
"RHPN1","RHPN1"
"LRRC9","LRRC9"
"MTFR2","MTFR2"
"KCNT2","KCNT2"
"ABI3","NGFR"
"CNTNAP5","CNTNAP5"
"CFAP119","CFAP119"
"","SCGB1C2"
"","SCGB1C1"
"RNF220","RNF220"
"","IL3RA"
"ZAP70","ZAP70"
"APOO","APOO"
"","ZNF420"
"NFATC1","ATP9B"
"TRIM38","TRIM38"
"SPOCK1","SPOCK1"
"","SERPINA9"
"CIMAP1A","CIMAP1A"
"GABBR2","GABBR2"
"MED8","MED8"
"CFAP184",""
"BCLAF1","BCLAF1"
"DHRS11","DHRS11"
"GATA3","GATA3"
"SERPINA12","SERPINA12"
"ACTR1B","ACTR1B"
"TPCN2","TPCN2"
"TADA2B","TADA2B"
"ZNF551","ZNF551"
"TAF3","TAF3"
"PHKG2","PHKG2"
"PCBP1","PCBP1"
"CYP11B2",""
"GSC","GSC"
"P2RY8","P2RY8"
"","RDH16"
"CGRRF1","CGRRF1"
"FAM149A","FAM149A"
"MRM1","MRM1"
"H1-1","H1-1"
"OPN1LW","OPN1LW"
"OPN1LW","OPN1MW2"
"OPN1LW","OPN1MW3"
"OPN1LW","OPN1MW"
"SAMD4A","SAMD4A"
"LY6E","LY6E"
"TTC9B","TTC9B"
"GRPEL1","GRPEL1"
"H1-4","H1-4"
"PSMC1","PSMC1"
"ASPRV1","ASPRV1"
"","TIE1"
"SDR9C7","SDR9C7"
"TEX28","TEX28"
"ANXA4","ANXA4"
"SBK1","SBK1"
"SAP130","SAP130"
"H3C11",""
"ZBTB39","ZBTB39"
"MAP3K10","MAP3K10"
"GGNBP2","GGNBP2"
"FGFRL1","FGFRL1"
"PCDHB1","PCDHB1"
"SRCAP","SRCAP"
"ANKS6","ANKS6"
"ZNF154","ZNF154"
"EFCAB6","EFCAB6"
"TKTL1","TKTL1"
"H1-3","H1-3"
"ATP5F1C","ATP5F1C"
"PHOSPHO1","PHOSPHO1"
"SAT1","SAT1"
"LY6L","LY6L"
"AAK1","AAK1"
"CRB2","CRB2"
"GPR139","GPR139"
"COX5B","COX5B"
"SSR3","SSR3"
"ZBED1","ZBED1"
"GPIHBP1","GPIHBP1"
"PPP2R5C","PPP2R5C"
"NRDE2","NRDE2"
"ACSM5","ACSM5"
"TSGA10IP","TSGA10IP"
"BAIAP2","BAIAP2"
"ZFP41",""
"GPR182","GPR182"
"SI","SI"
"","PDILT"
"SLC26A1","SLC26A1"
"KIN","KIN"
"GLI4","GLI4"
"SEMA4C","SEMA4C"
"CCNP","CCNP"
"SART1","SART1"
"EMD","EMD"
"PREB","PREB"
"DENND1A","DENND1A"
"MAP7","MAP7"
"CUL2","CUL2"
"IDUA","IDUA"
"CXHXorf58","CXorf58"
"CCDC182","CCDC182"
"DHRSX","DHRSX"
"NR4A3","NR4A3"
"ATP5MC2",""
"IL28B","IFNL1"
"RBM14","RBM14"
"UMOD","UMOD"
"DACT3","DACT3"
"RAB20","RAB20"
"PDE3A","PDE3A"
"AMMECR1L","AMMECR1L"
"ITIH1","ITIH1"
"H3C11","H3C1"
"PRKD2","PRKD2"
"H2AC4",""
"NAXD","NAXD"
"DGKQ","DGKQ"
"CUEDC1","CUEDC1"
"MPV17","MPV17"
"WDHD1","WDHD1"
"H2AC5",""
"DENR","DENR"
"STX17","STX17"
"SPATA7","SPATA7"
"GNGT2","GNGT2"
"CALCOCO1","CALCOCO1"
"ZNF696","ZNF696"
"SLITRK3","SLITRK3"
"RSPO2","RSPO2"
"GP2","GP2"
"SULT4A1","SULT4A1"
"H2BC3","H2BC3"
"ZNF652","ZNF652"
"EIF1AD","EIF1AD"
"HMGCLL1","HMGCLL1"
"BECN2","BECN2"
"H1-2","H1-2"
"","OR13C8"
"HFE","HFE"
"RBM4B","RBM4B"
"FLNA","FLNA"
"POLR2D","POLR2D"
"GRIN2B","GRIN2B"
"TLR3","TLR3"
"TOP1MT","TOP1MT"
"SH2D4A","SH2D4A"
"HIP1R","HIP1R"
"BANF1","BANF1"
"","LEKR1"
"STRN4","STRN4"
"SHOC1","SHOC1"
"FBRS","FBRS"
"OR5AK35","OR5AK2"
"OR5AK35","OR5AK3P"
"MRPS23","MRPS23"
"OR5AZ3",""
"GTF3C2","GTF3C2"
"H3-3A","H3Y1"
"H3-3A","H3Y2"
"NR4A1","NR4A1"
"ITIH2","ITIH2"
"OR6Q1","OR6Q1"
"PNPLA5","PNPLA5"
"DCAF7","DCAF7"
"HS3ST2","HS3ST2"
"CARS2","CARS2"
"","CCDC28B"
"OR5AZ2",""
"PHB1","PHB1"
"MGST1","MGST1"
"OR5A24",""
"KLHL15","KLHL15"
"CCNL1","CCNL1"
"DPYS","DPYS"
"ANKRD39","ANKRD39"
"EIF5","EIF5"
"OR5AN6",""
"SERPINA5","SERPINA5"
"CHMP6","CHMP6"
"CNNM3","CNNM3"
"WDR33","WDR33"
"ABCC9",""
"SDE2","SDE2"
"PNPLA3","PNPLA3"
"OR5AN2",""
"CLDN7","CLDN7"
"OR4D9","OR4D9"
"TMEM175","TMEM175"
"OR4D9K",""
"KIF12","KIF12"
"VEZF1","VEZF1"
"KCNH6","KCNH6"
"ATG101","ATG101"
"H1-6","H1-6"
"OR1S1B","OR1S1"
"OR1S1B","OR1S2"
"GPRC5A","GPRC5A"
"POLR3E","POLR3E"
"ACR","ACR"
"ACADVL","ACADVL"
"CFH",""
"CTDP1","CTDP1"
"GDI2","GDI2"
"LRP12","LRP12"
"EIF2S3B","EIF2S3B"
"FKRP","FKRP"
"VEPH1","VEPH1"
"SPTBN2","SPTBN2"
"PBRM1","PBRM1"
"H2BC25",""
"OR1S2","OR1S1"
"OR1S2","OR1S2"
"SERPINA3","SERPINA3"
"HOXC13","HOXC13"
"","SDHAF3"
"CSGALNACT1","CSGALNACT1"
"OR9Q2","OR9Q2"
"GJD3","GJD3"
"ITPKB","ITPKB"
"SORBS2","SORBS2"
"H2AC6","H2AC6"
"RPTOR","RPTOR"
"KRT80","KRT80"
"OR9Q1","OR9Q1"
"HOXC11","HOXC11"
"OR10V12",""
"RARA","RARA"
"SRSF1","SRSF1"
"GPRC5D","GPRC5D"
"OR10V1","OR10V1"
"BRD1","BRD1"
"ERP44","ERP44"
"SMS","SMS"
"KRCC1","KRCC1"
"BMP5","BMP5"
"INTS10","INTS10"
"EFCAB11","EFCAB11"
"SYT4","SYT4"
"HOXC12","HOXC12"
"TMT1A","TMT1A"
"ARK2C","ARK2C"
"","GAK"
"HEBP1","HEBP1"
"COIL","COIL"
"CPLX1","CPLX1"
"TMEM38B","TMEM38B"
"HOXC10","HOXC10"
"SLC1A5","SLC1A5"
"H2AC8",""
"KRT7","KRT7"
"GCH1","GCH1"
"OTOF","OTOF"
"EGFLAM","EGFLAM"
"SVIL","SVIL"
"ABRA","ABRA"
"SPMIP3","SPMIP3"
"FSD1L","FSD1L"
"SLC49A3","SLC49A3"
"CDC6","CDC6"
"HOXC9","HOXC9"
"OR10V13",""
"HOXC8","HOXC8"
"GFPT1","GFPT1"
"SKOR2","SKOR2"
"DVL2","DVL2"
"ANGPT1","ANGPT1"
"RPL10","RPL10"
"C6H12orf60","C12orf60"
"ING1","ING1"
"TASOR2","TASOR2"
"PHEX","PHEX"
"JRK","JRK"
"ACE","ACE"
"","MAP1LC3C"
"","CD8B"
"","CD8B2"
"HOXC6","HOXC4"
"EXO1","EXO1"
"COL4A1","COL4A1"
"ZNF768","ZNF768"
"","H2AC25"
"","H2AC4"
"","H2AC8"
"DYNLL2","DYNLL2"
"SOCS4","SOCS4"
"CTDNEP1","CTDNEP1"
"DNASE1L1","DNASE1L1"
"GPR20","GPR20"
"","TDP1"
"INVS","INVS"
"WBP11",""
"EFHC1","EFHC1"
"CD8A","CD8A"
"LOXHD1","LOXHD1"
"KCNK13","KCNK13"
"LHX2","LHX2"
"SCPEP1","SCPEP1"
"PTX3","PTX3"
"ZBED4","ZBED4"
"MAPK1IP1L","MAPK1IP1L"
"TAFAZZIN","TAFAZZIN"
"H1-12",""
"HOXC5","HOXC5"
"PRR14","PRR14"
"PHF23","PHF23"
"KRT88",""
"OR9K2M",""
"MARK3","MARK3"
"OR1N19",""
"OR9R9",""
"SHOX2","SHOX2"
"ZC3H3","ZC3H3"
"OR12K5",""
"MYL5","MYL5"
"OR6C314",""
"ART4","ART4"
"GPR65","GPR65"
"H3C11","H3C8"
"OR6C74","OR6C74"
"PDE6B","PDE6B"
"SFT2D3","SFT2D3"
"OR1L6E","OR1L6"
"OR1L6E","OR1L4"
"OR6C1U","OR6C1"
"DLGAP5","DLGAP5"
"HEY1","HEY1"
"OR10U1",""
"","OR1L6"
"","OR1L4"
"ALG12","ALG12"
"CASC3","CASC3"
"LIMS2","LIMS2"
"RMND5A","RMND5A"
"F13B","F13B"
"H2AC9",""
"ABCB9","ABCB9"
"OR6C7M",""
"OR1J36",""
"AKAP1","AKAP1"
"FGF10","FGF10"
"","OXR1"
"OR6C1YP","OR6C1"
"H2AC10","H2AC7"
"OR6C207",""
"OR1N2B","OR1N2"
"ERP27","ERP27"
"STMN2","STMN2"
"OR6C328",""
"ELP5","ELP5"
"OR1AK3",""
"SFTPB","SFTPB"
"PARP8","PARP8"
"SCP2","SCP2"
"CRELD2","CRELD2"
"RSRC1","RSRC1"
"OR1J6",""
"SORCS2","SORCS2"
"ZNF689","ZNF689"
"OR6C2L",""
"OR6C3","OR6C3"
"","HPF1"
"KRT82","KRT82"
"OXR1","OXR1"
"MSI2","MSI2"
"OR6C1S","OR6C1"
"TEX10","TEX10"
"ZBTB10","ZBTB10"
"ARHGDIB","ARHGDIB"
"OR6C322",""
"FKTN","FKTN"
"KCNK10","KCNK10"
"OR1J51",""
"OR6C1W","OR6C1"
"AFTPH","AFTPH"
"USP39","USP39"
"ARMH2","ARMH2"
"OR1J48",""
"OR9K2Q",""
"EOLA2","EOLA1"
"EOLA2","EOLA2"
"OR1L22","OR1L1"
"TIGD5","TIGD5"
"OR9K2L","OR9K2"
"OR9K2","OR9K2"
"CHP2","CHP2"
"MAP3K5","MAP3K5"
"PDE6H","PDE6H"
"YBX2","YBX2"
"TRAM2","TRAM2"
"","IGF2"
"OR9K2O",""
"RIPOR2","RIPOR2"
"RAPGEFL1","RAPGEFL1"
"OR9K2N",""
"SCNN1G","SCNN1G"
"OR9R10",""
"","ZNF764"
"","ZNF747"
"OR9R11",""
"CNBD1","CNBD1"
"GPR17","GPR17"
"U6","RNU6-540P"
"U6","RNU6-1290P"
"U6","RNU6-501P"
"PRRG3","PRRG3"
"C2CD5","C2CD5"
"U6","RNU6-160P"
"OR6C1","OR6C1"
"SNORA71","SNORA71D"
"SAMM50","SAMM50"
"SNORA71","SNORA60"
"SNORA71","SNORA71"
"SNORA71","SNORA71E"
"LGALSL","LGALSL"
"OGFOD2","OGFOD2"
"MYO7B","MYO7B"
"HGSNAT","HGSNAT"
"ZFX","ZFY"
"OR10A7","OR10A7"
"RAB10","RAB10"
"SLC2A4","SLC2A4"
"ZFPM2","ZFPM2"
"eca-mir-8962",""
"ITGAL","ITGAL"
"OR6C329",""
"eca-mir-8964",""
"PELI1","PELI1"
"OR9K1",""
"ATP1A3","ATP1A3"
"TH","TH"
"eca-mir-1255b","MIR1255B2"
"eca-mir-1255b","MIR1255A"
"FATE1","FATE1"
"ZC3H14","ZC3H14"
"OR9K7",""
"KRT84","KRT84"
"eca-mir-8968",""
"OR10U1C",""
"PEX7","PEX7"
"eca-mir-499",""
"","PNMA6E"
"","PNMA6F"
"eca-mir-8966",""
"USP31","USP31"
"eca-mir-8965",""
"KRT74","KRT74"
"MROH6","MROH6"
"PPP1R16B","PPP1R16B"
"VPS54","VPS54"
"CYB561","CYB561"
"ZNF704","ZNF704"
"ALG2","ALG2"
"SHISAL1","SHISAL1"
"DPP3","DPP3"
"CD99","CD99"
"CETN2","CETN2"
"CFAP96","CFAP96"
"MLF1","MLF1"
"ARL6IP4","ARL6IP4"
"TMC5","TMC5"
"","KRT1"
"XG","XG"
"CCDC185","CCDC185"
"SNORD26","SNORD26"
"TRIM25","TRIM25"
"SNORD27","SNORD27"
"","SUPT20HL1"
"","SUPT20HL2"
"SNORD31","SNORD31B"
"RNF103","RNF103"
"SNORD30","SNORD30"
"SEC61B",""
"PDLIM3","PDLIM3"
"NSDHL","NSDHL"
"","ORM1"
"","ORM2"
"SUSD4","SUSD4"
"RTL6","RTL6"
"TRPS1","TRPS1"
"SNORD28","SNORD28"
"SNORD29",""
"U2","U2"
"U2","RNU2-42P"
"KRT78","KRT78"
"RABAC1","RABAC1"
"SNORA57","SNORA57"
"GRHPR","GRHPR"
"TUBD1","TUBD1"
"CTPS2","CTPS2"
"SNORD22","SNORD22"
"PITPNM2","PITPNM2"
"PTPN18","PTPN18"
"TANC2","TANC2"
"eca-mir-9115",""
"TRMU","TRMU"
"FAM50B","FAM50B"
"eca-mir-192","MIR192"
"eca-mir-9122",""
"ZNF185","ZNF185"
"eca-mir-194-1",""
"SLC35D3","SLC35D3"
"eca-mir-9117",""
"eca-mir-130a","MIR130A"
"TMEM14A","TMEM14A"
"MSL1","MSL1"
"CD79A","CD79A"
"eca-mir-9119",""
"CHMP3","CHMP3"
"FBXO34","FBXO34"
"GNL3","GNL3"
"eca-mir-9112",""
"","EIF5AL1"
"","EIF5A"
"MMP16","MMP16"
"GYG2","GYG2"
"PDE7B","PDE7B"
"AKNA","AKNA"
"RBL1","RBL1"
"OBI1","OBI1"
"WDR64","WDR64"
"DUSP22","DUSP22"
"ZBTB5","ZBTB5"
"CCDC110",""
"TRHR","TRHR"
"TNKS1BP1","TNKS1BP1"
"ARHGEF1","ARHGEF1"
"PSAPL1","PSAPL1"
"PYCR3","PYCR3"
"SMIM4","UQCC5"
"KRT18","KRT18"
"NUDCD1","NUDCD1"
"BDKRB1","BDKRB1"
"ACTN3","ACTN3"
"AFAP1","AFAP1"
"CELSR1","CELSR1"
"UFSP2","UFSP2"
"POU4F1","POU4F1"
"TMEM150A","TMEM150A"
"","HERPUD1"
"RPS6KB1","RPS6KB1"
"NT5DC2","NT5DC2"
"NAPRT","NAPRT"
"KLHL1","KLHL1"
"ISL1","ISL1"
"ATG14","ATG14"
"NEURL4","NEURL4"
"","GSTA1"
"","GSTA2"
"","GFM1"
"IL7","IL7"
"ZDHHC24","ZDHHC24"
"FAM234B","FAM234B"
"S100G","S100G"
"AKR1C1",""
"RNF181",""
"ENY2","ENY2"
"POMK","POMK"
"NR1D1","NR1D1"
"UGP2","UGP2"
"ZYG11A","ZYG11A"
"SYAP1","SYAP1"
"EEF1D","EEF1D"
"CTSF","CTSF"
"GRAMD4","GRAMD4"
"","GSTA3"
"NRXN1","NRXN1"
"ARSH","ARSH"
"THRA","THRA"
"EXOC5","EXOC5"
"GSG1","GSG1"
"MARCHF10","MARCHF10"
"PKHD1L1","PKHD1L1"
"ATG2B","ATG2B"
"TNS2","TNS2"
"HOOK3","HOOK3"
"COL4A2","COL4A2"
"CHML","CHML"
"CMAH",""
"IRF4","IRF4"
"STAB1","STAB1"
"FBXO10","FBXO10"
"KCTD11","KCTD11"
"ZC2HC1A","ZC2HC1A"
"MED24","MED24"
"SLAIN1","SLAIN1"
"TXLNG","TXLNG"
"KPNA4","KPNA4"
"DCTPP1","SEPHS2"
"OR2T83","OR2T5"
"OR2T83","OR2T4"
"OR2T83","OR2T29"
"ACAP1","ACAP1"
"CCDC152","CCDC152"
"CNIH2","CNIH2"
"EMP1","EMP1"
"AP5M1","AP5M1"
"LGSN","LGSN"
"OPN3","OPN3"
"PNMA5","PNMA5"
"SEPTIN1","SEPTIN1"
"","RNFT1"
"MYLK4","MYLK4"
"CCDC115",""
"ABLIM2","ABLIM2"
"ECHDC2","ECHDC2"
"PKIA","PKIA"
"LYPD4","LYPD4"
"PRKCQ","PRKCQ"
"GHR","GHR"
"KMO","KMO"
"RBBP7","RBBP7"
"SNX25","SNX25"
"SGK1","SGK1"
"CHMP4C","CHMP4C"
"CCS","CCS"
"IMP4","IMP4"
"ARSD","ARSD"
"SNORA72","SNORA72"
"SLA2","SLA2"
"OR52AE15P",""
"RPS19",""
"VAMP5","VAMP5"
"BCL2L14","BCL2L14"
"TBC1D20","TBC1D20"
"POLR1E","POLR1E"
"OR51AC9P",""
"PLAAT3","PLAAT3"
"ARSF","ARSF"
"DMRTC2","DMRTC2"
"GFUS","GFUS"
"VAMP8","VAMP8"
"","CFC1"
"","CFC1B"
"","FXN"
"MPHOSPH9","MPHOSPH9"
"TNK1","TNK1"
"MED13","MED13"
"ENDOV","ENDOV"
"NAA30","NAA30"
"RERG","RERG"
"MXRA5","MXRA5"
"WDPCP","WDPCP"
"OR52Z12",""
"MAT2A","MAT2A"
"SCUBE1","SCUBE1"
"REPS2","REPS2"
"PTP4A1","PTP4A1"
"PFKFB3","PFKFB3"
"HCN1","HCN1"
"CDC42BPG","CDC42BPG"
"TSN","TSN"
"PRKX","PRKX"
"CCDC198","CCDC198"
"PTPRO","PTPRO"
"TYRP1","TYRP1"
"ZNF771","ZNF771"
"PHF3","PHF3"
"OR52AE13",""
"WRNIP1","WRNIP1"
"TRIM59","TRIM59"
"CHRAC1","CHRAC1"
"FH","FH"
"GGCX","GGCX"
"PNMA8C","PNMA8C"
"CCDC87","CCDC87"
"SNORD90","SNORD90"
"RANBP3L","RANBP3L"
"OR52A1J","OR52A1"
"CKB","CKB"
"AK7","AK7"
"ZYG11B","ZYG11B"
"PNMA3","PNMA3"
"MYB","MYB"
"","HSFY2"
"","HSFY1"
"eca-mir-181b","MIR181B2"
"","AHCY"
"eca-mir-181a","MIR181A2"
"EDNRB","EDNRB"
"GALNT12","GALNT12"
"PNMA8A","PNMA8A"
"OR52A5F","OR52A5"
"HDHD2","HDHD2"
"NIFK","NIFK"
"TMC7","TMC7"
"PLSCR3","PLSCR3"
"eca-mir-9037",""
"","XKR3"
"NRN1","NRN1"
"FHIP1B","FHIP1B"
"RGS7","RGS7"
"SMC4","SMC4"
"ZNF48","ZNF48"
"SLC35F4","SLC35F4"
"CLASP1",""
"ZNF671","ZNF671"
"","CYFIP2"
"","PNMA8B"
"ARL2","ARL2"
"ZDHHC21","ZDHHC21"
"CALM3","CALM3"
"TUBGCP3","TUBGCP3"
"AGO2","AGO2"
"PSMD3","PSMD3"
"RNF213","RNF213"
"TRMT61A","TRMT61A"
"CARMIL1","CARMIL1"
"","PWWP4"
"EFEMP2","EFEMP2"
"TMEM102","TMEM102"
"MYL11","MYL11"
"CNOT6L","CNOT6L"
"BRIP1","BRIP1"
"CLASP1","CLASP1"
"MRC2","MRC2"
"DACH1","DACH1"
"EYS","EYS"
"IER3IP1","IER3IP1"
"SNORD63","SNORD63"
"FGF11","FGF11"
"PTGIR","PTGIR"
"","VN1R1"
"COL15A1","COL15A1"
"NADK2","NADK2"
"PRR5","PRR5"
"WHRN","WHRN"
"PCNX4","PCNX4"
"EXOC2","EXOC2"
"SNORD63","SNORD63B"
"Vault",""
"SMOC2","SMOC2"
"Vault","VTRNA1-1"
"Vault","VTRNA1-2"
"Vault","VTRNA1-3"
"CER1","CER1"
"EML5","EML5"
"U6","RNU6-34P"
"AKT2","AKT2"
"ST8SIA5","ST8SIA5"
"SNORA74","SNORA74A"
"MIR874","MIR874"
"SH3TC1","SH3TC1"
"CNTLN","CNTLN"
"SPEM2","SPEM2"
"eca-mir-9157",""
"COA7","COA7"
"AHI1","AHI1"
"EPS8","EPS8"
"eca-mir-9158",""
"CFL1","CFL1"
"SLC10A5","SLC10A5"
"NLGN2","NLGN2"
"","PTBP1"
"eca-mir-9162",""
"RBM17","RBM17"
"C10H19orf18","C19orf18"
"SHISAL2A","SHISAL2A"
"eca-mir-1543",""
"C7H11orf42","C11orf42"
"CD2BP2","CD2BP2"
"CDR2","CDR2"
"HARS1","HARS1"
"GPX7","GPX7"
"CSF3","CSF3"
"IGHE","IGHE"
"TMEM256","TMEM256"
"PDCD2","PDCD2"
"ORC1","ORC1"
"","IGKV2-40"
"","IGKV2D-29"
"","IGKV2D-28"
"","IGKV2D-26"
"","IGKV2-28"
"","IGKV2D-40"
"OR52W1","OR52W1"
"MDH1","MDH1"
"EBAG9","EBAG9"
"INTS2","INTS2"
"IL2RA","IL2RA"
"COQ7","COQ7"
"PIAS2","PIAS2"
"CNGA4","CNGA4"
"ARHGAP8","ARHGAP8"
"EIF4B","EIF4B"
"IGHM","IGHM"
"ZNF606","ZNF606"
"IMPA1",""
"TLK2","TLK2"
"IGKV5-2","IGKV5-2"
"NHS","NHS"
"AP2A2","AP2A2"
"C10H19orf47","C19orf47"
"PAPOLA","PAPOLA"
"TBP","TBP"
"HOXB8","HOXB7"
"ROR2","ROR2"
"","SPIC"
"GSTA4","GSTA4"
"DHRS7","DHRS7"
"RIMOC1","RIMOC1"
"ANKRD37","ANKRD37"
"","IGKV6D-41"
"","IGKV6D-21"
"","IGKV6-21"
"HTRA3","HTRA3"
"IBSP","IBSP"
"TMEM268","TMEM268"
"SYBU","SYBU"
"CILK1","CILK1"
"MTRFR","MTRFR"
"","IGKV3D-20"
"","IGKV3D-11"
"","IGKV3OR2-268"
"","IGKV3-11"
"","IGKV3D-15"
"","IGKV3-20"
"","IGKV3-7"
"","IGKV3-15"
"","IGKV3D-7"
"LRP2BP","LRP2BP"
"PSMB1","PSMB1"
"FABP12","FABP12"
"ZBTB4","ZBTB4"
"CCKBR","CCKBR"
"","IGKC"
"TTC8","TTC8"
"PPM1A","PPM1A"
"HOXB4","HOXB4"
"FABP9","FABP9"
"DMP1","DMP1"
"OTX1","OTX1"
"THAP1","THAP1"
"CAVIN3","CAVIN3"
"CFAP97","CFAP97"
"BCL11A","BCL11A"
"OSBPL7","OSBPL7"
"TUT4","TUT4"
"NISCH","NISCH"
"PMP2","PMP2"
"TBXT","TBXT"
"ACOX3","ACOX3"
"","IGKV4-1"
"SLC35G6","SLC35G6"
"SLC35G6","SLC35G4"
"SLC35G6","SLC35G3"
"SLC35G6","SLC35G5"
"PLD3","PLD3"
"IL15RA","IL15RA"
"SOX5","SOX5"
"CTR9","CTR9"
"SPRYD3","SPRYD3"
"RBM26","RBM26"
"TBX4","TBX4"
"EHBP1","EHBP1"
"POLR2A","POLR2A"
"ZFP92","ZFP92"
"FABP4","FABP4"
"C24H14orf39","C14orf39"
"DSPP","DSPP"
"ZNF135","ZNF135"
"HIPK4","HIPK4"
"FABP5","FABP5"
"CDK2AP1","CDK2AP1"
"RNASET2","RNASET2"
"IZUMO3","IZUMO3"
"","ACSM1"
"MUC6","MUC6"
"","IGHD"
"PRKG2","PRKG2"
"","SOCS6"
"CHRNA6","CHRNA6"
"PHF21B","PHF21B"
"PSKH2","PSKH2"
"SLC25A4","SLC25A4"
"SH3GL2","SH3GL2"
"CLASRP","CLASRP"
"FAM120B","FAM120B"
"ATP6V1G1","ATP6V1G1"
"FBXO4","FBXO4"
"HAUS7","HAUS7"
"SBNO1","SBNO1"
"CA2","CA2"
"SNORD59A","SNORD59A"
"SIX6","SIX6"
"FBXO9","FBXO9"
"","PCBP2"
"DLL1","DLL1"
"ZMAT4","ZMAT4"
"KCNE1","KCNE1"
"eca-mir-8973",""
"eca-mir-26a","MIR26A2"
"","CLDN22"
"","CLDN24"
"TEX48","TEX48"
"KCNV1","KCNV1"
"ARMH4","ARMH4"
"ITPRIPL2","ITPRIPL2"
"eca-mir-148b","MIR148B"
"SLC6A14",""
"","ZSCAN18"
"NDUFA2","NDUFA2"
"FBH1","FBH1"
"SCML1",""
"EIF4A1","EIF4A1"
"RPIA","RPIA"
"MIR196A2","MIR196A2"
"BMP3","BMP3"
"eca-mir-8981",""
"LY86","LY86"
"eca-mir-615",""
"GCM1","GCM1"
"BLOC1S1","BLOC1S1"
"CSMD3","CSMD3"
"PTK2","PTK2"
"SARNP","SARNP"
"CFAP299","CFAP299"
"EIF4G2","EIF4G2"
"","IGHV3-43"
"GPRC5B","GPRC5B"
"KATNAL2","KATNAL2"
"TNFSF15","TNFSF15"
"CCR6","CCR6"
"TNFSF13","TNFSF13"
"ZNF329","ZNF329"
"ELOVL5","ELOVL5"
"EMB","EMB"
"RAI2","RAI2"
"CA3","CA3"
"SMIM34","SMIM34"
"SOAT2","SOAT2"
"CLHC1","CLHC1"
"PRPF38A","PRPF38A"
"FER1L5","FER1L5"
"CT83","CT83"
"ACTR10","ACTR10"
"CA1","CA1"
"MPPED1","MPPED1"
"","IGHV3-35"
"","IGHV3-16"
"EFCAB3","EFCAB3"
"CEP43","CEP43"
"FBLN5","FBLN5"
"TGFBR1","TGFBR1"
"F13A1","F13A1"
"SCGN","SCGN"
"SRA1","SRA1"
"GRIA3","GRIA3"
"BEND2","BEND2"
"TNFSF8","TNFSF8"
"IGFBP6","IGFBP6"
"PCDHGA7","PCDHGA7"
"ANKRD16","ANKRD16"
"ENPP7","ENPP7"
"BACE2","BACE2"
"CA13","CA13"
"CC2D1B","CC2D1B"
"RAB5B","RAB5B"
"PLCXD3","PLCXD3"
"CD68","MPDU1"
"LURAP1L","LURAP1L"
"PROB1","PROB1"
"ECMX",""
"PIM3","PIM3"
"SCML2","SCML2"
"TRMT44","TRMT44"
"GREM2","GREM2"
"MCF2L","MCF2L"
"IFT80","IFT80"
"RPL26",""
"DICER1","DICER1"
"ITIH5","ITIH5"
"ZNF274","ZNF274"
"SLC17A4","SLC17A4"
"DIRAS2","DIRAS2"
"","TAL2"
"BCAS3","BCAS3"
"LRCH2","LRCH2"
"IWS1","IWS1"
"ITGB7","ITGB7"
"FXR2","FXR2"
"RBFOX3","RBFOX3"
"C6","C6"
"MLLT3","MLLT3"
"TCIM","TCIM"
"PA2G4","PA2G4"
"PSMA3","PSMA3"
"GCLC","GCLC"
"COL27A1","COL27A1"
"IL17REL","IL17REL"
"FGF5","FGF5"
"ZBED5","ZBED5"
"GADD45G","GADD45G"
"IDO2","IDO2"
"BGN","BGN"
"TNNC1","TNNC1"
"ELAVL2","ELAVL2"
"CDKL5","CDKL5"
"THBS2","THBS2"
"TRMO","TRMO"
"CELF2","CELF2"
"PIK3C2G",""
"STUM","STUM"
"HERC5","HERC5"
"IDO1","IDO1"
"CSAD","CSAD"
"KMT5A","KMT5A"
"FAM3B","FAM3B"
"RERGL","RERGL"
"SLC17A3","SLC17A3"
"HGFAC","HGFAC"
"PARP1","PARP1"
"KANSL3","KANSL3"
"ARID4A","ARID4A"
"ZNF544","ZNF544"
"PIK3C3","PIK3C3"
"HEMGN","HEMGN"
"RBIS","RBIS"
"MROH2B","MROH2B"
"PROC","PROC"
"RGS12","RGS12"
"","IGHV2-70D"
"","IGHV2-70"
"","IGHV2-5"
"","IGHV2OR16-5"
"","IGHV2-26"
"SYT9","SYT9"
"ZFYVE9","ZFYVE9"
"MLC1","MLC1"
"E2F5","E2F5"
"","PLCZ1"
"C1QTNF1","C1QTNF1"
"ATP1B2","ATP1B2"
"","PSMG4"
"LRRC46","LRRC46"
"IQCK","IQCK"
"","IGHV5-51"
"","IGHV5-10-1"
"TTLL8","TTLL8"
"NANS","NANS"
"LRRCC1","LRRCC1"
"ZNF740","ZNF740"
"ZNF8","ZNF8"
"","METTL2A"
"","METTL2B"
"KLHL31","KLHL31"
"","TMA16"
"ATP2B3","ATP2B3"
"TRIM14","TRIM14"
"POFUT2","POFUT2"
"MOV10L1","MOV10L1"
"","IGHV1-3"
"","IGHV1-58"
"SLC22A23","SLC22A23"
"SIGMAR1","SIGMAR1"
"KDM3B","KDM3B"
"CANT1","CANT1"
"PPP1R37","PPP1R37"
"SLC17A1","SLC17A1"
"SAT2","SAT2"
"IL13RA2","IL13RA2"
"ZNF839","ZNF839"
"FOCAD","FOCAD"
"ZNF236","ZNF236"
"TINAG","TINAG"
"RARG","RARG"
"PPM1K","PPM1K"
"MSANTD1","MSANTD1"
"CORO2A","CORO2A"
"ITGB3","ITGB3"
"MAP3K2","MAP3K2"
"ZSCAN22","ZSCAN22"
"KCNJ15","KCNJ15"
"TBC1D4","TBC1D4"
"CLMN","CLMN"
"RILPL1","RILPL1"
"SCRN2","SCRN2"
"ZNF407","ZNF407"
"SHBG","SHBG"
"LRRC1","LRRC1"
"A1BG","A1BG"
"SEMA3G","SEMA3G"
"TMEM17","TMEM17"
"TXNDC12","TXNDC12"
"C9orf72","C9orf72"
"APOLD1","APOLD1"
"CDYL","CDYL"
"RELB","RELB"
"","MUC12"
"HTT","HTT"
"TP53","TP53"
"","ZNF837"
"SP6","SP6"
"FNDC1","FNDC1"
"RPS5","RPS5"
"TOMM20L","TOMM20L"
"PLS3","PLS3"
"","OTUD6A"
"IL12A","IL12A"
"TXNL4A","TXNL4A"
"RS1","RS1"
"FAM107B","FAM107B"
"DDX47","DDX47"
"TTC38","TTC38"
"TBX2","TBX2"
"FOS","FOS"
"TBC1D2","TBC1D2"
"","BTN3A1"
"BTF3L4","BTF3L4"
"","LINGO2"
"SLC66A2","SLC66A2"
"PPEF1","PPEF1"
"FDXR","FDXR"
"LIN9","LIN9"
"CYP27C1","CYP27C1"
"TIMM9",""
"ASIC2","ASIC2"
"B3GNT2","B3GNT2"
"ZNF584","ZNF584"
"CCNQ","CCNQ"
"RALYL","RALYL"
"MYL4","MYL4"
"KIAA0586","KIAA0586"
"CINP","CINP"
"CHRNB3","CHRNB3"
"MLIP","MLIP"
"","BTN2A2"
"KNOP1","KNOP1"
"CCDC88A","CCDC88A"
"F7","F7"
"CDC23","CDC23"
"ZNF296","ZNF296"
"ZNF132","ZNF132"
"PPFIBP2","PPFIBP2"
"PXDC1","PXDC1"
"ARID5A","ARID5A"
"STRAP","STRAP"
"MFSD5","MFSD5"
"MTCP1","MTCP1"
"SP2","SP2"
"DACT2","DACT2"
"RILPL2","RILPL2"
"CDC27","CDC27"
"TMEM63C","TMEM63C"
"TECPR2","TECPR2"
"ZBTB45","ZBTB45"
"PHKA2","PHKA2"
"SCHIP1","SCHIP1"
"F10","F10"
"","RBBP4"
"","MRPS28"
"EFNB3","EFNB3"
"BIN1","BIN1"
"PKD2","PKD2"
"GEMIN7","GEMIN7"
"PPARA","PPARA"
"TMEM98","TMEM98"
"FRMD4A","FRMD4A"
"PLPPR1","PLPPR1"
"AAAS","AAAS"
"MYORG","MYORG"
"RBFA","RBFA"
"KLHL3","KLHL3"
"SMIM19","SMIM19"
"NEURL3","NEURL3"
"PROZ","PROZ"
"TRIM28","TRIM28"
"DERA","DERA"
"TMEM88","TMEM88"
"SLC35B3","SLC35B3"
"SERPINA7","SERPINA7"
"AGTR2","AGTR2"
"PNPO","PNPO"
"TAGAP","TAGAP"
"MRPS28",""
"VPS35L","VPS35L"
"C7","C7"
"ERG","ERG"
"ASPM","ASPM"
"SNRNP35","SNRNP35"
"KDM6B","KDM6B"
"COMMD1","COMMD1"
"ITPRIPL1","ITPRIPL1"
"PCID2","PCID2"
"ASB2","ASB2"
"NRK","NRK"
"BRCC3","BRCC3"
"SPP1","SPP1"
"SNX16","SNX16"
"CDPF1","CDPF1"
"PRX","PRX"
"MIXL1","MIXL1"
"SNRNP200","SNRNP200"
"PHF7","PHF7"
"NAA38","NAA38"
"ACBD3","ACBD3"
"FAM118A","FAM118A"
"DENND3","DENND3"
"GCNT4","GCNT4"
"SPACA3","SPACA3"
"THOC2","THOC2"
"FAM181A","FAM181A"
"HNRNPU","HNRNPU"
"RNF227","RNF227"
"FADS6","FADS6"
"CCDC197",""
"FAM219A","FAM219A"
"PRPF18","PRPF18"
"CHD3","CHD3"
"DKK4","DKK4"
"MYO1D","MYO1D"
"BAAT",""
"PAG1","PAG1"
"PRR15L","PRR15L"
"GRIN2C","GRIN2C"
"CIPC","CIPC"
"IQCJ","IQCJ"
"RSPH3","RSPH3"
"CCT4","CCT4"
"MZF1","ZNF500"
"OTUB2","OTUB2"
"BAAT","BAAT"
"PWWP3B","PWWP3B"
"CNGB3","CNGB3"
"FAM83B","FAM83B"
"SLC20A2","SLC20A2"
"KANSL1","KANSL1"
"GK2","GK2"
"LMO3","LMO3"
"BAP1","BAP1"
"SSR1","SSR1"
"CDK5RAP3","CDK5RAP3"
"ZDHHC22","ZDHHC22"
"MFSD1","MFSD1"
"DHRS7C","DHRS7C"
"HCRTR2","HCRTR2"
"DDX24","DDX24"
"","ASCL2"
"MRPL50","MRPL50"
"UNC93A","UNC93A"
"CUL4A","CUL4A"
"NAA11","NAA10"
"TBCA","TBCA"
"CCDC42","CCDC42"
"CIAO1","CIAO1"
"ZNF189","ZNF189"
"TMEM104","TMEM104"
"CPNE3","CPNE3"
"SERTAD1","SERTAD1"
"RIT2","RIT2"
"GFRAL","GFRAL"
"NGB","NGB"
"ADGRG2","ADGRG2"
"U6","RNU6-67P"
"","ETF1"
"ALDOB","ALDOB"
"U6","RNU6-1073P"
"U6","RNU6-1329P"
"SMC1B","SMC1B"
"HS3ST3A1","HS3ST3A1"
"DNAI1","DNAI1"
"IFI27",""
"PRPS2",""
"POMT2","POMT2"
"STARD7","STARD7"
"COX20","COX20"
"ATF7IP","ATF7IP"
"SERTAD3","SERTAD3"
"VBP1","VBP1"
"FAM161A","FAM161A"
"DESI2","DESI2"
"BEND7",""
"CDKN3","CDKN3"
"NAT9","NAT9"
"PAQR3","PAQR3"
"COX10","COX10"
"SP7","SP7"
"COPZ2","COPZ2"
"XIAP","XIAP"
"LYRM9","LYRM9"
"EVL","EVL"
"MX1","MX1"
"ZBTB41","ZBTB41"
"MUC5AC","MUC5AC"
"CCP110","CCP110"
"RPL37","RPL37"
"PPM1L","PPM1L"
"","TCP11X2"
"","TCP11X1"
"ZNF618","ZNF618"
"COL21A1","COL21A1"
"PGAP4","PGAP4"
"LAMP1","LAMP1"
"TCP10L2","TCP10L"
"IFI27L2","IFI27L2"
"MAPT","MAPT"
"REEP1","REEP1"
"BLVRB","BLVRB"
"HS3ST3B1","HS3ST3B1"
"BMP2K","BMP2K"
"NLK","NLK"
"EIF3E","EIF3E"
"DNAH1","DNAH1"
"CATSPERE","CATSPERE"
"PPP4R4","PPP4R4"
"ASMT","ASMT"
"SPTBN4","SPTBN4"
"MYOCD","MYOCD"
"","SNORA15B-2"
"","SNORA15"
"","SNORA15B-1"
"SH2D1A","SH2D1A"
"PRKAA1","PRKAA1"
"CRB1","CRB1"
"","SNORA22C"
"","SNORA22"
"","SNORA22B"
"GMFB","GMFB"
"SEPHS1","SEPHS1"
"SLC14A2","SLC14A2"
"SNORA30","SNORA30"
"PLBD1","PLBD1"
"TMPRSS2","TMPRSS2"
"U1","RNU1-96P"
"GDE1","GDE1"
"CAGE1","CAGE1"
"RAB39B","RAB39B"
"BMP4","BMP4"
"SLC45A4","SLC45A4"
"RNF20","RNF20"
"VDAC3","VDAC3"
"COMMD6","COMMD6"
"ARSL",""
"XPO1","XPO1"
"eca-mir-7177b",""
"eca-mir-590","MIR590"
"HACD4","HACD4"
"TMLHE","TMLHE"
"GRTP1","GRTP1"
"eca-mir-9137",""
"BTN1A1","BTN1A1"
"","NXF3"
"ERN2","ERN2"
"eca-mir-9138",""
"STAG2","STAG2"
"B3GALNT1","B3GALNT1"
"RIBC2","RIBC2"
"RMDN1","RMDN1"
"NFE2L1","NFE2L1"
"SP1","SP1"
"KTI12","KTI12"
"EDIL3","EDIL3"
"STYXL1","STYXL1"
"CDK5R1","CDK5R1"
"ABCG2",""
"DST","DST"
"UBE2M","UBE2M"
"ABT1","ABT1"
"FOXL3","FOXL3"
"UCHL3",""
"PELI2","PELI2"
"H2AJ","H2AJ"
"SLC14A1","SLC14A1"
"RIOK1","RIOK1"
"MTAP","MTAP"
"","PHYH"
"RAB3B","RAB3B"
"TTC33","TTC33"
"ZNF165","ZNF165"
"ARHGAP44","ARHGAP44"
"","KRTAP10-9"
"","KRTAP10-6"
"","KRTAP4-5"
"CHMP2A",""
"ELFN1","ELFN1"
"BEX5","BEX5"
"IFT20","IFT20"
"SPPL2C","SPPL2C"
"SHKBP1","SHKBP1"
"PSMD11","PSMD11"
"MRPL35","MRPL35"
"DDX55","DDX55"
"NRDC","NRDC"
"ANKRD10","ANKRD10"
"FBLN1","FBLN1"
"SNX11","SNX11"
"AMHR2","AMHR2"
"NHERF1","NHERF1"
"ZSCAN16","ZSCAN16"
"SIK1","SIK1"
"TMED8","TMED8"
"","SPACA7"
"OLFML1","OLFML1"
"PTGER4","PTGER4"
"ESX1","ESX1"
"GRIN3A","GRIN3A"
"POLB","POLB"
"PLEKHA5","PLEKHA5"
"CXCL13","CXCL13"
"RPS6KA2","RPS6KA2"
"","PPIAL4H"
"","PPIAL4D"
"","PPIAL4C"
"","PPIAL4G"
"","PPIAL4A"
"","PPIAL4F"
"","PPIAL4E"
"CYB5R2","CYB5R2"
"IL1RAPL2","IL1RAPL2"
"SIGLEC15","SIGLEC15"
"","MTAP"
"OXCT1","OXCT1"
"DENND1B","DENND1B"
"SCD5","SCD5"
"EMC2","EMC2"
"GLYCTK","GLYCTK"
"PRR13","PRR13"
"ZNF207","ZNF207"
"ARHGEF7","ARHGEF7"
"GSTZ1","GSTZ1"
"SPRY3","SPRY3"
"NYAP1","NYAP1"
"RAB37","RAB37"
"PRKRIP1","PRKRIP1"
"IMMT","IMMT"
"TMEM150C","TMEM150C"
"PCBP2","PCBP2"
"LTBP4","LTBP4"
"SUMF2","SUMF2"
"EPG5","EPG5"
"PHF24","PHF24"
"AMBP","AMBP"
"TMEM97","TMEM97"
"ENHO","ENHO"
"RIPK4","RIPK4"
"NMD3","NMD3"
"LMO7","LMO7"
"HOMER1","HOMER1"
"ADSS2","ADSS2"
"ECT2L","ECT2L"
"TEX13A","TEX13B"
"U1","RNU1-138P"
"","MRPL13"
"WDR82","WDR82"
"DSP","DSP"
"UCMA","UCMA"
"ZNF615","ZNF615"
"","ZIM2"
"RAB9B","RAB9B"
"U6","RNU6-479P"
"TMEM199","VMA12"
"TMEM74","TMEM74"
"OVCH2","OVCH2"
"TENM3","TENM3"
"WWP1","WWP1"
"CDKN2A","CDKN2A"
"CNTFR","CNTFR"
"LMX1B","LMX1B"
"UNCX","UNCX"
"HIF1A","HIF1A"
"MCM10","MCM10"
"","CD300C"
"GABRA3","GABRA3"
"IGLON5","IGLON5"
"CBX1",""
"ATXN10","ATXN10"
"","POLR2K"
"VTN","VTN"
"ACTL7B","ACTL7B"
"ELAC2","ELAC2"
"DNAJB5","DNAJB5"
"TOLLIP","TOLLIP"
"ACTL7A","ACTL7A"
"RADIL","RADIL"
"POLDIP2","POLDIP2"
"PPM1M","PPM1M"
"ZNF623","ZNF623"
"C11H17orf75","C17orf75"
"PLK1","PLK1"
"TCEANC","TCEANC"
"CD300LF","CD300LF"
"","FCN1"
"","HOMER1"
"PRDM15","PRDM15"
"ARL14","ARL14"
"DEGS2","DEGS2"
"ENOPH1","ENOPH1"
"SLC13A2","SLC13A2"
"","TEX13C"
"","TEX13D"
"DMRTA1","DMRTA1"
"TMED2","TMED2"
"","SIGLECL1"
"SKAP1","SKAP1"
"SNAPC1","SNAPC1"
"RHOT1","RHOT1"
"SCCPDH","SCCPDH"
"H2BW4","H2BW2"
"H2BW4","H2BW1"
"JMY","JMY"
"PAPOLB","PAPOLB"
"IKBKB","IKBKB"
"SAMD15","SAMD15"
"MMD2","MMD2"
"TENM1","TENM1"
"SERPINA10","SERPINA10"
"RAB9A","RAB9A"
"SKP2","SKP2"
"SPATA31G1","SPATA31G1"
"BNC2","BNC2"
"DCTN5",""
"MTIF2","MTIF2"
"EIF2B1","EIF2B1"
"FANCG","FANCG"
"ABITRAM","ABITRAM"
"NPTX2","NPTX2"
"ZKSCAN8","ZKSCAN8"
"SLC7A13","SLC7A13"
"CCDC3","CCDC3"
"PALB2","PALB2"
"VIPAS39","VIPAS39"
"MAP3K12","MAP3K12"
"CHRDL1","CHRDL1"
"VAMP7","VAMP7"
"MICALL2","MICALL2"
"C24H14orf180","C14orf180"
"MRPL30","MRPL30"
"VRK1","VRK1"
"TMEM179","TMEM179"
"SARM1","SARM1"
"","PAEP"
"CAMK1D","CAMK1D"
"ATP6V0D2","ATP6V0D2"
"TTLL1","TTLL1"
"GTF2H3","GTF2H3"
"CTNNAL1","CTNNAL1"
"BHMT","BHMT"
"PIGO","PIGO"
"CD300E","CD300E"
"NOXRED1","NOXRED1"
"ZSCAN9","ZSCAN9"
"LGB2",""
"ARMC5","ARMC5"
"SNRNP48","SNRNP48"
"","INF2"
"NLRP10","NLRP10"
"HNRNPDL","HNRNPDL"
"GPM6B","GPM6B"
"RPS27A","RPS27A"
"","NHSL1"
"DCTN3","DCTN3"
"EIF3F","EIF3F"
"","MUC5B"
"ZNF668","ZNF668"
"SMIM11","SMIM11"
"NELFB","NELFB"
"","CD300LF"
"","DUT"
"SEBOX","SEBOX"
"CYP2B46",""
"LIPT1","LIPT1"
"LMBRD2","LMBRD2"
"CCDC166","CCDC166"
"AHSA1","AHSA1"
"SLC46A1","SLC46A1"
"ITGAD","ITGAD"
"RCAN1","RCAN1"
"CYP2B6","CYP2B6"
"INF2","INF2"
"GABBR1","GABBR1"
"SYT16","SYT16"
"PSTPIP2","PSTPIP2"
"BMP6","BMP6"
"RPP25L","RPP25L"
"TWF2","TWF2"
"MAPK15","MAPK15"
"TUB","TUB"
"DMGDH","DMGDH"
"BIK","BIK"
"FRMPD1","FRMPD1"
"AHCTF1","AHCTF1"
"ARID3C","ARID3C"
"","ISCU"
"MCTS1","MCTS1"
"ADAMTSL1","ADAMTSL1"
"FUBP3","FUBP3"
"MCAT","MCAT"
"TXNDC5","TXNDC5"
"MITD1","MITD1"
"","CD300A"
"","CD300LD"
"UNC119","PIGS"
"PNCK","PNCK"
"RTN4","RTN4"
"AEBP2","AEBP2"
"NPFF","NPFF"
"WIPI2","WIPI2"
"CLIC6","CLIC6"
"LHX9","LHX9"
"CD300LB","CD300LB"
"SFT2D1","SFT2D1"
"ADSS1","ADSS1"
"CYP2S1","CYP2S1"
"SLC25A53","SLC25A53"
"TSPO","TSPO"
"HNRNPD","HNRNPD"
"OSBPL9","OSBPL9"
"SAXO1","SAXO1"
"SPTLC2","SPTLC2"
"PCYT2","PCYT2"
"GRK4","GRK4"
"ATF7","ATF7"
"HOXB1","HOXB1"
"CUL4B","CUL4B"
"TCTN2","TCTN2"
"NNT","NNT"
"RUNX1","RUNX1"
"TSGA10","TSGA10"
"TEX29","TEX29"
"BLOC1S5","BLOC1S5"
"AQP3","AQP3"
"ALDOC","ALDOC"
"TTLL12","TTLL12"
"HOXB2","HOXB2"
"PTPN21","PTPN21"
"FAM199X","FAM199X"
"MPC1","MPC1"
"CACNA1B","CACNA1B"
"RRAGA","RRAGA"
"UBFD1","UBFD1"
"HOXB3","HOXB3"
"LRFN1","LRFN1"
"OFD1","OFD1"
"CDC123","CDC123"
"RYK","RYK"
"BBS12","BBS12"
"RASGEF1B","RASGEF1B"
"TRMT10B","TRMT10B"
"ZNF175","ZNF175"
"HAUS6","HAUS6"
"TBC1D10B","TBC1D10B"
"SHISA6","SHISA6"
"GLRA4",""
"NEK7","NEK7"
"TXNDC16","TXNDC16"
"BHMT2","BHMT2"
"SPAG5","SPAG5"
"GMFG","GMFG"
"AKT1","AKT1"
"NPB","NPB"
"FAM83H","FAM83H"
"CCDC92","CCDC92"
"","ANAPC11"
"TMEM31","TMEM31"
"CIMAP1B","CIMAP1B"
"AUH","AUH"
"OR2L5JP",""
"HES7","HES7"
"ATP5F1A","ATP5F1A"
"CTU1","CTU1"
"EXOSC3","EXOSC3"
"ALYREF","ALYREF"
"PLP1","PLP1"
"USP34","USP34"
"ADAM32","ADAM32"
"DCAF10","DCAF10"
"ARHGDIA","ARHGDIA"
"","CCL4"
"","CCL4L2"
"PGAP3","PGAP3"
"DSCAM","DSCAM"
"EML6","EML6"
"SLC25A51","SLC25A51"
"SLC25A51","SLC25A52"
"MCRIP1","MCRIP1"
"PANX2","PANX2"
"HAUS1","HAUS1"
"PMP22","PMP22"
"PNLDC1","PNLDC1"
"SERINC5","SERINC5"
"TSPAN6","TSPAN6"
"CETN4",""
"GALC","GALC"
"TRABD","TRABD"
"ETNK1","ETNK1"
"SLC6A8",""
"SLC6A8","SLC6A8"
"TMEM245","TMEM245"
"ISM2","ISM2"
"EEF1E1","EEF1E1"
"","SIGLEC5"
"","SIGLEC14"
"CDKN1C","CDKN1C"
"P4HB","P4HB"
"TAF15","TAF15"
"NRBP2","NRBP2"
"HSF2BP","HSF2BP"
"AFG2A","AFG2A"
"DNAH9","DNAH9"
"SLCO1C1","SLCO1C1"
"PLIN2","PLIN2"
"SPACA6","SPACA6"
"NDUFAB1","NDUFAB1"
"C1GALT1C1","C1GALT1C1"
"ALKBH1","ALKBH1"
"RRP1B","RRP1B"
"SHB","SHB"
"FOXK1","FOXK1"
"FIGNL2","FIGNL2"
"PAIP1","PAIP1"
"HTR2C","HTR2C"
"OR8S24",""
"NUDT5","NUDT5"
"GPR137C","GPR137C"
"KY","KY"
"PRDM8","PRDM8"
"WTAP",""
"OR8S33",""
"OR8S34",""
"HAS1","HAS1"
"TLR9","TLR9"
"CRACDL","CRACDL"
"FOXC1","FOXC1"
"OR8S15",""
"IGFBPL1","IGFBPL1"
"SMAD2","SMAD2"
"LAMP2","LAMP2"
"SLC22A18","SLC67A1"
"OR5P95","OR5P2"
"SETD4","SETD4"
"","ALDH1B1"
"ARL8A","ARL8A"
"SYK","SYK"
"ADAM18","ADAM18"
"","FPR2"
"SRPX2","SRPX2"
"GEMIN8","GEMIN8"
"SLIRP","SLIRP"
"ZKSCAN4","ZKSCAN4"
"L1CAM","L1CAM"
"GGA2","GGA2"
"C21H5orf34","C5orf34"
"GMDS","GMDS"
"SELENOO","SELENOO"
"ERO1A","ERO1A"
"COA5","COA5"
"MRPL18","MRPL18"
"FRRS1L","FRRS1L"
"ANTXR2","ANTXR2"
"ZNF664","ZNF664"
"SIVA1","SIVA1"
"SLCO1B3","SLCO1B3"
"SLCO1B3","SLCO1B1"
"SDC1","SDC1"
"NKAPL","NKAPL"
"MAPK12","MAPK12"
"TCP1","TCP1"
"FANCL","FANCL"
"DENND4C","DENND4C"
"CDC42BPA","CDC42BPA"
"FANCB","FANCB"
"ZSCAN26","ZSCAN26"
"CALR4",""
"AP5Z1","AP5Z1"
"HDAC10","HDAC10"
"PTPN7","PTPN7"
"EIF3H","EIF3H"
"EPB41L4B","EPB41L4B"
"INPP4A","INPP4A"
"SNW1","SNW1"
"PPP1R27","PPP1R27"
"","CBR1"
"SLCO1A2","SLCO1A2"
"GALNT15","GALNT15"
"","CCDC180"
"SCRIB","SCRIB"
"MFSD10","MFSD10"
"ZBTB42","ZBTB42"
"SOD2","SOD2"
"CCL28","CCL28"
"MNX1","MNX1"
"SEC61A2","SEC61A2"
"TSPAN32","TSPAN32"
"U2","RNU2-64P"
"ZFP36","ZFP36"
"GCGR","GCGR"
"","CCL3L3"
"","CCL18"
"","CCL3"
"RFLNA","RFLNA"
"SLC30A8","SLC30A8"
"EN2","EN2"
"U2","RNU2-3P"
"SYTL4","SYTL4"
"KIAA0100","BLTP2"
"SAMD4B","SAMD4B"
"","ATP5MJ"
"HYAL3","HYAL1"
"","CNPY1"
"MZT1","MZT1"
"GLRA2","GLRA2"
"NCOR2","NCOR2"
"KLHL13","KLHL13"
"HMGCS1","HMGCS1"
"PRIMA1","PRIMA1"
"CCDC137","CCDC137"
"RBM33","RBM33"
"MAL2","MAL2"
"MAD1L1","MAD1L1"
"ZBTB7C","ZBTB7C"
"SLC25A10","SLC25A10"
"","SNORA50C"
"CCL16","CCL16"
"ZNF18","ZNF18"
"THBS4","THBS4"
"ERMARD","ERMARD"
"ADCK1","ADCK1"
"TDRD9","TDRD9"
"ZNF577","ZNF577"
"SNORD104","SNORD104"
"TRIB1","TRIB1"
"LGR6","LGR6"
"HELZ","HELZ"
"RPS16","RPS16"
"BORA","BORA"
"","CCL14"
"MOSPD2","MOSPD2"
"MED30","MED30"
"TUBGCP6","TUBGCP6"
"OR2I1P","OR2I1"
"NOP14","NOP14"
"RREB1","RREB1"
"MAP2K4","MAP2K4"
"NFIL3","NFIL3"
"ADAM2","ADAM2"
"RECQL","RECQL"
"ZNF649","ZNF649"
"DHTKD1","DHTKD1"
"TUBG1","TUBG1"
"HEATR9","HEATR9"
"GEN1","GEN1"
"SLCO2A1","SLCO2A1"
"UBD","UBD"
"OR5P97","OR5P2"
"PAF1","PAF1"
"PGBD1","PGBD1"
"PHF10","PHF10"
"PNMT","PNMT"
"SERPINA1","SERPINA1"
"FOXI1","FOXI1"
"HGS","HGS"
"RFX8","RFX8"
"NIM1K","NIM1K"
"NUDT6","NUDT6"
"SMC6","SMC6"
"CCDC160","CCDC160"
"GABRA1","GABRA1"
"ADD1","ADD1"
"MAPK11","MAPK11"
"ENPP2","ENPP2"
"ZNF131","ZNF131"
"ARK2N","ARK2N"
"UBE2T","UBE2T"
"MMP28","MMP28"
"TTC39A","TTC39A"
"OR5P93","OR5P2"
"ABCA8","ABCA8"
"PSMC6","PSMC6"
"TSSC4","TSSC4"
"ZSCAN31","ZSCAN31"
"SCNN1B","SCNN1B"
"CACNA2D2","CACNA2D2"
"RIC3","RIC3"
"UPF2","UPF2"
"SHH","SHH"
"PLXNB2","PLXNB2"
"ZNF613","ZNF613"
"IL1RL1","IL1RL1"
"MED29","MED29"
"GALT","IL11RA"
"INSIG1","INSIG1"
"","LCN10"
"DOP1B","DOP1B"
"APLN","APLN"
"FGF2","FGF2"
"CD81","CD81"
"WDR44","WDR44"
"XPNPEP2","XPNPEP2"
"DAB2","DAB2"
"PIGA","PIGA"
"STARD3","STARD3"
"MOG","MOG"
"DOCK2","DOCK2"
"PYROXD1","PYROXD1"
"CCNA2","CCNA2"
"BEND6","BEND6"
"NRXN3","NRXN3"
"DIS3","DIS3"
"PTPN3","PTPN3"
"ARMCX1","ARMCX1"
"RFTN1","RFTN1"
"WDR27","WDR27"
"GAS2L2","GAS2L2"
"SETBP1","SETBP1"
"TRPM5","TRPM5"
"PTPN11","PTPN11"
"EXOSC9","EXOSC9"
"PLEKHG2","PLEKHG2"
"FHL1","FHL1"
"STYX","STYX"
"","CCIN"
"ZNF614","ZNF614"
"RPS6","RPS6"
"GLP2R","GLP2R"
"SPARCL1","SPARCL1"
"SPTBN1","SPTBN1"
"ADAM9","ADAM9"
"ASB9","ASB9"
"SYT2","SYT2"
"PDE6G","PDE6G"
"ACER2","ACER2"
"FAM20C","FAM20C"
"C11H17orf50","C17orf50"
"SMIM43","SMIM43"
"OXLD1","OXLD1"
"HAPLN1","HAPLN1"
"DPP6","DPP6"
"SERPINA11","SERPINA11"
"NDST4","NDST4"
"SATB1","SATB1"
"SLC24A2","SLC24A2"
"KCNQ1","KCNQ1"
"ZNF451","ZNF451"
"COG7","COG7"
"CTIF","CTIF"
"VAV2","VAV2"
"TMEM184A","TMEM184A"
"DENND6B","DENND6B"
"MORC3","MORC3"
"GNPNAT1","GNPNAT1"
"SH3BP2","SH3BP2"
"H2AB1","H2AB1"
"H2AB1","H2AB3"
"H2AB1","H2AB2"
"IL18RAP","IL18RAP"
"RASL10B","RASL10B"
"ARL16","ARL16"
"GAS7","GAS7"
"EPS15","EPS15"
"RD3L","RD3L"
"HAS2","HAS2"
"ARSB","ARSB"
"CHST10","CHST10"
"NPLOC4","NPLOC4"
"LMO1","LMO1"
"","VN1R4"
"CHAF1B","CHAF1B"
"ASPG","ASPG"
"TTL",""
"COL14A1","COL14A1"
"RPP40","RPP40"
"ANKRD50","ANKRD50"
"","MOAP1"
"U6","RNU6-552P"
"PPP6R2","PPP6R2"
"GOLT1B","GOLT1B"
"PPP2R1A","PPP2R1A"
"FERMT2","FERMT2"
"OR13C15P","OR13C7"
"AP2B1","AP2B1"
"SNORA56","SNORA56"
"FAT4","FAT4"
"SNORA36A","SNORA36A"
"STK26","STK26"
"DOCK11","DOCK11"
"PSMG3","PSMG3"
"KDM5B","KDM5B"
"SULT1C3","SULT1C3"
"eca-mir-105","MIR105-1"
"OXNAD1","OXNAD1"
"ARMCX4","ARMCX4"
"ZKSCAN3","ZKSCAN3"
"eca-mir-767","MIR767"
"C9","C9"
"NUDT9","NUDT9"
"NCF4","NCF4"
"eca-mir-224","MIR224"
"BRCA1","BRCA1"
"COQ8A","COQ8A"
"PROSER2","PROSER2"
"TIMM50","TIMM50"
"MOGAT3","MOGAT3"
"MRPL11","MRPL11"
"SRPK3","SRPK3"
"MPDZ","MPDZ"
"CLDN14","CLDN14"
"GON7","GON7"
"SLC5A7","SLC5A7"
"UBR7","UBR7"
"RSKR","RSKR"
"POLR1B","POLR1B"
"TRAM1L1","TRAM1L1"
"TNIP2","TNIP2"
"FYB1","FYB1"
"","HS3ST4"
"CCND1","CCND1"
"PDGFA","PDGFA"
"GYS2","GYS2"
"RCOR1","RCOR1"
"LTO1","LTO1"
"LCMT1","LCMT1"
"UXS1","UXS1"
"LHFPL2","LHFPL2"
"HSD17B11","HSD17B11"
"","LYRM4"
"","H3-5"
"ECHDC3","ECHDC3"
"OR52H20",""
"NDNF","NDNF"
"PDXK","PDXK"
"OR52AC1",""
"RAB23","RAB23"
"CLIC2","CLIC2"
"CSF2RB","CSF2RB"
"VRK2","VRK2"
"SCAMP1","SCAMP1"
"FGF19","FGF19"
"C6orf120","C6orf120"
"DLL3","DLL3"
"FGF4","FGF4"
"RPL23A",""
"PIBF1","PIBF1"
"ZSCAN12","ZSCAN12"
"GLNB2",""
"","ARMCX6"
"LDHB","LDHB"
"FAM193A","FAM193A"
"USP6NL","USP6NL"
"BTBD7","BTBD7"
"SMAD7","SMAD7"
"","CSF2RB"
"KAT2B","KAT2B"
"SUPT6H","SUPT6H"
"PSEN2","PSEN2"
"AQP8","AQP8"
"","HBG1"
"","HBG2"
"SBF1","SBF1"
"PRKAR1B","PRKAR1B"
"","SELENOV"
"TCAP","TCAP"
"PRDM5","PRDM5"
"PRIM2","PRIM2"
"RICTOR","RICTOR"
"SASH3","SASH3"
"VEGFD","VEGFD"
"OACYL",""
"PEX12","PEX12"
"C1QTNF6","C1QTNF6"
"HSD17B13","HSD17B13"
"PPP1R1B","PPP1R1B"
"PDE10A","PDE10A"
"U6","RNU6-1055P"
"ARMCX3","ARMCX3"
"EID2","EID2"
"eca-mir-9165",""
"","SLFN13"
"","SLFN11"
"TTBK1","TTBK1"
"FARS2","FARS2"
"OR51B22P",""
"eca-mir-9164",""
"TRAF3","TRAF3"
"ZSCAN23","ZSCAN23"
"IL2RB","IL2RB"
"eca-mir-9163",""
"VSNL1","VSNL1"
"ZDHHC9","ZDHHC9"
"TNFSF13B","TNFSF13B"
"","SLFN12"
"","SLFN12L"
"G6PC1","AOC3"
"DDHD1","DDHD1"
"TEKT3","TEKT3"
"LRP6","LRP6"
"PGAP2","PGAP2"
"PIR","PIR"
"","ANKRD10"
"RRP1","RRP1"
"","LEUTX"
"NARS1","NARS1"
"FAAP100","FAAP100"
"","SPATA31F1"
"KLHL8","KLHL8"
"ZKSCAN2","ZKSCAN2"
"","IFITM1"
"","IFITM3"
"","IFITM2"
"IFITM5","IFITM5"
"SRP9","SRP9"
"","YBX1"
"ESRRB","ESRRB"
"DYM","DYM"
"TEX2","TEX2"
"ZFP57","ZFP57"
"CDRT4","CDRT4"
"","LEFTY2"
"","LEFTY1"
"CHCHD5","CHCHD5"
"","FRG2"
"","FRG2B"
"","FRG2C"
"RAD51AP2","RAD51AP2"
"HECTD4","HECTD4"
"CDK12","CDK12"
"TDRD7","TDRD7"
"","ZNF347"
"OLFM1","OLFM1"
"UTP14A","UTP14A"
"UTP14A","UTP14C"
"DNAAF5","DNAAF5"
"RAX",""
"SCARNA7","SCARNA7"
"PYCR2","PYCR2"
"EQUCABV1R916",""
"SGO1","SGO1"
"SSTR3","SSTR3"
"","ZNF775"
"FSCN2","FSCN2"
"NT5DC4","NT5DC4"
"OPN5","OPN5"
"RNF11","RNF11"
"DYRK1B","DYRK1B"
"SPTLC1","SPTLC1"
"eca-mir-16-1","MIR16-2"
"PGGHG","PGGHG"
"ACTG1","ACTG1"
"MIR15B","MIR15B"
"ARMCX2","ARMCX2"
"TMEM182","TMEM182"
"UNC79","UNC79"
"SEC11C",""
"CYB561D2","CYB561D2"
"ACYP2","ACYP2"
"MAP3K3","MAP3K3"
"BMX","BMX"
"U6","RNU6-1251P"
"","OR7A5"
"","OR7A10"
"","OR7A17"
"AP3B1","AP3B1"
"C9orf50","C9orf50"
"eca-mir-8932-1",""
"IL21","IL21"
"eca-mir-8937-1",""
"SPDL1","SPDL1"
"ADGRG4","ADGRG4"
"ERCC3","ERCC3"
"BAHCC1","BAHCC1"
"ADAD1","ADAD1"
"","IFITM10"
"NTMT1","NTMT1"
"GPATCH2L","GPATCH2L"
"MANSC1","MANSC1"
"PP2D1","PP2D1"
"SLC20A1","SLC20A1"
"CTSD","CTSD"
"POLR1H","POLR1H"
"TMEM63A","TMEM63A"
"C2H1orf185","C1orf185"
"","ZNF195"
"","ZNF429"
"","ZNF519"
"ENPP5","ENPP5"
"PUF60","PUF60"
"","CARD18"
"ASB6","ASB6"
"VASH1","VASH1"
"BORCS5","BORCS5"
"EFCAB13","EFCAB13"
"C31H6orf118","C6orf118"
"RHAG","RHAG"
"PPP1R11",""
"BTK","BTK"
"AMN","AMN"
"FBL","FBL"
"ZNF331","ZNF331"
"KHDRBS2","KHDRBS2"
"SLC5A11","SLC5A11"
"ART1","ART1"
"TMOD1","TMOD1"
"","CSTB"
"RAB5A","RAB5A"
"STAC","STAC"
"HTRA4","HTRA4"
"MIOX","MIOX"
"ZMYND10","ZMYND10"
"HSF5","HSF5"
"PALM2AKAP2","PALM2AKAP2"
"RNF39","RNF39"
"PROCA1","PROCA1"
"FBXW10B","FBXW10B"
"FBXW10B","FBXW10"
"PRP4K","PRP4K"
"GRP","GRP"
"SYT8","TNNI2"
"CKAP2L","CKAP2L"
"DUSP16","DUSP16"
"TREM2","TREM2"
"SUPT4H1","SUPT4H1"
"ISX","ISX"
"LMF2","LMF2"
"MTBP","MTBP"
"INSYN2B","INSYN2B"
"MAPK4","MAPK4"
"","TRIM31"
"MATN3","MATN3"
"ZNF283",""
"IL2","IL2"
"AFF1","AFF1"
"PRRX2","PRRX2"
"TREML2","TREML2"
"TRIM40","TRIM40"
"BRS3","BRS3"
"MFSD9","MFSD9"
"BLTP1","BLTP1"
"GABRA6","GABRA6"
"NEUROD2","NEUROD2"
"CHRNA10","CHRNA10"
"ANGEL1","ANGEL1"
"HTATSF1","HTATSF1"
"PAXIP1","PAXIP1"
"RNF43","RNF43"
"QKI","QKI"
"PLEC","PLEC"
"SYNGR1","SYNGR1"
"KLF5","KLF5"
"CREBL2","CREBL2"
"LIPG","LIPG"
"GPX6","GPX6"
"FASN","FASN"
"AGPAT3","AGPAT3"
"PTGES","PTGES"
"TSTD2","TSTD2"
"AGFG2","AGFG2"
"MDFI","MDFI"
"","TVP23B"
"","TVP23C"
"NOL6","NOL6"
"NAV1","NAV1"
"IL37","IL37"
"CDKN2C","CDKN2C"
"PLEKHA2","PLEKHA2"
"VGLL1","VGLL1"
"PSME4","PSME4"
"FBXL20","FBXL20"
"","GPX5"
"LSP1","LSP1"
"TENM2","TENM2"
"TRAPPC10","TRAPPC10"
"TOR1B","TOR1B"
"CD40LG","CD40LG"
"OSMR","OSMR"
"TLCD1","TLCD1"
"NLRP12","NLRP12"
"FAF1","FAF1"
"CDC42BPB","CDC42BPB"
"NUP98","NUP98"
"SLC9A2","SLC9A2"
"ZBTB18","ZBTB18"
"ACE2","ACE2"
"EPHB1","EPHB1"
"SLC25A35","SLC25A35"
"ZNF404","ZNF404"
"TREM1","TREM1"
"FAM217A","FAM217A"
"NCAPH2","NCAPH2"
"ARHGEF6","ARHGEF6"
"PACRG","PACRG"
"ELOVL4","ELOVL4"
"TAC1","TAC1"
"WDR35","WDR35"
"RBX1",""
"ARHGAP17","ARHGAP17"
"MTMR4","MTMR4"
"QPCT","QPCT"
"CCK","CCK"
"GPR19","GPR19"
"TOR1A","TOR1A"
"SCAND3","SCAND3"
"RASSF1","RASSF1"
"KLF12","KLF12"
"CFAP99","CFAP99"
"IL36G","IL36G"
"DCC","DCC"
"KCNK12","KCNK12"
"RANGRF","RANGRF"
"CRISP2","CRISP2"
"C25H9orf78","C9orf78"
"PRKN","PRKN"
"MSH2","MSH2"
"SCO2","SCO2"
"IL1A","IL1A"
"KLHDC7B","KLHDC7B"
"ZNF311","ZNF311"
"PRSS45",""
"IFRD2","IFRD2"
"FOXN3","FOXN3"
"NCBP1","NCBP1"
"ZNF45","ZNF45"
"MYADM","MYADM"
"ARHGEF15","ARHGEF15"
"","ELOA2"
"ECRG4","ECRG4"
"NXPH1","NXPH1"
"CPT1B","CPT1B"
"","PFDN1"
"USP20","USP20"
"IL1B","IL1B"
"LRRC74A","LRRC74A"
"FBXO24","FBXO24"
"CYTH4","CYTH4"
"TBX18","TBX18"
"","ZFYVE28"
"IL13RA1","IL13RA1"
"TRAF4","TRAF4"
"LBR","LBR"
"AGMO","AGMO"
"LYZL4","LYZL4"
"OR2J3IP",""
"C20H6orf201",""
"TAF7L","TAF7L"
"C18orf32","C18orf32"
"LSMEM2","LSMEM2"
"CLPSL2","CLPSL2"
"C14orf132","C14orf132"
"C25H9orf152","C9orf152"
"LIFR","LIFR"
"OR2Y3B",""
"MEPE","MEPE"
"ECI2","ECI2"
"SERPINA6","SERPINA6"
"CLTRN","CLTRN"
"ODF4","ODF4"
"NCR2","NCR2"
"HLA-DMA","HLA-DMA"
"CCR8","CCR8"
"NCK2","NCK2"
"ZCCHC12","ZCCHC18"
"ZCCHC12","ZCCHC12"
"EPCAM","EPCAM"
"","ZNF155"
"","ZNF230"
"KRBA2","KRBA2"
"NEK8","NEK8"
"RFNG","RFNG"
"TXN","TXN"
"DYNAP","DYNAP"
"CALM1","CALM1"
"SLC25A38","SLC25A38"
"OR10AL40",""
"RPL26","RPL26"
"PRR33","PRR33"
"COL12A1","COL12A1"
"SLC38A3","SLC38A3"
"NKX6-1","NKX6-1"
"DEFB110","DEFB110"
"LONRF3","LONRF3"
"RNF222","RNF222"
"STARD6","STARD6"
"DNAH14","DNAH14"
"DUS1L","DUS1L"
"","DEFB112"
"TCL1A","TCL1A"
"ATL2","ATL2"
"HNRNPH2","HNRNPH2"
"ABCF1","ABCF1"
"CREG2","CREG2"
"ANXA3","ANXA3"
"UGCG","UGCG"
"TNNT3","TNNT3"
"RBMX","RBMXL1"
"FAM222B","FAM222B"
"NDEL1","NDEL1"
"U6","RNU6-831P"
"U6","RNU6-1282P"
"CRISP1","CRISP1"
"U6","RNU6-1125P"
"POLN","POLN"
"SERPINB1","SERPINB1"
"MGP",""
"ANKRD34B","ANKRD34B"
"SYNE3","SYNE3"
"EFHB",""
"HTR5A","HTR5A"
"ADAMTSL2","ADAMTSL2"
"XPA","XPA"
"","TPD52"
"MRPL13","MRPL13"
"GPS1","GPS1"
"ZNF227","ZNF227"
"VIPR2","VIPR2"
"ERAL1","ERAL1"
"KLF2","KLF2"
"UBE2R2","UBE2R2"
"PWP2","PWP2"
"C8H18orf54","C18orf54"
"IL36A","IL36A"
"","MOBP"
"AGPAT4","AGPAT4"
"SNTB1","SNTB1"
"TNRC6A","TNRC6A"
"KIAA1210",""
"PIK3R1","PIK3R1"
"MYMK","MYMK"
"PRKCG","PRKCG"
"KCNH8","KCNH8"
"TXNDC8","TXNDC8"
"STOML2","STOML2"
"NFIB","NFIB"
"RNF149","RNF149"
"CA5B","CA5B"
"IRS3",""
"IRF2BPL","IRF2BPL"
"MRPS30","MRPS30"
"THSD7A","THSD7A"
"TM2D2","TM2D2"
"DBH","DBH"
"BRD2","BRD2"
"VEGFA","VEGFA"
"TEX14","TEX14"
"DMRT2","DMRT2"
"ZNF235","ZNF235"
"DMRTA2","DMRTA2"
"RPSA",""
"UBAP2","UBAP2"
"KCTD12","KCTD12"
"SAP25","SAP25"
"LRATD1","LRATD1"
"DLX2","DLX2"
"ELFN2","ELFN2"
"FLRT2","FLRT2"
"SERPINB9","SERPINB9"
"MED1","MED1"
"ACOD1","ACOD1"
"TACC1","TACC1"
"OR2T87",""
"CDCP2","CDCP2"
"IL1F10","IL1F10"
"CHRNA1","CHRNA1"
"","DCXR"
"OR2T86",""
"ZNF112","ZNF112"
"TOPAZ1","TOPAZ1"
"LRCH4","LRCH4"
"RHOG","RHOG"
"OR1A1F","OR1A1"
"OR1A1F","OR1A2"
"CHKB","CHKB"
"CNOT11","CNOT11"
"GLA","GLA"
"FAM151B","FAM151B"
"OR1A8","OR1A1"
"OR1A8","OR1A2"
"IL36RN","IL36RN"
"GDNF","GDNF"
"OR1A1H","OR1A1"
"OR1A1H","OR1A2"
"PUM3","PUM3"
"TCEANC2","TCEANC2"
"RNF32","RNF32"
"OR3A4",""
"WDR70","WDR70"
"RHOB","RHOB"
"HLA-DOA","HLA-DOA"
"OR3A16",""
"DCXR","DCXR"
"TBC1D5","TBC1D5"
"MBD2","MBD2"
"ATP10B","ATP10B"
"CLN5","CLN5"
"SERPINB6","SERPINB6"
"ZRSR2","ZRSR2"
"OR1E1","OR1E2"
"OR1E1","OR1E1"
"MAP3K4","MAP3K4"
"PGRMC1","PGRMC1"
"TRPC3","TRPC3"
"MAPK8IP2","MAPK8IP2"
"GNAI2","GNAI2"
"REV1","REV1"
"SVEP1","SVEP1"
"RAC3","RAC3"
"FRAS1","FRAS1"
"DIO2","DIO2"
"IFT25","IFT25"
"TAF2","TAF2"
"MFNG","MFNG"
"ICOSLG","ICOSLG"
"RHOQ","RHOQ"
"PTCHD4","PTCHD4"
"AKAP17B",""
"MDGA1","MDGA1"
"EQUCABV1R902",""
"ATOSB","ATOSB"
"TMEM158","TMEM158"
"OR6Z11",""
"ZFYVE16","ZFYVE16"
"TBC1D8","TBC1D8"
"SARDH","SARDH"
"LMBR1","LMBR1"
"EQUCABV1R921",""
"EQUCABV1R912","VN1R2"
"TMEM221","TMEM221"
"ZNF229","ZNF229"
"SLC25A5","SLC25A5"
"POLI","POLI"
"MAP7D3","MAP7D3"
"ARSA","ARSA"
"STIM1","STIM1"
"LRRC45","LRRC45"
"DEFB113","DEFB113"
"CEP128","CEP128"
"ZNF180","ZNF180"
"PCDH19","PCDH19"
"DEFB114","DEFB114"
"DNMT3L","DNMT3L"
"HERC3","HERC3"
"PUM2","PUM2"
"GNAT1","GNAT1"
"","MRPL23"
"PKDREJ","PKDREJ"
"TMEM59","TMEM59"
"FBXL3","FBXL3"
"FOXP4","FOXP4"
"UBE2A","UBE2A"
"CWC27","CWC27"
"MYH10","MYH10"
"HNMT","HNMT"
"AP1S2","AP1S2"
"","MAP7D3"
"BPHL","BPHL"
"UNC13B","UNC13B"
"","SNORA2A"
"SEMA3F","SEMA3F"
"PIGF","PIGF"
"LRRC2","LRRC2"
"SNORA2B","SNORA2B"
"SESTD1","SESTD1"
"PPP1R10","PPP1R10"
"","RAB40C"
"SNORA2C","SNORA2C"
"ELF4","ELF4"
"LDLRAD1","LDLRAD1"
"PLCL2","PLCL2"
"THSD7B","THSD7B"
"TNMD","TNMD"
"LRRC42","LRRC42"
"PSMG1","PSMG1"
"AIFM1","AIFM1"
"MAT2B","MAT2B"
"CNIH3","CNIH3"
"eca-mir-1291a",""
"IPO9","IPO9"
"STAC2","STAC2"
"IF1DA2","IFNB1"
"AQP5","AQP5"
"ARMCX5","ARMCX5"
"CARS1","CARS1"
"MXD4","MXD4"
"STPG4","STPG4"
"C11H17orf47",""
"CENPX",""
"STEEP1","STEEP1"
"SIM2","SIM2"
"ASPSCR1","ASPSCR1"
"GXYLT1","GXYLT1"
"MVB12B","MVB12B"
"DIO1","DIO1"
"HAUS3","HAUS3"
"RTP3","RTP3"
"NQO2","NQO2"
"MYCBP2","MYCBP2"
"MOSPD3","MOSPD3"
"","IFNB1"
"ANXA5","ANXA5"
"IL17F","IL17F"
"HLCS","HLCS"
"TRIP11","TRIP11"
"GRPR","GRPR"
"PCOLCE","PCOLCE"
"NXPH2","NXPH2"
"LTF","LTF"
"KLHL9","KLHL9"
"HMMR","HMMR"
"MCM3","MCM3"
"MAGEB17",""
"OR2AE1C","OR2AE1"
"NAT8L","NAT8L"
"YIPF1","YIPF1"
"RBBP6","RBBP6"
"SPOPL","SPOPL"
"","OBP2A"
"","OBP2B"
"SPZ1","SPZ1"
"NELFA","NELFA"
"TCF4","TCF4"
"UPF3B","UPF3B"
"CACNB1","CACNB1"
"DYNC1H1","DYNC1H1"
"NOTUM","NOTUM"
"PGM5","PGM5"
"PDHA1","PDHA1"
"YAF2","YAF2"
"","IFNA6"
"","IFNA4"
"","IFNA1"
"","IFNA14"
"","IFNA10"
"","IFNA2"
"","IFNA8"
"","IFNA16"
"","IFNA5"
"","IFNA13"
"","IFNA17"
"","IFNA21"
"","IFNA7"
"WDR26","WDR26"
"EIF5B","EIF5B"
"DPRX",""
"RAB33A","RAB33A"
"NUP155","NUP155"
"","DNAJB6"
"","APOL1"
"","APOL4"
"","APOL2"
"","APOL3"
"","TNFRSF10C"
"","TNFRSF10B"
"","TNFRSF10D"
"","IFNW1"
"CCER2","CCER2"
"TRIM4","TRIM4"
"RIPK1","RIPK1"
"ATXN3","ATXN3L"
"ATXN3","ATXN3"
"SMARCA1","SMARCA1"
"DSCC1","DSCC1"
"NKRF","NKRF"
"TTC7A","TTC7A"
"MYADML2","MYADML2"
"KYNU","KYNU"
"BTF3",""
"IL17A","IL17A"
"CCDC141","CCDC141"
"","HMGN1"
"SARS2","SARS2"
"PYCR1","PYCR1"
"GJC3","GJC3"
"DAZL","DAZ1"
"DAZL","DAZL"
"DAZL","DAZ2"
"DAZL","DAZ3"
"DAZL","DAZ4"
"NUDCD2","NUDCD2"
"MRPS18B","MRPS18B"
"TRAK1","TRAK1"
"SEPTIN6","SEPTIN6"
"RBM5","RBM5"
"RRM1","RRM1"
"BIN2","BIN2"
"SHISA4","SHISA4"
"FGFR1","FGFR1"
"SPRY1","SPRY1"
"GPRASP1","GPRASP1"
"IFNE","IFNE"
"NDC1","NDC1"
"RPL31",""
"AZGP1","AZGP1"
"CNIH4","CNIH4"
"ZFAND3","ZFAND3"
"PKHD1","PKHD1"
"TUBB",""
"MAP3K15","MAP3K15"
"GET1","GET1"
"PARP10A","PARP10"
"DEPTOR","DEPTOR"
"MB","MB"
"RAD51C","RAD51C"
"FREM1","FREM1"
"LMOD1","LMOD1"
"SIRT7","SIRT7"
"CCNG1","CCNG1"
"PLG","PLG"
"TMEM130","TMEM130"
"DHX16","DHX16"
"GPRASP2","GPRASP2"
"TRAFD1","TRAFD1"
"NVL","NVL"
"TMEM252","TMEM252"
"ANKRD28","ANKRD28"
"NSD2","NSD2"
"TDRD15","TDRD15"
"QRFPR","QRFPR"
"","FOXD4L1"
"","FOXD4L5"
"","FOXD4L3"
"","FOXD4L4"
"","FOXD4L6"
"","FOXD4"
"TXNDC9","TXNDC9"
"LCN1","LCN1"
"MTX3","MTX3"
"TMEM106B","TMEM106B"
"TIMM17A","TIMM17A"
"ARHGAP15","ARHGAP15"
"FOXQ1","FOXQ1"
"APOL6","APOL6"
"SUSD1","SUSD1"
"SLIT3","SLIT3"
"GLIS1","GLIS1"
"APOB","APOB"
"OSBPL5","OSBPL5"
"FIBCD1","FIBCD1"
"SREK1IP1","SREK1IP1"
"GRINA","GRINA"
"ZNG1","ZNG1E"
"ZNG1","ZNG1C"
"ZNG1","ZNG1F"
"METRNL","METRNL"
"LCA5L","LCA5L"
"TNIP3","TNIP3"
"MRPS12","MRPS12"
"GPRASP3","GPRASP3"
"FBXO17","FBXO17"
"PITX2","PITX2"
"RBM6","RBM6"
"ACO1","ACO1"
"TRRAP","TRRAP"
"NDUFA4","NDUFA4"
"NOM1","NOM1"
"LRFN2","LRFN2"
"SHISAL2B","SHISAL2B"
"DIP2B","DIP2B"
"FBXO27","FBXO27"
"GSTA3",""
"CSTL1","CSTL1"
"SLC22A3","SLC22A3"
"RNPEP","RNPEP"
"PPM1E","PPM1E"
"MEI4","MEI4"
"GPR75","GPR75"
"CLEC14A","CLEC14A"
"PHF14","PHF14"
"MCFD2","MCFD2"
"CDKN1A","CDKN1A"
"U6","RNU6-1285P"
"NPAS2","NPAS2"
"NAP1L5","NAP1L5"
"SH3KBP1","SH3KBP1"
"B3GNTL1","B3GNTL1"
"eca-mir-8940-1",""
"RGS7BP","RGS7BP"
"KIAA1586","KIAA1586"
"SPATC1","SPATC1"
"ACP7","ACP7"
"TSPAN16","TSPAN16"
"HPGDS","HPGDS"
"DAAM1","DAAM1"
"CST9L","CST9L"
"SH3BGR","SH3BGR"
"MYRIP","MYRIP"
"UBXN2A","UBXN2A"
"CACNG3","CACNG3"
"TSPAN7","TSPAN7"
"TRIM37","TRIM37"
"LETM2","LETM2"
"NRM","NRM"
"SOWAHD","SOWAHD"
"MID1IP1","MID1IP1"
"UQCRFS1","UQCRFS1"
"LHFPL5","LHFPL5"
"CST8","CST8"
"TMEM116","TMEM116"
"CPSF2","CPSF2"
"PTPRN2","PTPRN2"
"ADGRF2",""
"ELF3","ELF3"
"ERLEC1","ERLEC1"
"RNF113A","RNF113B"
"RNF113A","RNF113A"
"ZNF507","ZNF507"
"TACR3","TACR3"
"SLC8A1","SLC8A1"
"SMPD5",""
"TTK","TTK"
"","ZNF674"
"","KRBOX4"
"SMARCAD1","SMARCAD1"
"CMYA5","CMYA5"
"MDC1","MDC1"
"","SHARPIN"
"ADGRF4","ADGRF4"
"SSTR1","SSTR1"
"AKAP14","AKAP14"
"INKA1","INKA1"
"PDE5A","PDE5A"
"ATAD2B","ATAD2B"
"PAK4","PAK4"
"AIF1L","AIF1L"
"LEF1","LEF1"
"NKAP","NKAP"
"RNF180","RNF180"
"PDGFB","PDGFB"
"CLPS","CLPS"
"PRKCB","PRKCB"
"NR5A2","NR5A2"
"","TFIP11"
"SLC22A2","SLC22A2"
"IGSF9B","IGSF9B"
"MON1A","MON1A"
"","RHOXF1"
"MBIP","MBIP"
"MMUT","MMUT"
"CPLANE1","CPLANE1"
"SRPK1","SRPK1"
"","LGALS7B"
"","LGALS7"
"MYH3","MYH3"
"U6","RNU6-1316P"
"SLC9A4","SLC9A4"
"ZBTB33","ZBTB33"
"RAP2C","RAP2C"
"OPLAH","OPLAH"
"OR55B4",""
"SNORD10","SNORD10"
"CEBPA","CEBPA"
"LAMC3","LAMC3"
"ZNF674","ZNF674"
"ZNF674","KRBOX4"
"MST1R","MST1R"
"SLC24A4","SLC24A4"
"SNORD42","SNORD42B"
"SNORD4A","SNORD4A"
"","VSX1"
"SNORD4B","SNORD4B"
"SLC22A1","SLC22A1"
"TSHZ3","TSHZ3"
"MBNL3","MBNL3"
"GTF2A1","GTF2A1"
"IL1R2","IL1R2"
"SNORD42","SNORD42A"
"U6","RNU6-901P"
"METAP1","METAP1"
"CST11","CST11"
"TTC39B","TTC39B"
"ATP1B4","ATP1B4"
"B3GALT5","B3GALT5"
"PLXDC1","PLXDC1"
"CD93","CD93"
"DCAF12","DCAF12"
"RIN3","RIN3"
"eca-mir-451","MIR451A"
"eca-mir-193a","MIR193A"
"FABP2","FABP2"
"OR52B4GP",""
"eca-mir-324","MIR324"
"","hsa-mir-423"
"KLHL29","KLHL29"
"TENT2","TENT2"
"C2H4orf3","ARLN"
"FOXA2","FOXA2"
"MIR212","MIR212"
"UTP23","UTP23"
"NCCRP1","NCCRP1"
"","SSU72L5"
"","SSU72L4"
"","SSU72L3"
"","SSU72L2"
"","SSU72L1"
"","SSU72L6"
"CENPQ","CENPQ"
"USP53","USP53"
"MIR22","MIR22"
"DOCK8","DOCK8"
"SYT17","SYT17"
"eca-mir-9095",""
"ZNF281",""
"LGALS3","LGALS3"
"LRATD2","LRATD2"
"MIR497","MIR497"
"IGF2R","IGF2R"
"MIR365B","MIR365B"
"","MAS1L"
"eca-mir-132","MIR132"
"eca-mir-9100",""
"ITGA6","ITGA6"
"HTR1A","HTR1A"
"CHST7","CHST7"
"TRIM21","TRIM21"
"MIR144","MIR144"
"EIF4E","EIF4E"
"","CLIC1"
"eca-mir-9110",""
"OVOL2","OVOL2"
"TFAP2D","TFAP2D"
"FN3KRP","FN3KRP"
"LRRC56","LRRC56"
"GTDC1","GTDC1"
"eca-mir-195","MIR195"
"SCO1","SCO1"
"TRPV1","TRPV1"
"CNIH1","CNIH1"
"RBFOX2","RBFOX2"
"RIPPLY3","RIPPLY3"
"MAP4K4","MAP4K4"
"RIGI","RIGI"
"NOSIP","NOSIP"
"FAM187B","FAM187B"
"TFAP2B","TFAP2B"
"LETM1","LETM1"
"IGSF5",""
"LHFPL1","LHFPL1"
"APLP2","APLP2"
"SNORD88C","SNORD88C"
"SNX5","SNX5"
"SNORD88A","SNORD88A"
"ARPP21","ARPP21"
"AMOT","AMOT"
"ARNTL2","BMAL2"
"SNORD88B","SNORD88B"
"ADPRM","ADPRM"
"CDHR4","CDHR4"
"eca-mir-372","MIR372"
"KLHL26","KLHL26"
"ENC1","ENC1"
"ALPK1","ALPK1"
"LGMN","LGMN"
"TUBB","TUBB"
"PCP4","PCP4"
"LMNTD2","LMNTD2"
"eca-mir-9086",""
"TRIM68","TRIM68"
"EXOSC4","EXOSC4"
"eca-mir-9093",""
"BCKDHB","BCKDHB"
"TBCD","TBCD"
"BCLAF3",""
"PHF6","PHF6"
"eca-mir-9089-1",""
"NKX2-1","NKX2-1"
"DEGS1","DEGS1"
"eca-mir-371","MIR371A"
"GPAA1","GPAA1"
"COMP","COMP"
"SCAF1","SCAF1"
"MIR99B","MIR99B"
"Metazoa_SRP","RN7SL293P"
"Metazoa_SRP","RN7SL582P"
"Metazoa_SRP","RN7SL806P"
"Metazoa_SRP","RN7SL87P"
"Metazoa_SRP","RN7SL240P"
"MYOZ2","MYOZ2"
"C2CD2","C2CD2"
"eca-mir-125a","MIR125A"
"PDLIM5","PDLIM5"
"RAD21","RAD21"
"U2","RNU2-58P"
"MIR935","MIR935"
"STON2","STON2"
"","OR52I2"
"","OR52I1"
"eca-let-7e","MIRLET7E"
"CAMTA2","CAMTA2"
"CLIC5","CLIC5"
"eca-mir-8977",""
"FLOT1","FLOT1"
"LSR","LSR"
"KLK15","KLK15"
"SYNPO2","SYNPO2"
"","PIK3C2G"
"OR51E1","OR51E1"
"DDX1","DDX1"
"NKX2-8","NKX2-8"
"RASSF7","RASSF7"
"PLPP5","PLPP5"
"TP53BP2","TP53BP2"
"PRRG2","PRRG2"
"U6","RNU6-507P"
"","GPT"
"ARL4A","ARL4A"
"MGME1","MGME1"
"U6","RNU6-960P"
"U6","RNU6-1291P"
"SLC26A8","SLC26A8"
"NAA25","NAA25"
"CPT1C","CPT1C"
"ASB3","ASB3"
"SUV39H2","SUV39H2"
"THBD","THBD"
"KLK10","KLK10"
"FAM169A","FAM169A"
"MFSD3","MFSD3"
"SOCS5","SOCS5"
"PHRF1","PHRF1"
"OCRL","OCRL"
"SEL1L","SEL1L"
"IER3","IER3"
"CCN3","CCN3"
"NXT2","NXT2"
"SLC9A7","SLC9A7"
"PTBP3","PTBP3"
"BTD","BTD"
"ETFB","ETFB"
"KIF14","KIF14"
"IPO8","IPO8"
"ENPEP","ENPEP"
"OR51E2","OR51E2"
"LRRC24","LRRC24"
"NSD3","NSD3"
"ZBTB21","ZBTB21"
"SEC24D","SEC24D"
"SPATA19","SPATA19"
"GOLGA5","GOLGA5"
"TMEM220","TMEM220"
"RPS15A",""
"VARS2","VARS2"
"OR51F23E","OR51C1"
"ENPP4","ENPP4"
"XYLT1","XYLT1"
"MYC","MYC"
"ELAVL3","ELAVL3"
"CXXC4","CXXC4"
"","NUP214"
"SMG8","SMG8"
"","GLYATL3"
"TUBA1B",""
"ASNS","ASNS"
"NCAPG2","NCAPG2"
"COL25A1","COL25A1"
"NDP","NDP"
"FGFR3","FGFR3"
"RECQL4","RECQL4"
"GLYATL3","GLYATL3"
"MAPK14","MAPK14"
"PKDCC","PKDCC"
"SNAPC3","SNAPC3"
"MYG1","MYG1"
"ZHX2","ZHX2"
"MAP7D2","MAP7D2"
"KIF16B",""
"PSMA6","PSMA6"
"AIRE","AIRE"
"OR51H13P",""
"UBA1","UBA1"
"YPEL2",""
"SPATS1","SPATS1"
"CHGA","CHGA"
"IRF7","IRF7"
"CEP89","CEP89"
"ST14","ST14"
"PEMT","PEMT"
"CDC42EP3","CDC42EP3"
"AATF","AATF"
"CHAC2","CHAC2"
"RUSC2","RUSC2"
"NUP214","NUP214"
"","PRR12"
"OR51P1",""
"PRKCSH","PRKCSH"
"ESPL1","ESPL1"
"HACL1","HACL1"
"OPTN","OPTN"
"PANK3","PANK3"
"RRAS","RRAS"
"PIGP","PIGP"
"ARL5C","ARL5C"
"NSA2","NSA2"
"DRD5","DRD5"
"KCNE5","KCNE5"
"MRO","MRO"
"CDC5L","CDC5L"
"SMIM36","SMIM36"
"IRF3","IRF3"
"XPO6","XPO6"
"PRDX3","PRDX3"
"FAM78A","FAM78A"
"TMEM164","TMEM164"
"ERP29","ERP29"
"","TTC3"
"COPE","COPE"
"FSHR","FSHR"
"CDHR5","CDHR5"
"TRAIP","TRAIP"
"PSIP1","PSIP1"
"U6","RNU6-1161P"
"MMP26","MMP26"
"FCAR",""
"NIPBL","NIPBL"
"NTNG2","NTNG2"
"PRSS50","PRSS50"
"DDX59","DDX59"
"ZEB2","ZEB2"
"MAOA","MAOA"
"RARS1","RARS1"
"METTL14","METTL14"
"SRP54","SRP54"
"SMURF1","SMURF1"
"eca-mir-9020",""
"eca-mir-9021",""
"ZBTB44","ZBTB44"
"RPL28","RPL28"
"DERL1","DERL1"
"ITPK1",""
"eca-let-7a-2","MIRLET7A3"
"FBXO28","FBXO28"
"HTRA1","HTRA1"
"","OR52J3"
"VPS26C","VPS26C"
"CD72","CD72"
"eca-mir-1249",""
"BCL2L12","BCL2L12"
"eca-mir-9022",""
"EIF1AX","EIF1AX"
"eca-mir-9018",""
"GFM2","GFM2"
"C1GALT1","C1GALT1"
"SBK3","SBK3"
"CCDC85A","CCDC85A"
"ME2","ME2"
"MGAT3","MGAT3"
"INTS6L","INTS6L"
"OR56B2I","OR56B2"
"TMEM30A","TMEM30A"
"SCT","SCT"
"ZNF446","ZNF446"
"SHANK3","SHANK3"
"PIRT","PIRT"
"USF2","USF2"
"LHCGR","LHCGR"
"NBAS","NBAS"
"CAPN2","CAPN2"
"DRD4","DRD4"
"HPX","HPX"
"U6","RNU6-587P"
"U6","RNU6-836P"
"","ADH4"
"GDF1","GDF1"
"HSDL2","HSDL2"
"PDK1","PDK1"
"ADAMTS8",""
"COQ8B","NUMBL"
"UBAP1","UBAP1"
"TFEB","TFEB"
"COL28A1","COL28A1"
"MAPK13","MAPK13"
"DDX49","DDX49"
"","TRAV2"
"SMPD1","SMPD1"
"COX7A2","COX7A2"
"","TMEM80"
"ZNF543","ZNF543"
"RGL3","ODAD3"
"CYP2U1","HADH"
"AMMECR1","AMMECR1"
"KANK1","KANK1"
"DYRK1A","DYRK1A"
"","TRAV3"
"FTSJ1","FTSJ1"
"","TRAV4"
"RPS6KA3","RPS6KA3"
"TMIE","TMIE"
"PRSS12","PRSS12"
"DDHD2","DDHD2"
"","TRAV30"
"NT5M","NT5M"
"NXN","NXN"
"CAPRIN2","CAPRIN2"
"APBB1","APBB1"
"GTF2H4","GTF2H4"
"WWC1","WWC1"
"CAMKV","CAMKV"
"CAMSAP2","CAMSAP2"
"MAPKAPK5",""
"GSG1L","GSG1L"
"PNLIPRP3","PNLIPRP3"
"TRAV34","TRAV34"
"PLAU","PLAU"
"TBC1D10C","TBC1D10C"
"ADAMTS15","ADAMTS15"
"","TRAV38-1"
"","TRAV38-2DV8"
"CIMIP2B","CIMIP2B"
"TBC1D31","TBC1D31"
"MIEF1","MIEF1"
"SENP6","SENP6"
"PIK3R6","PIK3R6"
"LRRC14","LRRC14"
"ALS2CL","ALS2CL"
"RHPN2","RHPN2"
"","TRGC2"
"","TRGC1"
"ITPRID2","ITPRID2"
"BAG4","BAG4"
"CCNB1IP1","CCNB1IP1"
"HOMER3","HOMER3"
"TESK1","TESK1"
"ACACA","ACACA"
"PARVB","PARVB"
"KIF24","KIF24"
"GTF2A1L","GTF2A1L"
"ETS1","ETS1"
"TFE3","TFE3"
"KRT1","KRT2"
"PARP2","PARP2"
"","TRGV11"
"","TRGV10"
"PAQR8","PAQR8"
"BRAP","BRAP"
"PNLIP","PNLIP"
"EFEMP1","EFEMP1"
"KPNA7","KPNA7"
"CCDC107","CCDC107"
"RADX","RADX"
"","MIURF"
"CXCL12","CXCL12"
"PMPCB","PMPCB"
"NDST3","NDST3"
"YWHAE","YWHAE"
"SLC27A5","SLC27A5"
"KCND1","KCND1"
"CCDC171","CCDC171"
"ATF4","ATF4"
"ADH5","ADH5"
"ITPK1","ITPK1"
"FAM177A1","FAM177A1"
"ESYT2","ESYT2"
"KIAA1958","KIAA1958"
"","SAGE1"
"PNLIPRP2","PNLIPRP2"
"RGL3","RGL3"
"","MUC19"
"SLC43A2","SLC43A2"
"SUN1","SUN1"
"MAS1","MAS1"
"UBA7","UBA7"
"PPP2R3C","PPP2R3C"
"STAR","LSM1"
"ITPKC","ITPKC"
"FNBP1","FNBP1"
"DDR1","DDR1"
"PXT1","PXT1"
"ARHGAP39","ARHGAP39"
"TOM1","TOM1"
"MAOB","MAOB"
"AREL1","AREL1"
"MZF1","MZF1"
"KATNIP","KATNIP"
"EZR","EZR"
"KCNJ6","KCNJ6"
"GRIPAP1","GRIPAP1"
"PNLIPRP1","PNLIPRP1"
"STON1","STON1"
"ETV7","ETV7"
"SNX30","SNX30"
"ZNF750","ZNF750"
"CD180","CD180"
"METTL16","METTL16"
"FAAP24","FAAP24"
"SNRPA","SNRPA"
"PGBD5","PGBD5"
"ARHGEF39","ARHGEF39"
"EPOR","EPOR"
"SLC9A6","SLC9A6"
"CYP2U1","CYP2U1"
"SLC1A3","SLC1A3"
"RNF128","RNF128"
"FAM240A","FAM240A"
"PPP1R21","PPP1R21"
"WDR88","WDR88"
"ETS2","ETS2"
"","MTMR1"
"RAB40B","RAB40B"
"CAPN8","CAPN8"
"","POLD4"
"MIOS","MIOS"
"MYO6","MYO6"
"TSSK6","TSSK6"
"ULK4","ULK4"
"ZNF350","ZNF350"
"GALNT2","GALNT2"
"DMRT1","DMRT1"
"TRIM3","TRIM3"
"GTSE1","GTSE1"
"YJEFN3","YJEFN3"
"NUDT2","NUDT2"
"SWSAP1","SWSAP1"
"TM7SF3","TM7SF3"
"SLC22A7","SLC22A7"
"GRID2","GRID2"
"DMRT3","DMRT3"
"ACTMAP","ACTMAP"
"OR4H12EP",""
"KRT73","KRT73"
"ALDH2","ALDH2"
"GPATCH1","GPATCH1"
"ACTRT2","ACTRT2"
"DMAC1","DMAC1"
"NKX2-2","NKX2-2"
"SLC25A33","SLC25A33"
"SGMS2","SGMS2"
"SYTL3","SYTL3"
"COLQ","COLQ"
"ARAF","ARAF"
"COPS3","COPS3"
"ELAC1","ELAC1"
"FLOT2","FLOT2"
"NKX2-4","NKX2-4"
"RPA3","RPA3"
"PNPT1","PNPT1"
"HEXB","HEXB"
"AMIGO3","AMIGO3"
"CLCF1","CLCF1"
"RALGAPA1","RALGAPA1"
"WDR11","WDR11"
"KRT72","KRT72"
"SNORA69","SNORA69"
"CA9","CA9"
"TYMP","TYMP"
"RAB4B","RAB4B"
"DYNLT1","DYNLT1"
"PKP1","PKP1"
"TOPORS","TOPORS"
"UMAD1","UMAD1"
"PIP5K1B","PIP5K1B"
"GMPPB","GMPPB"
"KCTD20","KCTD20"
"ASH2L","ASH2L"
"","WDR45B"
"XRN2","XRN2"
"HMOX1","HMOX1"
"SLC2A5","SLC2A5"
"SNORA35B","SNORA35B"
"FLI1","FLI1"
"KRT89",""
"PPP1R1C","PPP1R1C"
"U6","RNU6-637P"
"OR5O2P",""
"UMODL1","UMODL1"
"SLC46A2","SLC46A2"
"EIF1",""
"SNORA35","SNORA35"
"eca-mir-1911",""
"","FHL2"
"FOXK2","FOXK2"
"FCF1",""
"FRMD7","FRMD7"
"TTC7B","TTC7B"
"C15H2orf49","C2orf49"
"KIF26B","KIF26B"
"eca-mir-1298",""
"","KRT6B"
"","KRT6A"
"","KRT6C"
"TBC1D8B","TBC1D8B"
"TMEM181","TMEM181"
"CILP2","CILP2"
"eca-mir-764",""
"ETNPPL","ETNPPL"
"SMAD4","SMAD4"
"OR4K15","OR4K15"
"SYN1","SYN1"
"ZNF251","ZNF251"
"eca-mir-448","MIR448"
"CCNE1","CCNE1"
"RAD9A","RAD9A"
"ZNF385B","ZNF385B"
"eca-mir-2483",""
"TPM2","TPM2"
"ARHGEF28","ARHGEF28"
"eca-mir-1264",""
"eca-mir-1912","MIR1912"
"MED21","MED21"
"KRT8","KRT8"
"TGFBRAP1","TGFBRAP1"
"TMEM255A","TMEM255A"
"","EIF3J"
"","MUCL3"
"CRIP3","CRIP3"
"PIK3R5","PIK3R5"
"ACAD8","ACAD8"
"STK38L","STK38L"
"TNNT2","TNNT2"
"ZNF280C","ZNF280C"
"","SH3BGRL"
"EGLN2","EGLN2"
"GLCCI1","GLCCI1"
"PPP1CA","PPP1CA"
"TAF10","TAF10"
"AFMID","AFMID"
"RNF123","RNF123"
"OR4Q3","OR4Q3"
"","RPS12"
"GATAD2A","GATAD2A"
"IFN-OMEGA2","IFNW1"
"FAM83A","FAM83A"
"SMIM27","SMIM27"
"DNAJC2","DNAJC2"
"TIMP1","TIMP1"
"TRIM26","TRIM26"
"SSH2","SSH2"
"COMMD5","COMMD5"
"MCM5","MCM5"
"URI1","URI1"
"TLN1","TLN1"
"SCEL","SCEL"
"CYP2F1","CYP2F1"
"TMEM215","TMEM215"
"KRT79","KRT79"
"ACAD10","ACAD10"
"DYNC2I1","DYNC2I1"
"TULP4","TULP4"
"APTX","APTX"
"ARFIP2","ARFIP2"
"C8orf76","C8orf76"
"ABCG1","ABCG1"
"ZNF318","ZNF318"
"","SLC2A7"
"OR4F17","OR4F4"
"OR4F17","OR4F17"
"OR4F17","OR4F5"
"YLPM1","YLPM1"
"PTTG1","PTTG2"
"PTTG1","PTTG1"
"CNKSR2","CNKSR2"
"U6","RNU6-966P"
"","THOC5"
"STK38","STK38"
"ATP6AP2","ATP6AP2"
"ZNF7","ZNF7"
"","OR4F15"
"GPRIN3","GPRIN3"
"eca-mir-9147",""
"SLU7","SLU7"
"AJAP1","AJAP1"
"eca-mir-9145",""
"OR11G2G",""
"eca-mir-9144",""
"GPR107","GPR107"
"GPR45","GPR45"
"LAD1","LAD1"
"SMYD3","SMYD3"
"SEC23IP","SEC23IP"
"JAM3","JAM3"
"OR4H12",""
"ST6GAL2","ST6GAL2"
"RTL3","RTL3"
"MEX3C","MEX3C"
"EDA","EDA"
"EAF1","EAF1"
"LMAN1","LMAN1"
"","CYP2A6"
"","CYP2A13"
"","CYP2A7"
"FLCN","FLCN"
"PABIR1","PABIR1"
"GTF2H5","GTF2H5"
"MRPL14","MRPL14"
"TK1","TK1"
"RIPPLY1","RIPPLY1"
"CARNS1","CARNS1"
"","PFN1"
"ATP6V1E2","ATP6V1E2"
"HSP90AA1","HSP90AA1"
"AMTN","AMTN"
"IL1RL2","IL1RL2"
"SERAC1","SERAC1"
"FAM200C","FAM200C"
"SNX19","SNX19"
"ZFP37",""
"ZHX1","ZHX1"
"CLDN2","CLDN2"
"ICA1","ICA1"
"eca-mir-9152",""
"CHRNB1","CHRNB1"
"TMEM247","TMEM247"
"IMPG1","IMPG1"
"GET4","GET4"
"TIGD2","TIGD2"
"H6PD","H6PD"
"RAPGEF4","RAPGEF4"
"OSTC","OSTC"
"TFF3","TFF3"
"eca-mir-9148",""
"","CYP4F3"
"TFF2","TFF2"
"PLD6",""
"SYNGR2","SYNGR2"
"URB2","URB2"
"SFXN5","SFXN5"
"PTPRD","PTPRD"
"CPNE8","CPNE8"
"SENP3","SENP3"
"TIMM10B","TIMM10B"
"EPAS1","EPAS1"
"TMC8","TMC8"
"MPRIP","MPRIP"
"EIF4EBP1","EIF4EBP1"
"TFF1","TFF1"
"GABRD","GABRD"
"ADAP1","ADAP1"
"","SSX4"
"","SSX1"
"","SSX2"
"","SSX2B"
"","SSX5"
"","SSX7"
"","SSX3"
"","SSX4B"
"CYP2A13","CYP2A6"
"CYP2A13","CYP2A13"
"CYP2A13","CYP2A7"
"TMPRSS3","TMPRSS3"
"SPEF2","SPEF2"
"OR11H5",""
"METTL6","METTL6"
"ZNF630","ZNF630"
"TNNI1","TNNI1"
"FAM13A","FAM13A"
"RBM41","RBM41"
"TNFSF12","TNFSF12"
"C11H17orf99","C17orf99"
"SRSF3",""
"ZNF536","ZNF536"
"","SENP2"
"TP73","TP73"
"TMC6","TMC6"
"WDR20","WDR20"
"AWAT2","AWAT2"
"MRPS5","MRPS5"
"RIPPLY2","RIPPLY2"
"CCNJL","CCNJL"
"DNAH2","DNAH2"
"TAF5L","TAF5L"
"NTAQ1","NTAQ1"
"EMX2","EMX2"
"DGKK","DGKK"
"DNHD1","DNHD1"
"FOXN2","FOXN2"
"KIZ","KIZ"
"SLC25A14","SLC25A14"
"CYB5R4","CYB5R4"
"TMEM63B","TMEM63B"
"EFNB1","EFNB1"
"CDK16","CDK16"
"RPS6KA5","RPS6KA5"
"ITPR3","ITPR3"
"CSN2","CSN2"
"KLHL34","KLHL34"
"ARHGAP11A","ARHGAP11A"
"ARHGAP11A","ARHGAP11B"
"FBXO11","FBXO11"
"CAPN7","CAPN7"
"","PVR"
"UBASH3A","UBASH3A"
"ADRB3","ADRB3"
"CCBE1","CCBE1"
"RBMX2","RBMX2"
"PDZD8","PDZD8"
"SMU1","SMU1"
"CEACAM19","CEACAM19"
"SMPX","SMPX"
"NCS1","NCS1"
"MXD1","MXD1"
"IL1R1","IL1R1"
"PWWP2A","PWWP2A"
"CNTN1","CNTN1"
"TFB2M","TFB2M"
"PJA1","PJA1"
"ABCB10","ABCB10"
"GOT1L1","GOT1L1"
"SLC31A2","SLC31A2"
"ATAD2","ATAD2"
"SUGP2","SUGP2"
"GMCL1","GMCL2"
"GMCL1","GMCL1"
"RPL34","RPL34"
"TTC1","TTC1"
"CYP2W1","CYP2W1"
"FSIP2L",""
"CCDC120","CCDC120"
"NCAPD3","NCAPD3"
"RSPH1","RSPH1"
"AMBN","AMBN"
"MBTPS2","YY2"
"CXCR3","CXCR3"
"HMCN2","HMCN2"
"LGALS4","LGALS4"
"TNRC6C","TNRC6C"
"PHLDA3","PHLDA3"
"SCG5","SCG5"
"ZFAND2A","ZFAND2A"
"SYNJ2","SYNJ2"
"SLC26A5","SLC26A5"
"SLC18A2","SLC18A2"
"CTNNB1","CTNNB1"
"WRAP73","WRAP73"
"ANKRD23","ANKRD23"
"NTN1","NTN1"
"CNST",""
"UBE3C","UBE3C"
"CEACAM16","CEACAM16"
"RAB11FIP1","RAB11FIP1"
"NUP133","NUP133"
"P2RY10","P2RY10"
"PAPSS1","PAPSS1"
"USP11","USP11"
"GPR146",""
"MOK","MOK"
"CNNM4","CNNM4"
"CSRP1","CSRP1"
"RPS6KB2","RPS6KB2"
"GTF3C1","GTF3C1"
"RPP21","RPP21"
"","TRBV6-1"
"","TRBV6-6"
"","TRBV6-7"
"","TRBV6-4"
"","TRBV6-5"
"","TRBV6-8"
"","TRBV6-2"
"RPL8","RPL8"
"GREM1","GREM1"
"ACRV1","ACRV1"
"BCL3","BCL3"
"NUP62CL","NUP62CL"
"ENOX2","ENOX2"
"ENAH","ENAH"
"SMYD1","SMYD1"
"","TRBV15"
"GNL1","GNL1"
"ECH1","ECH1"
"ADRA1B","ADRA1B"
"EIF3D","EIF3D"
"ARMC6","ARMC6"
"","TRBC2"
"","TRBC1"
"WDR7","WDR7"
"FEZ1","FEZ1"
"LMAN2L","LMAN2L"
"ATXN2","ATXN2"
"GJD2","GJD2"
"FKBP15","FKBP15"
"STX8","STX8"
"DDX53",""
"CSN1S1","CSN1S1"
"GPR152","GPR152"
"SLC37A1","SLC37A1"
"HNRNPL","HNRNPL"
"PPP4R3C","PPP4R3C"
"BRF2","BRF2"
"FBXO32","FBXO32"
"GPER1","GPER1"
"B4GALT1","B4GALT1"
"","PROX2"
"BCAM","BCAM"
"GPR68","GPR68"
"IL12B","IL12B"
"ASCL5","ASCL5"
"MAGEB16","MAGEB16"
"FAM204A","FAM204A"
"WDR45","WDR45"
"TPRG1L","TPRG1L"
"DNAAF6","DNAAF6"
"","PRDX5"
"ZNF34","ZNF34"
"OTOR","OTOR"
"LPAR4","LPAR4"
"RASD2","RASD2"
"RRP8","RRP8"
"DLST","DLST"
"","RSPH10B2"
"","RSPH10B"
"PTPRCAP","PTPRCAP"
"KLHL38","KLHL38"
"UBLCP1","UBLCP1"
"PRR3","PRR3"
"NCAPH","NCAPH"
"CORO1B","CORO1B"
"TEP1","TEP1"
"ANXA13","ANXA13"
"ZNF157","ZNF157"
"","MACROD2"
"AR","AR"
"CABP4","CABP4"
"","C17orf78"
"SOWAHC","SOWAHC"
"ZNF250","ZNF250"
"TENT5A","TENT5A"
"ADGRA2","ADGRA2"
"ZNF41","ZNF41"
"ABHD5","ABHD5"
"SLC2A13","SLC2A13"
"","CCDC88C"
"MEGF6","MEGF6"
"VWDE","VWDE"
"SEPTIN10","SEPTIN10"
"SLC25A17","SLC25A17"
"MAG","MAG"
"CFAP52","CFAP52"
"PPP4R3B","PPP4R3B"
"TMEM134","TMEM134"
"TADA2A","TADA2A"
"DYNLL1",""
"EI24","EI24"
"C20H6orf15","C6orf15"
"","MAGEB2"
"PPP4R3A","PPP4R3A"
"UGT8","UGT8"
"MAGEB3","MAGEB3"
"FLRT3","FLRT3"
"FUNDC1","FUNDC1"
"IBTK","IBTK"
"EXT1","EXT1"
"USP43","USP43"
"PDZRN4","PDZRN4"
"ZMYM3","ZMYM3"
"C10H19orf12","C19orf12"
"RNF145","RNF145"
"YY1","YY1"
"CSTF2","CSTF2"
"TNFAIP1","TNFAIP1"
"THYN1","THYN1"
"CBLC","CBLC"
"SLC29A1","SLC29A1"
"NR0B1","NR0B1"
"KDM6A","KDM6A"
"SLC25A42","SLC25A42"
"ATPAF2","ATPAF2"
"AIP","AIP"
"PSMD8","PSMD8"
"IRF2BP2","IRF2BP2"
"DKK2","DKK2"
"SLC25A29","SLC25A29"
"CATSPERB","CATSPERB"
"RELN","RELN"
"CFAP61","CFAP61"
"TMEM47","TMEM47"
"PLPBP","PLPBP"
"SPINK4","SPINK4"
"SPRED3","SPRED3"
"CAPN11","CAPN11"
"XPNPEP3","XPNPEP3"
"AIMP1","AIMP1"
"CCSER1","CCSER1"
"MSH6","MSH6"
"TASL","TASL"
"ZP4","ZP4"
"eca-mir-761","MIR761"
"OPCML","OPCML"
"OR2M20","OR2M3"
"OR2M20","OR2M7"
"OR2M20","OR2M2"
"OR2M20","OR2M5"
"EIF2AK1","EIF2AK1"
"","AGBL4"
"SAMD12","SAMD12"
"FRMD1","FRMD1"
"EQUCABV1R910",""
"SMCO2","SMCO2"
"BAG1","BAG1"
"PRAF2","PRAF2"
"DUSP14","DUSP14"
"EQUCABV1R911",""
"ANO10","ANO10"
"OR2M22","OR2M3"
"OR2M22","OR2M7"
"OR2M22","OR2M2"
"OR2M22","OR2M5"
"GGN","GGN"
"ZNF252",""
"AMOTL2","AMOTL2"
"RPS6KL1","RPS6KL1"
"SLC25A47","SLC25A47"
"OR2M21","OR2M3"
"OR2M21","OR2M7"
"OR2M21","OR2M2"
"OR2M21","OR2M5"
"SLC38A5","SLC38A5"
"PITPNM1","PITPNM1"
"OR2M17","OR2M3"
"OR2M17","OR2M7"
"OR2M17","OR2M2"
"OR2M17","OR2M5"
"DNAJB7","DNAJB7"
"KCNK18","KCNK18"
"EBF1","EBF1"
"C7orf78","C7orf78"
"STT3A","STT3A"
"OR2M19","OR2M3"
"OR2M19","OR2M7"
"OR2M19","OR2M2"
"OR2M19","OR2M5"
"","RPL6"
"OR10AC1",""
"ERLIN2","ERLIN2"
"ANKRD61","ANKRD61"
"PDE9A","PDE9A"
"PGF","PGF"
"GK",""
"TPP1","TPP1"
"ARHGAP36","ARHGAP36"
"KIF25","KIF25"
"CHMP5","CHMP5"
"DPY19L3","DPY19L3"
"AKT3","AKT3"
"FAM89A","FAM89A"
"CYP4F126P","CYP4F3"
"VAX1","VAX1"
"U6","RNU6-841P"
"eca-mir-9070",""
"MGAT4A","MGAT4A"
"LDAH","LDAH"
"AIMP2","AIMP2"
"EIF2B2","EIF2B2"
"OR2W6",""
"CRNKL1","CRNKL1"
"eca-mir-9078",""
"UTP15","UTP15"
"IL21R","IL21R"
"TXN2","TXN2"
"ACTA1",""
"NECTIN2","NECTIN2"
"MST1","MST1"
"NFX1","NFX1"
"eca-mir-95",""
"CHRM3","CHRM3"
"","TCAF2C"
"","TCAF2"
"CREB3","CREB3"
"eca-mir-9077",""
"LRRK2","LRRK2"
"ACAA2","ACAA2"
"OR2B6","OR2B6"
"C9H8orf33","C8orf33"
"eca-mir-9071",""
"SYNRG","SYNRG"
"GID4","GID4"
"JPT1","NT5C"
"SCIN","SCIN"
"TNFRSF11B","TNFRSF11B"
"SH3RF3","SH3RF3"
"PQBP1","PQBP1"
"OR2W4",""
"SLBP","SLBP"
"CCDC172","CCDC172"
"ITGB1BP2","ITGB1BP2"
"CCSAP","CCSAP"
"ZNF703","ZNF703"
"LRFN5","LRFN5"
"OR2W2",""
"COLEC10","COLEC10"
"DRC3","DRC3"
"ANKRA2","ANKRA2"
"MLH3","MLH3"
"OR2B7",""
"RAB4A","RAB4A"
"DIPK2B","DIPK2B"
"PMS2","PMS2"
"FOXRED2","FOXRED2"
"OR5D18P",""
"IL4R","IL4R"
"TBCK","TBCK"
"CYP1B1","CYP1B1"
"GBA2","GBA2"
"MYO5B","MYO5B"
"OR2B8G",""
"KRI1","KRI1"
"OR2H1E",""
"AFDN","AFDN"
"OR2H1F","OR2H1"
"DRP2","DRP2"
"BTC","BTC"
"RMDN2","RMDN2"
"OR2H1","OR2H1"
"GFRA1","GFRA1"
"FAM91A1","FAM91A1"
"TIMM17B","TIMM17B"
"FXN","FXN"
"TOM1L2","TOM1L2"
"CEP63","CEP63"
"MMRN1","MMRN1"
"WDR25","WDR25"
"TC2N","TC2N"
"OR7A188",""
"UNC13D","UNC13D"
"PIM2","PIM2"
"VCAN","VCAN"
"RP2","RP2"
"BRMS1L","BRMS1L"
"EDAR","EDAR"
"HS6ST2","HS6ST2"
"ILK","ILK"
"OR2B28",""
"ETV1","ETV1"
"PDCD5","PDCD5"
"NPFFR2","NPFFR2"
"MPST","MPST"
"LYAR","LYAR"
"SLC1A6","SLC1A6"
"TOMM40","TOMM40"
"NONO","NONO"
"OR2AD1D",""
"HSP90AB1","HSP90AB1"
"TPBG","TPBG"
"TCAF1","TCAF1"
"ACTC1","ACTC1"
"OR2N1",""
"U6","RNU6-570P"
"","SMARCA2"
"OTUD5","OTUD5"
"U6","RNU6-456P"
"GC","GC"
"NAA20","NAA20"
"eca-mir-8916",""
"RHOU","RHOU"
"SNCA","SNCA"
"OR10AL46",""
"SNRK","SNRK"
"RGP1","RGP1"
"RGN","RGN"
"eca-mir-1291b",""
"DNAJB6","DNAJB6"
"ATG4D","ATG4D"
"SPTSSA","SPTSSA"
"UBE3D","UBE3D"
"NSMCE1","NSMCE1"
"OR2G26",""
"TUBB2B","TUBB2B"
"NFKBIE","NFKBIE"
"ANKRD27","ANKRD27"
"","CCZ1"
"","CCZ1B"
"ZBTB49",""
"NID1","NID1"
"EAPP","EAPP"
"OR2G1",""
"TST","TST"
"CDK2AP2","CDK2AP2"
"GASK1A","GASK1A"
"VLDLR","VLDLR"
"BSN","BSN"
"MAGIX","MAGIX"
"TCTE1","TCTE1"
"GAK",""
"","MUC7"
"OR14J1","OR14J1"
"RIN2","RIN2"
"TTC5","TTC5"
"OR11W2",""
"NOX1","NOX1"
"CABP2","CABP2"
"GPC4","GPC4"
"PDE1A","PDE1A"
"WDR4","WDR4"
"KCTD17","KCTD17"
"OR14J14",""
"JADE3","JADE3"
"TLE3","TLE3"
"OR1O9",""
"SLC35B2","SLC35B2"
"GABRB2","GABRB2"
"OR1O8",""
"CSN3","CSN3"
"OCM","OCM2"
"OCM","OCM"
"APOE","APOE"
"AQP7","AQP7B"
"AQP7","AQP7"
"OR12D2J",""
"GDF7","GDF7"
"TMEM151B","TMEM151B"
"ZNF22","ZNF22"
"APOC4","APOC4"
"KCNJ1","KCNJ1"
"","ZNF713"
"NDUFV3","NDUFV3"
"CNTNAP2","CNTNAP2"
"GPR33","GPR33"
"POMGNT2","POMGNT2"
"SDCCAG8","SDCCAG8"
"CFAP36","CFAP36"
"OR12D2K",""
"LRP1B","LRP1B"
"TSPAN5","TSPAN5"
"TMEM8B","TMEM8B"
"OR14J13",""
"ATRNL1","ATRNL1"
"HS1BP3","HS1BP3"
"DCHS1","DCHS1"
"SRBD1","SRBD1"
"XKRX","XKRX"
"FDCSP","FDCSP"
"APOC2",""
"GPC3","GPC3"
"LMTK2","LMTK2"
"GPKOW","GPKOW"
"NDUFB11","NDUFB11"
"AARS2","AARS2"
"C3H4orf36","C4orf36"
"OR12D2L",""
"ARHGEF16","ARHGEF16"
"RIPK3","RIPK3"
"CLPTM1","CLPTM1"
"SLC31A1","SLC31A1"
"DGKB","DGKB"
"ODAM","ODAM"
"SLC10A6","SLC10A6"
"WBP2","WBP2"
"CCDC105","TEKTL1"
"KCNJ5","KCNJ5"
"SLC24A3","SLC24A3"
"PKNOX1","PKNOX1"
"U2","RNU2-14P"
"CDKN2D","CDKN2D"
"MIGA2","MIGA2"
"RBM10","RBM10"
"U6","RNU6-1271P"
"DEPP1","DEPP1"
"TMEM45B","TMEM45B"
"DDX52","DDX52"
"S1PR5","S1PR5"
"WARS1","WARS1"
"ASB11","ASB11"
"UNK","UNK"
"CDC26","CDC26"
"MRAP2","MRAP2"
"OR2L5MP",""
"CCDC138","CCDC138"
"ARL13A","ARL13A"
"PLAA","PLAA"
"TMEM72","TMEM72"
"PRICKLE3","PRICKLE3"
"PTPN13","PTPN13"
"CCR2","CCR2"
"ALDH3B2","ALDH3B2"
"PRDM16","PRDM16"
"SREBF1","SREBF1"
"APEH","APEH"
"RCAN2","RCAN2"
"RHOG2",""
"","OR2T33"
"","OR2T12"
"","OR2T8"
"CYC1","CYC1"
"CASP14","CASP14"
"TTC32","TTC32"
"GPR31","GPR31"
"","OR2W3"
"ZFYVE28",""
"BCORL1","BCORL1"
"MEIS2","MEIS2"
"ZC2HC1C","ZC2HC1C"
"CCRL2","CCRL2"
"FER1L6","FER1L6"
"NFRKB","NFRKB"
"THUMPD2","THUMPD2"
"KEAP1","KEAP1"
"C15H2orf74","C2orf74"
"UNC93B1","UNC93B1"
"KCNV2","KCNV2"
"KDM8","KDM8"
"NPR2","NPR2"
"","CPHXL2"
"","CPHXL"
"TRMT2B","TRMT2B"
"SH2B3","SH2B3"
"TSKS","TSKS"
"MRPL17","MRPL17"
"CEP162","CEP162"
"CPNE6","CPNE6"
"PRPF4","PRPF4"
"OSR1","OSR1"
"SNX6","SNX6"
"","CBS"
"BRD3","BRD3"
"SYDE1","SYDE1"
"KCNH2","KCNH2"
"SYP","SYP"
"SHARPIN","SHARPIN"
"RFX3","RFX3"
"OR2AG2","OR2AG1"
"OR2AG2","OR2AG2"
"XRCC4","XRCC4"
"RAP1GDS1","RAP1GDS1"
"OR2AG24",""
"TMPRSS6","TMPRSS6"
"HNF1B","HNF1B"
"AP2A1","AP2A1"
"CCR5","CCR5"
"NUDT19","NUDT19"
"TMEM201","TMEM201"
"NDUFS8","NDUFS8"
"CCR3","CCR3"
"SLC7A9","SLC7A9"
"CCDC22","CCDC22"
"PEX13",""
"PDE4A","PDE4A"
"EIF3C","EIF3C"
"EIF3C","EIF3CL"
"ANXA11","ANXA11"
"CCR1","CCR1"
"TMEM167A","TMEM167A"
"CYP39A1","CYP39A1"
"WDR97","WDR97"
"BCOR","BCOR"
"OR2A80P",""
"MAGEB18","MAGEB18"
"TAF1","TAF1"
"TAF1","TAF1L"
"NT5C1B","NT5C1B"
"IGSF1","IGSF1"
"TCIRG1","TCIRG1"
"NEK9","NEK9"
"FUZ","FUZ"
"TMEM178A","TMEM178A"
"OR4D1","OR4D1"
"TECPR1","TECPR1"
"PHETA1","PHETA1"
"XCR1","XCR1"
"SMAD3","SMAD3"
"","COQ8B"
"OR4D2H","OR4D2"
"OR10A5K","OR10A5"
"OR10A5K","OR10A2"
"","MAGEB6B"
"","MAGEB6"
"SNORA21","SNORA21"
"RNF183","RNF183"
"","OR2A2"
"GALK1","GALK1"
"ILVBL","ILVBL"
"FXYD3","FXYD3"
"PUS10","PUS10"
"CRPPA","CRPPA"
"TMEM35A","TMEM35A"
"MAP4K3","MAP4K3"
"","OR2D3"
"OR2A75",""
"SNORD124","SNORD124"
"EXOSC10","EXOSC10"
"MUSK","MUSK"
"FYCO1","FYCO1"
"ITGB4","ITGB4"
"OR2D2","OR2D2"
"CEP170","CEP170"
"RHCG","RHCG"
"eca-mir-196a","MIR196A1"
"CENPI","CENPI"
"ARHGEF5","ARHGEF5"
"ATXN2L","ATXN2L"
"COL6A5","COL6A5"
"RAI1","RAI1"
"eca-mir-9103",""
"HGH1","HGH1"
"EPHA5","EPHA5"
"ERO1B","ERO1B"
"eca-mir-10a","MIR10A"
"RDH14","RDH14"
"ZNF215","ZNF215"
"KLHL18","KLHL18"
"GSDMB","GSDMB"
"IFT74","IFT74"
"BEGAIN","BEGAIN"
"RALGAPA2","RALGAPA2"
"LGI4","LGI4"
"WDR5","WDR5"
"KCNS3","KCNS3"
"NRL","NRL"
"TAB3","TAB3"
"CUX2","CUX2"
"SNORA30B","SNORA30B"
"LARP6","LARP6"
"ATP6AP1L",""
"SV2B","SV2B"
"SCARNA8","SCARNA8"
"SPAG8","SPAG8"
"ZNF214","ZNF214"
"ALDH3B1",""
"SNORA24","SNORA24"
"MIR491","MIR491"
"NOS3","NOS3"
"ETV3L","ETV3L"
"eca-mir-147b","MIR147B"
"eca-mir-31","MIR31"
"PCK2","PCK2"
"CDIN1","CDIN1"
"","ADAMTSL1"
"BBS7","BBS7"
"FXYD7","FXYD7"
"TMEM254","TMEM254"
"IP6K3","IP6K3"
"HINT2","HINT2"
"MAF1","MAF1"
"REL","REL"
"RGS4","RGS4"
"PTOV1","PTOV1"
"BSPRY","BSPRY"
"NT5E","NT5E"
"VAMP2","VAMP2"
"CACNG2","CACNG2"
"TMED10","TMED10"
"PIP4K2B","PIP4K2B"
"DNAJC10","DNAJC10"
"OR13C35P",""
"NOBOX","NOBOX"
"LARP7","LARP7"
"LEMD2","LEMD2"
"PRDM10","PRDM10"
"ORC5","ORC5"
"ZNF32","ZNF32"
"SMARCC1","SMARCC1"
"SNX14","SNX14"
"FCRLB","FCRLB"
"SLC25A27","SLC25A27"
"STPG2","STPG2"
"TM9SF5",""
"HDHD3","HDHD3"
"UACA","UACA"
"NLRP14","NLRP14"
"RTL1","RTL1"
"CACNA1F","CACNA1F"
"GLIS3","GLIS3"
"IFT27","IFT27"
"RECK","RECK"
"RANBP2","RANBP2"
"TSSK5",""
"RXRA","RXRA"
"ST8SIA2","ST8SIA2"
"RPS23","RPS23"
"JDP2","JDP2"
"PLVAP","PLVAP"
"CYRIA","CYRIA"
"UNC5C","UNC5C"
"TPK1","TPK1"
"AKT1S1","AKT1S1"
"BRI3","BRI3"
"","ZNF485"
"MAGEB5","MAGEB5"
"SYT10","SYT10"
"PRRG1","PRRG1"
"TMEM65","TMEM65"
"","CALM2"
"SNORD72","SNORD72"
"PER1","PER1"
"CDC37","CDC37"
"MYL2","MYL2"
"PCTP","PCTP"
"DHRS2","DHRS2"
"FRMPD3","FRMPD3"
"PLD5","PLD5"
"ZNF239","ZNF239"
"CXCR6","CXCR6"
"FXYD5","FXYD5"
"CDK5",""
"S100A4","S100A4"
"SRM","SRM"
"CCR9","CCR9"
"NME1","NME1"
"TDRD6","TDRD6"
"S100A3","S100A3"
"MROH1","MROH1"
"SLC1A1","SLC1A1"
"CFAP47",""
"GPR101","GPR101"
"RGS3","RGS3"
"PAPOLG","PAPOLG"
"U2AF1","U2AF1"
"HAMP","HAMP"
"CHKA","CHKA"
"MLN","MLN"
"ZIC3","ZIC3"
"LZTFL1","LZTFL1"
"PNKP","PNKP"
"UHMK1","UHMK1"
"CCDC194","CCDC194"
"BAG5","BAG5"
"BAIAP2L1","BAIAP2L1"
"PLA2G7","PLA2G7"
"DNAJC11","DNAJC11"
"ABHD2","ABHD2"
"GGNBP1",""
"SOSTDC1","SOSTDC1"
"AREG","AREG"
"LANCL3","LANCL3"
"RBMXL2","RBMXL2"
"RBMXL2","RBMXL3"
"LRP3","LRP3"
"CCDC63","CCDC63"
"ATG10","ATG10"
"GPR137B","GPR137B"
"BST2","BST2"
"GCNA","GCNA"
"DCAF11","DCAF11"
"XK","XK"
"CFL2","CFL2"
"DCAF12L2","DCAF12L2"
"COL18A1","COL18A1"
"BORCS6","BORCS6"
"LRRC72","LRRC72"
"SLC6A20","SLC6A20"
"","RNF113B"
"","RNF113A"
"FOXP3","FOXP3"
"COA8","COA8"
"TRIM34","TRIM34"
"EREG","EREG"
"TMEM107","TMEM107"
"","FLVCR2"
"CYBB","CYBB"
"RPL3","RPL3"
"KRT38",""
"TARBP1","TARBP1"
"RNF139","RNF139"
"PRR32","PRR32"
"BAK1","BAK1"
"SLC7A10","SLC7A10"
"ANKRD66","ANKRD66"
"UBQLN3","UBQLN3"
"","PLEKHB2"
"HCAR2","HCAR2"
"HCAR2","HCAR3"
"SPATA6L","SPATA6L"
"ANKMY2","ANKMY2"
"BAZ1A","BAZ1A"
"HPRT1","HPRT1"
"HCAR1","HCAR1"
"CDKL4","CDKL4"
"MEP1A","MEP1A"
"SAP30BP","SAP30BP"
"RAVER1","RAVER1"
"AURKB","AURKB"
"GLIPR2","GLIPR2"
"UBQLNL","UBQLNL"
"SLCO3A1","SLCO3A1"
"COL6A6","COL6A6"
"HNRNPF","HNRNPF"
"XRCC3","XRCC3"
"MVB12A","MVB12A"
"MIP-2BETA","CXCL3"
"MYCN","MYCN"
"SSBP2","SSBP2"
"","ALG10"
"","ALG10B"
"DPH6","DPH6"
"OGT","OGT"
"KRT39","KRT32"
"OR52H19",""
"CLDN15","CLDN15"
"TATDN1","TATDN1"
"ZGRF1","ZGRF1"
"GRAMD1A","GRAMD1A"
"CTC1","CTC1"
"TRIM6","TRIM6"
"SACM1L","SACM1L"
"","TDRD10"
"PTGDS","PTGDS"
"COL11A2","COL11A2"
"PLOD3","PLOD3"
"DYNLT3","DYNLT3"
"TUFM","TUFM"
"RECQL5","RECQL5"
"KMT5B","KMT5B"
"MFSD2B","MFSD2B"
"BAIAP2L2","BAIAP2L2"
"PRKD1","PRKD1"
"KIF21A","KIF21A"
"U6","RNU6-1037P"
"KRT42","KRT17"
"TBC1D17","TBC1D17"
"eca-mir-107a","MIR103A1"
"SYTL5","SYTL5"
"ATG9B","ATG9B"
"ZFYVE21","ZFYVE21"
"eca-mir-146a",""
"TRUB1","TRUB1"
"CLTA","CLTA"
"eca-mir-218-2","MIR218-2"
"","LCNL1"
"BZW2","BZW2"
"IGDCC3","IGDCC3"
"eca-mir-9155",""
"PIP","PIP"
"THAP3","THAP3"
"","PBX4"
"","DYNLRB1"
"","FXYD4"
"SLC19A1","SLC19A1"
"SHE","SHE"
"FRZB","FRZB"
"ZGLP1","ZGLP1"
"ZNHIT1","ZNHIT1"
"MBD1","MBD1"
"PPP1R3F","PPP1R3F"
"PLPP6","PLPP6"
"PABIR2","PABIR2"
"ASS1","ASS1"
"EPGN",""
"PRPS2","PRPS1L1"
"BMPR1B","BMPR1B"
"LPAR2","LPAR2"
"ADGRF5","ADGRF5"
"NUF2","NUF2"
"LIMD1","LIMD1"
"CDC37L1","CDC37L1"
"LRRC19","LRRC19"
"BATF","BATF"
"OR13C7O",""
"VCL","VCL"
"TYK2","TYK2"
"KRT34","KRT33A"
"FHIP2A","FHIP2A"
"GSTK1","GSTK1"
"IL4I1","IL4I1"
"ATP2A1","ATP2A1"
"TMPRSS11E","TMPRSS11E"
"GMIP","GMIP"
"MYO15B","MYO15B"
"SOS1","SOS1"
"CAPN9","CAPN9"
"C12H11orf24","C11orf24"
"SFRP4","SFRP4"
"FIS1","FIS1"
"PCBP3","PCBP3"
"NCKAP1","NCKAP1"
"PLA2G6","PLA2G6"
"MAPK10","MAPK10"
"PFAS","PFAS"
"PABIR3","PABIR3"
"PHF13","PHF13"
"HPN","HPN"
"TEK","TEK"
"EGLN3","EGLN3"
"TTLL5","TTLL5"
"USP27X","USP27X"
"","TRIM5"
"GNE","GNE"
"IFT22","IFT22"
"NUP62","NUP62"
"NTM","NTM"
"OR13C8","OR13C8"
"LRP5","LRP5"
"AK3","AK3"
"","MYO15B"
"ITGA11","ITGA11"
"H2AL3","H2AL1Q"
"H2AL3","H2AL3"
"ABCB8","ABCB8"
"NDUFB9","NDUFB9"
"MOSPD1","MOSPD1"
"DTD1","DTD1"
"DGAT1","DGAT1"
"ATF5","ATF5"
"LARS2","LARS2"
"KLHL21","KLHL21"
"EPDR1","EPDR1"
"TSPAN13","TSPAN13"
"RPGR","RPGR"
"RGS5","RGS5"
"TSC22D3","TSC22D3"
"TSEN54","TSEN54"
"RCL1","RCL1"
"SIGLEC11",""
"COL26A1","COL26A1"
"DMD","DMD"
"","GSTCD"
"NIPSNAP3B",""
"MTSS1","MTSS1"
"PPP1R13B","PPP1R13B"
"TMPRSS11B","TMPRSS11B"
"KLHDC7A","KLHDC7A"
"CASKIN2","CASKIN2"
"TMEM139","TMEM139"
"RNF38","RNF38"
"KRT10B","KRT10"
"AKAP13","AKAP13"
"SNORA29","SNORA29"
"ZNF770","ZNF770"
"UBE4B","UBE4B"
"SNORA20","SNORA20"
"U6","RNU6-845P"
"STARD3NL","STARD3NL"
"U6","RNU6-366P"
"U6","RNU6-663P"
"PDHA2","PDHA2"
"TRIM66","TRIM66"
"VRK3","VRK3"
"","SYTL3"
"CLCN5","CLCN5"
"ATOH1","ATOH1"
"ITSN2","ITSN2"
"SCN1B","SCN1B"
"FOXG1","FOXG1"
"ADAMTS6","CENPK"
"FDX2","FDX2"
"CASP2","CASP2"
"UBE2Z","UBE2Z"
"SEC23B","SEC23B"
"MYL10","MYL10"
"eca-mir-181a-2","MIR181A1"
"NTRK1","NTRK1"
"PIK3R4","PIK3R4"
"ABCA1","ABCA1"
"PABPC1L2A","PABPC1L2A"
"PABPC1L2A","PABPC1L2B"
"CXXC1","CXXC1"
"AGR2","AGR2"
"eca-mir-9124",""
"NFKBIA","NFKBIA"
"NAP1L2","NAP1L2"
"PPP1R12B","PPP1R12B"
"COL5A1","COL5A1"
"ICAM5","ICAM5"
"DPF1","DPF1"
"CDX4","CDX4"
"RAB11FIP2","RAB11FIP2"
"SKA1","SKA1"
"ELP6","ELP6"
"NFATC4","NFATC4"
"WIPF2","WIPF2"
"JAK2","JAK2"
"SH2B1","SH2B1"
"AQR","AQR"
"AGR3","AGR3"
"HSF1","HSF1"
"ADGRF1","ADGRF1"
"MAFF","MAFF"
"SEC23A","SEC23A"
"AP3M1","AP3M1"
"ICAM4","ICAM4"
"ACOT12","ACOT12"
"ARV1","ARV1"
"","ZNF75D"
"VWA5A","VWA5A"
"OTC","OTC"
"TMPRSS11F","TMPRSS11F"
"SNORD7","SNORD7"
"TRIM16","TRIM16"
"CUX1","CUX1"
"SINHCAF","SINHCAF"
"CHIC1","CHIC1"
"TMEM94","TMEM94"
"SCARNA13","SCARNA13"
"FEM1B",""
"TSPEAR","TSPEAR"
"TDP1","TDP1"
"SNORD3D","SNORD3D"
"ZNF473","ZNF473"
"PPP6R3","PPP6R3"
"INSL6","INSL6"
"AKAP4","AKAP4"
"S1PR2","S1PR2"
"TNFRSF21","TNFRSF21"
"PLGRKT","PLGRKT"
"ARHGEF33","ARHGEF33"
"INSRR","INSRR"
"WASHC5","WASHC5"
"SFXN4","SFXN4"
"CLCN1","CLCN1"
"","PAPOLA"
"CD274","CD274"
"U1","RNU1-82P"
"HOXB9","HOXB9"
"CFP","CFP"
"","CEACAM21"
"SKOR1","SKOR1"
"RBBP9","RBBP9"
"U1","RNU1-1"
"ADK","ADK"
"RABEP2","RABEP2"
"AHR","AHR"
"","ZSCAN31"
"SCAP","SCAP"
"MELK","MELK"
"CKMT2","CKMT2"
"PPP1R14A","PPP1R14A"
"CCNB3","CCNB3"
"HOXB5","HOXB5"
"TXNL1","TXNL1"
"CD2AP","CD2AP"
"U6","RNU6-996P"
"ZNF449","ZNF449"
"ZNF286A","ZNF286A"
"PDCD1LG2","PDCD1LG2"
"HNRNPUL1","HNRNPUL1"
"ASIC3","ASIC3"
"POLR3F","POLR3F"
"ELK1","ELK1"
"RBP7","RBP7"
"eca-mir-454","MIR454"
"OR11Q2",""
"PLD4","PLD4"
"eca-mir-632",""
"SLC16A2","SLC16A2"
"","CCDC169"
"eca-mir-301a","MIR301A"
"MID2","MID2"
"SNX13","SNX13"
"ACTRT1","ACTRT1"
"MIR142","MIR142"
"NMNAT1","NMNAT1"
"OR11N2",""
"STK33","STK33"
"MIR21","MIR21"
"SPINT2","SPINT2"
"CAMK2N1","CAMK2N1"
"DENND5B","DENND5B"
"OR5BH5",""
"SH2D2A","SH2D2A"
"TMPRSS11A","TMPRSS11A"
"DHX40","DHX40"
"CCDC88C",""
"DZANK1","DZANK1"
"RIC1","RIC1"
"SREK1","SREK1"
"LIMS1","LIMS1"
"TTC13","TTC13"
"PRCC","PRCC"
"PFKL","PFKL"
"SUPT3H","SUPT3H"
"UXT","UXT"
"PAX7","PAX7"
"ICAM1","ICAM1"
"ZCCHC9","ZCCHC9"
"TMEM184B","TMEM184B"
"U6","RNU6-155P"
"CLSTN1","CLSTN1"
"Metazoa_SRP","RN7SL471P"
"FAM131B","FAM131B"
"RLIM","RLIM"
"RPL27A",""
"eca-mir-8915",""
"","SCRT1"
"MAP2K5","MAP2K5"
"ZNF624","ZNF624"
"TBC1D25","TBC1D25"
"eca-mir-8911",""
"HDGF","HDGF"
"TMPRSS11D","TMPRSS11D"
"TRGC2",""
"","AHNAK2"
"ST8SIA3","ST8SIA3"
"","TRIM25"
"ZNF621","ZNF621"
"DHX57","DHX57"
"AXL","AXL"
"ZNF81","ZNF81"
"YIF1B","YIF1B"
"ZKSCAN1","ZKSCAN1"
"TMEM249","TMEM249"
"C7H11orf16","C11orf16"
"MRPL4","MRPL4"
"SRSF10","SRSF10"
"ATP2C1","ATP2C1"
"ONECUT2","ONECUT2"
"GEMIN2","GEMIN2"
"ZNF287","ZNF287"
"MRPL24","MRPL24"
"CD19","CD19"
"RASGRF2","RASGRF2"
"H3C11","H3C6"
"FECH","FECH"
"KAT6B","KAT6B"
"OR8G5","OR8G5"
"ZNF620","ZNF620"
"DENND10","DENND10"
"PRR11","PRR11"
"FBXL6","FBXL6"
"","H2AC11"
"LRRC75A","LRRC75A"
"PORCN","PORCN"
"ZSCAN21","ZSCAN21"
"RPL14","RPL14"
"","NCBP2L"
"ZNF572","ZNF572"
"SULT1C4","SULT1C4"
"OR8G3KP",""
"METTL25B","METTL25B"
"TGFB1","TGFB1"
"NEUROG2","NEUROG2"
"NEXMIF","NEXMIF"
"GDPD1","GDPD1"
"ERBIN","ERBIN"
"PAX5","PAX5"
"REXO6",""
"SQLE","SQLE"
"EPHA1","EPHA1"
"SLC4A2","SLC4A2"
"RUNX2","RUNX2"
"UBB","UBB"
"ZNF182","ZNF182"
"U7","RNU7-79P"
"PNRC2","PNRC2"
"NPNT","NPNT"
"ENTPD3","ENTPD3"
"ZNF3","ZNF3"
"DENND2B","DENND2B"
"CATSPERG","CATSPERG"
"CSNK1E","CSNK1E"
"ZNF202","ZNF202"
"PTPN23","PTPN23"
"ZNF133",""
"RAB27B","RAB27B"
"","SPACA5B"
"","SPACA5"
"TRPM2","TRPM2"
"ABCB7","ABCB7"
"U6","RNU6-254P"
"H2BC8","H2BC8"
"H2BC8","H2BC7"
"KLHL25","KLHL25"
"CXorf38","CXorf38"
"eca-mir-9126",""
"EQTN",""
"eca-mir-350",""
"DNMT1","DNMT1"
"EIF1B","EIF1B"
"eca-mir-9125",""
"EIF3A","EIF3A"
"SLC52A2","SLC52A2"
"SLC52A2","SLC52A1"
"B9D2","B9D2"
"COPS6","COPS6"
"GNRHR","GNRHR"
"MED14","MED14"
"AMN1","AMN1"
"","FAM228A"
"TRAPPC6B","TRAPPC6B"
"LZIC","LZIC"
"CDCP1","CDCP1"
"H2BC5","H2BC5"
"NSMCE2","NSMCE2"
"CNR2","CNR2"
"TRPV2","TRPV2"
"MOB3B","MOB3B"
"EPHX1","EPHX1"
"EBP","EBP"
"ERMP1","ERMP1"
"ATAT1","ATAT1"
"MIF4GD","MIF4GD"
"CCDC97","CCDC97"
"NFATC2IP","NFATC2IP"
"SULT1C2","SULT1C2"
"RBM3",""
"DUSP19","DUSP19"
"OR6M1","OR6M1"
"HDAC9","HDAC9"
"ISG20L2","ISG20L2"
"ZYX","ZYX"
"ADCK5","ADCK5"
"IFNK","IFNK"
"GAL","GAL"
"UBA6","UBA6"
"RYR2","RYR2"
"FUCA1","FUCA1"
"CCDC68","CCDC68"
"TTC39D",""
"CRABP2","CRABP2"
"CLEC3B","CLEC3B"
"MAP3K20",""
"KCNK6","KCNK6"
"GRB2","GRB2"
"WDR13","WDR13"
"LAT","LAT"
"TMEM225","TMEM225"
"MCM7","MCM7"
"PLIN1","PLIN1"
"TMEM91","TMEM91"
"ABCC10","ABCC10"
"PIK3CD","PIK3CD"
"ZNF30","ZNF30"
"ZDHHC3","ZDHHC3"
"NANOS1","NANOS1"
"OR8D4CP",""
"ETFBKMT","ETFBKMT"
"PNN","PNN"
"DUSP29","DUSP29"
"NES","NES"
"GALM","GALM"
"KCNJ4","KCNJ4"
"CLBA1","CLBA1"
"OR8D4DP",""
"WAS","WAS"
"U6","RNU6-61P"
"CENPV","CENPV"
"NMS","NMS"
"MRPS7","MRPS7"
"U6","RNU6-654P"
"DLK2","DLK2"
"KAT14","KAT14"
"USP9X","USP9X"
"TNFRSF1B","TNFRSF1B"
"eca-mir-684",""
"CPT1A","CPT1A"
"C6orf136","C6orf136"
"TICRR","TICRR"
"OR10G9K","OR10G4"
"OR10G9K","OR10G7"
"OR10G9K","OR10G8"
"OR10G9K","OR10G9"
"NPAS3","NPAS3"
"ZNF792","ZNF792"
"EXOSC5","EXOSC5"
"PDCL3","PDCL3"
"AFAP1L2","AFAP1L2"
"SAMD8","SAMD8"
"CNPY4","CNPY4"
"","TEX13B"
"CPSF1","CPSF1"
"","FCGR2B"
"","FCGR2A"
"","FCGR2C"
"GGA3","GGA3"
"PPP1R18","PPP1R18"
"SUV39H1","SUV39H1"
"TJAP1","TJAP1"
"HSPA6","HSPA6"
"CLEC2L","CLEC2L"
"PIGL","PIGL"
"VSIG1","VSIG1"
"AP4M1","AP4M1"
"SRSF7","SRSF7"
"CDCA4","CDCA4"
"TMEM42","TMEM42"
"PET117","PET117"
"RYR3","RYR3"
"RESF1","RESF1"
"OR10G7CP",""
"MLANA","MLANA"
"NBL1","NBL1"
"ZCCHC7","ZCCHC7"
"TSPEAR","CFAP410"
"","FCGR3A"
"","FCGR3B"
"CST3","CST3"
"OR10G7BP",""
"FAM98C","FAM98C"
"KDELR3","KDELR3"
"DDX3X","DDX3X"
"MIA2",""
"PAX1","PAX1"
"OR10G9L","OR10G4"
"OR10G9L","OR10G7"
"OR10G9L","OR10G8"
"OR10G9L","OR10G9"
"HIPK2","HIPK2"
"KIF7","KIF7"
"TRIM39","TRIM39"
"SPNS1","SPNS1"
"OR10D5",""
"MICOS10","MICOS10"
"KIAA2026","BRD10"
"BCKDHA","BCKDHA"
"PFN4","PFN4"
"RASGRP4","RASGRP4"
"LRRC73","LRRC73"
"ERG28","ERG28"
"NAPB","NAPB"
"","BEX1"
"","BEX2"
"GLOD5","GLOD5"
"","TMEM225"
"FOXE1","FOXE1"
"AKIP1","AKIP1"
"CDSN","CDSN"
"MRPS9","MRPS9"
"IFFO2","IFFO2"
"GATA1","GATA1"
"LRRC3","LRRC3"
"TGFB3","TGFB3"
"ARHGEF38","ARHGEF38"
"UPRT","UPRT"
"CDH20","CDH20"
"DFFA","DFFA"
"BEX4","BEX4"
"KIF9","KIF9"
"C1H15orf61",""
"GPR132","GPR132"
"AMPH","AMPH"
"","KRTAP10-7"
"","KRTAP10-10"
"FAM228B","FAM228B"
"KIF15","KIF15"
"OR8B1AO",""
"HSD17B8","HSD17B8"
"TAF6","TAF6"
"ERAS","ERAS"
"B3GNT8","B3GNT8"
"POLR1C","POLR1C"
"FCRLA","FCRLA"
"SLC39A4","SLC39A4"
"ERICH4","ERICH4"
"RANBP6","RANBP6"
"STAP1","STAP1"
"JAG2","JAG2"
"HNRNPLL","HNRNPLL"
"DUSP13B","DUSP13B"
"NCOR1","NCOR1"
"DDX17","DDX17"
"TCEAL8","TCEAL8"
"ASCL3","ASCL3"
"DMAC2","DMAC2"
"NUP85","NUP85"
"CDCA7","CDCA7"
"","IQCH"
"","KRTAP10-2"
"","KRTAP10-8"
"","KRTAP10-12"
"IL33","IL33"
"ATP8B1","ATP8B1"
"SF3B6","SF3B6"
"","CORT"
"","TCEAL5"
"","TCEAL6"
"","TCEAL3"
"ALDH4A1","ALDH4A1"
"HDAC6","HDAC6"
"","KRTAP12-4"
"POLG","POLG"
"","FGD4"
"PGD","PGD"
"GPAT3","GPAT3"
"ANGPTL6","ANGPTL6"
"RXRB","RXRB"
"POU3F3","POU3F3"
"MBLAC1","MBLAC1"
"IFT43","IFT43"
"OR8A1J","OR8A1"
"CIMIP4","CIMIP4"
"eca-mir-486","MIR486-1"
"TBXAS1","TBXAS1"
"ZDHHC15","ZDHHC15"
"LONRF2","LONRF2"
"TP53I3","TP53I3"
"SCUBE2","SCUBE2"
"VPS28","VPS28"
"AAGAB","AAGAB"
"MRPL21","MRPL21"
"DNM1L","DNM1L"
"UHRF2","UHRF2"
"OR8B12H","OR8B12"
"NYX","NYX"
"SLC39A7","SLC39A7"
"NUBPL","NUBPL"
"CENPC","CENPC"
"KAT6A","KAT6A"
"MSH3","MSH3"
"YIPF3","YIPF3"
"CACNA1I","CACNA1I"
"VDAC2","VDAC2"
"NUDT14","NUDT14"
"ASTE1","ASTE1"
"GZF1","GZF1"
"RING1","RING1"
"P2RY11","PPAN"
"RYR1","RYR1"
"CASK","CASK"
"NLN","NLN"
"FKBP1B",""
"TCEAL9","TCEAL9"
"CLK2","SCAMP3"
"KIF1B","KIF1B"
"UBE2G2","UBE2G2"
"TONSL","TONSL"
"OTOA","OTOA"
"GSTCD","GSTCD"
"","TAS1R2"
"NEK11","NEK11"
"NXT1","NXT1"
"COMTD1","COMTD1"
"OR8A1I","OR8A1"
"SNORD61","SNORD61"
"SP3","SP3"
"TMUB1","TMUB1"
"FBXO33","FBXO33"
"ABRAXAS1","ABRAXAS1"
"PKLR","PKLR"
"RNF170","RNF170"
"XPO5","XPO5"
"ZNF503","ZNF503"
"eca-mir-106a",""
"eca-mir-19b-2","MIR19B2"
"LAMTOR4","LAMTOR4"
"eca-mir-450b","MIR450B"
"IGHMBP2","IGHMBP2"
"","LRMDA"
"eca-mir-450c","MIR450A2"
"BRPF3","BRPF3"
"PAX9","PAX9"
"PANX3","PANX3"
"eca-mir-92a-2","MIR92A2"
"NEDD4L","NEDD4L"
"KIAA1143","KIAA1143"
"","STK16"
"BRF1","BRF1"
"HCN3","HCN3"
"FANCI","FANCI"
"eca-mir-20b","MIR20B"
"RRBP1","RRBP1"
"eca-mir-363","MIR363"
"TBRG1","TBRG1"
"CACUL1","CACUL1"
"U2","RNU2-39P"
"","SUMO3"
"eca-mir-424","MIR424"
"WDCP","WDCP"
"ENTREP3","ENTREP3"
"eca-mir-450a","MIR450A1"
"SUMO2","SUMO2"
"FASTK","FASTK"
"AGT","AGT"
"SHFL","SHFL"
"eca-mir-216a","MIR216A"
"","CXCL17"
"eca-mir-542","MIR542"
"CORO2B","CORO2B"
"FOXH1","FOXH1"
"eca-mir-9153",""
"eca-mir-503",""
"DHFR","DHFR2"
"DHFR","DHFR"
"PTTG1IP","PTTG1IP"
"SIAE","SIAE"
"MAGEE2","MAGEE2"
"PLAC1","PLAC1"
"SLC25A21","SLC25A21"
"eca-mir-216b","MIR216B"
"TCEAL7","TCEAL7"
"PARP12","PARP12"
"AFF3","AFF3"
"TOPORSL",""
"CYHR1","ZFTRAF1"
"OLA1","OLA1"
"MRPS18C","MRPS18C"
"PPP1R26","PPP1R26"
"GLDC","GLDC"
"PRPS1L1",""
"IRAK1BP1","IRAK1BP1"
"RNF186","RNF186"
"NCOA1","NCOA1"
"TRIM67","TRIM67"
"TRAPPC14","TRAPPC14"
"SANBR","SANBR"
"INTS12","INTS12"
"BEX3","BEX3"
"RHOD","RHOD"
"COG2","COG2"
"PCSK1N","PCSK1N"
"MAD2L1BP","MAD2L1BP"
"ARMC7","ARMC7"
"ZNF502","ZNF502"
"PGK1","PGK1"
"LIPE","LIPE"
"TMEM26","TMEM26"
"","RTL8A"
"","RTL8B"
"","RTL8C"
"SLC44A1","SLC44A1"
"TTC19","TTC19"
"TMCO4","TMCO4"
"SPA17","SPA17"
"POLH","POLH"
"S100A5","S100A5"
"KIFC2","KIFC2"
"TWIST1","TWIST1"
"","PAGE5"
"","PAGE2B"
"","PAGE2"
"LRFN4","LRFN4"
"OTP","OTP"
"SGTB","SGTB"
"YARS2","YARS2"
"ITGB2","ITGB2"
"","TRBV3-1"
"PHIP","PHIP"
"IGSF6","IGSF6"
"GNAI1","GNAI1"
"","PRDM5"
"GPC2","GPC2"
"U6","RNU6-246P"
"FAM241B","FAM241B"
"KCNK1","KCNK1"
"","TRBV2"
"RCE1","RCE1"
"SLC16A5","SLC16A5"
"AGAP3","AGAP3"
"CXCL17",""
"METTL9","METTL9"
"ARHGAP32","ARHGAP32"
"VWA2","VWA2"
"PKP2","PKP2"
"","TRBV9"
"SIX2","SIX2"
"PIERCE1","PIERCE1"
"MYH9","MYH9"
"TCEAL4","TCEAL4"
"TCEAL4","TCEAL2"
"","S100A8"
"eca-mir-9006",""
"MAP3K21","MAP3K21"
"eca-mir-9011",""
"MAP4K1","MAP4K1"
"MAGEH1","MAGEH1"
"MRPS18A","MRPS18A"
"ZMIZ1","ZMIZ1"
"WDR41","WDR41"
"SIX3","SIX3"
"ARHGAP5","ARHGAP5"
"GPR34","GPR34"
"B9D1","B9D1"
"","TRBV7-2"
"","TRBV7-9"
"","TRBV7-1"
"","TRBV7-3"
"","TRBV7-7"
"","TRBV7-6"
"","TRBV7-4"
"AACS","AACS"
"HPSE","HPSE"
"S100A12","S100A12"
"TBATA","TBATA"
"CCDC12","CCDC12"
"MRPS2","MRPS2"
"PPFIBP1","PPFIBP1"
"S100A9","S100A9"
"MAFA","MAFA"
"PNPLA1","PNPLA1"
"SPSB1","SPSB1"
"KCTD2","KCTD2"
"TET2","TET2"
"TRAPPC13","TRAPPC13"
"UBAC1","UBAC1"
"STAG3","STAG3"
"ACSM4","ACSM4"
"CAMKMT","CAMKMT"
"PCNX2","PCNX2"
"MEGF8","MEGF8"
"AVEN","AVEN"
"KDM4C","KDM4C"
"ATP5PD","ATP5PD"
"","TRBV12-5"
"","TRBV12-4"
"","TRBV12-3"
"MAGI2","MAGI2"
"ZCCHC24","ZCCHC24"
"GPR82","GPR82"
"ZNF35","ZNF35"
"SGPL1","SGPL1"
"MIPOL1","MIPOL1"
"TCEAL1","TCEAL1"
"PRLHR","PRLHR"
"SLX9","SLX9"
"EPN2","EPN2"
"PEX10","PEX10"
"THUMPD1","THUMPD1"
"PC","PC"
"ZNF197","ZNF197"
"TIAL1","TIAL1"
"HTR6","HTR6"
"VPS33A","VPS33A"
"","S100A9"
"RRAGB","RRAGB"
"GTPBP2","GTPBP2"
"PGLYRP4","PGLYRP4"
"BTBD6","BTBD6"
"IGDCC4","IGDCC4"
"DENND5A","DENND5A"
"MMEL1","MMEL1"
"MPC1L","MPC1L"
"ADARB1","ADARB1"
"HTR1D","HTR1D"
"PGLYRP3","PGLYRP3"
"PREPL","PREPL"
"","ERI2"
"MRPL58","MRPL58"
"ZNF660","ZNF660"
"","GRAPL"
"KLF8","KLF8"
"RLBP1","RLBP1"
"PPIF","PPIF"
"CDR2L","CDR2L"
"NUDT16","NUDT16"
"PLAC8A",""
"SP9","SP9"
"","KDM2B"
"MORF4L2","MORF4L2"
"G2E3","G2E3"
"FRS3","FRS3"
"CCDC190","CCDC190"
"","TRBV14"
"SLC5A10","SLC5A10"
"TAF9B","TAF9B"
"ZKSCAN7",""
"CCDC62","CCDC62"
"LRRC49","LRRC49"
"MTA1","MTA1"
"TIFA","TIFA"
"CHRM5","CHRM5"
"CIR1","CIR1"
"NTPCR","NTPCR"
"BNIP5","BNIP5"
"YTHDC1","YTHDC1"
"CAMSAP1","CAMSAP1"
"SLC3A1","SLC3A1"
"AGBL1","AGBL1"
"KCNMA1","KCNMA1"
"USP49","USP49"
"HID1","HID1"
"DNMT3A","DNMT3A"
"HMGN3","HMGN3"
"ACSM3","ACSM3"
"MRPL3","MRPL3"
"ASB10","ASB10"
"SHROOM4","SHROOM4"
"SCRN3","SCRN3"
"TTC34","TTC34"
"SETD2","SETD2"
"TULP1","TULP1"
"C6H12orf71","C12orf71"
"PVRIG","PVRIG"
"SHLD3","SHLD3"
"BARX2","BARX2"
"DISC1","DISC1"
"KATNBL1","KATNBL1"
"FAM83G","FAM83G"
"LUZP1","LUZP1"
"EIF3K","EIF3K"
"MRPS35","MRPS35"
"COQ2","COQ2"
"PRICKLE4","PRICKLE4"
"ZNF852",""
"PRXL2B","PRXL2B"
"C21orf140","C21orf140"
"C12H11orf86","C11orf86"
"LCA5","LCA5"
"PILRA",""
"PPM1B","PPM1B"
"MANSC4","MANSC4"
"PRPSAP2","PRPSAP2"
"ZNF445","ZNF445"
"KLHL42","KLHL42"
"GBX1","GBX1"
"BMP15","BMP15"
"SH3BGRL2","SH3BGRL2"
"MSANTD2","MSANTD2"
"OTOP3","OTOP3"
"ZCWPW1","ZCWPW1"
"TNFRSF14","TNFRSF14"
"IQCA1L","IQCA1L"
"ZNF483","ZNF483"
"LRPPRC","LRPPRC"
"PTHLH","PTHLH"
"NUDT11","NUDT11"
"","TRIM23"
"PHTF2","PHTF2"
"RGS10","RGS10"
"HES5","HES5"
"CYSLTR1","CYSLTR1"
"AP1AR","AP1AR"
"CNFN","CNFN"
"KDM2A","KDM2A"
"PANK4","PANK4"
"HSD17B7","HSD17B7"
"GUCY2F","GUCY2F"
"MED20","MED20"
"EMC4","EMC4"
"SYNCRIP","SYNCRIP"
"ACTN4","ACTN4"
"TCAIM","TCAIM"
"U6","RNU6-56P"
"RNase_MRP",""
"CCDC91","CCDC91"
"ABCF2","ABCF2"
"PLAC8B","PLAC8"
"MEPCE","MEPCE"
"PCBD1","PCBD1"
"PLCH2","PLCH2"
"GPR155","GPR155"
"DDR2","DDR2"
"eca-mir-7667",""
"eca-mir-9031",""
"FLII","FLII"
"eca-mir-9032",""
"","TRBV13"
"TMEM145","TMEM145"
"","RER1"
"TSC22D4","TSC22D4"
"BYSL","BYSL"
"SCFD1","SCFD1"
"NANS","ANP32B"
"PDE8B","PDE8B"
"ATG4A","ATG4A"
"FOXA1","FOXA1"
"SPACDR","SPACDR"
"CCND3","CCND3"
"KCNT1","KCNT1"
"ZNF662","ZNF662"
"KDM1A","KDM1A"
"CPNE4","CPNE4"
"SLC29A4","SLC29A4"
"COPS4","COPS4"
"PTGR1","PTGR1"
"SKI","SKI"
"PPWD1","PPWD1"
"SLC12A6","SLC12A6"
"VCP","VCP"
"DOP1A","DOP1A"
"COL13A1","COL13A1"
"WIPF1",""
"NAAA","NAAA"
"","ACADSB"
"FAM241A","FAM241A"
"FCER1G","FCER1G"
"PRR19","PRR19"
"TAF8","TAF8"
"CHPF2","CHPF2"
"VSIG2","VSIG2"
"ATP13A1","ATP13A1"
"C2H1orf174","C1orf174"
"FAR2","FAR2"
"CEBPG","CEBPG"
"TTC6","TTC6"
"FANCE","FANCE"
"GRK2","GRK2"
"CIC","CIC"
"ADAMTS4","ADAMTS4"
"IPO7","IPO7"
"SHTN1","SHTN1"
"TNRC18","TNRC18"
"CHD2","CHD2"
"ABTB3","ABTB3"
"PPA2","PPA2"
"TSNAX","TSNAX"
"ESAM","ESAM"
"DNAJC25","DNAJC25"
"DFFB","DFFB"
"ALPK2","ALPK2"
"POMC","POMC"
"LYRM1","LYRM1"
"FAM221B","FAM221B"
"","TRBV11-1"
"","TRBV11-3"
"","TRBV11-2"
"DSTN","DSTN"
"ROBO3","ROBO3"
"NHSL2","NHSL2"
"SHMT1","SHMT1"
"TMEM60","TMEM60"
"CCDC13","CCDC13"
"GSPT2","GSPT2"
"EFR3B","EFR3B"
"","TRBV20-1"
"","TRBV20OR9-2"
"GNG10","GNG10"
"PPEF2","PPEF2"
"ABCG8","ABCG8"
"PEPD","PEPD"
"RSBN1L","RSBN1L"
"PACS2","PACS2"
"CWC22","CWC22"
"BRSK2","BRSK2"
"MAGED1","MAGED1"
"DLG5","DLG5"
"NR1I3","NR1I3"
"MAGEB10",""
"LIN54","LIN54"
"CEP104","CEP104"
"LPAR1","LPAR1"
"TMTC1","TMTC1"
"ABCG5","ABCG5"
"NRADD",""
"eca-mir-221","MIR221"
"C6orf132","C6orf132"
"eca-mir-222","MIR222"
"SMARCD3","SMARCD3"
"ARSJ","ARSJ"
"BFSP1","BFSP1"
"","MAGEB10"
"GSK3A","GSK3A"
"DYNC2LI1","DYNC2LI1"
"EFHC2","EFHC2"
"CCDC13","HHATL"
"EGLN1","EGLN1"
"","CIMIP3"
"RDH8",""
"OR2K2","OR2K2"
"PLEKHO2","PLEKHO2"
"GUCA1A","GUCA1A"
"RPL10A","RPL10A"
"","SPIN2A"
"","SPIN2B"
"ERF","ERF"
"CAMK2D",""
"IL1RAPL1","IL1RAPL1"
"PGM3","PGM3"
"ZNF143","ZNF143"
"NBEAL2","NBEAL2"
"GUCA1B","GUCA1B"
"USO1","USO1"
"MOB2","MOB2"
"DNAH3","DNAH3"
"ACP3","ACP3"
"FSCB","FSCB"
"FBXL18","FBXL18"
"PCSK2","PCSK2"
"HEPACAM","HEPACAM"
"MRPS10","MRPS10"
"NUTM1","NUTM1"
"KLHL40","KLHL40"
"ZNF526","ZNF526"
"PSMD10","PSMD10"
"SMCR8","SMCR8"
"COL5A3","COL5A3"
"UBQLN2","UBQLN2"
"C1H14orf28","DORIP1"
"TOP3A","TOP3A"
"CAPN12","CAPN12"
"SH3BP5L","SH3BP5L"
"SRPX","SRPX"
"MALT1","MALT1"
"DUSP8","DUSP8"
"PIF1","PIF1"
"FKBP5","FKBP5"
"NBDY","NBDY"
"SPRTN","SPRTN"
"NUB1","NUB1"
"TRERF1","TRERF1"
"PWP1","PWP1"
"ECPAS","ECPAS"
"","KRTAP5-5"
"","KRTAP5-2"
"CHST8","CHST8"
"","OSBPL9"
"MIEF2","MIEF2"
"PLEKHH2","PLEKHH2"
"ZNF672","ZNF672"
"ZBTB47","ZBTB47"
"KLHL28","KLHL28"
"ACTB",""
"DNAJC27","DNAJC27"
"LPCAT4","LPCAT4"
"PTPN12","PTPN12"
"","FAM156B"
"","FAM156A"
"SNORA79","SNORA79"
"KCTD15","KCTD15"
"ROBO4","ROBO4"
"U6","RNU6-926P"
"U6","RNU6-573P"
"U6","RNU6-132P"
"U6","RNU6-839P"
"U6","RNU6-263P"
"U6","RNU6V"
"UBE2E3","UBE2E3"
"U6","RNU6-486P"
"POU2F2","POU2F2"
"HRAS","HRAS"
"ENTPD6","ENTPD6"
"EXOC8","EXOC8"
"ERGIC2","ERGIC2"
"THAP9","THAP9"
"eca-mir-8955",""
"","CDC42"
"TRBV23-1","TRBV23-1"
"VSTM2B","VSTM2B"
"FAM43B","FAM43B"
"APOA2","APOA2"
"","DCAF8L2"
"","DCAF8L1"
"LLGL1","LLGL1"
"ENO4","ENO4"
"eca-mir-9015",""
"PTRHD1","PTRHD1"
"","TRBV27"
"FSCN1","FSCN1"
"CRIP2","CRIP2"
"ARMC12","ARMC12"
"MIR151A","MIR151A"
"RBPMS2","RBPMS2"
"CCDC27","CCDC27"
"POP4","POP4"
"SEC31A","SEC31A"
"eca-mir-9016",""
"TOMM40L","TOMM40L"
"FAM43B",""
"","TRBV28"
"GNPAT","GNPAT"
"NKTR","NKTR"
"POLR3A","POLR3A"
"SPIN3","SPIN3"
"U6","RNU6-1004P"
"RTL5","RTL5"
"ZNF532","ZNF532"
"ITGA4","ITGA4"
"ADCY3","ADCY3"
"RNF216","RNF216"
"MUL1","MUL1"
"OVCH1","OVCH1"
"U6","RNU6-575P"
"MYO15A",""
"PRDM4","PRDM4"
"FANCM","FANCM"
"PPP1R16A","PPP1R16A"
"TEX46","TEX46"
"FAAP20","FAAP20"
"CRIP1","CRIP1"
"DNAJC13","DNAJC13"
"UBR2","UBR2"
"eca-mir-8953",""
"","PRSS1"
"","PRSS3"
"","PRSS2"
"MIR101-2","MIR101-2"
"COL4A6","COL4A6"
"eca-mir-8952",""
"RNH1","RNH1"
"WEE1","WEE1"
"THADA","THADA"
"DIO3","DIO3"
"PLEKHF1","PLEKHF1"
"KAZN","KAZN"
"ZNF692","ZNF692"
"ZBED3","ZBED3"
"ZNF16","ZNF16"
"FAM174B","FAM174B"
"RAB44","RAB44"
"LMNTD1","LMNTD1"
"SPIN4","SPIN4"
"PCP4L1","PCP4L1"
"PLGRKT","INSL4"
"PLGRKT","RLN2"
"PLGRKT","RLN1"
"U6","RNU6-648P"
"U6","RNU6-992P"
"U6","RNU6-1209P"
"U6","RNU6-1094P"
"U6","RNU6-272P"
"U6","RNU6-1287P"
"GSAP","GSAP"
"RWDD2A","RWDD2A"
"SLC37A2","SLC37A2"
"G3BP2","G3BP2"
"RGMA","RGMA"
"BOP1","BOP1"
"SNORD121B","SNORD121B"
"DEDD2","DEDD2"
"C1H1orf131","FSAF1"
"CENPO","CENPO"
"ASCL4","ASCL4"
"EPHB6","EPHB6"
"ZNF609","ZNF609"
"ETV2","ETV2"
"SNORD121A","SNORD121A"
"ME1","ME1"
"PTDSS2","PTDSS2"
"MPZ","MPZ"
"eca-mir-876","MIR876"
"MC4R","MC4R"
"PRKCZ","PRKCZ"
"ARHGEF9","ARHGEF9"
"PIN4","PIN4"
"ZNF574","ZNF574"
"SWAP70","SWAP70"
"eca-mir-873","MIR873"
"DRG2","DRG2"
"CD22","CD22"
"eca-mir-872",""
"OR4F6EP",""
"eca-mir-8950",""
"SPMIP5","SPMIP5"
"RTCB","RTCB"
"eca-mir-8948",""
"OR4F90P",""
"SLC35F3","SLC35F3"
"OR10AH1B",""
"MSGN1","MSGN1"
"SIGIRR","SIGIRR"
"PPIL1","PPIL1"
"","CCL21"
"TRPV6","TRPV6"
"HNRNPC","HNRNPCL1"
"HNRNPC","HNRNPCL2"
"HNRNPC","HNRNPCL3"
"HNRNPC","HNRNPCL4"
"HNRNPC","HNRNPC"
"RHEB","CRYGN"
"CRHBP","CRHBP"
"PRSS35","PRSS35"
"ZNF12","ZNF12"
"MCTP2","MCTP2"
"PYGB","PYGB"
"OAZ2","OAZ2"
"GRIK5","GRIK5"
"CAAP1","CAAP1"
"F2R","F2R"
"TDRD1","TDRD1"
"ANO9","ANO9"
"RASSF8","RASSF8"
"SRRM1","SRRM1"
"RPS24","RPS24"
"SEC22C","SEC22C"
"C20H6orf89","C6orf89"
"PRPH2","PRPH2"
"ZFP36L2","ZFP36L2"
"RASGEF1A","RASGEF1A"
"RBAK","RBAK"
"S100Z","S100Z"
"CDKL2","CDKL2"
"SNAP91","SNAP91"
"CERKL","CERKL"
"PKP3","PKP3"
"SDHC","SDHC"
"HAAO","HAAO"
"PRF1","PRF1"
"BHLHE41","BHLHE41"
"ANK2","ANK2"
"PRKAG2","PRKAG2"
"CCDC15","CCDC15"
"BSPH1","BSPH1"
"RPL7L1","RPL7L1"
"F2RL1","F2RL1"
"MTA3","MTA3"
"ADAMTS14","ADAMTS14"
"ELSPBP1","ELSPBP1"
"","SPDYE10"
"","SPDYE13"
"","SPDYE14"
"","SPDYE8"
"","SPDYE2"
"","SPDYE12"
"","SPDYE16"
"","SPDYE9"
"","SPDYE2B"
"","SPDYE11"
"","SPDYE15"
"","SPDYE17"
"","SPDYE1"
"","SPDYE3"
"","SPDYE18"
"","SPDYE6"
"","SPDYE4"
"","SPDYE5"
"","SPDYE21"
"SYN3","SYN3"
"ADORA2B","ADORA2B"
"MASP2","MASP2"
"NCMAP","NCMAP"
"SBF2","SBF2"
"MYOZ1","MYOZ1"
"B4GALNT4","B4GALNT4"
"RPGRIP1","RPGRIP1"
"DCUN1D3","DCUN1D3"
"ERCC6L","ERCC6L"
"SSPN","SSPN"
"PI16","PI16"
"ANKS4B","ANKS4B"
"FFAR3","GPR42"
"FFAR3","FFAR3"
"","VPS13D"
"MRPS16","DNAJC9"
"MTCH1","MTCH1"
"SPECC1","SPECC1"
"ODAPH","ODAPH"
"TBCC","TBCC"
"","RBM3"
"TMEM218","TMEM218"
"CFAP126","CFAP126"
"FFAR2","FFAR2"
"TRIP4","TRIP4"
"AMER1","AMER1"
"TARDBP","TARDBP"
"IQGAP2","IQGAP2"
"RPS4X",""
"LIG1","LIG1"
"LDAF1","LDAF1"
"SUPT16H","SUPT16H"
"VIPR1","VIPR1"
"CROCC","CROCC"
"KCNG3","KCNG3"
"WDFY3","WDFY3"
"BICRAL","BICRAL"
"PKNOX2","PKNOX2"
"ANO1","ANO1"
"eca-mir-9151",""
"COX7A2L","COX7A2L"
"THAP6","THAP6"
"MTMR8","MTMR8"
"KRTDAP","KRTDAP"
"ABHD12","ABHD12"
"CABCOCO1","CABCOCO1"
"CRYM","CRYM"
"P4HA1","P4HA1"
"FHL2","FHL2"
"ZNF853","ZNF853"
"CSGALNACT2","CSGALNACT2"
"CASZ1","CASZ1"
"FGD2","FGD2"
"EML4","EML4"
"KEL","KEL"
"DMKN",""
"NEUROD1","NEUROD1"
"TOGARAM1","TOGARAM1"
"ARHGEF11","ARHGEF11"
"PGBD2","PGBD2"
"GCC2","GCC2"
"ITPR2","ITPR2"
"","PTCRA"
"LNPK","LNPK"
"ZNF316","ZNF316"
"CX3CR1","CX3CR1"
"CITED1","CITED1"
"CNPY3","CNPY3"
"ZC4H2","ZC4H2"
"GRAMD1B","GRAMD1B"
"PEX14","PEX14"
"ZDHHC4","ZDHHC4"
"ZP2","ZP2"
"SAXO2","SAXO2"
"CCDC186","CCDC186"
"LLCFC1","LLCFC1"
"ECD","ECD"
"GNMT","GNMT"
"RET","RET"
"GRID2IP","GRID2IP"
"KDM7A","KDM7A"
"RCHY1","RCHY1"
"XIRP1","XIRP1"
"U6","RNU6-638P"
"PPP2R5D","PPP2R5D"
"SNORD1B","SNORD1B"
"BPIFC","BPIFC"
"SNORD1C","SNORD1C"
"HDAC8","HDAC8"
"ZC3H12B","ZC3H12B"
"eca-mir-9107",""
"TRIM58","TRIM58"
"eca-mir-9104",""
"FADD","FADD"
"CCDC146","CCDC146"
"PIM1","PIM1"
"GINS1","GINS1"
"eca-mir-9097",""
"NUDT13","NUDT13"
"EVX2","EVX2"
"TOX4","TOX4"
"eca-mir-9109",""
"UBA5","UBA5"
"ZBTB48","ZBTB48"
"eca-mir-9101",""
"PTH1R","PTH1R"
"eca-mir-9098",""
"ABCA16",""
"HOXD13","HOXD13"
"ARID5B","ARID5B"
"eca-mir-3065",""
"MSN","MSN"
"GALNTL5","GALNTL5"
"FBXO7","FBXO7"
"eca-mir-7035",""
"PPFIA1","PPFIA1"
"AKAP10","AKAP10"
"eca-mir-9099",""
"TTC21A","TTC21A"
"GARIN6","GARIN6"
"SBSN","SBSN"
"eca-mir-9102",""
"COCH","COCH"
"NINL","NINL"
"TMEM217B","TMEM217B"
"RTKN2","RTKN2"
"U7","RNU7-54P"
"U7","RNU7-160P"
"U7","RNU7-35P"
"U7","RNU7-164P"
"U7","RNU7-24P"
"U7","RNU7-30P"
"U7","RNU7-143P"
"GALNT11","GALNT11"
"HOXD10","HOXD10"
"TIMP3","TIMP3"
"ADAMTSL3","ADAMTSL3"
"CREB3L2","CREB3L2"
"U1","RNU1-133P"
"U1","RNU1-76P"
"ZSWIM9","ZSWIM9"
"eca-mir-9028",""
"LAS1L","LAS1L"
"eca-mir-9026",""
"TAS1R1","TAS1R1"
"KDELR2","KDELR2"
"LYST","LYST"
"eca-mir-9029",""
"ZNF462","ZNF462"
"ENGASE","ENGASE"
"CDK7","CDK7"
"HOXD9","HOXD9"
"eca-mir-9023",""
"CHD8","CHD8"
"eca-mir-802","MIR802"
"PARM1","PARM1"
"eca-mir-9025",""
"FAM149B1","FAM149B1"
"SMAD6","SMAD6"
"ATP4A","ATP4A"
"MX2","MX2"
"TSPAN10","TSPAN10"
"HOXD11","HOXD11"
"ZNF114",""
"NANP","NANP"
"TMEM217","TMEM217"
"PRPF39","PRPF39"
"DAGLB","DAGLB"
"HOXD8","HOXD8"
"NOL9","NOL9"
"MRPL12","MRPL12"
"FAM185A","FGL2"
"LARGE1","LARGE1"
"ODAD1",""
"","SULT1E1"
"IFNLR1","IFNLR1"
"AKR1D1","AKR1D1"
"DOCK6","DOCK6"
"CCDC57","CCDC57"
"MYL3","MYL3"
"LRRC71","LRRC71"
"VSIG4","VSIG4"
"PEX6","PEX6"
"KMT2C","KMT2C"
"","CBR3"
"ABCA14",""
"ACSS1","ACSS1"
"PLEKHG5","PLEKHG5"
"ALAS2","ALAS2"
"MEA1","MEA1"
"RNF8","RNF8"
"KCNAB3","KCNAB3"
"CSRNP1","CSRNP1"
"RAC1","RAC2"
"CFAP70","CFAP70"
"STRN3","STRN3"
"CTTN","CTTN"
"BRWD1","BRWD1"
"FN3KRP","FN3K"
"ADRB1","ADRB1"
"TMEM147","TMEM147"
"HTR1B",""
"TRAPPC1","TRAPPC1"
"WDR45B","WDR45B"
"ZNF365","ZNF365"
"EMP3","EMP3"
"FKBP3","FKBP3"
"HOXD4","HOXD4"
"VWA5B1","VWA5B1"
"APEX2","APEX2"
"KLHDC3","KLHDC3"
"LCTL","LCTL"
"GAPDHS","GAPDHS"
"APMAP","APMAP"
"TMEM143","TMEM143"
"CNTROB","CNTROB"
"SULT1B1","SULT1B1"
"FCRL6","FCRL6"
"ADO","ADO"
"GORASP1","GORASP1"
"ACKR4","ACKR4"
"CMTR1","CMTR1"
"INTS13","INTS13"
"HOXD3","HOXD3"
"LLGL2","LLGL2"
"SCN3B","SCN3B"
"COL4A5","COL4A5"
"PFKFB1","PFKFB1"
"CST7","CST7"
"EGR2","EGR2"
"HOXD1","HOXD1"
"U8","U8"
"PHKA1","PHKA1"
"UGT2A2","UGT2A2"
"HYLS1","HYLS1"
"UQCRC2","UQCRC2"
"FAM220A","FAM220A"
"SYNGR4","SYNGR4"
"RRP36","RRP36"
"FGFR1OP2","FGFR1OP2"
"NHLRC2","NHLRC2"
"ACAD11","ACAD11"
"MTX2","MTX2"
"SYNDIG1","SYNDIG1"
"MIS18BP1","MIS18BP1"
"NRBF2","NRBF2"
"SMIM10L3","SMIM10L3"
"GRIN2D","GRIN2D"
"PMIS2","PMIS2"
"IGSF9","IGSF9"
"CCDC167",""
"RAB2B","RAB2B"
"CCDC125","CCDC125"
"CUL7","CUL7"
"TRIM24","TRIM24"
"HAUS5","HAUS5"
"ADM","ADM"
"ZWILCH","ZWILCH"
"PFKFB4","PFKFB4"
"RAD23B","RAD23B"
"AP4S1","AP4S1"
"","UGT2A3"
"KDELR1","KDELR1"
"MSS51","MSS51"
"BCAT1","BCAT1"
"ESPN","ESPN"
"CYTH3","CYTH3"
"WDR48","WDR48"
"METTL3","METTL3"
"SHANK2","SHANK2"
"UBXN10","UBXN10"
"GRWD1","GRWD1"
"AMPD3","AMPD3"
"PATE2","PATE2"
"SLC25A19","SLC25A19"
"MAGED2","MAGED2"
"TTC3","TTC3"
"PPP3CB","PPP3CB"
"RBM42","RBM42"
"ULK2","ULK2"
"NPHP3","NPHP3"
"BTBD9","BTBD9"
"PATE1","PATE1"
"JMJD1C","JMJD1C"
"SNRPB2","SNRPB2"
"CFAP45","CFAP45"
"FBXL13","FBXL13"
"PATE3","PATE3"
"SLC4A4","SLC4A4"
"HES2","HES2"
"INSM1","INSM1"
"DBP","DBP"
"KLF4","KLF4"
"GPR153","GPR153"
"CYTH2","CYTH2"
"VPREB1","VPREB1"
"ATP6V0A4","ATP6V0A4"
"PDZD9","PDZD9"
"USP42","USP42"
"AMT","AMT"
"B3GALNT2","B3GALNT2"
"DCLRE1A","DCLRE1A"
"IRAG2","IRAG2"
"USP54","USP54"
"MRPL2","MRPL2"
"ACOT7","ACOT7"
"GNL3L","GNL3L"
"TAGLN2","TAGLN2"
"LMTK3","LMTK3"
"EP300","EP300"
"PLA2G2C","PLA2G2C"
"GORASP1","SCN11A"
"SLAMF8","SLAMF8"
"KGD4","KGD4"
"KLC4","KLC4"
"TFR2","TFR2"
"SALL2","SALL2"
"SULT2B1","SULT2B1"
"ACTE1",""
"RPL4","RPL4"
"HECTD1","HECTD1"
"ICMT","ICMT"
"F2RL2","F2RL2"
"LSM14A","LSM14A"
"HES3","HES3"
"MRPL46","MRPL46"
"MOSMO","MOSMO"
"ACTL6B","ACTL6B"
"FAM83E","FAM83E"
"GUCY2D","GUCY2D"
"DHCR7","DHCR7"
"FGFR2","FGFR2"
"RNF207","RNF207"
"CENPH","CENPH"
"FGD1","FGD1"
"OR10G3","OR10G2"
"RPL18",""
"KRAS","KRAS"
"","GON4L"
"","YY1AP1"
"ANGPTL8","ANGPTL8"
"SV2C","SV2C"
"EPHB2","EPHB2"
"NADSYN1","NADSYN1"
"POP7","POP7"
"OR4E2","OR4E2"
"MAP2K1","MAP2K1"
"CHN1","CHN1"
"SNORD50B","SNORD50B"
"RNF141","RNF141"
"ETFRF1","ETFRF1"
"ALOX15B","ALOX15B"
"OR13F8","OR13F1"
"CCNB1","CCNB1"
"TSR2","TSR2"
"eca-mir-9014-2",""
"VWA3A","VWA3A"
"OR13D2H",""
"CHD5","CHD5"
"REP15","REP15"
"WNK3","WNK3"
"TBCE","TBCE"
"","TRAV8-1"
"","TRAV8-3"
"GNB2","GNB2"
"FILIP1","FILIP1"
"PTK7","PTK7"
"INSM2","INSM2"
"SLC30A5","SLC30A5"
"FUT11","FUT11"
"SCN10A","SCN10A"
"DET1","DET1"
"DAG1","DAG1"
"KANK2","KANK2"
"OR13C2","OR13C2"
"OR13C2","OR13C5"
"OR13C2","OR13C9"
"GARRE1","GARRE1"
"WNK3","FAM120C"
"SPHK2","SPHK2"
"OR13D2",""
"","FAM236A"
"","FAM236C"
"","FAM236D"
"","FAM236B"
"GIGYF1","GIGYF1"
"OR13D2G",""
"XRCC2","XRCC2"
"TMEM108","TMEM108"
"OR13D1",""
"RPL22","RPL22"
"GLO1","GLO1"
"TCTA","TCTA"
"ZSWIM8","ZSWIM8"
"EPO","EPO"
"POC5","POC5"
"SVOPL","SVOPL"
"CDS1","CDS1"
"EPS8L2","EPS8L2"
"ALOX12B","ALOX12B"
"SPC24","SPC24"
"CA11","CA11"
"USP4","USP4"
"GPI","GPI"
"BFSP2","BFSP2"
"KCNAB2","KCNAB2"
"LRRC17","LRRC17"
"IRAG1","IRAG1"
"NTN5","NTN5"
"PBDC1","PBDC1"
"ALOXE3","ALOXE3"
"ACTR3B","ACTR3B"
"SCN5A","SCN5A"
"CDV3","CDV3"
"ZAN","ZAN"
"","FUT2"
"DNAH8","DNAH8"
"SYT11","SYT11"
"ARMC10","ARMC10"
"TALDO1","TALDO1"
"PRKCE","PRKCE"
"ALDH3A1","ALDH3A1"
"MSTO1","MSTO1"
"PHF8","PHF8"
"FGF16","FGF16"
"PLPP4","PLPP4"
"SEC24C",""
"","TRAV21"
"SNORA28","SNORA28"
"GATD1","GATD1"
"MAMSTR","MAMSTR"
"","SNORD114-19"
"","SNORD114-12"
"TF","TF"
"PDCD2L","PDCD2L"
"REEP3","REEP3"
"MRPS11","MRPS11"
"SYNCRIP",""
"","SNORD114-28"
"","SNORD114-22"
"","SNORD114-9"
"","SNORD114-25"
"DAP3","DAP3"
"LDLR","LDLR"
"ATRX","ATRX"
"ATP13A2","ATP13A2"
"RHOA","RHOA"
"ANKDD1B","ANKDD1B"
"SLC47A2","SLC47A2"
"RASIP1","RASIP1"
"","SNORD114-14"
"SDR42E2","SDR42E2"
"EPHB4","EPHB4"
"TIPIN","TIPIN"
"PUS3","PUS3"
"TMEM213","TMEM213"
"CEND1","CEND1"
"MOB1B","MOB1B"
"NPHP4","NPHP4"
"IZUMO1","IZUMO1"
"VSIG10L2","VSIG10L2"
"NDST2","NDST2"
"WTIP","WTIP"
"SLC25A22","SLC25A22"
"HEATR5A","HEATR5A"
"KIAA1549","KIAA1549"
"FUT1","FUT1"
"IHO1","IHO1"
"L3MBTL2","L3MBTL2"
"NTRK3","NTRK3"
"","SNORD114-10"
"","SNORD114-27"
"ATF2","ATF2"
"MAST4","MAST4"
"CUZD1","CUZD1"
"NAPEPLD","NAPEPLD"
"TRIP6","TRIP6"
"GRSF1","GRSF1"
"SNORD112","SNORD112"
"GGPS1","GGPS1"
"FGF21","FGF21"
"EEF2K","EEF2K"
"CAMK2G","CAMK2G"
"SRF","SRF"
"","TRAV12-1"
"","TRAV12-2"
"","TRAV12-3"
"NPAS1","NPAS1"
"ALDH3A2","ALDH3A2"
"CCDC71","CCDC71"
"EXOG","EXOG"
"SLC12A9","SLC12A9"
"","SNORD114-2"
"","ZNF840P"
"DIS3L","DIS3L"
"LYVE1","LYVE1"
"PIDD1","PIDD1"
"MACROH2A2","MACROH2A2"
"POLK","POLK"
"","ZNF181"
"","ZNF302"
"ZNF467","ZNF467"
"ZC3H4","ZC3H4"
"HUWE1","HUWE1"
"FOLR2","FOLR2"
"ZC3HAV1L","ZC3HAV1L"
"SRRT","SRRT"
"ARID4B","ARID4B"
"CUL9","CUL9"
"RUFY3","RUFY3"
"ZNF599","ZNF599"
"ASH1L","ASH1L"
"ACVR2B","ACVR2B"
"SNORD113-6","SNORD113-6"
"IRS4","IRS4"
"SNORD113-8","SNORD113-8"
"RAB6A","RAB6A"
"CA6","CA6"
"SNORD113-7","SNORD113-7"
"SMARCA4","SMARCA4"
"SSPO",""
"NRCAM","NRCAM"
"RPLP2","RPLP2"
"CDON","CDON"
"TCEAL6","TCEAL5"
"TCEAL6","TCEAL6"
"TCEAL6","TCEAL3"
"ZC3HAV1","ZC3HAV1"
"MFAP2","MFAP2"
"SNORD113-9","SNORD113-9"
"LAMB2","LAMB2"
"","SNORD114-18"
"RINL","RINL"
"CHADL","CHADL"
"SPN","SPN"
"CRACR2B","CRACR2B"
"ZMAT1","ZMAT1"
"SAE1","SAE1"
"U6","RNU6-139P"
"","SNORD114-17"
"SIRT2","SIRT2"
"","SNORD114-3"
"UFSP1","UFSP1"
"PLA2G2F","PLA2G2F"
"XYLB","XYLB"
"","POLR3K"
"FGD4","FGD4"
"TSPAN4","TSPAN4"
"SLC47A1","SLC47A1"
"C2CD4A","C2CD4B"
"C2CD4A","C2CD4A"
"GLP1R","GLP1R"
"ACHE","ACHE"
"AIFM2","AIFM2"
"SNORD113-5","SNORD113-5"
"QPRT","QPRT"
"TOPBP1","TOPBP1"
"ENO1","ENO1"
"CCDC9","CCDC9"
"RUSC1","RUSC1"
"DNPH1","DNPH1"
"IFT56","IFT56"
"DNAI7","DNAI7"
"RANGAP1","RANGAP1"
"KLHDC8B","KLHDC8B"
"SCARNA17","SCARNA17"
"SNORD114-5","SNORD114-5"
"NFKBIB","NFKBIB"
"RPUSD4","RPUSD4"
"PLEKHB1","PLEKHB1"
"SNORD113-4","SNORD113-4"
"MAGT1","MAGT1"
"U6","RNU6-1057P"
"","TRAV8-7"
"CD151","CD151"
"","SNORD114-21"
"TRIM56","TRIM56"
"RBM34","RBM34"
"SAYSD1","SAYSD1"
"SNORD58","SNORD58B"
"DTD2","DTD2"
"UNC5CL","UNC5CL"
"RNF112","RNF112"
"BNC1","BNC1"
"","SNORD114-4"
"SNORD58","SNORD58C"
"ATP5MC3","ATP5MC3"
"SNORD58","SNORD58A"
"C13H16orf54","C16orf54"
"PROSER3","PROSER3"
"WNT4",""
"PNPLA2","PNPLA2"
"SNORD58",""
"CERT1","CERT1"
"TCEAL2","TCEAL4"
"TCEAL2","TCEAL2"
"TYSND1","TYSND1"
"KCNK5","KCNK5"
"FITM1","FITM1"
"VPS13C","VPS13C"
"BBC3",""
"U6","RNU6-1336P"
"ZG16","ZG16"
"CHID1","CHID1"
"MFAP4","MFAP4"
"TOMM20","TOMM20"
"SERPINE1","SERPINE1"
"CDC42","CDC42"
"MIR122","MIR122"
"FDPS","FDPS"
"CYBRD1","CYBRD1"
"SMC1A","SMC1A"
"HDGFL3","HDGFL3"
"AP1S1","AP1S1"
"SAR1A","SAR1A"
"SLC22A14","SLC22A14"
"MAPK7","MAPK7"
"FOXRED1","FOXRED1"
"KCNK17","KCNK17"
"SLAMF7","SLAMF7"
"VGF","VGF"
"SRPRB","SRPRB"
"OXSR1","OXSR1"
"C5AR1","C5AR1"
"RERE","RERE"
"KIF22","KIF22"
"JCHAIN","JCHAIN"
"USP19","USP19"
"PAK3","PAK3"
"KCNK16","KCNK16"
"KMT2B","KMT2B"
"CFAP53","CFAP53"
"DYNC1I2","DYNC1I2"
"COX7B",""
"eca-mir-1185","MIR1185-1"
"eca-mir-1185","MIR1185-2"
"MAP10","MAP10"
"EMC9","EMC9"
"eca-mir-431","MIR431"
"SLC22A13","SLC22A13"
"DHX34","DHX34"
"NIBAN3","NIBAN3"
"RAB6B","RAB6B"
"eca-mir-411",""
"PNPLA8","PNPLA8"
"eca-mir-485",""
"C1H10orf120","C10orf120"
"ACTL8","ACTL8"
"ZBTB32","ZBTB32"
"eca-mir-8954",""
"LY9","LY9"
"PPA1","PPA1"
"eca-mir-487b","MIR487B"
"C1H1orf198","C1orf198"
"MRM2","MRM2"
"U6","RNU6-1215P"
"IGFLR1","IGFLR1"
"eca-mir-770","MIR770"
"eca-mir-9146",""
"IGSF21","IGSF21"
"SLC45A1","SLC45A1"
"eca-mir-544-2","MIR544A"
"ATP7A","ATP7A"
"eca-mir-1301",""
"MYD88","MYD88"
"eca-mir-487a","MIR487A"
"TM6SF1","TM6SF1"
"eca-mir-889",""
"","KIF6"
"HMGCR","HMGCR"
"ELOVL6","ELOVL6"
"FAM168A","FAM168A"
"eca-mir-369","MIR369"
"NUDT1","NUDT1"
"RCAN3","RCAN3"
"PSME2","PSME2"
"U2AF1L4","U2AF1L4"
"TSPO2",""
"CD48","CD48"
"eca-mir-493b",""
"ERRFI1","ERRFI1"
"SLC27A1","SLC27A1"
"UBN2","UBN2"
"OARD1","OARD1"
"RIBC1","RIBC1"
"FAM118B","FAM118B"
"eca-mir-345","MIR345"
"C5AR2","C5AR2"
"ZC3H7B","ZC3H7B"
"DAAM2","DAAM2"
"UTP3","UTP3"
"ARPC1A","ARPC1A"
"PDCD6IP",""
"eca-mir-541","MIR541"
"NFYA","NFYA"
"eca-mir-758",""
"NPFFR1","NPFFR1"
"","TRAV17"
"MEIS3","MEIS3P2"
"MEIS3","MEIS3"
"ENAM","ENAM"
"eca-mir-377","MIR377"
"HEATR1","HEATR1"
"LIN37","LIN37"
"eca-mir-432","MIR432"
"ANKRD31","ANKRD31"
"PARK7","PARK7"
"SLAMF1","SLAMF1"
"","TRAV26-1"
"eca-mir-656","MIR656"
"EGF","EGF"
"EIF4EBP2","EIF4EBP2"
"","SPADH"
"eca-mir-409","MIR409"
"TRAV29DV5","TRAV29DV5"
"SLC25A12","SLC25A12"
"PRR27","PRR27"
"MIR494","MIR494"
"SNX8","SNX8"
"NIPAL3","NIPAL3"
"PSME1","PSME1"
"eca-mir-3958",""
"HSPB6","HSPB6"
"SRPRA","SRPRA"
"CAPN6","CAPN6"
"HERC6","HERC6"
"NODAL","NODAL"
"ARHGAP33","ARHGAP33"
"","DMBT1"
"eca-mir-329a",""
"SLC8A2","SLC8A2"
"CD84","CD84"
"SEMA3C","SEMA3C"
"eca-mir-655",""
"IQSEC2","IQSEC2"
"eca-mir-370","MIR370"
"TREML1","TREML1"
"PGLS","PGLS"
"MIR127","MIR127"
"MAZ","MAZ"
"TNFRSF9","TNFRSF9"
"eca-mir-433","MIR433"
"PGK2","PGK2"
"KPTN","KPTN"
"eca-mir-3959",""
"","TRAV25"
"MIR136","MIR136"
"DCX","DCX"
"UNC13A","UNC13A"
"eca-mir-412","MIR412"
"ADAMTS3","ADAMTS3"
"GRK5","GRK5"
"ARPC1B","ARPC1B"
"FMC1","FMC1"
"BTBD1","BTBD1"
"eca-mir-496","MIR496"
"PALD1","PALD1"
"SOHLH1","SOHLH1"
"","TRAV9-1"
"PRRT2","PRRT2"
"eca-mir-329b",""
"SLAMF6","SLAMF6"
"NAPA","NAPA"
"KLRG2","KLRG2"
"eca-mir-1197",""
"ACAA1","ACAA1"
"OPHN1","OPHN1"
"DCPS","DCPS"
"eca-mir-337","MIR337"
"","TRAV10"
"TNFRSF9",""
"YIPF2","YIPF2"
"RELT","RELT"
"eca-mir-410","MIR410"
"UTS2","UTS2"
"eca-mir-323","MIR323A"
"PRODH2","PRODH2"
"IRF9","IRF9"
"eca-mir-1193",""
"SNORD17","SNORD17"
"U6","RNU6-549P"
"","RAMACL"
"","RAMAC"
"LRIT3","LRIT3"
"MACROD2",""
"ZNF541","ZNF541"
"eca-mir-154a","MIR154"
"HAT1","HAT1"
"MOCS1","MOCS1"
"eca-mir-342","MIR342"
"C1H15orf40","C15orf40"
"STPG1","STPG1"
"LCN9","LCN9"
"NPHS1","NPHS1"
"","TIMM29"
"VANGL2","VANGL2"
"eca-mir-495",""
"MVP","MVP"
"TIRAP","TIRAP"
"eca-mir-539","MIR539"
"KDM5C","KDM5D"
"RRH","RRH"
"PTCD1","PTCD1"
"TEF","TEF"
"GLT6D1","GLT6D1"
"C7H19orf38","C19orf38"
"SLC37A3","SLC37A3"
"eca-mir-154b",""
"PEAR1","PEAR1"
"eca-mir-134","MIR134"
"KIRREL2","KIRREL2"
"DLEC1","DLEC1"
"EXOC3L4","EXOC3L4"
"TMED1","TMED1"
"P2RY6","P2RY6"
"GAR1","GAR1"
"CD36","CD36"
"PER3","PER3"
"RNF31","RNF31"
"PDAP1","PDAP1"
"QTRT1","QTRT1"
"GRHL3","GRHL3"
"HELQ","HELQ"
"BICRA","BICRA"
"ST3GAL4","ST3GAL4"
"HOMER2","HOMER2"
"LGALS8","LGALS8"
"KLC1","KLC1"
"APLP1","APLP1"
"METAP1D","METAP1D"
"GRM4","GRM4"
"NHLH1","NHLH1"
"TUBB4B","TUBB4B"
"BUD31","BUD31"
"FCHO1","FCHO1"
"PPBP","PPBP"
"NCSTN","NCSTN"
"ILF3","ILF3"
"NEDD8",""
"ABLIM1","ABLIM1"
"CXCL6","CXCL5"
"VAMP3","VAMP3"
"TOB2","TOB2"
"P2RY2","P2RY2"
"CIMIP2A","CIMIP2A"
"CFI","CFI"
"DLX1","DLX1"
"CPSF4","CPSF4"
"CAMTA1","CAMTA1"
"ALG13","ALG13"
"CXCL8","CXCL8"
"PCLAF","PCLAF"
"REC8","REC8"
"WHAMM","WHAMM"
"STPG3","STPG3"
"CDIPT","CDIPT"
"PLCD1","PLCD1"
"CFAP74","CFAP74"
"HMGA1","HMGA1"
"NFKBID","NFKBID"
"PEX19","PEX19"
"UNC5B","UNC5B"
"EHD2","EHD2"
"RASSF6","RASSF6"
"PRDM12","PRDM12"
"FSD2","FSD2"
"TRPC5","TRPC5"
"GNAT3","GNAT3"
"TRAV24","TRAV24"
"HNRNPA3","HNRNPA3"
"FCHSD2","FCHSD2"
"SMIM29","SMIM29"
"RAB19","RAB19"
"EXOSC2","EXOSC2"
"IPO4","IPO4"
"TMEM52","TMEM52"
"ACO2","ACO2"
"VILL","VILL"
"HCST","HCST"
"SLC44A2","SLC44A2"
"STARD8","STARD8"
"ATP1A4","ATP1A4"
"TRPC5OS","TRPC5OS"
"SEZ6L2","SEZ6L2"
"ATP5MF","ATP5MF"
"CSNK1G1","CSNK1G1"
"KIRREL3","KIRREL3"
"NUDT3","NUDT3"
"MKRN1",""
"TYROBP","TYROBP"
"LHFPL3","LHFPL3"
"MTOR","MTOR"
"NOP53","NOP53"
"RPS10","RPS10"
"ITGA9","ITGA9"
"GNB1","GNB1"
"AP3B2","AP3B2"
"LRFN3","LRFN3"
"TRDC","TRDC"
"EIF3B","EIF3B"
"","SDHAF1"
"DENND2A","DENND2A"
"EDARADD","EDARADD"
"SNORA52","SNORA52"
"SELENOW","SELENOW"
"MAP1S","MAP1S"
"SNORA54","SNORA54"
"eca-mir-8934-2",""
"","TRDV2"
"eca-mir-675","MIR675"
"PEA15","PEA15"
"CXCL17","CXCL17"
"NADK","NADK"
"eca-mir-483",""
"PACSIN1","PACSIN1"
"eca-mir-9120",""
"","SULT2A1"
"RTL4","RTL4"
"","ATP6V0E2"
"CRX","CRX"
"DAD1","DAD1"
"ANKRD13D","ANKRD13D"
"TSPYL2","TSPYL2"
"SYNE4","ALKBH6"
"DCAF8","DCAF8"
"ZBED10P",""
"ZNF789","ZNF789"
"SLC35E2","SLC35E2B"
"GPR173","GPR173"
"B3GNT3","B3GNT3"
"SNORD49A","SNORD49A"
"OR10N1B",""
"CCNI","CCNI"
"SNORD65","SNORD65"
"BBS1","BBS1"
"CLIP3","CLIP3"
"SNORD49B","SNORD49B"
"KMT2E","KMT2E"
"TSSK4","TSSK4"
"OR8D1","OR8D1"
"KPNA2","KPNA2"
"SLC29A3","SLC29A3"
"TRDV3","TRDV3"
"CASQ1","CASQ1"
"CDK11","CDK11B"
"CDK11","CDK11A"
"ASPHD1","ASPHD1"
"SPDEF","SPDEF"
"ATG16L2","ATG16L2"
"OR8D2","OR8D2"
"U8",""
"CCDC159","CCDC159"
"ABHD4","ABHD4"
"MCMBP","MCMBP"
"GOLGA4","GOLGA4"
"MIR744","MIR744"
"INSL3","INSL3"
"eca-mir-1180","MIR1180"
"OR8B60",""
"ATP1A2","ATP1A2"
"MIR33B","MIR33B"
"ABL1","ABL1"
"eca-mir-9096",""
"JAK3","JAK3"
"OR8B1X",""
"RPLP1","RPLP1"
"KCTD13","KCTD13"
"SEPTIN11","SEPTIN11"
"OR8B86",""
"IGBP1","IGBP1C"
"IGBP1","IGBP1"
"U6","RNU6-753P"
"MIB2","MIB2"
"REPIN1","REPIN1"
"RASSF4","RASSF4"
"OR10N1",""
"TM9SF1","TM9SF1"
"ZNF394","ZNF394"
"U6","RNU6-163P"
"DEAF1","DEAF1"
"ZKSCAN5","ZKSCAN5"
"OR10AI3",""
"WDR62","WDR62"
"INPP5F","INPP5F"
"KIF23","KIF23"
"eca-mir-32","MIR32"
"OR10D3","OR10D3"
"ILRUN","ILRUN"
"NFE2L2","NFE2L2"
"KCNJ10","KCNJ10"
"MIR455","MIR455"
"CHMP4A","CHMP4A"
"OR6X1","OR6X1"
"SLC2A8","SLC2A8"
"TMEM219","TMEM219"
"SYNPO2L","SYNPO2L"
"FAM200A","FAM200A"
"PHF5A","PHF5A"
"DGAT2L6","DGAT2L6"
"STARD10","STARD10"
"ADCK2","ADCK2"
"OR10G9J","OR10G4"
"OR10G9J","OR10G7"
"OR10G9J","OR10G8"
"OR10G9J","OR10G9"
"MYH2",""
"OR10D5G",""
"MDP1","MDP1"
"ELP1","ELP1"
"SIPA1L2","SIPA1L2"
"MMP23","MMP23B"
"SLC5A5","SLC5A5"
"OR10D4D",""
"AWAT1","AWAT1"
"PLPPR2","PLPPR2"
"SRPK2","SRPK2"
"OR6E1",""
"OR8B1",""
"GMPR2","GMPR2"
"FNDC10",""
"ANXA7","ANXA7"
"IGSF8","IGSF8"
"ZNF79","ZNF79"
"POLR3H","POLR3H"
"OR8A1","OR8A1"
"ZNF655","ZNF655"
"LRRFIP2","LRRFIP2"
"SYT12","SYT12"
"LRRC61","LRRC61"
"CDH23","CDH23"
"RNASE4","RNASE4"
"RPL18A","RPL18A"
"TAOK2","TAOK2"
"TEX101","TEX101"
"SSU72","SSU72"
"KCNJ9","KCNJ9"
"PDE2A","PDE2A"
"","RARRES2"
"P2RY4","P2RY4"
"OR8D4B",""
"ATAD3A","ATAD3A"
"BSP1",""
"TMEM205","TMEM205"
"KLHL33","KLHL33"
"TINF2","TINF2"
"SNRPC","SNRPC"
"ZSCAN25","ZSCAN25"
"U4","RNU4-17P"
"U4","RNU4-84P"
"U4","RNU4-85P"
"U4","RNU4-70P"
"U4","RNU4-69P"
"U4","RNU4-72P"
"U4","RNU4-75P"
"BSP2",""
"","COLGALT1"
"U6","RNU6-245P"
"PIGM","PIGM"
"U6","RNU6-138P"
"CCDC124","CCDC124"
"RAB3D","RAB3D"
"PAQR5","PAQR5"
"CSDC2","CSDC2"
"ZNF775",""
"PDZD11","PDZD11"
"U6","RNU6-77P"
"AGPS","AGPS"
"ZNF146","OVOL3"
"SH3BP5","SH3BP5"
"LRSAM1","LRSAM1"
"CHST12","CHST12"
"PMM1","PMM1"
"SLAMF9","SLAMF9"
"POLR2I","POLR2I"
"PALM3","PALM3"
"KCNN1","KCNN1"
"TGM1","TGM1"
"ALKBH5","ALKBH5"
"ARR3","ARR3"
"U6","RNU6-386P"
"ANKRD65","ANKRD65"
"SHROOM3","SHROOM3"
"U1","RNVU1-17"
"HIRIP3","HIRIP3"
"VWA1","VWA1"
"MISP3","MISP3"
"TBCB","TBCB"
"MLH1","MLH1"
"BRAF","BRAF"
"GRIFIN","GRIFIN"
"GIMAP8","GIMAP8"
"CPEB1","CPEB1"
"U6","RNU6-745P"
"U6","RNU6-57P"
"TMEM88B","TMEM88B"
"SNORA11G","SNORA11G"
"IL27RA","IL27RA"
"","CYP3A4"
"","CYP3A7"
"","CYP3A43"
"","CYP3A5"
"PUS7","PUS7"
"U6","RNU6-525P"
"MXRA8","MXRA8"
"ANKS1A","ANKS1A"
"SNU13","SNU13"
"LYPD3","LYPD3"
"KIF4A","KIF4A"
"DOC2A","DOC2A"
"COX7A1","COX7A1"
"eca-mir-98","MIR98"
"CCNL2","CCNL2"
"LFNG","LFNG"
"MIR188","MIR188"
"SNORD127","SNORD127"
"TECTB","TECTB"
"MIR502","MIR502"
"WDR31","WDR31"
"U6","RNU6-635P"
"U6","RNU6-689P"
"NYNRIN","NYNRIN"
"eca-mir-1892",""
"ARRDC2","ARRDC2"
"eca-mir-501","MIR501"
"CYP3A89","CYP3A4"
"CYP3A89","CYP3A7"
"CYP3A89","CYP3A43"
"CYP3A89","CYP3A5"
"eca-mir-9058b",""
"INO80E","INO80E"
"PRORP","PRORP"
"IL12RB1","IL12RB1"
"","AURKAIP1"
"eca-mir-362",""
"C28H22orf46",""
"CAPNS1","CAPNS1"
"PDE8A","PDE8A"
"eca-mir-223","MIR223"
"eca-mir-1468",""
"PHLDB3","PHLDB3"
"AFM","AFM"
"GLCE","GLCE"
"MIRLET7F2","MIRLET7F2"
"DMC1","DMC1"
"eca-mir-500-2","MIR500B"
"eca-mir-660","MIR660"
"RFX1","RFX1"
"eca-mir-532","MIR532"
"MEF2B","MEF2B"
"eca-mir-500-1","MIR500A"
"GPAM","GPAM"
"U6","RNU6-754P"
"AFP","AFP"
"NOX5","NOX5"
"U6","RNU6-686P"
"SLC35A2","SLC35A2"
"U4","RNU4-16P"
"U4","RNU4-73P"
"U4","RNU4-13P"
"U4","RNU4-62P"
"U4","U4"
"U4","RNU4-74P"
"U4","RNU4-44P"
"eca-mir-8918",""
"CBLN3","CBLN3"
"eca-mir-8912",""
"ETHE1","ETHE1"
"eca-mir-206-2","MIR206"
"INTS11","INTS11"
"MIR133B","MIR133B"
"ALAD","ALAD"
"FAM227A","FAM227A"
"ZNF575","ZNF575"
"CD1A4","CD1A"
"RSPH9","RSPH9"
"BORCS8","BORCS8"
"ZNF565","ZNF565"
"KHNYN","KHNYN"
"","GIMAP7"
"TLCD3B","TLCD3B"
"XRCC1","XRCC1"
"SPESP1","SPESP1"
"","IFT70A"
"","IFT70B"
"","CD1E"
"RINT1","RINT1"
"","RPSA2"
"","RPSA"
"GDPD2","GDPD2"
"ANGPTL7","ANGPTL7"
"CD1B2","CD1B"
"EPM2AIP1","EPM2AIP1"
"CYP3A96","CYP3A4"
"CYP3A96","CYP3A7"
"CYP3A96","CYP3A43"
"CYP3A96","CYP3A5"
"CYCT",""
"ALB","ALB"
"C1H10orf105","C10orf105"
"CD1C","CD1C"
"ZNF260","ZNF146"
"DVL1","DVL1"
"BLTP3A","BLTP3A"
"PINLYP","PINLYP"
"VSIR","VSIR"
"ALDOA","ALDOA"
"CYP3A94","CYP3A4"
"CYP3A94","CYP3A7"
"CYP3A94","CYP3A43"
"CYP3A94","CYP3A5"
"RFXANK","RFXANK"
"C25H9orf43","C9orf43"
"DCAF15","DCAF15"
"TRANK1","TRANK1"
"SDR39U1","SDR39U1"
"BMS1","BMS1"
"CBY1","CBY1"
"EFCAB10","EFCAB10"
"eca-mir-652","MIR652"
"ANP32A","ANP32D"
"ANP32A","ANP32A"
"IRGQ","IRGQ"
"OR10X1","OR10X1"
"UBIAD1","UBIAD1"
"PUSL1","PUSL1"
"RBM45","RBM45"
"ZNF428","ZNF428"
"C1QB","C1QB"
"ACSL4","ACSL4"
"OR10R2C","OR10R2"
"PIP4P1","PIP4P1"
"DLG3","DLG3"
"TTYH3","TTYH3"
"CMA1","CMA1"
"TAF11","TAF11"
"CD1E1","CD1E"
"","GIMAP4"
"ZNF576","ZNF576"
"PSAP","PSAP"
"ZNF567","ZNF567"
"CPTP","CPTP"
"NR2C2AP","NR2C2AP"
"C1QC","C1QC"
"","GIMAP2"
"NIPSNAP3A","NIPSNAP3B"
"NIPSNAP3A","NIPSNAP3A"
"PODNL1","PODNL1"
"TAS1R3","TAS1R3"
"CD1B1","CD1B"
"DCLK3","DCLK3"
"C1QA","C1QA"
"CASP6","CASP6"
"","SRRM5"
"PPP4C","PPP4C"
"TOMM22","TOMM22"
"OSGEP","OSGEP"
"TCF7L2","TCF7L2"
"ZNF461","ZNF461"
"PLAUR","PLAUR"
"NCAN","NCAN"
"ACAP3","ACAP3"
"CD1A7","CD1A"
"CHST3","CHST3"
"MRPS33","MRPS33"
"IRGC","IRGC"
"JOSD1","JOSD1"
"TCP11","TCP11"
"IQCE","IQCE"
"CD1A5","CD1A"
"EPHA8","EPHA8"
"SPOCK2",""
"TMEM178B","TMEM178B"
"HAPLN4","HAPLN4"
"MORC4","MORC4"
"CD1A2","CD1A"
"","PNP"
"SMG9","SMG9"
"GTPBP1","GTPBP1"
"TBX6","TBX6"
"CC2D1A","CC2D1A"
"CDHR3","CDHR3"
"DDIT4","DDIT4"
"CTSG","CTSG"
"","RPL19"
"ZNF382","ZNF382"
"ZNF248","ZNF248"
"","CD1A"
"NIBAN2","NIBAN2"
"TLN2","TLN2"
"SUGP1","SUGP1"
"YPEL3","YPEL3"
"UBE2J2","UBE2J2"
"BRAT1","BRAT1"
"RHOBTB1","RHOBTB1"
"","GZMH"
"LYPD5","LYPD5"
"CD1D","CD1D"
"ZBTB40","ZBTB40"
"BRME1","BRME1"
"MCUB","MCUB"
"AGK","AGK"
"ZNF529","ZNF529"
"OSBPL6","OSBPL6"
"TEX11","TEX11"
"OPA3","OPA3"
"GIMAP6","GIMAP6"
"COX18","COX18"
"SCNN1D","SCNN1D"
"MAU2","MAU2"
"APEX1","APEX1"
"SCUBE3","SCUBE3"
"ARAP1","ARAP1"
"ZNF260","ZNF260"
"EXOC3L2","EXOC3L2"
"SUN2","SUN2"
"AMZ1","AMZ1"
"SYPL1","SYPL1"
"SCARNA18","SCARNA18"
"KIRREL1","KIRREL1"
"HKDC1","HKDC1"
"NANOS3","NANOS3"
"SNORA47","SNORA47"
"ZNF25","ZNF25"
"VTI1A","VTI1A"
"ZNF566","ZNF566"
"U2","RNU2-40P"
"GDPD3","GDPD3"
"ANKRD17","ANKRD17"
"GNA12","GNA12"
"STXBP6","STXBP6"
"RNASE10","RNASE10"
"SLC7A3","SLC7A3"
"MARK4","MARK4"
"DEF6","DEF6"
"ZFP14","ZFP14"
"MAPK3","MAPK3"
"SDF4","SDF4"
"SEC24B","SEC24B"
"","ZNF33B"
"","ZNF33A"
"DNAL4",""
"RNASE9","RNASE9"
"PPARD","PPARD"
"NAMPT","NAMPT"
"C1QTNF12","C1QTNF12"
"EPS15L1","EPS15L1"
"ZSWIM4","ZSWIM4"
"SNX12","SNX12"
"TMEM176A","TMEM176A"
"CARD11","CARD11"
"","FCRL3"
"NPTXR","NPTXR"
"","HMCES"
"TNFRSF4","TNFRSF4"
"CORO1A","CORO1A"
"ZDHHC6","ZDHHC6"
"CBX6","CBX6"
"RNASE11","RNASE11"
"KLC3","KLC3"
"DDX50","DDX50"
"ZNF37A","ZNF37A"
"TTLL10","TTLL10"
"FOXO4","FOXO4"
"CD5L","CD5L"
"YJU2B","YJU2B"
"TMEM176B","TMEM176B"
"RNASE12","RNASE12"
"ZNF568","ZNF568"
"DDI2","RSC1A1"
"CCDC158","CCDC158"
"TNFRSF18","TNFRSF18"
"CXorf65","CXorf65"
"STXBP1","STXBP1"
"","SLX1B"
"","SLX1A"
"CKM","CKM"
"CCDC71L","CCDC71L"
"ZNF829","ZNF829"
"APOBEC3Z1B","APOBEC3G"
"SDK1","SDK1"
"ERCC2","ERCC2"
"RNASE6","RNASE6"
"C2CD4B","C2CD4B"
"C2CD4B","C2CD4A"
"IL2RG","IL2RG"
"PIK3CG","PIK3CG"
"FCRL4","FCRL4"
"VPS52","VPS52"
"CTNNA3","CTNNA3"
"ZNF793","ZNF793"
"C7H19orf53",""
"MEGF11","MEGF11"
"RNF223","RNF223"
"ACSL5","ACSL5"
"PPP1R13L","PPP1R13L"
"U6","RNU6-343P"
"RNASE1","RNASE1"
"ALOX5","ALOX5"
"CACNA1A","CACNA1A"
"SGF29","SGF29"
"C2H1orf159","C1orf159"
"PRKAR2B","PRKAR2B"
"CARMIL3","CARMIL3"
"POLR1G","POLR1G"
"U6","RNU6-855P"
"ZFP30","ZFP30"
"AOC1","AOC1"
"FCRL5","FCRL5"
"AGMAT","AGMAT"
"ERCC1","ERCC1"
"","ZNF571"
"CHEK1","CHEK1"
"OR2AE1B","OR2AE1"
"MFGE8","MFGE8"
"ISG15","ISG15"
"NLGN3","NLGN3"
"DNAJC16","DNAJC16"
"ZNF790","ZNF790"
"APOBEC3Z2A-Z2","APOBEC3C"
"APOBEC3Z2A-Z2","APOBEC3F"
"APOBEC3Z2A-Z2","APOBEC3D"
"C21H19orf44","C19orf44"
"B3GALT4","B3GALT4"
"","DHRS4"
"","DHRS4L2"
"AGRN","AGRN"
"DENND11","DENND11"
"RAM1","EDDM3A"
"RAM1","EDDM3B"
"FOSB","FOSB"
"ZNF345","ZNF345"
"HBP1","HBP1"
"LRRTM3","LRRTM3"
"DDX25","DDX25"
"","RNASE2"
"","RNASE3"
"STBD1","STBD1"
"CHERP","CHERP"
"FKBP7","FKBP7"
"MARCHF8","MARCHF8"
"PLEKHA1","PLEKHA1"
"WEE2","WEE2"
"HAPLN3","HAPLN3"
"DNAJC12","DNAJC12"
"TAPBP","TAPBP"
"CFAP157","CFAP157"
"RAB11A","RAB11A"
"PJVK","PJVK"
"AKAP6","AKAP6"
"METTL17","METTL17"
"SCARB2","SCARB2"
"TTC16","TTC16"
"CASP9","CASP9"
"SSBP1",""
"IL27","IL27"
"RTN2","RTN2"
"SLC35E1","SLC35E1"
"ZNF570","ZNF570"
"PTRH1","PTRH1"
"TACC2","TACC2"
"APOBR","APOBR"
"ETV3","ETV3"
"WDR46","WDR46"
"ACAN","ACAN"
"HERC4","HERC4"
"MTR","MTR"
"CLPB","CLPB"
"ZNF569","ZNF569"
"TPPP2","TPPP2"
"TOR2A","TOR2A"
"NOC2L","NOC2L"
"MED26","MED26"
"CLN3","CLN3"
"PFDN6","PFDN6"
"COG5","COG5"
"CTRC","CTRC"
"SLC39A2","SLC39A2"
"MED12","MED12"
"PLEKHA3","PLEKHA3"
"INTS3","INTS3"
"PRSS37","PRSS37"
"NOVA1","NOVA1"
"VASP","VASP"
"OR9A4","OR9A4"
"SH2D3C","SH2D3C"
"NDRG2","NDRG2"
"SMIM7","SMIM7"
"CLEC5A","CLEC5A"
"RGL2","RGL2"
"APOBEC3H","APOBEC3H"
"HES4","HES4"
"TMEM38A","TMEM38A"
"FHAD1","FHAD1"
"GPR4","GPR4"
"SLC27A3","SLC27A3"
"ZNF875","ZNF875"
"DENND4A","DENND4A"
"SAMD11","SAMD11"
"CBX7","CBX7"
"IER2","IER2"
"RABGGTA","RABGGTA"
"U6","RNU6-1256P"
"NWD1","NWD1"
"SNORA62","SNORA6"
"SIRT1","SIRT1"
"SNORA62","SNORA62"
"NUP54","NUP54"
"NPR1","NPR1"
"eca-mir-128-1","MIR128-2"
"MGAM","MGAM"
"eca-mir-138-2","MIR138-1"
"eca-mir-26a-2","MIR26A1"
"STX10","STX10"
"eca-mir-9167",""
"KLHL17","KLHL17"
"EML2","EML2"
"DAXX","DAXX"
"CCR5","CCR2"
"ISG20","ISG20"
"CARD10","CARD10"
"CDK9","CDK9"
"PLEKHN1","PLEKHN1"
"ZNF383","ZNF383"
"ZNF619","ZNF619"
"LPL","LPL"
"KIFC1","KIFC1"
"ILF2","ILF2"
"QARS1","QARS1"
"","ZNF585B"
"","ZNF585A"
"SLC18A1","SLC18A1"
"NOP9","NOP9"
"NACC1","NACC1"
"FPGS","FPGS"
"MYPN","MYPN"
"EXOSC7","EXOSC7"
"ZNF573","ZNF573"
"ATP6V1B2","ATP6V1B2"
"GJB1","GJB1"
"SNAPIN","SNAPIN"
"GIPR","GIPR"
"","ZNF607"
"ACKR2","ACKR2"
"AEN","AEN"
"","ZNF275"
"GPR22","GPR22"
"PHOX2A","PHOX2A"
"LZTS1","LZTS1"
"CHTOP","CHTOP"
"FBXO46","FBXO46"
"DHRS1","DHRS1"
"DUS4L","DUS4L"
"ART3","ART3"
"DALRD3","DALRD3"
"SYNGAP1","SYNGAP1"
"INPPL1","INPPL1"
"QPCTL","QPCTL"
"BTBD16","BTBD16"
"SLC26A4","SLC26A4"
"CIDEB","CIDEB"
"ZNF592","ZNF592"
"TRMT1","TRMT1"
"MEIOSIN","MEIOSIN"
"S100A1","S100A1"
"WDR87","WDR87"
"RNASE13","RNASE13"
"MGAM2","MGAM2"
"SIPA1L3","SIPA1L3"
"LTB4R2","LTB4R2"
"S100A13","S100A13"
"SLC24A1","SLC24A1"
"RSPH6A","RSPH6A"
"NSMCE4A","NSMCE4A"
"ENG","ENG"
"QRICH1","QRICH1"
"ACTN2","ACTN2"
"RAE1",""
"LTB4R",""
"SIN3B","SIN3B"
"S100A16","S100A16"
"HEPH","HEPH"
"ATE1","ATE1"
"TMEM253","TMEM253"
"SYMPK","SYMPK"
"ANAPC15","ANAPC15"
"SLC28A1","SLC28A1"
"ADCY4","ADCY4"
"CBLL1","CBLL1"
"TOR4A","TOR4A"
"IMPDH2","IMPDH2"
"PBLD","PBLD"
"TTN","TTN"
"NRARP","NRARP"
"eca-mir-9132",""
"INTS14","INTS14"
"DUSP12","DUSP12"
"eca-mir-9131",""
"eca-mir-9133",""
"EXD3","EXD3"
"eca-mir-25","MIR25"
"TOMT","TOMT"
"IL22RA1","IL22RA1"
"eca-mir-9134",""
"eca-mir-9127",""
"eca-mir-9136",""
"eca-mir-106b","MIR106B"
"ARHGEF40","ARHGEF40"
"DMPK","DMPK"
"INTS1","INTS1"
"MOXD2",""
"ATF6","ATF6"
"OXA1L","OXA1L"
"LYL1","LYL1"
"SLC26A3","SLC26A3"
"MYOM3","MYOM3"
"PHF1","PHF1"
"NOXA1","NOXA1"
"CXCL11","CXCL11"
"RUFY2","RUFY2"
"NDUFAF3","NDUFAF3"
"LAMTOR1","LAMTOR1"
"PRSS58","PRSS58"
"FOXA3","FOXA3"
"CXCL9","CXCL9"
"NFIX","NFIX"
"RCC1L","RCC1L"
"F2RL3","F2RL3"
"CUTA","CUTA"
"","TRAV23DV6"
"WDR6","WDR6"
"SLC7A7","SLC7A7"
"HAUS8","HAUS8"
"IRF2BP1","IRF2BP1"
"CDC42EP1","CDC42EP1"
"DLD","DLD"
"CUL1","CUL1"
"WDR73","WDR73"
"ENTPD8","ENTPD8"
"LGALS2","LGALS2"
"ZNF219","ZNF219"
"","FTL"
"LACTBL1","LACTBL1"
"NUMA1","NUMA1"
"C13H7orf50","CHLSN"
"OR6D22",""
"MYO9B","MYO9B"
"OLFML2B","OLFML2B"
"NOVA2","NOVA2"
"NMB","NMB"
"OR11G2I",""
"ZBTB9","ZBTB9"
"ITLN2","ITLN2"
"INTS15","INTS15"
"PADI4","PADI4"
"PNPLA7","PNPLA7"
"OR4F14Q",""
"P4HTM","P4HTM"
"CCDC61","CCDC61"
"GGA1","GGA1"
"PPT2","PPT2"
"OR4K57",""
"HNRNPH3","HNRNPH3"
"OR4K14","OR4K14"
"SEC11A","SEC11A"
"PLEKHS1","PLEKHS1"
"ARIH2","ARIH2"
"OR4K13","OR4K13"
"RNF121","RNF121"
"OR4F13",""
"CD244","CD244"
"MRPL52","MRPL52"
"OR4F88",""
"","PGLYRP1"
"OR4F67",""
"LAMB1","LAMB1"
"OR4F1F",""
"ZSCAN2","ZSCAN2"
"OR4F82",""
"","IGFL1"
"NAXE","NAXE"
"OR4F14",""
"USE1","USE1"
"DNA2","DNA2"
"SLC44A4","SLC44A4"
"OR4F79",""
"ARHGEF10L","ARHGEF10L"
"OR4F78","OR4F6"
"MMP14","MMP14"
"CASP7","CASP7"
"BCAN","BCAN"
"OR4F87",""
"OCEL1","OCEL1"
"OR4L1","OR4L1"
"SLC25A20","SLC25A20"
"SH3BP1","SH3BP1"
"HACD3","HACD3"
"OR4K65",""
"EZH2","EZH2"
"OR4K17B","OR4K17"
"HIF3A","HIF3A"
"BABAM1","BABAM1"
"CFB","CFB"
"MIR153-2","MIR153-2"
"TTC24","TTC24"
"","ZNF549"
"","ZNF419"
"","ZNF587B"
"","ZNF552"
"OR11J4",""
"REM2","REM2"
"eca-mir-671","MIR671"
"SLC25A16","SLC25A16"
"eca-mir-9083",""
"XNDC1","XNDC1N"
"GADD45GIP1","GADD45GIP1"
"NRAP","NRAP"
"EHMT2","EHMT2"
"DPH7","DPH7"
"U6","RNU6-967P"
"OR11G2D",""
"PDXP","PDXP"
"LRP10","LRP10"
"eca-mir-9087",""
"eca-mir-9091",""
"OR11G7",""
"WDR86","WDR86"
"NCKIPSD","NCKIPSD"
"LAMB4","LAMB4"
"TET1","TET1"
"DAND5","DAND5"
"OR11H26",""
"ZMYND19","ZMYND19"
"TDRD12","TDRD12"
"PPP5C","PPP5C"
"RCC2","RCC2"
"TRPC2",""
"RBM23","RBM23"
"GPATCH4","GPATCH4"
"LGALS1","LGALS1"
"OR11H6","OR11H6"
"IQGAP1","IQGAP1"
"OR11H7B","OR11H7"
"NR2F6","NR2F6"
"RAD23A","RAD23A"
"ZNF862","ZNF862"
"OR11H4","OR11H4"
"CCDC8","CCDC8"
"ARRDC1","ARRDC1"
"CCAR1","CCAR1"
"ART5","ART5"
"OR4Q2","OR4Q2"
"OR4N2E","OR4N2"
"BCAT2","BCAT2"
"USHBP1","USHBP1"
"","OR4N4C"
"","OR4N4"
"OR56B46","OR56B4"
"UPK1A","UPK1A"
"OR52E3","OR52E2"
"OR4F14S",""
"IQGAP3","IQGAP3"
"CELSR3","CELSR3"
"OR4F15","OR4F15"
"OR51G4",""
"PADI3","PADI3"
"CALR",""
"C2","C2"
"UBA2","UBA2"
"MIR374B","MIR374B"
"OR51AG1",""
"OR5AU1","OR5AU1"
"OR51AA7",""
"eca-mir-302d","MIR302D"
"eca-mir-374a","MIR374A"
"NOL12","NOL12"
"eca-mir-302c","MIR302C"
"RPS29","RPS29"
"eca-mir-676","MIR676"
"OR51AB6",""
"eca-mir-302a","MIR302A"
"eca-mir-545",""
"OR4E1","OR4E1"
"eca-mir-367","MIR367"
"SYNE4","SYNE4"
"OR51AH3",""
"HMGCL","HMGCL"
"eca-mir-672",""
"eca-mir-302b","MIR302B"
"OR51AC8",""
"THAP8","THAP8"
"DPP8","DPP8"
"FARSA","FARSA"
"eca-mir-384",""
"ZFP82","ZFP82"
"ANKLE1","ANKLE1"
"EHMT1","EHMT1"
"OR51V25",""
"eca-mir-421","MIR421"
"OR52AE14",""
"PLEKHA4","PLEKHA4"
"NALF2","NALF2"
"OR51V26",""
"HABP2","HABP2"
"","TRIOBP"
"OR51V28",""
"IP6K2","IP6K2"
"ANO8","ANO8"
"OR52A32",""
"U2","RNU2-11P"
"PRMT5","PRMT5"
"ZNF527","ZNF527"
"STOX1","STOX1"
"PDIA4","ZNF786"
"OR52A5","OR52A5"
"SYCE2","SYCE2"
"ZBTB12","ZBTB12"
"OR52A1","OR52A1"
"eca-mir-551a",""
"eca-mir-200b","MIR200B"
"OR52Z1",""
"GCDH","GCDH"
"eca-mir-429",""
"OR56B45","OR56B4"
"eca-mir-9063",""
"eca-mir-34a","MIR34A"
"OR52A28",""
"eca-mir-3548","MIR200A"
"TMEM89","TMEM89"
"TULP2","TULP2"
"NELFE","NELFE"
"ZNF398","ZNF398"
"OR52AD3",""
"","ZNF774"
"GPR157","GPR157"
"OR52S29",""
"OR52X3",""
"LYPLA2","LYPLA2"
"","SNORA3C"
"","SNORA3B"
"PPP1R15A","PPP1R15A"
"CRTC3","CRTC3"
"","CENPS"
"MEF2D","MEF2D"
"ABHD8","ABHD8"
"SLC26A6","SLC26A6"
"OR52AB15",""
"U6","RNU6-318P"
"ZNF425","ZNF425"
"OR52S23",""
"CALML4","CALML4"
"HOMEZ","HOMEZ"
"DDX21","DDX21"
"OR51L25",""
"MRPL34","MRPL34"
"MTHFD2L","MTHFD2L"
"MORN1","MORN1"
"BAX","BAX"
"OR51L4",""
"OR52Z20",""
"KLF1","KLF1"
"DDA1","DDA1"
"ZNF282","ZNF282"
"OR51V27",""
"OR52AB16",""
"GTPBP3","GTPBP3"
"DNASE2","DNASE2"
"OR51L24",""
"RHBG","RHBG"
"","TNFRSF14"
"HAUS4","HAUS4"
"GALE","GALE"
"5S_rRNA","RNA5S16"
"DHDH","DHDH"
"OR51L23",""
"MAST1","MAST1"
"CRP","CRP"
"","C4B"
"","C4A"
"CLN6","CLN6"
"OR52E1","OR52E1"
"PSMB11","PSMB11"
"ANKRD54","ANKRD54"
"ZNF212","ZNF212"
"DCK","DCK"
"PITHD1","PITHD1"
"TRAF2","TRAF2"
"OR52S1",""
"U6","RNU6-1211P"
"HDDC3","HDDC3"
"eca-mir-9044",""
"AJUBA","AJUBA"
"GYS1","GYS1"
"OR5P5",""
"PIAS1","PIAS1"
"FAM47E","FAM47E"
"OR5P4",""
"DUSP23",""
"MAST3","MAST3"
"","SRSF3"
"OR10A3","OR10A6"
"SRGN","SRGN"
"RTBDN","RTBDN"
"ZNF783","ZNF783"
"OR5P92","OR5P2"
"OR5P2B","OR5P2"
"RNASEH2A","RNASEH2A"
"OR5P96",""
"VPS26A","VPS26A"
"OR10J4","OR10J4"
"RUVBL2","RUVBL2"
"OR5P3B",""
"BLM","BLM"
"OR5P1",""
"CCDC183","RABL6"
"ELOA",""
"OR5E1",""
"SKIC2","SKIC2"
"OR52N4","OR52N4"
"JUNB","JUNB"
"OR10J2",""
"SDAD1","SDAD1"
"FCER1A","FCER1A"
"SHISA5","SHISA5"
"OR51V1","OR51V1"
"POLR2F","POLR2F"
"OR51Q9",""
"PSMB5","PSMB5"
"MPTX1",""
"OR51A42C",""
"SUPV3L1","SUPV3L1"
"NTF4","NTF4"
"OR51I4",""
"HOOK2","HOOK2"
"OR51B6","OR51B5"
"SAXO3","SAXO3"
"ZNF746","ZNF746"
"OR51Q1","OR51Q1"
"ID3","ID3"
"OR51K1",""
"KCNA7","KCNA7"
"C1H14orf93","C14orf93"
"OR51I2","OR51I2"
"ATRIP","ATRIP"
"LIN7B","LIN7B"
"EIF3L","EIF3L"
"CADM3","CADM3"
"OR52B4E",""
"DXO","DXO"
"E2F2","E2F2"
"LCN6","LCN6"
"SNRNP70","SNRNP70"
"TACR2","TACR2"
"IFI30","IFI30"
"OR52P2",""
"LCN8","LCN8"
"CDH24","CDH24"
"ASAP3","ASAP3"
"OR52M2",""
"PRDX2","PRDX2"
"ACKR1","ACKR1"
"OR52M1","OR52M1"
"FURIN","FURIN"
"PIK3R2","PIK3R2"
"LCN15","LCN15"
"TSPAN15","TSPAN15"
"U1","RNU1-115P"
"AIM2","AIM2"
"OR52I1","OR52I2"
"OR52I1","OR52I1"
"eca-mir-9130",""
"BEST2","BEST2"
"TRPM4","TRPM4"
"OR51F23",""
"KRBA1","KRBA1"
"MPV17L2","MPV17L2"
"eca-mir-9139",""
"OR51F1C","OR51F1"
"PARP16","PARP16"
"eca-mir-9129",""
"GET3","GET3"
"eca-mir-8930",""
"DCTN5","DCTN5"
"OR51F4",""
"EARS2","EARS2"
"RAB3A","RAB3A"
"OR51F1","OR51F1"
"AJM1","AJM1"
"TRIR","TRIR"
"OR52R1","OR52R1"
"WDR83OS","WDR83OS"
"OR52R1G","OR52R1"
"PDE4C","PDE4C"
"STK19","WHR1"
"FES","FES"
"OR51F2D","OR51F2"
"EDF1","EDF1"
"TNPO2","TNPO2"
"TCEA3","TCEA3"
"SMG1","SMG1"
"CIROP","CIROP"
"OR51F2","OR51F2"
"SNORA79B","SNORA79B"
"MNDA","MNDA"
"PSMC2","PSMC2"
"PPFIA3","PPFIA3"
"SNORD126","SNORD126"
"CILP","CILP"
"FKBPL","FKBPL"
"OR51S1","OR51S1"
"U6","RNU6-511P"
"U6","RNU6-832P"
"OR51T6","OR51T1"
"HRC","HRC"
"MICALL1","MICALL1"
"CYP21A1","CYP21A2"
"OR10AA6",""
"MAMDC4","MAMDC4"
"U6","RNU6-36P"
"OR51A7","OR51A7"
"CLPX","CLPX"
"SNORD8","SNORD8"
"ZNF436","ZNF436"
"U6","RNU6-1047P"
"","OR2F1"
"","OR2F2"
"","TRGV9"
"OR51G2","OR51G2"
"SNORD9","SNORD9"
"NME8","NME8"
"OR51G1","OR51G1"
"FMN1","FMN1"
"ACIN1","ACIN1"
"MICU1","MICU1"
"FBXW9","FBXW9"
"OR51A3",""
"HNRNPR","HNRNPR"
"OR51A5",""
"OR10AA1",""
"OR52J3","OR52J3"
"FBXW5","FBXW5"
"OR52J3E","OR52J3"
"OR6K3","OR6K3"
"SLC6A16","SLC6A16"
"OR52J3G","OR52J3"
"C28H22orf23","C22orf23"
"OR2A14","OR2A14"
"ATXN7L1","ATXN7L1"
"IQCN","IQCN"
"OR6K2","OR6K2"
"TNXB","TNXB"
"OR52D1","OR52D1"
"CLIC3","CLIC3"
"OR52N4J",""
"OR9A2","OR9A2"
"ANG","ANG"
"SPTA1","SPTA1"
"","TMEM258"
"PDCD7","PDCD7"
"OR56A3","OR56A3"
"BCAP29","BCAP29"
"ABCA2","ABCA2"
"OR56B2","OR56B2"
"CCDC51","CCDC51"
"OR56A4F","OR56A4"
"PADI2","PADI2"
"UBAP1L","UBAP1L"
"CIST1","CIST1"
"SOX10","SOX10"
"OR56A1","OR56A1"
"OR10X1E","OR10X1"
"GNG14",""
"DNAJB12","DNAJB12"
"OR52L2","OR52L1"
"","C1orf226"
"KBTBD13","KBTBD13"
"DHPS","DHPS"
"OR52A30",""
"OR52J1",""
"SPATA46","SPATA46"
"OR52E19E",""
"REXO5","REXO5"
"RASL12","RASL12"
"OR52S30",""
"PICK1","PICK1"
"OR52X6",""
"TMA7","TMA7"
"WDR83","WDR83"
"SDHB","SDHB"
"OR52E19",""
"C1H14orf119","C14orf119"
"SLC51B","SLC51B"
"OR52J15",""
"SPINK8","SPINK8"
"F11R","F11R"
"MCU","MCU"
"OR52D1F","OR52D1"
"SLC16A8","SLC16A8"
"MTFMT","MTFMT"
"LSM4","LSM4"
"PLA2G2D","PLA2G2D"
"RCCD1","RCCD1"
"PTH2","PTH2"
"CEBPE","CEBPE"
"OR52H1","OR52H1"
"SPG21","SPG21"
"NECTIN4","NECTIN4"
"OR52H2",""
"ATF6B","ATF6B"
"OR52B6","OR52B6"
"PLXNB1","PLXNB1"
"PLA2G5","PLA2G5"
"SLC7A8","SLC7A8"
"CD37","CD37"
"MAN2B1","MAN2B1"
"NPDC1","NPDC1"
"POLR3B","POLR3B"
"PGPEP1","PGPEP1"
"PRRT1","PRRT1"
"DEDD","DEDD"
"GDF15","GDF15"
"LRRC25","LRRC25"
"ANKDD1A","ANKDD1A"
"AGPAT1","AGPAT1"
"PLA2G2A","PLA2G2A"
"FUT7","FUT7"
"OIT3","OIT3"
"ISYNA1","ISYNA1"
"MAN2A2","MAN2A2"
"TEAD2","TEAD2"
"TSTD1","TSTD1"
"RNF212B","RNF212B"
"ENTPD2","ENTPD2"
"PLA2G12B","PLA2G12B"
"SAPCD2","SAPCD2"
"PLA2G2E","PLA2G2E"
"RNF5","RNF5"
"NEUROG3","NEUROG3"
"","ZNF14"
"","ZNF709"
"UAP1L1","UAP1L1"
"DKKL1","DKKL1"
"ADPGK","ADPGK"
"OR6B6",""
"OTUD3","OTUD3"
"UNC45A","UNC45A"
"NME6",""
"DPP7","DPP7"
"NOTCH4","NOTCH4"
"ARHGAP30","ARHGAP30"
"KASH5","KASH5"
"PABPN1","PABPN1"
"CELA3B","CELA3B"
"CELA3B","CELA3A"
"","MAN1B1"
"RFX4","RFX4"
"BBS4","BBS4"
"SSBP4","SSBP4"
"SLC22A17","SLC22A17"
"PRC1","PRC1"
"GRIN1","GRIN1"
"DISP3","DISP3"
"U6","RNU6-454P"
"U6","RNU6-370P"
"U6","RNU6-694P"
"U6","RNU6-884P"
"Y_RNA","RNY1"
"AGER","AGER"
"Y_RNA","RNY4"
"","ZNF791"
"","CAMP"
"USF1","USF1"
"U6","RNU6-353P"
"U6","RNU6-554P"
"U6","RNU6-1075P"
"EFS","EFS"
"SNORA19","SNORA19"
"U6","RNU6-690P"
"eca-mir-1244",""
"TMEM202",""
"U2","RNU2-18P"
"KLHDC9","KLHDC9"
"HSPA12A","HSPA12A"
"VPS33B","VPS33B"
"RIC8B","RIC8B"
"PBX2","PBX2"
"ELL","ELL"
"TPRN","TPRN"
"HEXA","HEXA"
"NIT1","NIT1"
"","CMTM5"
"LUC7L2","LUC7L2"
"GFY","GFY"
"SLC17A7","SLC17A7"
"CDC25A","CDC25A"
"MYH7","MYH7"
"FBXO44","FBXO44"
"ANAPC2","ANAPC2"
"","TSBP1"
"USP21","PPOX"
"ZNF777","ZNF777"
"TTLL13","TTLL13"
"PIH1D1","PIH1D1"
"NPPB","NPPB"
"CRLF1","CRLF1"
"THTPA","THTPA"
"NPPA","NPPA"
"FLT3LG","FLT3LG"
"CELF6","CELF6"
"SSNA1","SSNA1"
"TMEM263","TMEM263"
"USP21","USP21"
"NGDN","NGDN"
"SNORA3A","SNORA3A"
"FKBP8","FKBP8"
"TMEM203","TMEM203"
"CRY1","CRY1"
"U6","RNU6-1162P"
"U6","RNU6-290P"
"CLCN6","CLCN6"
"GDPGP1","GDPGP1"
"MAP4","MAP4"
"SNORD97","SNORD97"
"B4GALT3","B4GALT3"
"U6","RNU6-924P"
"NDOR1","NDOR1"
"ZFHX2","ZFHX2"
"REX1BD","REX1BD"
"ALDH16A1","ALDH16A1"
"MTERF2","MTERF2"
"U6","RNU6-794P"
"CIB1","CIB1"
"MTHFR","MTHFR"
"eca-mir-8986b",""
"TSACC","TSACC"
"eca-mir-9001",""
"KXD1","KXD1"
"eca-mir-8986a",""
"eca-mir-139","MIR139"
"BTNL2","BTNL2"
"","TBPL2"
"HBB",""
"AP1G2","AP1G2"
"PARP6","PARP6"
"SEMA4B","SEMA4B"
"UBA52",""
"CCT3","CCT3"
"","C1orf167"
"SREBF2","SREBF2"
"SLC34A3","SLC34A3"
"TMEM59L","TMEM59L"
"HLA-DRA","HLA-DRA"
"DHX30","DHX30"
"RNF224","RNF224"
"IDH2","IDH2"
"RNF208","RNF208"
"GLMP","GLMP"
"","PLPP7"
"DQA",""
"FBXO2","FBXO2"
"JPH4","JPH4"
"MEI1","MEI1"
"PRRT1B","PRRT1B"
"TRIM22","TRIM22"
"ACTL11",""
"","HLA-DQB2"
"NRIP3","NRIP3"
"PRRC2B","PRRC2B"
"TMEM79","TMEM79"
"NOTCH3","NOTCH3"
"MAD2L2","MAD2L2"
"FOLR1",""
"RPL13A","RPL13A"
"ZNF710","ZNF710"
"CCDC134","CCDC134"
"HLA-DOB","HLA-DOB"
"TAP2","TAP2"
"SMG5","SMG5"
"TNFRSF13C","TNFRSF13C"
"PRDM2",""
"FCGRT","FCGRT"
"PSMB9","PSMB9"
"ARHGEF17","ARHGEF17"
"PDPN","PDPN"
"Metazoa_SRP","RN7SL255P"
"Metazoa_SRP","RN7SL70P"
"Metazoa_SRP","RN7SL464P"
"SHISA8","SHISA8"
"EPHX3","EPHX3"
"ARPIN","ARPIN"
"SNORD98","SNORD98"
"GRAMD2A","GRAMD2A"
"U6","RNU6-1165P"
"LRRC38","LRRC38"
"PSMB8","PSMB8"
"U6","RNU6-474P"
"","PRAMEF17"
"","PRAMEF12"
"","PRAMEF1"
"","PRAMEF19"
"","PRAMEF20"
"","PRAMEF6"
"","PRAMEF18"
"","PRAMEF10"
"","PRAMEF2"
"","PRAMEF33"
"","PRAMEF11"
"","PRAMEF26"
"","PRAMEF9"
"","PRAMEF13"
"","PRAMEF5"
"","PRAMEF4"
"","PRAMEF25"
"","PRAMEF14"
"","PRAMEF8"
"","PRAMEF15"
"","PRAMEF27"
"","PRAMEF7"
"eca-mir-1296","MIR1296"
"RPS11","RPS11"
"POMT1","POMT1"
"CENPM","CENPM"
"AP3S2","AP3S2"
"CFAP107","CFAP107"
"eca-mir-9049",""
"TAP1","TAP1"
"BRD4",""
"SLC25A44","SLC25A44"
"RCN3","RCN3"
"","ARID5B"
"SEMA4A","SEMA4A"
"EQUCABV1R936",""
"AADACL3","AADACL3"
"NANOS2","NANOS2"
"RPS17","RPS17"
"","MESP2"
"SMIM45","SMIM45"
"DHRS3","DHRS3"
"HLA-DMB","HLA-DMB"
"PKM","PKM"
"","ANPEP"
"LRRC20","LRRC20"
"SEPTIN3","SEPTIN3"
"LMNA","LMNA"
"SNORD69","SNORD69"
"SNORD19","SNORD19"
"SNORD19B","SNORD19B"
"UCK1","UCK1"
"U4","RNU4-6P"
"eca-mir-9174",""
"","ZNF844"
"eca-mir-711","MIR711"
"eca-mir-425","MIR425"
"MIRLET7G","MIRLET7G"
"eca-mir-9172",""
"","SPOCK2"
"eca-mir-191b","MIR191"
"MIR135A1","MIR135A1"
"DUSP7","DUSP7"
"MSH5","MSH5"
"SENP8","SENP8"
"ASCC1","ASCC1"
"AKAP8L","AKAP8L"
"NEK4","NEK4"
"CAPZB","CAPZB"
"RAPGEF1","RAPGEF1"
"ANAPC16","ANAPC16"
"","POMK"
"SEMA3B","SEMA3B"
"NAGA","NAGA"
"CSNK2B","LY6G5B"
"AKAP8",""
"","SMDT1"
"MEX3A","MEX3A"
"HK1","HK1"
"SLC66A1","SLC66A1"
"PHETA2","PHETA2"
"U6","RNU6-367P"
"RAB25","RAB25"
"NDUFA6","NDUFA6"
"U6","RNU6-8"
"U6","RNU6-7"
"MYO9A","MYO9A"
"MIR208B","MIR208B"
"eca-mir-208a","MIR208A"
"CYP2D50",""
"CCHCR1","CCHCR1"
"eca-mir-9047",""
"LAMTOR2","LAMTOR2"
"","CYP2D6"
"TCF19","TCF19"
"MRTO4",""
"CYP2D84",""
"WIZ","WIZ"
"MED27","MED27"
"POU5F1","POU5F1B"
"POU5F1","POU5F1"
"KIFBP","KIFBP"
"UBQLN4","UBQLN4"
"EMC1","EMC1"
"NICN1","NICN1"
"","MICB"
"","MICA"
"MYH6","MYH6"
"TCF20","TCF20"
"PRKAR2A","PRKAR2A"
"SSR2","SSR2"
"RASAL3","RASAL3"
"ZBTB34","ZBTB34"
"NFAM1","NFAM1"
"NR2E3","NR2E3"
"SNORD34","SNORD34"
"SNORD33","SNORD32A"
"SNORD33","SNORD32B"
"SNORD33","SNORD33"
"ARHGEF2","ARHGEF2"
"UBR4","UBR4"
"SNORD35B","SNORD35B"
"CYP4F22","CYP4F22"
"MESP1","MESP1"
"SNORD35A","SNORD35A"
"SNORD23","SNORD23"
"eca-mir-9092",""
"eca-mir-769a",""
"eca-mir-9094",""
"SERHL2","SERHL2"
"eca-mir-9088",""
"eca-mir-150","MIR150"
"eca-mir-9090",""
"ZBTB43","ZBTB43"
"THSD4","THSD4"
"WDR93","WDR93"
"SUPT5H","SUPT5H"
"RXFP4",""
"","PGLYRP2"
"ZNF226","ZNF226"
"KHDC4","KHDC4"
"CYP4F127P","CYP4F2"
"ZNF234","ZNF234"
"OR10H4UP",""
"","ZNF235"
"","OR10H5"
"","OR10H1"
"","OR10H2"
"PPIB","PPIB"
"RALGPS1","RALGPS1"
"PRMT1","PRMT1"
"TPM4","TPM4"
"","ZNF878"
"","HLA-F"
"RRP7","RRP7A"
"PEX11A","PEX11A"
"HSH2D","HSH2D"
"NUP210L","NUP210L"
"MED25","MED25"
"FAM32A","FAM32A"
"SNX22","SNX22"
"TNFRSF8","TNFRSF8"
"AP1M1","AP1M1"
"ANGPTL2","ANGPTL2"
"CYB5R3","CYB5R3"
"MIIP","MIIP"
"ARHGAP35","ARHGAP35"
"GARNL3","GARNL3"
"OR5T40",""
"OR1I5","OR1I1"
"MFN2","MFN2"
"SNX1","SNX1"
"OR2BB12",""
"CADM4","CADM4"
"POLDIP3","POLDIP3"
"ATP8B2","ATP8B2"
"DDX39B","DDX39B"
"PLOD1","PLOD1"
"KCNN4","KCNN4"
"MCCD1","MCCD1"
"DOLPP1","DOLPP1"
"PPM1N","PPM1N"
"KIAA2013","KIAA2013"
"NFKBIL1","NFKBIL1"
"NECAP2","NECAP2"
"SNRPD2","SNRPD2"
"A4GALT","A4GALT"
"SPATA21","SPATA21"
"CIAO2A","CIAO2A"
"CRAT","CRAT"
"NUCB1","NUCB1"
"ATP6V1G2","ATP6V1G2"
"SZRD1","SZRD1"
"LST1","LST1"
"TNF","TNF"
"DAPK2","DAPK2"
"LTB","LTB"
"FBXO42","FBXO42"
"PTPA","PTPA"
"AQP10","AQP10"
"ARFGAP3","ARFGAP3"
"AIF1","AIF1"
"PRRC2A","PRRC2A"
"HAX1","HAX1"
"ARHGEF19","ARHGEF19"
"C20H6orf47","C6orf47"
"UBAP2L","UBAP2L"
"PACSIN2","PACSIN2"
"SETX","SETX"
"EPHA2","EPHA2"
"BAG6","BAG6"
"ENTHD1","ENTHD1"
"FAM131C","FAM131C"
"C1orf43","C1orf43"
"HERC1","HERC1"
"GRAP2","GRAP2"
"RAB13","RAB13"
"","CLCNKB"
"","CLCNKA"
"TTF1","TTF1"
"JTB","JTB"
"ACP5","ACP5"
"SNORA68","SNORA68"
"eca-mir-8959",""
"eca-mir-8957",""
"APOM","APOM"
"CREB3L4","CREB3L4"
"CNN1","CNN1"
"UPF1","UPF1"
"SRARP","SRARP"
"GPANK1","GPANK1"
"CFAP77","CFAP77"
"TNRC6B","TNRC6B"
"LY6G5C","LY6G5C"
"ZBTB17","ZBTB17"
"ELOF1","ELOF1"
"SLC39A1","SLC39A1"
"CRTC1","CRTC1"
"LY6G6D","LY6G6D"
"U6","RNU6-701P"
"DDX31","DDX31"
"U6","RNU6-312P"
"U6","RNU6-651P"
"CRTC2","CRTC2"
"SCARNA15","SCARNA15"
"CERS1","CERS1"
"SPEN","SPEN"
"eca-mir-1179",""
"ABHD16A","ABHD16A"
"eca-mir-1839",""
"BARHL1","BARHL1"
"ZNF653","ZNF653"
"eca-mir-9050",""
"eca-mir-9056",""
"MIR9-3","MIR9-3"
"AK8","AK8"
"eca-mir-9055",""
"CYP4F124","CYP4F2"
"eca-mir-7-1",""
"eca-mir-9054",""
"LY6G6C","LY6G6C"
"ECSIT","ECSIT"
"CLIC1","CLIC1"
"ZNF592","ALPK3"
"TMEM82","TMEM82"
"GATAD2B","GATAD2B"
"DDAH2","DDAH2"
"SAPCD1","SAPCD1"
"COLGALT1","COLGALT1"
"GTF3C4","GTF3C4"
"VWA7","VWA7"
"PLEKHM2","PLEKHM2"
"SPACA9","SPACA9"
"GLB1L2","GLB1L3"
"TMEM161A","TMEM161A"
"VARS1","VARS1"
"TSC1","TSC1"
"CYP4F119","CYP4F8"
"","HSPA1L"
"DENND4B","DENND4B"
"SLC25A34","SLC25A34"
"","INIP"
"FAM83F","FAM83F"
"HSPA1B","HSPA1A"
"HSPA1B","HSPA1B"
"RAB8A","RAB8A"
"GFI1B","GFI1B"
"SGSM3","SGSM3"
"","RPS29"
"B3GAT1","B3GAT1"
"FBXL22","FBXL22"
"MRTFA","MRTFA"
"CEL","CEL"
"HSPG2","HSPG2"
"USP3","USP3"
"MUC1","MUC1"
"MCHR1","MCHR1"
"","RPL35"
"GBA1","GBA1"
"GTF3C5","GTF3C5"
"MTX1","MTX1"
"CA12","CA12"
"THBS3","THBS3"
"RALGDS","RALGDS"
"TRIM46","TRIM46"
"APH1B","APH1B"
"GBGT1","GBGT1"
"RAB8B","RAB8B"
"KRTCAP2","KRTCAP2"
"EFNA4","EFNA4"
"SLC50A1","SLC50A1"
"RPS27L","RPS27L"
"LACTB","LACTB"
"DCST1","DCST1"
"","TPM1"
"LDLRAD2","LDLRAD2"
"SURF6","SURF6"
"ABO","ABO"
"ADAM15","ADAM15"
"ADGRE3","ADGRE3"
"SURF1","SURF1"
"USP48","USP48"
"SURF2","SURF2"
"MED22","MED22"
"RPL7A",""
"ZNF333","ZNF333"
"CLEC17A","CLEC17A"
"SURF4","SURF4"
"NDUFB7","NDUFB7"
"DCST2","DCST2"
"U6","RNU6-1083P"
"SNORD83","SNORD84"
"SNORD52","SNORD52"
"SNORD83","SNORD83"
"SNORD83","SNORD117"
"SNORD48","SNORD48"
"SNORD83",""
"SNORA38","SNORA38"
"U6","RNU6-32P"
"U6","RNU6-12P"
"eca-mir-8909",""
"STKLD1","STKLD1"
"eca-mir-8917",""
"TECR","TECR"
"eca-mir-8910",""
"eca-mir-219-1",""
"eca-mir-8913",""
"ZBTB7B","ZBTB7B"
"CPNE5","CPNE5"
"REXO4","REXO4"
"CKS1B","CKS1B"
"RAP1GAP","RAP1GAP"
"PTGER1","PTGER1"
"TBC1D22B","TBC1D22B"
"ADAMTS13","ADAMTS13"
"FLAD1","FLAD1"
"DNAJB1","DNAJB1"
"KIF6","KIF6"
"CACFD1","CACFD1"
"SLC2A6","SLC2A6"
"PKN1","PKN1"
"ZNF76","ZNF76"
"ZBTB22","ZBTB22"
"PBXIP1","PBXIP1"
"DIPK1B","DIPK1B"
"DDX39A","DDX39A"
"ALPL","ALPL"
"PYGO2","PYGO2"
"DRB",""
"AGPAT2","AGPAT2"
"SHC1","SHC1"
"U6","RNU6-641P"
"LSM2","LSM2"
"U12","RNU12"
"SNORD43","SNORD43"
"ADGRE5","ADGRE5"
"SNORD83B","SNORD83B"
"SNORD83A","SNORD83A"
"U6","RNU6-90P"
"SNORA50B","SNORA50B"
"PMVK","PMVK"
"eca-mir-9019",""
"eca-mir-9017",""
"U6","RNU6-655P"
"eca-mir-33a","MIR33A"
"EGFL7","EGFL7"
"SNORD18","SNORD18A"
"SNORD18","SNORD18B"
"SCARNA14","SCARNA14"
"TAB1","TAB1"
"SNORD16","SNORD16"
"SNORD18","SNORD18C"
"MIR190A","MIR190A"
"eca-mir-9046",""
"ECE1","ECE1"
"IQCH","IQCH"
"ADGRL1","ADGRL1"
"KCNN3","KCNN3"
"HMGXB4","HMGXB4"
"NOTCH1","NOTCH1"
"ASF1B","ASF1B"
"ARIH1","ARIH1"
"ADAR","ADAR"
"ST13","ST13"
"SAMD1",""
"PRKACA","PRKACA"
"TPM1",""
"XRCC6","XRCC6"
"CHRNB2","CHRNB2"
"INPP5E","INPP5E"
"DESI1","DESI1"
"ENTR1","ENTR1"
"UBE2Q1","UBE2Q1"
"C7H19orf67","C19orf67"
"PMPCA","PMPCA"
"OR10J1","OR10J1"
"OR10J7",""
"OR6N2","OR6N2"
"OR6N1","OR6N1"
"OR6K5",""
"OR6K4",""
"CARD9","CARD9"
"S100A6",""
"PRR9",""
"EIF4G3","EIF4G3"
"GPSM1","GPSM1"
"QSOX2","QSOX2"
"CCDC187",""
"SNORA58B","SNORA58B"
"SNORA80E","SNORA80E"
"U6","RNU6-209P"
"eca-mir-92b",""
"eca-mir-190b","MIR190B"
"LHX3","LHX3"
"eca-mir-1905b",""
"S100A2","S100A2"
"TMEM250","TMEM250"
"UAP1","UAP1"
"NACC2","NACC2"
"IL6R","IL6R"
"COQ4","COQ4"
"HP1BP3","HP1BP3"
"SNORD105","SNORD105"
"SNORD105B","SNORD105B"
"ST6GALNAC6","ST6GALNAC6"
"eca-mir-8998",""
"eca-mir-27a","MIR27A"
"eca-mir-8999",""
"eca-mir-8989",""
"CLK2","CLK2"
"SH2D5","SH2D5"
"eca-mir-24-1","MIR24-2"
"eca-mir-8994",""
"eca-mir-23a","MIR23A"
"eca-mir-1271b",""
"eca-mir-8997",""
"eca-mir-8992",""
"VPS26B","VPS26B"
"DDOST","DDOST"
"AK1","AK1"
"NDUFS2","NDUFS2"
"CARM1","CARM1"
"KIF17","KIF17"
"ST6GALNAC4","ST6GALNAC4"
"DNM2","DNM2"
"COPA","COPA"
"","PIP5KL1"
"CDA","CDA"
"DPM2","DPM2"
"PIP5KL1","PIP5KL1"
"CD1A6","CD1A"
"FCRL3","FCRL3"
"EEIG1","EEIG1"
"HAPLN2","HAPLN2"
"NAIF1","NAIF1"
"SLC25A25","SLC25A25"
"PTGES2","PTGES2"
"RIT1","RIT1"
"EFNA1","EFNA1"
"EFNA3","EFNA3"
"LCN2","LCN2"
"BBLN","BBLN"
"CIZ1","CIZ1"
"DNM1","DNM1"
"SNORA59A","SNORA59A"
"eca-mir-9066",""
"eca-mir-9060",""
"eca-mir-9062",""
"GOLGA2","GOLGA8Q"
"GOLGA2","GOLGA2"
"GOLGA2","GOLGA6C"
"GOLGA2","GOLGA8H"
"GOLGA2","GOLGA8A"
"GOLGA2","GOLGA8K"
"GOLGA2","GOLGA6B"
"GOLGA2","GOLGA8O"
"GOLGA2","GOLGA8N"
"GOLGA2","GOLGA8B"
"GOLGA2","GOLGA6A"
"GOLGA2","GOLGA8M"
"GOLGA2","GOLGA8R"
"GOLGA2","GOLGA6D"
"GOLGA2","GOLGA8S"
"GOLGA2","GOLGA8T"
"GOLGA2","GOLGA8F"
"GOLGA2","GOLGA8J"
"GOLGA2","GOLGA8G"
"eca-mir-9067",""
"VPS13D",""
"TRUB2","TRUB2"
"","CELA2B"
"","CELA2A"
"PADI1","PADI1"
"FBXO6","FBXO6"
"URM1","URM1"
"DRAXIN","DRAXIN"
"","PRDM2"
"AKR7L","AKR7L"
"CERCAM","CERCAM"
"","SPEN"
"FBLIM1","FBLIM1"
"ODF2","ODF2"
"PINK1","PINK1"
"GLE1","GLE1"
"SPTAN1","SPTAN1"
"DYNC2I2","DYNC2I2"
"SET","SET"
"PKN3","PKN3"
"ZDHHC12","ZDHHC12"
"ZER1","ZER1"
"ENDOG","ENDOG"
"TBC1D13","TBC1D13"
"SPOUT1","SPOUT1"
"KYAT1","KYAT1"
"NUP188","NUP188"
"LRRC8A","LRRC8A"
"DOLK","DOLK"
"SH3GLB2","SH3GLB2"
"IER5L","IER5L"
"MRPL41","MRPL41"
"SNORD62","SNORD62A"
"SNORD62","SNORD62B"
"SNORD24","SNORD24"
"SNORD36","SNORD36C"
"SNORD36","SNORD36A"
"SNORD36","SNORD36"
"SNORD36","SNORD36B"
"U6","RNU6-83P"
"SNORA65","SNORA65"
"eca-mir-9039",""
"eca-mir-9038",""
"MIR199B","MIR199B"
"eca-mir-9040",""
"eca-mir-9033-1",""
"eca-mir-9042",""
"eca-mir-219-2","MIR219A2"
"eca-mir-9035",""
"eca-mir-9036",""
"eca-mir-126","MIR126"
"NSMF","NSMF"
"CYSRT1","CYSRT1"
"PLPP7",""
"SEC16A","SEC16A"
"SNAPC4","SNAPC4"
"SLC27A4","SLC27A4"
"MIR10B","MIR10B"
"MIR4444-1","MIR4444-1"
"NUP35","NUP35"
"PDE11A","PDE11A"
"PRKRA","PRKRA"
