"source","target","ligand","receptor","prob","pval","interaction_name","interaction_name_2","pathway_name","annotation","evidence"
"SSC","Myoid","LAMA1","ITGA1_ITGB1",8.2572380635615e-05,0,"LAMA1_ITGA1_ITGB1","LAMA1 - (ITGA1+ITGB1)","LAMININ","ECM-Receptor","KEGG: hsa04512"
"Spermatocyte","Myoid","LAMA1","ITGA1_ITGB1",5.31062318320448e-05,0,"LAMA1_ITGA1_ITGB1","LAMA1 - (ITGA1+ITGB1)","LAMININ","ECM-Receptor","KEGG: hsa04512"
"Spermatid","Myoid","LAMA1","ITGA1_ITGB1",3.43615340937792e-05,0,"LAMA1_ITGA1_ITGB1","LAMA1 - (ITGA1+ITGB1)","LAMININ","ECM-Receptor","KEGG: hsa04512"
"Sertoli","Myoid","LAMA1","ITGA1_ITGB1",0.00128166134177242,0,"LAMA1_ITGA1_ITGB1","LAMA1 - (ITGA1+ITGB1)","LAMININ","ECM-Receptor","KEGG: hsa04512"
"Leydig","Myoid","LAMA1","ITGA1_ITGB1",7.22941292726793e-05,0,"LAMA1_ITGA1_ITGB1","LAMA1 - (ITGA1+ITGB1)","LAMININ","ECM-Receptor","KEGG: hsa04512"
"Myoid","Myoid","LAMA1","ITGA1_ITGB1",1.80515041543675e-05,0,"LAMA1_ITGA1_ITGB1","LAMA1 - (ITGA1+ITGB1)","LAMININ","ECM-Receptor","KEGG: hsa04512"
"Endothelial","Myoid","LAMA1","ITGA1_ITGB1",4.069492789647e-06,0,"LAMA1_ITGA1_ITGB1","LAMA1 - (ITGA1+ITGB1)","LAMININ","ECM-Receptor","KEGG: hsa04512"
"Spermatocyte","Myoid","LAMA2","ITGA1_ITGB1",4.22225357359267e-05,0,"LAMA2_ITGA1_ITGB1","LAMA2 - (ITGA1+ITGB1)","LAMININ","ECM-Receptor","KEGG: hsa04512"
"Spermatid","Myoid","LAMA2","ITGA1_ITGB1",4.86379957548116e-05,0,"LAMA2_ITGA1_ITGB1","LAMA2 - (ITGA1+ITGB1)","LAMININ","ECM-Receptor","KEGG: hsa04512"
"Leydig","Myoid","LAMA2","ITGA1_ITGB1",7.07538564848049e-05,0,"LAMA2_ITGA1_ITGB1","LAMA2 - (ITGA1+ITGB1)","LAMININ","ECM-Receptor","KEGG: hsa04512"
"Myoid","Myoid","LAMA2","ITGA1_ITGB1",0.000137871921228488,0,"LAMA2_ITGA1_ITGB1","LAMA2 - (ITGA1+ITGB1)","LAMININ","ECM-Receptor","KEGG: hsa04512"
"Fibroblast","Myoid","LAMA2","ITGA1_ITGB1",6.79855029020965e-05,0,"LAMA2_ITGA1_ITGB1","LAMA2 - (ITGA1+ITGB1)","LAMININ","ECM-Receptor","KEGG: hsa04512"
"Endothelial","Myoid","LAMA2","ITGA1_ITGB1",3.30793905621294e-06,0,"LAMA2_ITGA1_ITGB1","LAMA2 - (ITGA1+ITGB1)","LAMININ","ECM-Receptor","KEGG: hsa04512"
"Spermatocyte","Myoid","LAMA3","ITGA1_ITGB1",1.63654092151502e-05,0,"LAMA3_ITGA1_ITGB1","LAMA3 - (ITGA1+ITGB1)","LAMININ","ECM-Receptor","KEGG: hsa04512"
"Spermatid","Myoid","LAMA3","ITGA1_ITGB1",1.14927415796371e-05,0,"LAMA3_ITGA1_ITGB1","LAMA3 - (ITGA1+ITGB1)","LAMININ","ECM-Receptor","KEGG: hsa04512"
"Sertoli","Myoid","LAMA3","ITGA1_ITGB1",0.00112592232676507,0,"LAMA3_ITGA1_ITGB1","LAMA3 - (ITGA1+ITGB1)","LAMININ","ECM-Receptor","KEGG: hsa04512"
"Myoid","Myoid","LAMA3","ITGA1_ITGB1",1.57485825018519e-05,0,"LAMA3_ITGA1_ITGB1","LAMA3 - (ITGA1+ITGB1)","LAMININ","ECM-Receptor","KEGG: hsa04512"
"Myoid","Myoid","LAMB1","ITGA1_ITGB1",6.52441161915642e-05,0,"LAMB1_ITGA1_ITGB1","LAMB1 - (ITGA1+ITGB1)","LAMININ","ECM-Receptor","KEGG: hsa04512"
"Fibroblast","Myoid","LAMB1","ITGA1_ITGB1",1.13686941323795e-05,0,"LAMB1_ITGA1_ITGB1","LAMB1 - (ITGA1+ITGB1)","LAMININ","ECM-Receptor","KEGG: hsa04512"
"Endothelial","Myoid","LAMB1","ITGA1_ITGB1",3.30793905621294e-06,0,"LAMB1_ITGA1_ITGB1","LAMB1 - (ITGA1+ITGB1)","LAMININ","ECM-Receptor","KEGG: hsa04512"
"Spermatocyte","Myoid","LAMB2","ITGA1_ITGB1",1.25246940243626e-05,0,"LAMB2_ITGA1_ITGB1","LAMB2 - (ITGA1+ITGB1)","LAMININ","ECM-Receptor","KEGG: hsa04512"
"SSC","Myoid","LAMC1","ITGA1_ITGB1",2.93384334027661e-05,0,"LAMC1_ITGA1_ITGB1","LAMC1 - (ITGA1+ITGB1)","LAMININ","ECM-Receptor","KEGG: hsa04512"
"Spermatocyte","Myoid","LAMC1","ITGA1_ITGB1",2.38226189794355e-05,0,"LAMC1_ITGA1_ITGB1","LAMC1 - (ITGA1+ITGB1)","LAMININ","ECM-Receptor","KEGG: hsa04512"
"Spermatid","Myoid","LAMC1","ITGA1_ITGB1",1.21750381926207e-05,0,"LAMC1_ITGA1_ITGB1","LAMC1 - (ITGA1+ITGB1)","LAMININ","ECM-Receptor","KEGG: hsa04512"
"Sertoli","Myoid","LAMC1","ITGA1_ITGB1",0.000284157863464402,0,"LAMC1_ITGA1_ITGB1","LAMC1 - (ITGA1+ITGB1)","LAMININ","ECM-Receptor","KEGG: hsa04512"
"Leydig","Myoid","LAMC1","ITGA1_ITGB1",4.58362677746671e-05,0,"LAMC1_ITGA1_ITGB1","LAMC1 - (ITGA1+ITGB1)","LAMININ","ECM-Receptor","KEGG: hsa04512"
"Myoid","Myoid","LAMC1","ITGA1_ITGB1",1.65397165382228e-05,0,"LAMC1_ITGA1_ITGB1","LAMC1 - (ITGA1+ITGB1)","LAMININ","ECM-Receptor","KEGG: hsa04512"
"Fibroblast","Myoid","LAMC1","ITGA1_ITGB1",1.06051710737396e-05,0,"LAMC1_ITGA1_ITGB1","LAMC1 - (ITGA1+ITGB1)","LAMININ","ECM-Receptor","KEGG: hsa04512"
"Endothelial","Myoid","LAMC1","ITGA1_ITGB1",4.94346931121501e-06,0,"LAMC1_ITGA1_ITGB1","LAMC1 - (ITGA1+ITGB1)","LAMININ","ECM-Receptor","KEGG: hsa04512"
"Myoid","Myoid","LAMC3","ITGA1_ITGB1",2.05291885977569e-05,0,"LAMC3_ITGA1_ITGB1","LAMC3 - (ITGA1+ITGB1)","LAMININ","ECM-Receptor","KEGG: hsa04512"
"Fibroblast","Myoid","LAMC3","ITGA1_ITGB1",8.74415633289757e-06,0,"LAMC3_ITGA1_ITGB1","LAMC3 - (ITGA1+ITGB1)","LAMININ","ECM-Receptor","KEGG: hsa04512"
"Sertoli","SSC","LAMA1","ITGA6_ITGB1",0.000940179342460576,0,"LAMA1_ITGA6_ITGB1","LAMA1 - (ITGA6+ITGB1)","LAMININ","ECM-Receptor","KEGG: hsa04512"
"SSC","Sertoli","LAMA1","ITGA6_ITGB1",0.0005482286471176,0,"LAMA1_ITGA6_ITGB1","LAMA1 - (ITGA6+ITGB1)","LAMININ","ECM-Receptor","KEGG: hsa04512"
"Sertoli","Sertoli","LAMA1","ITGA6_ITGB1",0.00865101649668233,0,"LAMA1_ITGA6_ITGB1","LAMA1 - (ITGA6+ITGB1)","LAMININ","ECM-Receptor","KEGG: hsa04512"
"Sertoli","Leydig","LAMA1","ITGA6_ITGB1",0.00275833061253,0,"LAMA1_ITGA6_ITGB1","LAMA1 - (ITGA6+ITGB1)","LAMININ","ECM-Receptor","KEGG: hsa04512"
"Sertoli","Endothelial","LAMA1","ITGA6_ITGB1",0.000157898084078809,0,"LAMA1_ITGA6_ITGB1","LAMA1 - (ITGA6+ITGB1)","LAMININ","ECM-Receptor","KEGG: hsa04512"
"Spermatid","SSC","LAMA2","ITGA6_ITGB1",3.43889083034196e-05,0,"LAMA2_ITGA6_ITGB1","LAMA2 - (ITGA6+ITGB1)","LAMININ","ECM-Receptor","KEGG: hsa04512"
"Leydig","SSC","LAMA2","ITGA6_ITGB1",5.00358301558811e-05,0,"LAMA2_ITGA6_ITGB1","LAMA2 - (ITGA6+ITGB1)","LAMININ","ECM-Receptor","KEGG: hsa04512"
"Myoid","SSC","LAMA2","ITGA6_ITGB1",0.000101687068385615,0,"LAMA2_ITGA6_ITGB1","LAMA2 - (ITGA6+ITGB1)","LAMININ","ECM-Receptor","KEGG: hsa04512"
"Fibroblast","SSC","LAMA2","ITGA6_ITGB1",5.01530570874331e-05,0,"LAMA2_ITGA6_ITGB1","LAMA2 - (ITGA6+ITGB1)","LAMININ","ECM-Receptor","KEGG: hsa04512"
"Spermatocyte","Sertoli","LAMA2","ITGA6_ITGB1",0.000277617456236368,0,"LAMA2_ITGA6_ITGB1","LAMA2 - (ITGA6+ITGB1)","LAMININ","ECM-Receptor","KEGG: hsa04512"
"Spermatid","Sertoli","LAMA2","ITGA6_ITGB1",0.000320429801457947,0,"LAMA2_ITGA6_ITGB1","LAMA2 - (ITGA6+ITGB1)","LAMININ","ECM-Receptor","KEGG: hsa04512"
"Leydig","Sertoli","LAMA2","ITGA6_ITGB1",0.000466193120910938,0,"LAMA2_ITGA6_ITGB1","LAMA2 - (ITGA6+ITGB1)","LAMININ","ECM-Receptor","KEGG: hsa04512"
"Myoid","Sertoli","LAMA2","ITGA6_ITGB1",0.000933916820518876,0,"LAMA2_ITGA6_ITGB1","LAMA2 - (ITGA6+ITGB1)","LAMININ","ECM-Receptor","KEGG: hsa04512"
"Fibroblast","Sertoli","LAMA2","ITGA6_ITGB1",0.000460583386590909,0,"LAMA2_ITGA6_ITGB1","LAMA2 - (ITGA6+ITGB1)","LAMININ","ECM-Receptor","KEGG: hsa04512"
"Endothelial","Sertoli","LAMA2","ITGA6_ITGB1",2.17670360563833e-05,0,"LAMA2_ITGA6_ITGB1","LAMA2 - (ITGA6+ITGB1)","LAMININ","ECM-Receptor","KEGG: hsa04512"
"Spermatocyte","Leydig","LAMA2","ITGA6_ITGB1",8.79975282493874e-05,0,"LAMA2_ITGA6_ITGB1","LAMA2 - (ITGA6+ITGB1)","LAMININ","ECM-Receptor","KEGG: hsa04512"
"Spermatid","Leydig","LAMA2","ITGA6_ITGB1",0.000101612122998672,0,"LAMA2_ITGA6_ITGB1","LAMA2 - (ITGA6+ITGB1)","LAMININ","ECM-Receptor","KEGG: hsa04512"
"Leydig","Leydig","LAMA2","ITGA6_ITGB1",0.00014783982330847,0,"LAMA2_ITGA6_ITGB1","LAMA2 - (ITGA6+ITGB1)","LAMININ","ECM-Receptor","KEGG: hsa04512"
"Myoid","Leydig","LAMA2","ITGA6_ITGB1",0.000298015504261658,0,"LAMA2_ITGA6_ITGB1","LAMA2 - (ITGA6+ITGB1)","LAMININ","ECM-Receptor","KEGG: hsa04512"
"Fibroblast","Leydig","LAMA2","ITGA6_ITGB1",0.000146978081188789,0,"LAMA2_ITGA6_ITGB1","LAMA2 - (ITGA6+ITGB1)","LAMININ","ECM-Receptor","KEGG: hsa04512"
"Endothelial","Leydig","LAMA2","ITGA6_ITGB1",6.90077624527373e-06,0,"LAMA2_ITGA6_ITGB1","LAMA2 - (ITGA6+ITGB1)","LAMININ","ECM-Receptor","KEGG: hsa04512"
"Spermatid","Endothelial","LAMA2","ITGA6_ITGB1",5.78228299272804e-06,0,"LAMA2_ITGA6_ITGB1","LAMA2 - (ITGA6+ITGB1)","LAMININ","ECM-Receptor","KEGG: hsa04512"
"Leydig","Endothelial","LAMA2","ITGA6_ITGB1",8.41316240098688e-06,0,"LAMA2_ITGA6_ITGB1","LAMA2 - (ITGA6+ITGB1)","LAMININ","ECM-Receptor","KEGG: hsa04512"
"Myoid","Endothelial","LAMA2","ITGA6_ITGB1",1.70747599740054e-05,0,"LAMA2_ITGA6_ITGB1","LAMA2 - (ITGA6+ITGB1)","LAMININ","ECM-Receptor","KEGG: hsa04512"
"Fibroblast","Endothelial","LAMA2","ITGA6_ITGB1",8.42138044034988e-06,0,"LAMA2_ITGA6_ITGB1","LAMA2 - (ITGA6+ITGB1)","LAMININ","ECM-Receptor","KEGG: hsa04512"
"Sertoli","SSC","LAMA3","ITGA6_ITGB1",0.000821545542178951,0,"LAMA3_ITGA6_ITGB1","LAMA3 - (ITGA6+ITGB1)","LAMININ","ECM-Receptor","KEGG: hsa04512"
"Sertoli","Sertoli","LAMA3","ITGA6_ITGB1",0.00757331446526304,0,"LAMA3_ITGA6_ITGB1","LAMA3 - (ITGA6+ITGB1)","LAMININ","ECM-Receptor","KEGG: hsa04512"
"Sertoli","Leydig","LAMA3","ITGA6_ITGB1",0.00241279406597987,0,"LAMA3_ITGA6_ITGB1","LAMA3 - (ITGA6+ITGB1)","LAMININ","ECM-Receptor","KEGG: hsa04512"
"Sertoli","Endothelial","LAMA3","ITGA6_ITGB1",0.000137998200468321,0,"LAMA3_ITGA6_ITGB1","LAMA3 - (ITGA6+ITGB1)","LAMININ","ECM-Receptor","KEGG: hsa04512"
"Myoid","SSC","LAMB1","ITGA6_ITGB1",4.68943775509517e-05,0,"LAMB1_ITGA6_ITGB1","LAMB1 - (ITGA6+ITGB1)","LAMININ","ECM-Receptor","KEGG: hsa04512"
"Fibroblast","SSC","LAMB1","ITGA6_ITGB1",8.05235714025572e-06,0,"LAMB1_ITGA6_ITGB1","LAMB1 - (ITGA6+ITGB1)","LAMININ","ECM-Receptor","KEGG: hsa04512"
"Endothelial","SSC","LAMB1","ITGA6_ITGB1",2.33465598874418e-06,0,"LAMB1_ITGA6_ITGB1","LAMB1 - (ITGA6+ITGB1)","LAMININ","ECM-Receptor","KEGG: hsa04512"
"Myoid","Sertoli","LAMB1","ITGA6_ITGB1",0.000434526528211524,0,"LAMB1_ITGA6_ITGB1","LAMB1 - (ITGA6+ITGB1)","LAMININ","ECM-Receptor","KEGG: hsa04512"
"Fibroblast","Sertoli","LAMB1","ITGA6_ITGB1",7.49856056731591e-05,0,"LAMB1_ITGA6_ITGB1","LAMB1 - (ITGA6+ITGB1)","LAMININ","ECM-Receptor","KEGG: hsa04512"
"Endothelial","Sertoli","LAMB1","ITGA6_ITGB1",2.17670360563833e-05,0,"LAMB1_ITGA6_ITGB1","LAMB1 - (ITGA6+ITGB1)","LAMININ","ECM-Receptor","KEGG: hsa04512"
"Myoid","Leydig","LAMB1","ITGA6_ITGB1",0.000138127402154283,0,"LAMB1_ITGA6_ITGB1","LAMB1 - (ITGA6+ITGB1)","LAMININ","ECM-Receptor","KEGG: hsa04512"
"Fibroblast","Leydig","LAMB1","ITGA6_ITGB1",2.37850180400551e-05,0,"LAMB1_ITGA6_ITGB1","LAMB1 - (ITGA6+ITGB1)","LAMININ","ECM-Receptor","KEGG: hsa04512"
"Endothelial","Leydig","LAMB1","ITGA6_ITGB1",6.90077624527373e-06,0,"LAMB1_ITGA6_ITGB1","LAMB1 - (ITGA6+ITGB1)","LAMININ","ECM-Receptor","KEGG: hsa04512"
"Myoid","Endothelial","LAMB1","ITGA6_ITGB1",7.88087240889191e-06,0,"LAMB1_ITGA6_ITGB1","LAMB1 - (ITGA6+ITGB1)","LAMININ","ECM-Receptor","KEGG: hsa04512"
"Fibroblast","Endothelial","LAMB1","ITGA6_ITGB1",1.35387829649189e-06,0,"LAMB1_ITGA6_ITGB1","LAMB1 - (ITGA6+ITGB1)","LAMININ","ECM-Receptor","KEGG: hsa04512"
"Endothelial","Endothelial","LAMB1","ITGA6_ITGB1",3.92580210921873e-07,0,"LAMB1_ITGA6_ITGB1","LAMB1 - (ITGA6+ITGB1)","LAMININ","ECM-Receptor","KEGG: hsa04512"
"Spermatocyte","SSC","LAMB2","ITGA6_ITGB1",8.80912605968613e-06,0,"LAMB2_ITGA6_ITGB1","LAMB2 - (ITGA6+ITGB1)","LAMININ","ECM-Receptor","KEGG: hsa04512"
"Spermatocyte","Sertoli","LAMB2","ITGA6_ITGB1",8.22268422235581e-05,0,"LAMB2_ITGA6_ITGB1","LAMB2 - (ITGA6+ITGB1)","LAMININ","ECM-Receptor","KEGG: hsa04512"
"Spermatocyte","Leydig","LAMB2","ITGA6_ITGB1",2.60550937404128e-05,0,"LAMB2_ITGA6_ITGB1","LAMB2 - (ITGA6+ITGB1)","LAMININ","ECM-Receptor","KEGG: hsa04512"
"Spermatocyte","Endothelial","LAMB2","ITGA6_ITGB1",1.48144517745233e-06,0,"LAMB2_ITGA6_ITGB1","LAMB2 - (ITGA6+ITGB1)","LAMININ","ECM-Receptor","KEGG: hsa04512"
"SSC","SSC","LAMC1","ITGA6_ITGB1",2.07461335418952e-05,0,"LAMC1_ITGA6_ITGB1","LAMC1 - (ITGA6+ITGB1)","LAMININ","ECM-Receptor","KEGG: hsa04512"
"Sertoli","SSC","LAMC1","ITGA6_ITGB1",0.000201550440043962,0,"LAMC1_ITGA6_ITGB1","LAMC1 - (ITGA6+ITGB1)","LAMININ","ECM-Receptor","KEGG: hsa04512"
"Leydig","SSC","LAMC1","ITGA6_ITGB1",3.23413899766423e-05,0,"LAMC1_ITGA6_ITGB1","LAMC1 - (ITGA6+ITGB1)","LAMININ","ECM-Receptor","KEGG: hsa04512"
"Myoid","SSC","LAMC1","ITGA6_ITGB1",1.16882262251992e-05,0,"LAMC1_ITGA6_ITGB1","LAMC1 - (ITGA6+ITGB1)","LAMININ","ECM-Receptor","KEGG: hsa04512"
"Fibroblast","SSC","LAMC1","ITGA6_ITGB1",7.5075233855539e-06,0,"LAMC1_ITGA6_ITGB1","LAMC1 - (ITGA6+ITGB1)","LAMININ","ECM-Receptor","KEGG: hsa04512"
"Endothelial","SSC","LAMC1","ITGA6_ITGB1",3.49661312362547e-06,0,"LAMC1_ITGA6_ITGB1","LAMC1 - (ITGA6+ITGB1)","LAMININ","ECM-Receptor","KEGG: hsa04512"
"SSC","Sertoli","LAMC1","ITGA6_ITGB1",0.000193300192100153,0,"LAMC1_ITGA6_ITGB1","LAMC1 - (ITGA6+ITGB1)","LAMININ","ECM-Receptor","KEGG: hsa04512"
"Sertoli","Sertoli","LAMC1","ITGA6_ITGB1",0.00187599683438398,0,"LAMC1_ITGA6_ITGB1","LAMC1 - (ITGA6+ITGB1)","LAMININ","ECM-Receptor","KEGG: hsa04512"
"Leydig","Sertoli","LAMC1","ITGA6_ITGB1",0.000301560270507688,0,"LAMC1_ITGA6_ITGB1","LAMC1 - (ITGA6+ITGB1)","LAMININ","ECM-Receptor","KEGG: hsa04512"
"Myoid","Sertoli","LAMC1","ITGA6_ITGB1",0.000108927617422952,0,"LAMC1_ITGA6_ITGB1","LAMC1 - (ITGA6+ITGB1)","LAMININ","ECM-Receptor","KEGG: hsa04512"
"Fibroblast","Sertoli","LAMC1","ITGA6_ITGB1",6.99246561761633e-05,0,"LAMC1_ITGA6_ITGB1","LAMC1 - (ITGA6+ITGB1)","LAMININ","ECM-Receptor","KEGG: hsa04512"
"Endothelial","Sertoli","LAMC1","ITGA6_ITGB1",3.25764502861647e-05,0,"LAMC1_ITGA6_ITGB1","LAMC1 - (ITGA6+ITGB1)","LAMININ","ECM-Receptor","KEGG: hsa04512"
"SSC","Leydig","LAMC1","ITGA6_ITGB1",6.12989943192235e-05,0,"LAMC1_ITGA6_ITGB1","LAMC1 - (ITGA6+ITGB1)","LAMININ","ECM-Receptor","KEGG: hsa04512"
"Sertoli","Leydig","LAMC1","ITGA6_ITGB1",0.00059517887143563,0,"LAMC1_ITGA6_ITGB1","LAMC1 - (ITGA6+ITGB1)","LAMININ","ECM-Receptor","KEGG: hsa04512"
"Leydig","Leydig","LAMC1","ITGA6_ITGB1",9.55995346876357e-05,0,"LAMC1_ITGA6_ITGB1","LAMC1 - (ITGA6+ITGB1)","LAMININ","ECM-Receptor","KEGG: hsa04512"
"Myoid","Leydig","LAMC1","ITGA6_ITGB1",3.45396587915257e-05,0,"LAMC1_ITGA6_ITGB1","LAMC1 - (ITGA6+ITGB1)","LAMININ","ECM-Receptor","KEGG: hsa04512"
"Fibroblast","Leydig","LAMC1","ITGA6_ITGB1",2.21779630318056e-05,0,"LAMC1_ITGA6_ITGB1","LAMC1 - (ITGA6+ITGB1)","LAMININ","ECM-Receptor","KEGG: hsa04512"
"Endothelial","Leydig","LAMC1","ITGA6_ITGB1",1.03309858463388e-05,0,"LAMC1_ITGA6_ITGB1","LAMC1 - (ITGA6+ITGB1)","LAMININ","ECM-Receptor","KEGG: hsa04512"
"SSC","Endothelial","LAMC1","ITGA6_ITGB1",3.48831988667301e-06,0,"LAMC1_ITGA6_ITGB1","LAMC1 - (ITGA6+ITGB1)","LAMININ","ECM-Receptor","KEGG: hsa04512"
"Sertoli","Endothelial","LAMC1","ITGA6_ITGB1",3.38860514006242e-05,0,"LAMC1_ITGA6_ITGB1","LAMC1 - (ITGA6+ITGB1)","LAMININ","ECM-Receptor","KEGG: hsa04512"
"Myoid","Endothelial","LAMC1","ITGA6_ITGB1",1.96533498337779e-06,0,"LAMC1_ITGA6_ITGB1","LAMC1 - (ITGA6+ITGB1)","LAMININ","ECM-Receptor","KEGG: hsa04512"
"Fibroblast","Endothelial","LAMC1","ITGA6_ITGB1",1.2622944772669e-06,0,"LAMC1_ITGA6_ITGB1","LAMC1 - (ITGA6+ITGB1)","LAMININ","ECM-Receptor","KEGG: hsa04512"
"Endothelial","Endothelial","LAMC1","ITGA6_ITGB1",5.87926540469449e-07,0,"LAMC1_ITGA6_ITGB1","LAMC1 - (ITGA6+ITGB1)","LAMININ","ECM-Receptor","KEGG: hsa04512"
"Myoid","SSC","LAMC3","ITGA6_ITGB1",1.45274852929762e-05,0,"LAMC3_ITGA6_ITGB1","LAMC3 - (ITGA6+ITGB1)","LAMININ","ECM-Receptor","KEGG: hsa04512"
"Fibroblast","SSC","LAMC3","ITGA6_ITGB1",6.18199269046635e-06,0,"LAMC3_ITGA6_ITGB1","LAMC3 - (ITGA6+ITGB1)","LAMININ","ECM-Receptor","KEGG: hsa04512"
"Myoid","Sertoli","LAMC3","ITGA6_ITGB1",0.0001353250466775,0,"LAMC3_ITGA6_ITGB1","LAMC3 - (ITGA6+ITGB1)","LAMININ","ECM-Receptor","KEGG: hsa04512"
"Fibroblast","Sertoli","LAMC3","ITGA6_ITGB1",5.76041582726094e-05,0,"LAMC3_ITGA6_ITGB1","LAMC3 - (ITGA6+ITGB1)","LAMININ","ECM-Receptor","KEGG: hsa04512"
"Myoid","Leydig","LAMC3","ITGA6_ITGB1",4.29186415545832e-05,0,"LAMC3_ITGA6_ITGB1","LAMC3 - (ITGA6+ITGB1)","LAMININ","ECM-Receptor","KEGG: hsa04512"
"Fibroblast","Leydig","LAMC3","ITGA6_ITGB1",1.82667693190269e-05,0,"LAMC3_ITGA6_ITGB1","LAMC3 - (ITGA6+ITGB1)","LAMININ","ECM-Receptor","KEGG: hsa04512"
"Myoid","Endothelial","LAMC3","ITGA6_ITGB1",2.44264024184688e-06,0,"LAMC3_ITGA6_ITGB1","LAMC3 - (ITGA6+ITGB1)","LAMININ","ECM-Receptor","KEGG: hsa04512"
"Fibroblast","Endothelial","LAMC3","ITGA6_ITGB1",1.03946640365576e-06,0,"LAMC3_ITGA6_ITGB1","LAMC3 - (ITGA6+ITGB1)","LAMININ","ECM-Receptor","KEGG: hsa04512"
"Sertoli","SSC","LAMA1","ITGA9_ITGB1",0.000893251789999889,0.04,"LAMA1_ITGA9_ITGB1","LAMA1 - (ITGA9+ITGB1)","LAMININ","ECM-Receptor","KEGG: hsa04512"
"Sertoli","Sertoli","LAMA1","ITGA9_ITGB1",0.00962457310277469,0,"LAMA1_ITGA9_ITGB1","LAMA1 - (ITGA9+ITGB1)","LAMININ","ECM-Receptor","KEGG: hsa04512"
"SSC","Leydig","LAMA1","ITGA9_ITGB1",0.000440421345430222,0,"LAMA1_ITGA9_ITGB1","LAMA1 - (ITGA9+ITGB1)","LAMININ","ECM-Receptor","KEGG: hsa04512"
"Sertoli","Leydig","LAMA1","ITGA9_ITGB1",0.00671438534136345,0,"LAMA1_ITGA9_ITGB1","LAMA1 - (ITGA9+ITGB1)","LAMININ","ECM-Receptor","KEGG: hsa04512"
"SSC","Myoid","LAMA1","ITGA9_ITGB1",0.000141215375680569,0,"LAMA1_ITGA9_ITGB1","LAMA1 - (ITGA9+ITGB1)","LAMININ","ECM-Receptor","KEGG: hsa04512"
"Sertoli","Myoid","LAMA1","ITGA9_ITGB1",0.00212405678482206,0,"LAMA1_ITGA9_ITGB1","LAMA1 - (ITGA9+ITGB1)","LAMININ","ECM-Receptor","KEGG: hsa04512"
"Sertoli","Fibroblast","LAMA1","ITGA9_ITGB1",0.00047264735032876,0,"LAMA1_ITGA9_ITGB1","LAMA1 - (ITGA9+ITGB1)","LAMININ","ECM-Receptor","KEGG: hsa04512"
"Sertoli","Endothelial","LAMA1","ITGA9_ITGB1",0.000209488651112769,0,"LAMA1_ITGA9_ITGB1","LAMA1 - (ITGA9+ITGB1)","LAMININ","ECM-Receptor","KEGG: hsa04512"
"Myoid","SSC","LAMA2","ITGA9_ITGB1",9.66338565267969e-05,0,"LAMA2_ITGA9_ITGB1","LAMA2 - (ITGA9+ITGB1)","LAMININ","ECM-Receptor","KEGG: hsa04512"
"Fibroblast","SSC","LAMA2","ITGA9_ITGB1",4.76611919223144e-05,0,"LAMA2_ITGA9_ITGB1","LAMA2 - (ITGA9+ITGB1)","LAMININ","ECM-Receptor","KEGG: hsa04512"
"Myoid","Spermatocyte","LAMA2","ITGA9_ITGB1",0.000164267959586678,0,"LAMA2_ITGA9_ITGB1","LAMA2 - (ITGA9+ITGB1)","LAMININ","ECM-Receptor","KEGG: hsa04512"
"Fibroblast","Spermatocyte","LAMA2","ITGA9_ITGB1",8.10248084386285e-05,0,"LAMA2_ITGA9_ITGB1","LAMA2 - (ITGA9+ITGB1)","LAMININ","ECM-Receptor","KEGG: hsa04512"
"Myoid","Spermatid","LAMA2","ITGA9_ITGB1",0.000100557379524721,0,"LAMA2_ITGA9_ITGB1","LAMA2 - (ITGA9+ITGB1)","LAMININ","ECM-Receptor","KEGG: hsa04512"
"Fibroblast","Spermatid","LAMA2","ITGA9_ITGB1",4.95996147594971e-05,0,"LAMA2_ITGA9_ITGB1","LAMA2 - (ITGA9+ITGB1)","LAMININ","ECM-Receptor","KEGG: hsa04512"
"Spermatid","Sertoli","LAMA2","ITGA9_ITGB1",0.000358258454701459,0,"LAMA2_ITGA9_ITGB1","LAMA2 - (ITGA9+ITGB1)","LAMININ","ECM-Receptor","KEGG: hsa04512"
"Leydig","Sertoli","LAMA2","ITGA9_ITGB1",0.000521215817976988,0,"LAMA2_ITGA9_ITGB1","LAMA2 - (ITGA9+ITGB1)","LAMININ","ECM-Receptor","KEGG: hsa04512"
"Myoid","Sertoli","LAMA2","ITGA9_ITGB1",0.00103825786589976,0,"LAMA2_ITGA9_ITGB1","LAMA2 - (ITGA9+ITGB1)","LAMININ","ECM-Receptor","KEGG: hsa04512"
"Fibroblast","Sertoli","LAMA2","ITGA9_ITGB1",0.000512027155779642,0,"LAMA2_ITGA9_ITGB1","LAMA2 - (ITGA9+ITGB1)","LAMININ","ECM-Receptor","KEGG: hsa04512"
"Spermatocyte","Leydig","LAMA2","ITGA9_ITGB1",0.000227669155353591,0,"LAMA2_ITGA9_ITGB1","LAMA2 - (ITGA9+ITGB1)","LAMININ","ECM-Receptor","KEGG: hsa04512"
"Spermatid","Leydig","LAMA2","ITGA9_ITGB1",0.000261680493517288,0,"LAMA2_ITGA9_ITGB1","LAMA2 - (ITGA9+ITGB1)","LAMININ","ECM-Receptor","KEGG: hsa04512"
"Leydig","Leydig","LAMA2","ITGA9_ITGB1",0.000380609775042347,0,"LAMA2_ITGA9_ITGB1","LAMA2 - (ITGA9+ITGB1)","LAMININ","ECM-Receptor","KEGG: hsa04512"
"Myoid","Leydig","LAMA2","ITGA9_ITGB1",0.000719563099546045,0,"LAMA2_ITGA9_ITGB1","LAMA2 - (ITGA9+ITGB1)","LAMININ","ECM-Receptor","KEGG: hsa04512"
"Fibroblast","Leydig","LAMA2","ITGA9_ITGB1",0.000354769356440513,0,"LAMA2_ITGA9_ITGB1","LAMA2 - (ITGA9+ITGB1)","LAMININ","ECM-Receptor","KEGG: hsa04512"
"Endothelial","Leydig","LAMA2","ITGA9_ITGB1",1.78210840358521e-05,0,"LAMA2_ITGA9_ITGB1","LAMA2 - (ITGA9+ITGB1)","LAMININ","ECM-Receptor","KEGG: hsa04512"
"Spermatocyte","Myoid","LAMA2","ITGA9_ITGB1",7.36131895063266e-05,0,"LAMA2_ITGA9_ITGB1","LAMA2 - (ITGA9+ITGB1)","LAMININ","ECM-Receptor","KEGG: hsa04512"
"Spermatid","Myoid","LAMA2","ITGA9_ITGB1",8.44646420135035e-05,0,"LAMA2_ITGA9_ITGB1","LAMA2 - (ITGA9+ITGB1)","LAMININ","ECM-Receptor","KEGG: hsa04512"
"Leydig","Myoid","LAMA2","ITGA9_ITGB1",0.000122837950244437,0,"LAMA2_ITGA9_ITGB1","LAMA2 - (ITGA9+ITGB1)","LAMININ","ECM-Receptor","KEGG: hsa04512"
"Myoid","Myoid","LAMA2","ITGA9_ITGB1",0.000226997602381991,0,"LAMA2_ITGA9_ITGB1","LAMA2 - (ITGA9+ITGB1)","LAMININ","ECM-Receptor","KEGG: hsa04512"
"Fibroblast","Myoid","LAMA2","ITGA9_ITGB1",0.000111905661409854,0,"LAMA2_ITGA9_ITGB1","LAMA2 - (ITGA9+ITGB1)","LAMININ","ECM-Receptor","KEGG: hsa04512"
"Endothelial","Myoid","LAMA2","ITGA9_ITGB1",5.75821584673872e-06,0,"LAMA2_ITGA9_ITGB1","LAMA2 - (ITGA9+ITGB1)","LAMININ","ECM-Receptor","KEGG: hsa04512"
"Spermatid","Fibroblast","LAMA2","ITGA9_ITGB1",1.76314866746081e-05,0,"LAMA2_ITGA9_ITGB1","LAMA2 - (ITGA9+ITGB1)","LAMININ","ECM-Receptor","KEGG: hsa04512"
"Leydig","Fibroblast","LAMA2","ITGA9_ITGB1",2.56510355040944e-05,0,"LAMA2_ITGA9_ITGB1","LAMA2 - (ITGA9+ITGB1)","LAMININ","ECM-Receptor","KEGG: hsa04512"
"Myoid","Fibroblast","LAMA2","ITGA9_ITGB1",5.09710110974153e-05,0,"LAMA2_ITGA9_ITGB1","LAMA2 - (ITGA9+ITGB1)","LAMININ","ECM-Receptor","KEGG: hsa04512"
"Fibroblast","Fibroblast","LAMA2","ITGA9_ITGB1",2.51365502256079e-05,0,"LAMA2_ITGA9_ITGB1","LAMA2 - (ITGA9+ITGB1)","LAMININ","ECM-Receptor","KEGG: hsa04512"
"Spermatid","Endothelial","LAMA2","ITGA9_ITGB1",7.75273682413088e-06,0.03,"LAMA2_ITGA9_ITGB1","LAMA2 - (ITGA9+ITGB1)","LAMININ","ECM-Receptor","KEGG: hsa04512"
"Myoid","Endothelial","LAMA2","ITGA9_ITGB1",2.26181221941355e-05,0,"LAMA2_ITGA9_ITGB1","LAMA2 - (ITGA9+ITGB1)","LAMININ","ECM-Receptor","KEGG: hsa04512"
"Fibroblast","Endothelial","LAMA2","ITGA9_ITGB1",1.11547219953703e-05,0,"LAMA2_ITGA9_ITGB1","LAMA2 - (ITGA9+ITGB1)","LAMININ","ECM-Receptor","KEGG: hsa04512"
"Sertoli","SSC","LAMA3","ITGA9_ITGB1",0.000780362918547934,0,"LAMA3_ITGA9_ITGB1","LAMA3 - (ITGA9+ITGB1)","LAMININ","ECM-Receptor","KEGG: hsa04512"
"Sertoli","Sertoli","LAMA3","ITGA9_ITGB1",0.00843164229824245,0,"LAMA3_ITGA9_ITGB1","LAMA3 - (ITGA9+ITGB1)","LAMININ","ECM-Receptor","KEGG: hsa04512"
"Sertoli","Leydig","LAMA3","ITGA9_ITGB1",0.00592065088403633,0,"LAMA3_ITGA9_ITGB1","LAMA3 - (ITGA9+ITGB1)","LAMININ","ECM-Receptor","KEGG: hsa04512"
"Sertoli","Myoid","LAMA3","ITGA9_ITGB1",0.00187817438366012,0,"LAMA3_ITGA9_ITGB1","LAMA3 - (ITGA9+ITGB1)","LAMININ","ECM-Receptor","KEGG: hsa04512"
"Sertoli","Fibroblast","LAMA3","ITGA9_ITGB1",0.000414193646153167,0,"LAMA3_ITGA9_ITGB1","LAMA3 - (ITGA9+ITGB1)","LAMININ","ECM-Receptor","KEGG: hsa04512"
"Sertoli","Endothelial","LAMA3","ITGA9_ITGB1",0.000183368762172664,0,"LAMA3_ITGA9_ITGB1","LAMA3 - (ITGA9+ITGB1)","LAMININ","ECM-Receptor","KEGG: hsa04512"
"Myoid","SSC","LAMB1","ITGA9_ITGB1",4.45154724134137e-05,0,"LAMB1_ITGA9_ITGB1","LAMB1 - (ITGA9+ITGB1)","LAMININ","ECM-Receptor","KEGG: hsa04512"
"Fibroblast","SSC","LAMB1","ITGA9_ITGB1",7.63923731255032e-06,0,"LAMB1_ITGA9_ITGB1","LAMB1 - (ITGA9+ITGB1)","LAMININ","ECM-Receptor","KEGG: hsa04512"
"Endothelial","SSC","LAMB1","ITGA9_ITGB1",2.21455521146657e-06,0,"LAMB1_ITGA9_ITGB1","LAMB1 - (ITGA9+ITGB1)","LAMININ","ECM-Receptor","KEGG: hsa04512"
"Myoid","Spermatocyte","LAMB1","ITGA9_ITGB1",7.50526605603551e-05,0,"LAMB1_ITGA9_ITGB1","LAMB1 - (ITGA9+ITGB1)","LAMININ","ECM-Receptor","KEGG: hsa04512"
"Fibroblast","Spermatocyte","LAMB1","ITGA9_ITGB1",1.28213872091517e-05,0,"LAMB1_ITGA9_ITGB1","LAMB1 - (ITGA9+ITGB1)","LAMININ","ECM-Receptor","KEGG: hsa04512"
"Endothelial","Spermatocyte","LAMB1","ITGA9_ITGB1",3.71277701395043e-06,0,"LAMB1_ITGA9_ITGB1","LAMB1 - (ITGA9+ITGB1)","LAMININ","ECM-Receptor","KEGG: hsa04512"
"Myoid","Spermatid","LAMB1","ITGA9_ITGB1",4.59539301407655e-05,0,"LAMB1_ITGA9_ITGB1","LAMB1 - (ITGA9+ITGB1)","LAMININ","ECM-Receptor","KEGG: hsa04512"
"Fibroblast","Spermatid","LAMB1","ITGA9_ITGB1",7.85134338760434e-06,0,"LAMB1_ITGA9_ITGB1","LAMB1 - (ITGA9+ITGB1)","LAMININ","ECM-Receptor","KEGG: hsa04512"
"Endothelial","Spermatid","LAMB1","ITGA9_ITGB1",2.27363296406747e-06,0,"LAMB1_ITGA9_ITGB1","LAMB1 - (ITGA9+ITGB1)","LAMININ","ECM-Receptor","KEGG: hsa04512"
"Myoid","Sertoli","LAMB1","ITGA9_ITGB1",0.000484755422989042,0,"LAMB1_ITGA9_ITGB1","LAMB1 - (ITGA9+ITGB1)","LAMININ","ECM-Receptor","KEGG: hsa04512"
"Fibroblast","Sertoli","LAMB1","ITGA9_ITGB1",8.38182056217004e-05,0,"LAMB1_ITGA9_ITGB1","LAMB1 - (ITGA9+ITGB1)","LAMININ","ECM-Receptor","KEGG: hsa04512"
"Endothelial","Sertoli","LAMB1","ITGA9_ITGB1",2.43425974841714e-05,0,"LAMB1_ITGA9_ITGB1","LAMB1 - (ITGA9+ITGB1)","LAMININ","ECM-Receptor","KEGG: hsa04512"
"Myoid","Leydig","LAMB1","ITGA9_ITGB1",0.000346806366851388,0,"LAMB1_ITGA9_ITGB1","LAMB1 - (ITGA9+ITGB1)","LAMININ","ECM-Receptor","KEGG: hsa04512"
"Fibroblast","Leydig","LAMB1","ITGA9_ITGB1",6.10847478056884e-05,0,"LAMB1_ITGA9_ITGB1","LAMB1 - (ITGA9+ITGB1)","LAMININ","ECM-Receptor","KEGG: hsa04512"
"Endothelial","Leydig","LAMB1","ITGA9_ITGB1",1.78210840358521e-05,0,"LAMB1_ITGA9_ITGB1","LAMB1 - (ITGA9+ITGB1)","LAMININ","ECM-Receptor","KEGG: hsa04512"
"Myoid","Myoid","LAMB1","ITGA9_ITGB1",0.000110909794284786,0,"LAMB1_ITGA9_ITGB1","LAMB1 - (ITGA9+ITGB1)","LAMININ","ECM-Receptor","KEGG: hsa04512"
"Fibroblast","Myoid","LAMB1","ITGA9_ITGB1",1.96966779389252e-05,0,"LAMB1_ITGA9_ITGB1","LAMB1 - (ITGA9+ITGB1)","LAMININ","ECM-Receptor","KEGG: hsa04512"
"Endothelial","Myoid","LAMB1","ITGA9_ITGB1",5.75821584673872e-06,0,"LAMB1_ITGA9_ITGB1","LAMB1 - (ITGA9+ITGB1)","LAMININ","ECM-Receptor","KEGG: hsa04512"
"Myoid","Fibroblast","LAMB1","ITGA9_ITGB1",2.38340122560496e-05,0,"LAMB1_ITGA9_ITGB1","LAMB1 - (ITGA9+ITGB1)","LAMININ","ECM-Receptor","KEGG: hsa04512"
"Fibroblast","Fibroblast","LAMB1","ITGA9_ITGB1",4.12463724765889e-06,0,"LAMB1_ITGA9_ITGB1","LAMB1 - (ITGA9+ITGB1)","LAMININ","ECM-Receptor","KEGG: hsa04512"
"Endothelial","Fibroblast","LAMB1","ITGA9_ITGB1",1.19813273094638e-06,0,"LAMB1_ITGA9_ITGB1","LAMB1 - (ITGA9+ITGB1)","LAMININ","ECM-Receptor","KEGG: hsa04512"
"Myoid","Endothelial","LAMB1","ITGA9_ITGB1",1.05172814386297e-05,0,"LAMB1_ITGA9_ITGB1","LAMB1 - (ITGA9+ITGB1)","LAMININ","ECM-Receptor","KEGG: hsa04512"
"Fibroblast","Endothelial","LAMB1","ITGA9_ITGB1",1.81433635071264e-06,0,"LAMB1_ITGA9_ITGB1","LAMB1 - (ITGA9+ITGB1)","LAMININ","ECM-Receptor","KEGG: hsa04512"
"Endothelial","Endothelial","LAMB1","ITGA9_ITGB1",5.26627478650058e-07,0,"LAMB1_ITGA9_ITGB1","LAMB1 - (ITGA9+ITGB1)","LAMININ","ECM-Receptor","KEGG: hsa04512"
"Spermatocyte","SSC","LAMB2","ITGA9_ITGB1",8.354784390274e-06,0,"LAMB2_ITGA9_ITGB1","LAMB2 - (ITGA9+ITGB1)","LAMININ","ECM-Receptor","KEGG: hsa04512"
"Spermatocyte","Spermatocyte","LAMB2","ITGA9_ITGB1",1.39923813018069e-05,0,"LAMB2_ITGA9_ITGB1","LAMB2 - (ITGA9+ITGB1)","LAMININ","ECM-Receptor","KEGG: hsa04512"
"Spermatocyte","Spermatid","LAMB2","ITGA9_ITGB1",8.56890250119384e-06,0,"LAMB2_ITGA9_ITGB1","LAMB2 - (ITGA9+ITGB1)","LAMININ","ECM-Receptor","KEGG: hsa04512"
"Spermatocyte","Sertoli","LAMB2","ITGA9_ITGB1",9.19987491314972e-05,0,"LAMB2_ITGA9_ITGB1","LAMB2 - (ITGA9+ITGB1)","LAMININ","ECM-Receptor","KEGG: hsa04512"
"Spermatocyte","Leydig","LAMB2","ITGA9_ITGB1",6.76502971049672e-05,0,"LAMB2_ITGA9_ITGB1","LAMB2 - (ITGA9+ITGB1)","LAMININ","ECM-Receptor","KEGG: hsa04512"
"Spermatocyte","Myoid","LAMB2","ITGA9_ITGB1",2.19027781371442e-05,0,"LAMB2_ITGA9_ITGB1","LAMB2 - (ITGA9+ITGB1)","LAMININ","ECM-Receptor","KEGG: hsa04512"
"Spermatocyte","Fibroblast","LAMB2","ITGA9_ITGB1",4.52905691065675e-06,0,"LAMB2_ITGA9_ITGB1","LAMB2 - (ITGA9+ITGB1)","LAMININ","ECM-Receptor","KEGG: hsa04512"
"Spermatocyte","Endothelial","LAMB2","ITGA9_ITGB1",1.98922215556532e-06,0,"LAMB2_ITGA9_ITGB1","LAMB2 - (ITGA9+ITGB1)","LAMININ","ECM-Receptor","KEGG: hsa04512"
"Sertoli","SSC","LAMC1","ITGA9_ITGB1",0.000191221110843191,0,"LAMC1_ITGA9_ITGB1","LAMC1 - (ITGA9+ITGB1)","LAMININ","ECM-Receptor","KEGG: hsa04512"
"SSC","Sertoli","LAMC1","ITGA9_ITGB1",0.000216116601343802,0,"LAMC1_ITGA9_ITGB1","LAMC1 - (ITGA9+ITGB1)","LAMININ","ECM-Receptor","KEGG: hsa04512"
"Sertoli","Sertoli","LAMC1","ITGA9_ITGB1",0.00209657602345615,0,"LAMC1_ITGA9_ITGB1","LAMC1 - (ITGA9+ITGB1)","LAMININ","ECM-Receptor","KEGG: hsa04512"
"Leydig","Sertoli","LAMC1","ITGA9_ITGB1",0.000337254123537768,0.01,"LAMC1_ITGA9_ITGB1","LAMC1 - (ITGA9+ITGB1)","LAMININ","ECM-Receptor","KEGG: hsa04512"
"Myoid","Sertoli","LAMC1","ITGA9_ITGB1",0.000121795516565841,0,"LAMC1_ITGA9_ITGB1","LAMC1 - (ITGA9+ITGB1)","LAMININ","ECM-Receptor","KEGG: hsa04512"
"Fibroblast","Sertoli","LAMC1","ITGA9_ITGB1",7.81667513819498e-05,0,"LAMC1_ITGA9_ITGB1","LAMC1 - (ITGA9+ITGB1)","LAMININ","ECM-Receptor","KEGG: hsa04512"
"Endothelial","Sertoli","LAMC1","ITGA9_ITGB1",3.64203518082655e-05,0,"LAMC1_ITGA9_ITGB1","LAMC1 - (ITGA9+ITGB1)","LAMININ","ECM-Receptor","KEGG: hsa04512"
"SSC","Leydig","LAMC1","ITGA9_ITGB1",0.000157830043330183,0,"LAMC1_ITGA9_ITGB1","LAMC1 - (ITGA9+ITGB1)","LAMININ","ECM-Receptor","KEGG: hsa04512"
"Sertoli","Leydig","LAMC1","ITGA9_ITGB1",0.00152520232758212,0,"LAMC1_ITGA9_ITGB1","LAMC1 - (ITGA9+ITGB1)","LAMININ","ECM-Receptor","KEGG: hsa04512"
"Leydig","Leydig","LAMC1","ITGA9_ITGB1",0.000246986200068519,0,"LAMC1_ITGA9_ITGB1","LAMC1 - (ITGA9+ITGB1)","LAMININ","ECM-Receptor","KEGG: hsa04512"
"Myoid","Leydig","LAMC1","ITGA9_ITGB1",8.90204117868635e-05,0,"LAMC1_ITGA9_ITGB1","LAMC1 - (ITGA9+ITGB1)","LAMININ","ECM-Receptor","KEGG: hsa04512"
"Fibroblast","Leydig","LAMC1","ITGA9_ITGB1",5.70050865617819e-05,0,"LAMC1_ITGA9_ITGB1","LAMC1 - (ITGA9+ITGB1)","LAMININ","ECM-Receptor","KEGG: hsa04512"
"Endothelial","Leydig","LAMC1","ITGA9_ITGB1",2.65887829823661e-05,0,"LAMC1_ITGA9_ITGB1","LAMC1 - (ITGA9+ITGB1)","LAMININ","ECM-Receptor","KEGG: hsa04512"
"SSC","Myoid","LAMC1","ITGA9_ITGB1",5.09401298592448e-05,0,"LAMC1_ITGA9_ITGB1","LAMC1 - (ITGA9+ITGB1)","LAMININ","ECM-Receptor","KEGG: hsa04512"
"Spermatocyte","Myoid","LAMC1","ITGA9_ITGB1",4.16120063643524e-05,0.04,"LAMC1_ITGA9_ITGB1","LAMC1 - (ITGA9+ITGB1)","LAMININ","ECM-Receptor","KEGG: hsa04512"
"Sertoli","Myoid","LAMC1","ITGA9_ITGB1",0.000491402143940739,0,"LAMC1_ITGA9_ITGB1","LAMC1 - (ITGA9+ITGB1)","LAMININ","ECM-Receptor","KEGG: hsa04512"
"Leydig","Myoid","LAMC1","ITGA9_ITGB1",7.98167223556704e-05,0,"LAMC1_ITGA9_ITGB1","LAMC1 - (ITGA9+ITGB1)","LAMININ","ECM-Receptor","KEGG: hsa04512"
"Myoid","Myoid","LAMC1","ITGA9_ITGB1",2.87423070354998e-05,0,"LAMC1_ITGA9_ITGB1","LAMC1 - (ITGA9+ITGB1)","LAMININ","ECM-Receptor","KEGG: hsa04512"
"Fibroblast","Myoid","LAMC1","ITGA9_ITGB1",1.83868790944526e-05,0,"LAMC1_ITGA9_ITGB1","LAMC1 - (ITGA9+ITGB1)","LAMININ","ECM-Receptor","KEGG: hsa04512"
"Endothelial","Myoid","LAMC1","ITGA9_ITGB1",8.58029414610784e-06,0,"LAMC1_ITGA9_ITGB1","LAMC1 - (ITGA9+ITGB1)","LAMININ","ECM-Receptor","KEGG: hsa04512"
"SSC","Fibroblast","LAMC1","ITGA9_ITGB1",1.06359734470589e-05,0,"LAMC1_ITGA9_ITGB1","LAMC1 - (ITGA9+ITGB1)","LAMININ","ECM-Receptor","KEGG: hsa04512"
"Sertoli","Fibroblast","LAMC1","ITGA9_ITGB1",0.000103162579003258,0,"LAMC1_ITGA9_ITGB1","LAMC1 - (ITGA9+ITGB1)","LAMININ","ECM-Receptor","KEGG: hsa04512"
"Myoid","Fibroblast","LAMC1","ITGA9_ITGB1",5.99427688517923e-06,0,"LAMC1_ITGA9_ITGB1","LAMC1 - (ITGA9+ITGB1)","LAMININ","ECM-Receptor","KEGG: hsa04512"
"Fibroblast","Fibroblast","LAMC1","ITGA9_ITGB1",3.84665410414333e-06,0,"LAMC1_ITGA9_ITGB1","LAMC1 - (ITGA9+ITGB1)","LAMININ","ECM-Receptor","KEGG: hsa04512"
"Endothelial","Fibroblast","LAMC1","ITGA9_ITGB1",1.79236513410503e-06,0.01,"LAMC1_ITGA9_ITGB1","LAMC1 - (ITGA9+ITGB1)","LAMININ","ECM-Receptor","KEGG: hsa04512"
"SSC","Endothelial","LAMC1","ITGA9_ITGB1",4.67687490060842e-06,0.03,"LAMC1_ITGA9_ITGB1","LAMC1 - (ITGA9+ITGB1)","LAMININ","ECM-Receptor","KEGG: hsa04512"
"Sertoli","Endothelial","LAMC1","ITGA9_ITGB1",4.53927105935359e-05,0,"LAMC1_ITGA9_ITGB1","LAMC1 - (ITGA9+ITGB1)","LAMININ","ECM-Receptor","KEGG: hsa04512"
"Fibroblast","Endothelial","LAMC1","ITGA9_ITGB1",1.69186167029321e-06,0,"LAMC1_ITGA9_ITGB1","LAMC1 - (ITGA9+ITGB1)","LAMININ","ECM-Receptor","KEGG: hsa04512"
"Endothelial","Endothelial","LAMC1","ITGA9_ITGB1",7.88188131236943e-07,0.04,"LAMC1_ITGA9_ITGB1","LAMC1 - (ITGA9+ITGB1)","LAMININ","ECM-Receptor","KEGG: hsa04512"
"Myoid","SSC","LAMC3","ITGA9_ITGB1",1.37816516457149e-05,0,"LAMC3_ITGA9_ITGB1","LAMC3 - (ITGA9+ITGB1)","LAMININ","ECM-Receptor","KEGG: hsa04512"
"Fibroblast","SSC","LAMC3","ITGA9_ITGB1",5.8643865817015e-06,0,"LAMC3_ITGA9_ITGB1","LAMC3 - (ITGA9+ITGB1)","LAMININ","ECM-Receptor","KEGG: hsa04512"
"Myoid","Spermatocyte","LAMC3","ITGA9_ITGB1",2.3124148517923e-05,0,"LAMC3_ITGA9_ITGB1","LAMC3 - (ITGA9+ITGB1)","LAMININ","ECM-Receptor","KEGG: hsa04512"
"Fibroblast","Spermatocyte","LAMC3","ITGA9_ITGB1",9.83699211689993e-06,0,"LAMC3_ITGA9_ITGB1","LAMC3 - (ITGA9+ITGB1)","LAMININ","ECM-Receptor","KEGG: hsa04512"
"Myoid","Spermatid","LAMC3","ITGA9_ITGB1",1.41604776762242e-05,0,"LAMC3_ITGA9_ITGB1","LAMC3 - (ITGA9+ITGB1)","LAMININ","ECM-Receptor","KEGG: hsa04512"
"Fibroblast","Spermatid","LAMC3","ITGA9_ITGB1",6.02390044313587e-06,0,"LAMC3_ITGA9_ITGB1","LAMC3 - (ITGA9+ITGB1)","LAMININ","ECM-Receptor","KEGG: hsa04512"
"Myoid","Sertoli","LAMC3","ITGA9_ITGB1",0.000151283438347086,0,"LAMC3_ITGA9_ITGB1","LAMC3 - (ITGA9+ITGB1)","LAMININ","ECM-Receptor","KEGG: hsa04512"
"Fibroblast","Sertoli","LAMC3","ITGA9_ITGB1",6.44053118026752e-05,0,"LAMC3_ITGA9_ITGB1","LAMC3 - (ITGA9+ITGB1)","LAMININ","ECM-Receptor","KEGG: hsa04512"
"Myoid","Leydig","LAMC3","ITGA9_ITGB1",0.000110379177078057,0,"LAMC3_ITGA9_ITGB1","LAMC3 - (ITGA9+ITGB1)","LAMININ","ECM-Receptor","KEGG: hsa04512"
"Fibroblast","Leydig","LAMC3","ITGA9_ITGB1",4.70476115995511e-05,0,"LAMC3_ITGA9_ITGB1","LAMC3 - (ITGA9+ITGB1)","LAMININ","ECM-Receptor","KEGG: hsa04512"
"Myoid","Myoid","LAMC3","ITGA9_ITGB1",3.5610156943061e-05,0,"LAMC3_ITGA9_ITGB1","LAMC3 - (ITGA9+ITGB1)","LAMININ","ECM-Receptor","KEGG: hsa04512"
"Fibroblast","Myoid","LAMC3","ITGA9_ITGB1",1.51865717399463e-05,0,"LAMC3_ITGA9_ITGB1","LAMC3 - (ITGA9+ITGB1)","LAMININ","ECM-Receptor","KEGG: hsa04512"
"Myoid","Fibroblast","LAMC3","ITGA9_ITGB1",7.44495113627517e-06,0,"LAMC3_ITGA9_ITGB1","LAMC3 - (ITGA9+ITGB1)","LAMININ","ECM-Receptor","KEGG: hsa04512"
"Fibroblast","Fibroblast","LAMC3","ITGA9_ITGB1",3.16968463678646e-06,0,"LAMC3_ITGA9_ITGB1","LAMC3 - (ITGA9+ITGB1)","LAMININ","ECM-Receptor","KEGG: hsa04512"
"Myoid","Endothelial","LAMC3","ITGA9_ITGB1",3.27422860137713e-06,0,"LAMC3_ITGA9_ITGB1","LAMC3 - (ITGA9+ITGB1)","LAMININ","ECM-Receptor","KEGG: hsa04512"
"Fibroblast","Endothelial","LAMC3","ITGA9_ITGB1",1.39371904458504e-06,0,"LAMC3_ITGA9_ITGB1","LAMC3 - (ITGA9+ITGB1)","LAMININ","ECM-Receptor","KEGG: hsa04512"
"SSC","Sertoli","LAMA1","ITGAV_ITGB8",0.00087718036727989,0,"LAMA1_ITGAV_ITGB8","LAMA1 - (ITGAV+ITGB8)","LAMININ","ECM-Receptor","KEGG: hsa04512"
"Sertoli","Sertoli","LAMA1","ITGAV_ITGB8",0.0136044603112605,0,"LAMA1_ITGAV_ITGB8","LAMA1 - (ITGAV+ITGB8)","LAMININ","ECM-Receptor","KEGG: hsa04512"
"Spermatocyte","Sertoli","LAMA2","ITGAV_ITGB8",0.00044875077851802,0,"LAMA2_ITGAV_ITGB8","LAMA2 - (ITGAV+ITGB8)","LAMININ","ECM-Receptor","KEGG: hsa04512"
"Spermatid","Sertoli","LAMA2","ITGAV_ITGB8",0.00051688574876867,0,"LAMA2_ITGAV_ITGB8","LAMA2 - (ITGAV+ITGB8)","LAMININ","ECM-Receptor","KEGG: hsa04512"
"Leydig","Sertoli","LAMA2","ITGAV_ITGB8",0.00075191046803143,0,"LAMA2_ITGAV_ITGB8","LAMA2 - (ITGAV+ITGB8)","LAMININ","ECM-Receptor","KEGG: hsa04512"
"Myoid","Sertoli","LAMA2","ITGAV_ITGB8",0.00146322242538907,0,"LAMA2_ITGAV_ITGB8","LAMA2 - (ITGAV+ITGB8)","LAMININ","ECM-Receptor","KEGG: hsa04512"
"Fibroblast","Sertoli","LAMA2","ITGAV_ITGB8",0.000721519368814142,0,"LAMA2_ITGAV_ITGB8","LAMA2 - (ITGAV+ITGB8)","LAMININ","ECM-Receptor","KEGG: hsa04512"
"Endothelial","Sertoli","LAMA2","ITGAV_ITGB8",3.51561826912832e-05,0,"LAMA2_ITGAV_ITGB8","LAMA2 - (ITGAV+ITGB8)","LAMININ","ECM-Receptor","KEGG: hsa04512"
"Sertoli","Sertoli","LAMA3","ITGAV_ITGB8",0.0119533374985315,0,"LAMA3_ITGAV_ITGB8","LAMA3 - (ITGAV+ITGB8)","LAMININ","ECM-Receptor","KEGG: hsa04512"
"Myoid","Sertoli","LAMA3","ITGAV_ITGB8",0.000167367624223697,0,"LAMA3_ITGAV_ITGB8","LAMA3 - (ITGAV+ITGB8)","LAMININ","ECM-Receptor","KEGG: hsa04512"
"Myoid","Sertoli","LAMB1","ITGAV_ITGB8",0.00069299467993788,0,"LAMB1_ITGAV_ITGB8","LAMB1 - (ITGAV+ITGB8)","LAMININ","ECM-Receptor","KEGG: hsa04512"
"Fibroblast","Sertoli","LAMB1","ITGAV_ITGB8",0.000120810432287265,0,"LAMB1_ITGAV_ITGB8","LAMB1 - (ITGAV+ITGB8)","LAMININ","ECM-Receptor","KEGG: hsa04512"
"Endothelial","Sertoli","LAMB1","ITGAV_ITGB8",3.51561826912832e-05,0,"LAMB1_ITGAV_ITGB8","LAMB1 - (ITGAV+ITGB8)","LAMININ","ECM-Receptor","KEGG: hsa04512"
"Spermatocyte","Sertoli","LAMB2","ITGAV_ITGB8",0.000133125217531072,0,"LAMB2_ITGAV_ITGB8","LAMB2 - (ITGAV+ITGB8)","LAMININ","ECM-Receptor","KEGG: hsa04512"
"SSC","Sertoli","LAMC1","ITGAV_ITGB8",0.000311784079478267,0,"LAMC1_ITGAV_ITGB8","LAMC1 - (ITGAV+ITGB8)","LAMININ","ECM-Receptor","KEGG: hsa04512"
"Spermatocyte","Sertoli","LAMC1","ITGAV_ITGB8",0.000253203917739,0,"LAMC1_ITGAV_ITGB8","LAMC1 - (ITGAV+ITGB8)","LAMININ","ECM-Receptor","KEGG: hsa04512"
"Spermatid","Sertoli","LAMC1","ITGAV_ITGB8",0.000129406218491205,0,"LAMC1_ITGAV_ITGB8","LAMC1 - (ITGAV+ITGB8)","LAMININ","ECM-Receptor","KEGG: hsa04512"
"Sertoli","Sertoli","LAMC1","ITGAV_ITGB8",0.00301949056792407,0,"LAMC1_ITGAV_ITGB8","LAMC1 - (ITGAV+ITGB8)","LAMININ","ECM-Receptor","KEGG: hsa04512"
"Leydig","Sertoli","LAMC1","ITGAV_ITGB8",0.000487143871075891,0,"LAMC1_ITGAV_ITGB8","LAMC1 - (ITGAV+ITGB8)","LAMININ","ECM-Receptor","KEGG: hsa04512"
"Myoid","Sertoli","LAMC1","ITGAV_ITGB8",0.000175773816949878,0,"LAMC1_ITGAV_ITGB8","LAMC1 - (ITGAV+ITGB8)","LAMININ","ECM-Receptor","KEGG: hsa04512"
"Fibroblast","Sertoli","LAMC1","ITGAV_ITGB8",0.000112698755705946,0,"LAMC1_ITGAV_ITGB8","LAMC1 - (ITGAV+ITGB8)","LAMININ","ECM-Receptor","KEGG: hsa04512"
"Endothelial","Sertoli","LAMC1","ITGAV_ITGB8",5.25345600350882e-05,0,"LAMC1_ITGAV_ITGB8","LAMC1 - (ITGAV+ITGB8)","LAMININ","ECM-Receptor","KEGG: hsa04512"
"Myoid","Sertoli","LAMC3","ITGAV_ITGB8",0.000218161665719894,0,"LAMC3_ITGAV_ITGB8","LAMC3 - (ITGAV+ITGB8)","LAMININ","ECM-Receptor","KEGG: hsa04512"
"Fibroblast","Sertoli","LAMC3","ITGAV_ITGB8",9.29261293117721e-05,0,"LAMC3_ITGAV_ITGB8","LAMC3 - (ITGAV+ITGB8)","LAMININ","ECM-Receptor","KEGG: hsa04512"
"SSC","Sertoli","LAMA1","SV2C",0.000191535207583072,0,"LAMA1_SV2C","LAMA1 - SV2C","LAMININ","ECM-Receptor","KEGG: hsa04512"
"Spermatocyte","Sertoli","LAMA1","SV2C",0.000120806214283292,0,"LAMA1_SV2C","LAMA1 - SV2C","LAMININ","ECM-Receptor","KEGG: hsa04512"
"Spermatid","Sertoli","LAMA1","SV2C",7.81995382675859e-05,0,"LAMA1_SV2C","LAMA1 - SV2C","LAMININ","ECM-Receptor","KEGG: hsa04512"
"Sertoli","Sertoli","LAMA1","SV2C",0.00308070590962276,0,"LAMA1_SV2C","LAMA1 - SV2C","LAMININ","ECM-Receptor","KEGG: hsa04512"
"Leydig","Sertoli","LAMA1","SV2C",0.000165027423802825,0,"LAMA1_SV2C","LAMA1 - SV2C","LAMININ","ECM-Receptor","KEGG: hsa04512"
"Myoid","Sertoli","LAMA1","SV2C",4.11873021236025e-05,0,"LAMA1_SV2C","LAMA1 - SV2C","LAMININ","ECM-Receptor","KEGG: hsa04512"
"Endothelial","Sertoli","LAMA1","SV2C",9.27499311520243e-06,0,"LAMA1_SV2C","LAMA1 - SV2C","LAMININ","ECM-Receptor","KEGG: hsa04512"
"Spermatocyte","Sertoli","LAMA2","SV2C",9.59354770763976e-05,0,"LAMA2_SV2C","LAMA2 - SV2C","LAMININ","ECM-Receptor","KEGG: hsa04512"
"Spermatid","Sertoli","LAMA2","SV2C",0.00011097354651537,0,"LAMA2_SV2C","LAMA2 - SV2C","LAMININ","ECM-Receptor","KEGG: hsa04512"
"Leydig","Sertoli","LAMA2","SV2C",0.000161479681745714,0,"LAMA2_SV2C","LAMA2 - SV2C","LAMININ","ECM-Receptor","KEGG: hsa04512"
"Myoid","Sertoli","LAMA2","SV2C",0.000333972919122482,0,"LAMA2_SV2C","LAMA2 - SV2C","LAMININ","ECM-Receptor","KEGG: hsa04512"
"Fibroblast","Sertoli","LAMA2","SV2C",0.000164733562924562,0,"LAMA2_SV2C","LAMA2 - SV2C","LAMININ","ECM-Receptor","KEGG: hsa04512"
"Endothelial","Sertoli","LAMA2","SV2C",7.52852781863254e-06,0,"LAMA2_SV2C","LAMA2 - SV2C","LAMININ","ECM-Receptor","KEGG: hsa04512"
"Spermatocyte","Sertoli","LAMA3","SV2C",3.70813254051369e-05,0,"LAMA3_SV2C","LAMA3 - SV2C","LAMININ","ECM-Receptor","KEGG: hsa04512"
"Spermatid","Sertoli","LAMA3","SV2C",2.60483186664863e-05,0,"LAMA3_SV2C","LAMA3 - SV2C","LAMININ","ECM-Receptor","KEGG: hsa04512"
"Sertoli","Sertoli","LAMA3","SV2C",0.00268589549820307,0,"LAMA3_SV2C","LAMA3 - SV2C","LAMININ","ECM-Receptor","KEGG: hsa04512"
"Myoid","Sertoli","LAMA3","SV2C",3.58927639674488e-05,0,"LAMA3_SV2C","LAMA3 - SV2C","LAMININ","ECM-Receptor","KEGG: hsa04512"
"Myoid","Sertoli","LAMB1","SV2C",0.000152349554515358,0,"LAMB1_SV2C","LAMB1 - SV2C","LAMININ","ECM-Receptor","KEGG: hsa04512"
"Fibroblast","Sertoli","LAMB1","SV2C",2.60037349045305e-05,0,"LAMB1_SV2C","LAMB1 - SV2C","LAMININ","ECM-Receptor","KEGG: hsa04512"
"Endothelial","Sertoli","LAMB1","SV2C",7.52852781863254e-06,0,"LAMB1_SV2C","LAMB1 - SV2C","LAMININ","ECM-Receptor","KEGG: hsa04512"
"Spermatocyte","Sertoli","LAMB2","SV2C",2.83672067653404e-05,0,"LAMB2_SV2C","LAMB2 - SV2C","LAMININ","ECM-Receptor","KEGG: hsa04512"
"SSC","Sertoli","LAMC1","SV2C",6.69516847636523e-05,0,"LAMC1_SV2C","LAMC1 - SV2C","LAMININ","ECM-Receptor","KEGG: hsa04512"
"Spermatocyte","Sertoli","LAMC1","SV2C",5.402135951375e-05,0,"LAMC1_SV2C","LAMC1 - SV2C","LAMININ","ECM-Receptor","KEGG: hsa04512"
"Spermatid","Sertoli","LAMC1","SV2C",2.75981046603415e-05,0,"LAMC1_SV2C","LAMC1 - SV2C","LAMININ","ECM-Receptor","KEGG: hsa04512"
"Sertoli","Sertoli","LAMC1","SV2C",0.000651245331746479,0,"LAMC1_SV2C","LAMC1 - SV2C","LAMININ","ECM-Receptor","KEGG: hsa04512"
"Leydig","Sertoli","LAMC1","SV2C",0.000104279533891748,0,"LAMC1_SV2C","LAMC1 - SV2C","LAMININ","ECM-Receptor","KEGG: hsa04512"
"Myoid","Sertoli","LAMC1","SV2C",3.7710290918003e-05,0,"LAMC1_SV2C","LAMC1 - SV2C","LAMININ","ECM-Receptor","KEGG: hsa04512"
"Fibroblast","Sertoli","LAMC1","SV2C",2.42390061130445e-05,0,"LAMC1_SV2C","LAMC1 - SV2C","LAMININ","ECM-Receptor","KEGG: hsa04512"
"Endothelial","Sertoli","LAMC1","SV2C",1.12854437456056e-05,0,"LAMC1_SV2C","LAMC1 - SV2C","LAMININ","ECM-Receptor","KEGG: hsa04512"
"Myoid","Sertoli","LAMC3","SV2C",4.68968447530546e-05,0,"LAMC3_SV2C","LAMC3 - SV2C","LAMININ","ECM-Receptor","KEGG: hsa04512"
"Fibroblast","Sertoli","LAMC3","SV2C",1.9948790369595e-05,0,"LAMC3_SV2C","LAMC3 - SV2C","LAMININ","ECM-Receptor","KEGG: hsa04512"
"Sertoli","SSC","LAMA1","DAG1",0.000740480769469569,0,"LAMA1_DAG1","LAMA1 - DAG1","LAMININ","ECM-Receptor","KEGG: hsa04512"
"SSC","Sertoli","LAMA1","DAG1",0.000746059683045905,0,"LAMA1_DAG1","LAMA1 - DAG1","LAMININ","ECM-Receptor","KEGG: hsa04512"
"Sertoli","Sertoli","LAMA1","DAG1",0.011650514925138,0,"LAMA1_DAG1","LAMA1 - DAG1","LAMININ","ECM-Receptor","KEGG: hsa04512"
"Spermatid","SSC","LAMA2","DAG1",2.69083384607317e-05,0,"LAMA2_DAG1","LAMA2 - DAG1","LAMININ","ECM-Receptor","KEGG: hsa04512"
"Leydig","SSC","LAMA2","DAG1",3.91529880523586e-05,0,"LAMA2_DAG1","LAMA2 - DAG1","LAMININ","ECM-Receptor","KEGG: hsa04512"
"Myoid","SSC","LAMA2","DAG1",8.01671036031201e-05,0,"LAMA2_DAG1","LAMA2 - DAG1","LAMININ","ECM-Receptor","KEGG: hsa04512"
"Fibroblast","SSC","LAMA2","DAG1",3.95407133493248e-05,0,"LAMA2_DAG1","LAMA2 - DAG1","LAMININ","ECM-Receptor","KEGG: hsa04512"
"Myoid","Spermatocyte","LAMA2","DAG1",4.8183377210833e-05,0,"LAMA2_DAG1","LAMA2 - DAG1","LAMININ","ECM-Receptor","KEGG: hsa04512"
"Fibroblast","Spermatocyte","LAMA2","DAG1",2.37680881484295e-05,0,"LAMA2_DAG1","LAMA2 - DAG1","LAMININ","ECM-Receptor","KEGG: hsa04512"
"Spermatocyte","Sertoli","LAMA2","DAG1",0.00038011775040826,0,"LAMA2_DAG1","LAMA2 - DAG1","LAMININ","ECM-Receptor","KEGG: hsa04512"
"Spermatid","Sertoli","LAMA2","DAG1",0.000438194505517884,0,"LAMA2_DAG1","LAMA2 - DAG1","LAMININ","ECM-Receptor","KEGG: hsa04512"
"Leydig","Sertoli","LAMA2","DAG1",0.000637474898411056,0,"LAMA2_DAG1","LAMA2 - DAG1","LAMININ","ECM-Receptor","KEGG: hsa04512"
"Myoid","Sertoli","LAMA2","DAG1",0.00125490057981316,0,"LAMA2_DAG1","LAMA2 - DAG1","LAMININ","ECM-Receptor","KEGG: hsa04512"
"Fibroblast","Sertoli","LAMA2","DAG1",0.000618830248136346,0,"LAMA2_DAG1","LAMA2 - DAG1","LAMININ","ECM-Receptor","KEGG: hsa04512"
"Endothelial","Sertoli","LAMA2","DAG1",2.97891010880782e-05,0,"LAMA2_DAG1","LAMA2 - DAG1","LAMININ","ECM-Receptor","KEGG: hsa04512"
"Sertoli","SSC","LAMA3","DAG1",0.000646423221318289,0,"LAMA3_DAG1","LAMA3 - DAG1","LAMININ","ECM-Receptor","KEGG: hsa04512"
"Sertoli","Sertoli","LAMA3","DAG1",0.0102217553995463,0,"LAMA3_DAG1","LAMA3 - DAG1","LAMININ","ECM-Receptor","KEGG: hsa04512"
"Myoid","SSC","LAMB1","DAG1",3.6799241553445e-05,0,"LAMB1_DAG1","LAMB1 - DAG1","LAMININ","ECM-Receptor","KEGG: hsa04512"
"Fibroblast","SSC","LAMB1","DAG1",6.30267827713525e-06,0,"LAMB1_DAG1","LAMB1 - DAG1","LAMININ","ECM-Receptor","KEGG: hsa04512"
"Endothelial","SSC","LAMB1","DAG1",1.82623530642792e-06,0,"LAMB1_DAG1","LAMB1 - DAG1","LAMININ","ECM-Receptor","KEGG: hsa04512"
"Myoid","Spermatocyte","LAMB1","DAG1",2.18221380527396e-05,0,"LAMB1_DAG1","LAMB1 - DAG1","LAMININ","ECM-Receptor","KEGG: hsa04512"
"Fibroblast","Spermatocyte","LAMB1","DAG1",3.7101250103337e-06,0,"LAMB1_DAG1","LAMB1 - DAG1","LAMININ","ECM-Receptor","KEGG: hsa04512"
"Endothelial","Spermatocyte","LAMB1","DAG1",1.07314100899639e-06,0,"LAMB1_DAG1","LAMB1 - DAG1","LAMININ","ECM-Receptor","KEGG: hsa04512"
"Myoid","Sertoli","LAMB1","DAG1",0.000590170463014369,0,"LAMB1_DAG1","LAMB1 - DAG1","LAMININ","ECM-Receptor","KEGG: hsa04512"
"Fibroblast","Sertoli","LAMB1","DAG1",0.000102468664107996,0,"LAMB1_DAG1","LAMB1 - DAG1","LAMININ","ECM-Receptor","KEGG: hsa04512"
"Endothelial","Sertoli","LAMB1","DAG1",2.97891010880782e-05,0,"LAMB1_DAG1","LAMB1 - DAG1","LAMININ","ECM-Receptor","KEGG: hsa04512"
"Spermatocyte","SSC","LAMB2","DAG1",6.88664459292814e-06,0,"LAMB2_DAG1","LAMB2 - DAG1","LAMININ","ECM-Receptor","KEGG: hsa04512"
"Spermatocyte","Spermatocyte","LAMB2","DAG1",4.03991753187753e-06,0,"LAMB2_DAG1","LAMB2 - DAG1","LAMININ","ECM-Receptor","KEGG: hsa04512"
"Spermatocyte","Sertoli","LAMB2","DAG1",0.000112693042083665,0,"LAMB2_DAG1","LAMB2 - DAG1","LAMININ","ECM-Receptor","KEGG: hsa04512"
"SSC","SSC","LAMC1","DAG1",1.62336298385989e-05,0,"LAMC1_DAG1","LAMC1 - DAG1","LAMININ","ECM-Receptor","KEGG: hsa04512"
"Sertoli","SSC","LAMC1","DAG1",0.000157794634596099,0,"LAMC1_DAG1","LAMC1 - DAG1","LAMININ","ECM-Receptor","KEGG: hsa04512"
"Leydig","SSC","LAMC1","DAG1",2.52972000742113e-05,0.02,"LAMC1_DAG1","LAMC1 - DAG1","LAMININ","ECM-Receptor","KEGG: hsa04512"
"Myoid","SSC","LAMC1","DAG1",9.14489210752717e-06,0,"LAMC1_DAG1","LAMC1 - DAG1","LAMININ","ECM-Receptor","KEGG: hsa04512"
"Fibroblast","SSC","LAMC1","DAG1",5.87568159394365e-06,0,"LAMC1_DAG1","LAMC1 - DAG1","LAMININ","ECM-Receptor","KEGG: hsa04512"
"Endothelial","SSC","LAMC1","DAG1",2.73618896298541e-06,0,"LAMC1_DAG1","LAMC1 - DAG1","LAMININ","ECM-Receptor","KEGG: hsa04512"
"SSC","Sertoli","LAMC1","DAG1",0.000264327488498814,0,"LAMC1_DAG1","LAMC1 - DAG1","LAMININ","ECM-Receptor","KEGG: hsa04512"
"Spermatocyte","Sertoli","LAMC1","DAG1",0.000214393807882626,0,"LAMC1_DAG1","LAMC1 - DAG1","LAMININ","ECM-Receptor","KEGG: hsa04512"
"Sertoli","Sertoli","LAMC1","DAG1",0.00256206625602429,0,"LAMC1_DAG1","LAMC1 - DAG1","LAMININ","ECM-Receptor","KEGG: hsa04512"
"Leydig","Sertoli","LAMC1","DAG1",0.000412743817553492,0,"LAMC1_DAG1","LAMC1 - DAG1","LAMININ","ECM-Receptor","KEGG: hsa04512"
"Myoid","Sertoli","LAMC1","DAG1",0.000148992583960232,0,"LAMC1_DAG1","LAMC1 - DAG1","LAMININ","ECM-Receptor","KEGG: hsa04512"
"Fibroblast","Sertoli","LAMC1","DAG1",9.55742302958893e-05,0,"LAMC1_DAG1","LAMC1 - DAG1","LAMININ","ECM-Receptor","KEGG: hsa04512"
"Endothelial","Sertoli","LAMC1","DAG1",4.45415841121861e-05,0,"LAMC1_DAG1","LAMC1 - DAG1","LAMININ","ECM-Receptor","KEGG: hsa04512"
"Myoid","SSC","LAMC3","DAG1",1.1369049630123e-05,0,"LAMC3_DAG1","LAMC3 - DAG1","LAMININ","ECM-Receptor","KEGG: hsa04512"
"Fibroblast","SSC","LAMC3","DAG1",4.83717061358145e-06,0,"LAMC3_DAG1","LAMC3 - DAG1","LAMININ","ECM-Receptor","KEGG: hsa04512"
"Myoid","Spermatocyte","LAMC3","DAG1",6.68948660959391e-06,0,"LAMC3_DAG1","LAMC3 - DAG1","LAMININ","ECM-Receptor","KEGG: hsa04512"
"Fibroblast","Spermatocyte","LAMC3","DAG1",2.84484444387406e-06,0,"LAMC3_DAG1","LAMC3 - DAG1","LAMININ","ECM-Receptor","KEGG: hsa04512"
"Myoid","Sertoli","LAMC3","DAG1",0.000184993085980479,0,"LAMC3_DAG1","LAMC3 - DAG1","LAMININ","ECM-Receptor","KEGG: hsa04512"
"Fibroblast","Sertoli","LAMC3","DAG1",7.87773309704143e-05,0,"LAMC3_DAG1","LAMC3 - DAG1","LAMININ","ECM-Receptor","KEGG: hsa04512"
"Sertoli","SSC","TENM1","ADGRL2",0.0003592120107115,0,"TENM1_ADGRL2","TENM1 - ADGRL2","ADGRL","Cell-Cell Contact","PMID: 25728924;PMID: 34022279;PMID: 27091502;PMID: 35907405"
"Sertoli","Sertoli","TENM1","ADGRL2",0.00349532524309156,0,"TENM1_ADGRL2","TENM1 - ADGRL2","ADGRL","Cell-Cell Contact","PMID: 25728924;PMID: 34022279;PMID: 27091502;PMID: 35907405"
"Sertoli","Myoid","TENM1","ADGRL2",0.00175147690038859,0,"TENM1_ADGRL2","TENM1 - ADGRL2","ADGRL","Cell-Cell Contact","PMID: 25728924;PMID: 34022279;PMID: 27091502;PMID: 35907405"
"Leydig","Myoid","TENM1","ADGRL2",7.15915501611716e-05,0,"TENM1_ADGRL2","TENM1 - ADGRL2","ADGRL","Cell-Cell Contact","PMID: 25728924;PMID: 34022279;PMID: 27091502;PMID: 35907405"
"Sertoli","Fibroblast","TENM1","ADGRL2",0.00033767075187583,0,"TENM1_ADGRL2","TENM1 - ADGRL2","ADGRL","Cell-Cell Contact","PMID: 25728924;PMID: 34022279;PMID: 27091502;PMID: 35907405"
"Sertoli","Endothelial","TENM1","ADGRL2",0.000132790201492027,0,"TENM1_ADGRL2","TENM1 - ADGRL2","ADGRL","Cell-Cell Contact","PMID: 25728924;PMID: 34022279;PMID: 27091502;PMID: 35907405"
"SSC","SSC","TENM2","ADGRL2",1.22057048775322e-05,0,"TENM2_ADGRL2","TENM2 - ADGRL2","ADGRL","Cell-Cell Contact","PMID: 25728924;PMID: 34022279;PMID: 27091502;PMID: 35907405"
"Spermatocyte","SSC","TENM2","ADGRL2",1.91222667389729e-05,0,"TENM2_ADGRL2","TENM2 - ADGRL2","ADGRL","Cell-Cell Contact","PMID: 25728924;PMID: 34022279;PMID: 27091502;PMID: 35907405"
"Spermatid","SSC","TENM2","ADGRL2",8.72584052793975e-06,0,"TENM2_ADGRL2","TENM2 - ADGRL2","ADGRL","Cell-Cell Contact","PMID: 25728924;PMID: 34022279;PMID: 27091502;PMID: 35907405"
"SSC","Sertoli","TENM2","ADGRL2",0.000119373329635015,0,"TENM2_ADGRL2","TENM2 - ADGRL2","ADGRL","Cell-Cell Contact","PMID: 25728924;PMID: 34022279;PMID: 27091502;PMID: 35907405"
"Spermatocyte","Sertoli","TENM2","ADGRL2",0.000187139196127855,0,"TENM2_ADGRL2","TENM2 - ADGRL2","ADGRL","Cell-Cell Contact","PMID: 25728924;PMID: 34022279;PMID: 27091502;PMID: 35907405"
"Spermatid","Sertoli","TENM2","ADGRL2",8.54117956981257e-05,0,"TENM2_ADGRL2","TENM2 - ADGRL2","ADGRL","Cell-Cell Contact","PMID: 25728924;PMID: 34022279;PMID: 27091502;PMID: 35907405"
"SSC","Myoid","TENM2","ADGRL2",6.40390994956015e-05,0,"TENM2_ADGRL2","TENM2 - ADGRL2","ADGRL","Cell-Cell Contact","PMID: 25728924;PMID: 34022279;PMID: 27091502;PMID: 35907405"
"Spermatocyte","Myoid","TENM2","ADGRL2",0.000101305399892873,0,"TENM2_ADGRL2","TENM2 - ADGRL2","ADGRL","Cell-Cell Contact","PMID: 25728924;PMID: 34022279;PMID: 27091502;PMID: 35907405"
"Spermatid","Myoid","TENM2","ADGRL2",4.63644337344976e-05,0,"TENM2_ADGRL2","TENM2 - ADGRL2","ADGRL","Cell-Cell Contact","PMID: 25728924;PMID: 34022279;PMID: 27091502;PMID: 35907405"
"SSC","Fibroblast","TENM2","ADGRL2",1.17247542566667e-05,0,"TENM2_ADGRL2","TENM2 - ADGRL2","ADGRL","Cell-Cell Contact","PMID: 25728924;PMID: 34022279;PMID: 27091502;PMID: 35907405"
"Spermatocyte","Fibroblast","TENM2","ADGRL2",1.84199100037078e-05,0,"TENM2_ADGRL2","TENM2 - ADGRL2","ADGRL","Cell-Cell Contact","PMID: 25728924;PMID: 34022279;PMID: 27091502;PMID: 35907405"
"Spermatid","Fibroblast","TENM2","ADGRL2",8.41244033542121e-06,0,"TENM2_ADGRL2","TENM2 - ADGRL2","ADGRL","Cell-Cell Contact","PMID: 25728924;PMID: 34022279;PMID: 27091502;PMID: 35907405"
"SSC","Endothelial","TENM2","ADGRL2",4.57345496504854e-06,0,"TENM2_ADGRL2","TENM2 - ADGRL2","ADGRL","Cell-Cell Contact","PMID: 25728924;PMID: 34022279;PMID: 27091502;PMID: 35907405"
"Spermatocyte","Endothelial","TENM2","ADGRL2",7.1774637883038e-06,0,"TENM2_ADGRL2","TENM2 - ADGRL2","ADGRL","Cell-Cell Contact","PMID: 25728924;PMID: 34022279;PMID: 27091502;PMID: 35907405"
"Spermatid","Endothelial","TENM2","ADGRL2",3.27692519808607e-06,0,"TENM2_ADGRL2","TENM2 - ADGRL2","ADGRL","Cell-Cell Contact","PMID: 25728924;PMID: 34022279;PMID: 27091502;PMID: 35907405"
"SSC","SSC","TENM3","ADGRL2",4.02530901680965e-05,0,"TENM3_ADGRL2","TENM3 - ADGRL2","ADGRL","Cell-Cell Contact","PMID: 25728924;PMID: 34022279;PMID: 27091502;PMID: 35907405"
"Fibroblast","SSC","TENM3","ADGRL2",4.14455759737901e-06,0,"TENM3_ADGRL2","TENM3 - ADGRL2","ADGRL","Cell-Cell Contact","PMID: 25728924;PMID: 34022279;PMID: 27091502;PMID: 35907405"
"Endothelial","SSC","TENM3","ADGRL2",1.52869013458547e-06,0,"TENM3_ADGRL2","TENM3 - ADGRL2","ADGRL","Cell-Cell Contact","PMID: 25728924;PMID: 34022279;PMID: 27091502;PMID: 35907405"
"SSC","Sertoli","TENM3","ADGRL2",0.000392365223533092,0,"TENM3_ADGRL2","TENM3 - ADGRL2","ADGRL","Cell-Cell Contact","PMID: 25728924;PMID: 34022279;PMID: 27091502;PMID: 35907405"
"Sertoli","Sertoli","TENM3","ADGRL2",0.000388706133619274,0,"TENM3_ADGRL2","TENM3 - ADGRL2","ADGRL","Cell-Cell Contact","PMID: 25728924;PMID: 34022279;PMID: 27091502;PMID: 35907405"
"Fibroblast","Sertoli","TENM3","ADGRL2",4.05282498697303e-05,0,"TENM3_ADGRL2","TENM3 - ADGRL2","ADGRL","Cell-Cell Contact","PMID: 25728924;PMID: 34022279;PMID: 27091502;PMID: 35907405"
"Endothelial","Sertoli","TENM3","ADGRL2",1.49557030605196e-05,0,"TENM3_ADGRL2","TENM3 - ADGRL2","ADGRL","Cell-Cell Contact","PMID: 25728924;PMID: 34022279;PMID: 27091502;PMID: 35907405"
"SSC","Myoid","TENM3","ADGRL2",0.000201135515704142,0,"TENM3_ADGRL2","TENM3 - ADGRL2","ADGRL","Cell-Cell Contact","PMID: 25728924;PMID: 34022279;PMID: 27091502;PMID: 35907405"
"Spermatocyte","Myoid","TENM3","ADGRL2",1.63344254785975e-05,0,"TENM3_ADGRL2","TENM3 - ADGRL2","ADGRL","Cell-Cell Contact","PMID: 25728924;PMID: 34022279;PMID: 27091502;PMID: 35907405"
"Sertoli","Myoid","TENM3","ADGRL2",0.000210679344479065,0,"TENM3_ADGRL2","TENM3 - ADGRL2","ADGRL","Cell-Cell Contact","PMID: 25728924;PMID: 34022279;PMID: 27091502;PMID: 35907405"
"Myoid","Myoid","TENM3","ADGRL2",1.14906163627197e-05,0,"TENM3_ADGRL2","TENM3 - ADGRL2","ADGRL","Cell-Cell Contact","PMID: 25728924;PMID: 34022279;PMID: 27091502;PMID: 35907405"
"Fibroblast","Myoid","TENM3","ADGRL2",2.16967702561093e-05,0,"TENM3_ADGRL2","TENM3 - ADGRL2","ADGRL","Cell-Cell Contact","PMID: 25728924;PMID: 34022279;PMID: 27091502;PMID: 35907405"
"Endothelial","Myoid","TENM3","ADGRL2",8.06007895323147e-06,0,"TENM3_ADGRL2","TENM3 - ADGRL2","ADGRL","Cell-Cell Contact","PMID: 25728924;PMID: 34022279;PMID: 27091502;PMID: 35907405"
"SSC","Fibroblast","TENM3","ADGRL2",3.81185576728408e-05,0,"TENM3_ADGRL2","TENM3 - ADGRL2","ADGRL","Cell-Cell Contact","PMID: 25728924;PMID: 34022279;PMID: 27091502;PMID: 35907405"
"Sertoli","Fibroblast","TENM3","ADGRL2",3.82709473115707e-05,0,"TENM3_ADGRL2","TENM3 - ADGRL2","ADGRL","Cell-Cell Contact","PMID: 25728924;PMID: 34022279;PMID: 27091502;PMID: 35907405"
"Myoid","Fibroblast","TENM3","ADGRL2",2.08025052066174e-06,0,"TENM3_ADGRL2","TENM3 - ADGRL2","ADGRL","Cell-Cell Contact","PMID: 25728924;PMID: 34022279;PMID: 27091502;PMID: 35907405"
"Fibroblast","Fibroblast","TENM3","ADGRL2",3.97869910248763e-06,0,"TENM3_ADGRL2","TENM3 - ADGRL2","ADGRL","Cell-Cell Contact","PMID: 25728924;PMID: 34022279;PMID: 27091502;PMID: 35907405"
"Endothelial","Fibroblast","TENM3","ADGRL2",1.47053105948026e-06,0,"TENM3_ADGRL2","TENM3 - ADGRL2","ADGRL","Cell-Cell Contact","PMID: 25728924;PMID: 34022279;PMID: 27091502;PMID: 35907405"
"SSC","Endothelial","TENM3","ADGRL2",1.49490582175866e-05,0,"TENM3_ADGRL2","TENM3 - ADGRL2","ADGRL","Cell-Cell Contact","PMID: 25728924;PMID: 34022279;PMID: 27091502;PMID: 35907405"
"Sertoli","Endothelial","TENM3","ADGRL2",1.49104569632885e-05,0,"TENM3_ADGRL2","TENM3 - ADGRL2","ADGRL","Cell-Cell Contact","PMID: 25728924;PMID: 34022279;PMID: 27091502;PMID: 35907405"
"Myoid","Endothelial","TENM3","ADGRL2",8.10054922206046e-07,0.03,"TENM3_ADGRL2","TENM3 - ADGRL2","ADGRL","Cell-Cell Contact","PMID: 25728924;PMID: 34022279;PMID: 27091502;PMID: 35907405"
"Fibroblast","Endothelial","TENM3","ADGRL2",1.55234018769731e-06,0,"TENM3_ADGRL2","TENM3 - ADGRL2","ADGRL","Cell-Cell Contact","PMID: 25728924;PMID: 34022279;PMID: 27091502;PMID: 35907405"
"Endothelial","Endothelial","TENM3","ADGRL2",5.73300747906188e-07,0,"TENM3_ADGRL2","TENM3 - ADGRL2","ADGRL","Cell-Cell Contact","PMID: 25728924;PMID: 34022279;PMID: 27091502;PMID: 35907405"
"Leydig","SSC","TENM4","ADGRL2",0.000114190149733692,0,"TENM4_ADGRL2","TENM4 - ADGRL2","ADGRL","Cell-Cell Contact","PMID: 25728924;PMID: 34022279;PMID: 27091502;PMID: 35907405"
"Spermatid","Sertoli","TENM4","ADGRL2",0.000414885243669316,0,"TENM4_ADGRL2","TENM4 - ADGRL2","ADGRL","Cell-Cell Contact","PMID: 25728924;PMID: 34022279;PMID: 27091502;PMID: 35907405"
"Sertoli","Sertoli","TENM4","ADGRL2",0.00147985348221283,0,"TENM4_ADGRL2","TENM4 - ADGRL2","ADGRL","Cell-Cell Contact","PMID: 25728924;PMID: 34022279;PMID: 27091502;PMID: 35907405"
"Leydig","Sertoli","TENM4","ADGRL2",0.00111205369873025,0,"TENM4_ADGRL2","TENM4 - ADGRL2","ADGRL","Cell-Cell Contact","PMID: 25728924;PMID: 34022279;PMID: 27091502;PMID: 35907405"
"SSC","Myoid","TENM4","ADGRL2",6.46824977905714e-05,0,"TENM4_ADGRL2","TENM4 - ADGRL2","ADGRL","Cell-Cell Contact","PMID: 25728924;PMID: 34022279;PMID: 27091502;PMID: 35907405"
"Spermatocyte","Myoid","TENM4","ADGRL2",0.000129653223467354,0,"TENM4_ADGRL2","TENM4 - ADGRL2","ADGRL","Cell-Cell Contact","PMID: 25728924;PMID: 34022279;PMID: 27091502;PMID: 35907405"
"Spermatid","Myoid","TENM4","ADGRL2",0.00021790515282433,0,"TENM4_ADGRL2","TENM4 - ADGRL2","ADGRL","Cell-Cell Contact","PMID: 25728924;PMID: 34022279;PMID: 27091502;PMID: 35907405"
"Sertoli","Myoid","TENM4","ADGRL2",0.000779723938127445,0,"TENM4_ADGRL2","TENM4 - ADGRL2","ADGRL","Cell-Cell Contact","PMID: 25728924;PMID: 34022279;PMID: 27091502;PMID: 35907405"
"Leydig","Myoid","TENM4","ADGRL2",0.000563289745547874,0,"TENM4_ADGRL2","TENM4 - ADGRL2","ADGRL","Cell-Cell Contact","PMID: 25728924;PMID: 34022279;PMID: 27091502;PMID: 35907405"
"Myoid","Myoid","TENM4","ADGRL2",3.97196221462356e-05,0,"TENM4_ADGRL2","TENM4 - ADGRL2","ADGRL","Cell-Cell Contact","PMID: 25728924;PMID: 34022279;PMID: 27091502;PMID: 35907405"
"Fibroblast","Myoid","TENM4","ADGRL2",2.12068741415071e-05,0,"TENM4_ADGRL2","TENM4 - ADGRL2","ADGRL","Cell-Cell Contact","PMID: 25728924;PMID: 34022279;PMID: 27091502;PMID: 35907405"
"Endothelial","Myoid","TENM4","ADGRL2",1.14247303782716e-05,0,"TENM4_ADGRL2","TENM4 - ADGRL2","ADGRL","Cell-Cell Contact","PMID: 25728924;PMID: 34022279;PMID: 27091502;PMID: 35907405"
"SSC","Fibroblast","TENM4","ADGRL2",1.18444381663565e-05,0.02,"TENM4_ADGRL2","TENM4 - ADGRL2","ADGRL","Cell-Cell Contact","PMID: 25728924;PMID: 34022279;PMID: 27091502;PMID: 35907405"
"Spermatid","Fibroblast","TENM4","ADGRL2",4.05444266383727e-05,0,"TENM4_ADGRL2","TENM4 - ADGRL2","ADGRL","Cell-Cell Contact","PMID: 25728924;PMID: 34022279;PMID: 27091502;PMID: 35907405"
"Sertoli","Fibroblast","TENM4","ADGRL2",0.000144728423584314,0,"TENM4_ADGRL2","TENM4 - ADGRL2","ADGRL","Cell-Cell Contact","PMID: 25728924;PMID: 34022279;PMID: 27091502;PMID: 35907405"
"Leydig","Fibroblast","TENM4","ADGRL2",0.000107719612058772,0,"TENM4_ADGRL2","TENM4 - ADGRL2","ADGRL","Cell-Cell Contact","PMID: 25728924;PMID: 34022279;PMID: 27091502;PMID: 35907405"
"Myoid","Fibroblast","TENM4","ADGRL2",7.27085424541455e-06,0.01,"TENM4_ADGRL2","TENM4 - ADGRL2","ADGRL","Cell-Cell Contact","PMID: 25728924;PMID: 34022279;PMID: 27091502;PMID: 35907405"
"Fibroblast","Fibroblast","TENM4","ADGRL2",3.88733101962755e-06,0,"TENM4_ADGRL2","TENM4 - ADGRL2","ADGRL","Cell-Cell Contact","PMID: 25728924;PMID: 34022279;PMID: 27091502;PMID: 35907405"
"Endothelial","Fibroblast","TENM4","ADGRL2",2.09514721983828e-06,0,"TENM4_ADGRL2","TENM4 - ADGRL2","ADGRL","Cell-Cell Contact","PMID: 25728924;PMID: 34022279;PMID: 27091502;PMID: 35907405"
"Spermatid","Endothelial","TENM4","ADGRL2",1.5854490123449e-05,0,"TENM4_ADGRL2","TENM4 - ADGRL2","ADGRL","Cell-Cell Contact","PMID: 25728924;PMID: 34022279;PMID: 27091502;PMID: 35907405"
"Sertoli","Endothelial","TENM4","ADGRL2",5.65733120418676e-05,0,"TENM4_ADGRL2","TENM4 - ADGRL2","ADGRL","Cell-Cell Contact","PMID: 25728924;PMID: 34022279;PMID: 27091502;PMID: 35907405"
"Leydig","Endothelial","TENM4","ADGRL2",4.23056184585382e-05,0,"TENM4_ADGRL2","TENM4 - ADGRL2","ADGRL","Cell-Cell Contact","PMID: 25728924;PMID: 34022279;PMID: 27091502;PMID: 35907405"
"Sertoli","SSC","TENM1","ADGRL3",0.00270705073181615,0,"TENM1_ADGRL3","TENM1 - ADGRL3","ADGRL","Cell-Cell Contact","PMID: 25728924;PMID: 34022279;PMID: 27091502;PMID: 35907405"
"Sertoli","Sertoli","TENM1","ADGRL3",0.0385527620357207,0,"TENM1_ADGRL3","TENM1 - ADGRL3","ADGRL","Cell-Cell Contact","PMID: 25728924;PMID: 34022279;PMID: 27091502;PMID: 35907405"
"Sertoli","Leydig","TENM1","ADGRL3",0.0140324396299441,0,"TENM1_ADGRL3","TENM1 - ADGRL3","ADGRL","Cell-Cell Contact","PMID: 25728924;PMID: 34022279;PMID: 27091502;PMID: 35907405"
"Sertoli","Myoid","TENM1","ADGRL3",0.000866420658817047,0.01,"TENM1_ADGRL3","TENM1 - ADGRL3","ADGRL","Cell-Cell Contact","PMID: 25728924;PMID: 34022279;PMID: 27091502;PMID: 35907405"
"SSC","SSC","TENM2","ADGRL3",9.87162096667946e-05,0,"TENM2_ADGRL3","TENM2 - ADGRL3","ADGRL","Cell-Cell Contact","PMID: 25728924;PMID: 34022279;PMID: 27091502;PMID: 35907405"
"Spermatocyte","SSC","TENM2","ADGRL3",0.000156105322751314,0,"TENM2_ADGRL3","TENM2 - ADGRL3","ADGRL","Cell-Cell Contact","PMID: 25728924;PMID: 34022279;PMID: 27091502;PMID: 35907405"
"Spermatid","SSC","TENM2","ADGRL3",7.14367262502687e-05,0,"TENM2_ADGRL3","TENM2 - ADGRL3","ADGRL","Cell-Cell Contact","PMID: 25728924;PMID: 34022279;PMID: 27091502;PMID: 35907405"
"SSC","Spermatocyte","TENM2","ADGRL3",6.81689024958888e-05,0,"TENM2_ADGRL3","TENM2 - ADGRL3","ADGRL","Cell-Cell Contact","PMID: 25728924;PMID: 34022279;PMID: 27091502;PMID: 35907405"
"Spermatocyte","Spermatocyte","TENM2","ADGRL3",0.000106935863783959,0,"TENM2_ADGRL3","TENM2 - ADGRL3","ADGRL","Cell-Cell Contact","PMID: 25728924;PMID: 34022279;PMID: 27091502;PMID: 35907405"
"Spermatid","Spermatocyte","TENM2","ADGRL3",4.88159044310461e-05,0,"TENM2_ADGRL3","TENM2 - ADGRL3","ADGRL","Cell-Cell Contact","PMID: 25728924;PMID: 34022279;PMID: 27091502;PMID: 35907405"
"SSC","Spermatid","TENM2","ADGRL3",5.02215877739188e-05,0,"TENM2_ADGRL3","TENM2 - ADGRL3","ADGRL","Cell-Cell Contact","PMID: 25728924;PMID: 34022279;PMID: 27091502;PMID: 35907405"
"Spermatocyte","Spermatid","TENM2","ADGRL3",7.8828212146808e-05,0,"TENM2_ADGRL3","TENM2 - ADGRL3","ADGRL","Cell-Cell Contact","PMID: 25728924;PMID: 34022279;PMID: 27091502;PMID: 35907405"
"Spermatid","Spermatid","TENM2","ADGRL3",3.59912418613944e-05,0,"TENM2_ADGRL3","TENM2 - ADGRL3","ADGRL","Cell-Cell Contact","PMID: 25728924;PMID: 34022279;PMID: 27091502;PMID: 35907405"
"SSC","Sertoli","TENM2","ADGRL3",0.00156060787038779,0,"TENM2_ADGRL3","TENM2 - ADGRL3","ADGRL","Cell-Cell Contact","PMID: 25728924;PMID: 34022279;PMID: 27091502;PMID: 35907405"
"Spermatocyte","Sertoli","TENM2","ADGRL3",0.00250578308330874,0,"TENM2_ADGRL3","TENM2 - ADGRL3","ADGRL","Cell-Cell Contact","PMID: 25728924;PMID: 34022279;PMID: 27091502;PMID: 35907405"
"Spermatid","Sertoli","TENM2","ADGRL3",0.00115212345356886,0,"TENM2_ADGRL3","TENM2 - ADGRL3","ADGRL","Cell-Cell Contact","PMID: 25728924;PMID: 34022279;PMID: 27091502;PMID: 35907405"
"SSC","Leydig","TENM2","ADGRL3",0.000567956583341654,0,"TENM2_ADGRL3","TENM2 - ADGRL3","ADGRL","Cell-Cell Contact","PMID: 25728924;PMID: 34022279;PMID: 27091502;PMID: 35907405"
"Spermatocyte","Leydig","TENM2","ADGRL3",0.000911918633858512,0,"TENM2_ADGRL3","TENM2 - ADGRL3","ADGRL","Cell-Cell Contact","PMID: 25728924;PMID: 34022279;PMID: 27091502;PMID: 35907405"
"Spermatid","Leydig","TENM2","ADGRL3",0.000419284591589448,0,"TENM2_ADGRL3","TENM2 - ADGRL3","ADGRL","Cell-Cell Contact","PMID: 25728924;PMID: 34022279;PMID: 27091502;PMID: 35907405"
"SSC","Myoid","TENM2","ADGRL3",3.03408585498806e-05,0,"TENM2_ADGRL3","TENM2 - ADGRL3","ADGRL","Cell-Cell Contact","PMID: 25728924;PMID: 34022279;PMID: 27091502;PMID: 35907405"
"Spermatocyte","Myoid","TENM2","ADGRL3",4.77192466922524e-05,0,"TENM2_ADGRL3","TENM2 - ADGRL3","ADGRL","Cell-Cell Contact","PMID: 25728924;PMID: 34022279;PMID: 27091502;PMID: 35907405"
"Spermatid","Myoid","TENM2","ADGRL3",2.18009187040688e-05,0,"TENM2_ADGRL3","TENM2 - ADGRL3","ADGRL","Cell-Cell Contact","PMID: 25728924;PMID: 34022279;PMID: 27091502;PMID: 35907405"
"SSC","Fibroblast","TENM2","ADGRL3",1.11932561365851e-05,0,"TENM2_ADGRL3","TENM2 - ADGRL3","ADGRL","Cell-Cell Contact","PMID: 25728924;PMID: 34022279;PMID: 27091502;PMID: 35907405"
"Spermatocyte","Fibroblast","TENM2","ADGRL3",1.75816459669867e-05,0,"TENM2_ADGRL3","TENM2 - ADGRL3","ADGRL","Cell-Cell Contact","PMID: 25728924;PMID: 34022279;PMID: 27091502;PMID: 35907405"
"Spermatid","Fibroblast","TENM2","ADGRL3",8.02914844040953e-06,0,"TENM2_ADGRL3","TENM2 - ADGRL3","ADGRL","Cell-Cell Contact","PMID: 25728924;PMID: 34022279;PMID: 27091502;PMID: 35907405"
"SSC","Endothelial","TENM2","ADGRL3",6.36009774558124e-06,0,"TENM2_ADGRL3","TENM2 - ADGRL3","ADGRL","Cell-Cell Contact","PMID: 25728924;PMID: 34022279;PMID: 27091502;PMID: 35907405"
"Spermatocyte","Endothelial","TENM2","ADGRL3",9.9932488620153e-06,0,"TENM2_ADGRL3","TENM2 - ADGRL3","ADGRL","Cell-Cell Contact","PMID: 25728924;PMID: 34022279;PMID: 27091502;PMID: 35907405"
"Spermatid","Endothelial","TENM2","ADGRL3",4.56414248408507e-06,0,"TENM2_ADGRL3","TENM2 - ADGRL3","ADGRL","Cell-Cell Contact","PMID: 25728924;PMID: 34022279;PMID: 27091502;PMID: 35907405"
"SSC","SSC","TENM3","ADGRL3",0.000310603164998119,0,"TENM3_ADGRL3","TENM3 - ADGRL3","ADGRL","Cell-Cell Contact","PMID: 25728924;PMID: 34022279;PMID: 27091502;PMID: 35907405"
"Fibroblast","SSC","TENM3","ADGRL3",3.34483266107665e-05,0,"TENM3_ADGRL3","TENM3 - ADGRL3","ADGRL","Cell-Cell Contact","PMID: 25728924;PMID: 34022279;PMID: 27091502;PMID: 35907405"
"SSC","Spermatid","TENM3","ADGRL3",0.000164031997695904,0,"TENM3_ADGRL3","TENM3 - ADGRL3","ADGRL","Cell-Cell Contact","PMID: 25728924;PMID: 34022279;PMID: 27091502;PMID: 35907405"
"SSC","Sertoli","TENM3","ADGRL3",0.00457153336813224,0,"TENM3_ADGRL3","TENM3 - ADGRL3","ADGRL","Cell-Cell Contact","PMID: 25728924;PMID: 34022279;PMID: 27091502;PMID: 35907405"
"Sertoli","Sertoli","TENM3","ADGRL3",0.00522180736733494,0,"TENM3_ADGRL3","TENM3 - ADGRL3","ADGRL","Cell-Cell Contact","PMID: 25728924;PMID: 34022279;PMID: 27091502;PMID: 35907405"
"Fibroblast","Sertoli","TENM3","ADGRL3",0.000526967948593065,0,"TENM3_ADGRL3","TENM3 - ADGRL3","ADGRL","Cell-Cell Contact","PMID: 25728924;PMID: 34022279;PMID: 27091502;PMID: 35907405"
"Endothelial","Sertoli","TENM3","ADGRL3",0.000197901166302516,0,"TENM3_ADGRL3","TENM3 - ADGRL3","ADGRL","Cell-Cell Contact","PMID: 25728924;PMID: 34022279;PMID: 27091502;PMID: 35907405"
"SSC","Leydig","TENM3","ADGRL3",0.00166388170262227,0,"TENM3_ADGRL3","TENM3 - ADGRL3","ADGRL","Cell-Cell Contact","PMID: 25728924;PMID: 34022279;PMID: 27091502;PMID: 35907405"
"Sertoli","Leydig","TENM3","ADGRL3",0.00190034413212765,0,"TENM3_ADGRL3","TENM3 - ADGRL3","ADGRL","Cell-Cell Contact","PMID: 25728924;PMID: 34022279;PMID: 27091502;PMID: 35907405"
"Fibroblast","Leydig","TENM3","ADGRL3",0.000191781848217443,0,"TENM3_ADGRL3","TENM3 - ADGRL3","ADGRL","Cell-Cell Contact","PMID: 25728924;PMID: 34022279;PMID: 27091502;PMID: 35907405"
"Endothelial","Leydig","TENM3","ADGRL3",7.20220222413122e-05,0,"TENM3_ADGRL3","TENM3 - ADGRL3","ADGRL","Cell-Cell Contact","PMID: 25728924;PMID: 34022279;PMID: 27091502;PMID: 35907405"
"SSC","Myoid","TENM3","ADGRL3",9.80874043785247e-05,0,"TENM3_ADGRL3","TENM3 - ADGRL3","ADGRL","Cell-Cell Contact","PMID: 25728924;PMID: 34022279;PMID: 27091502;PMID: 35907405"
"SSC","Fibroblast","TENM3","ADGRL3",3.64250691114581e-05,0,"TENM3_ADGRL3","TENM3 - ADGRL3","ADGRL","Cell-Cell Contact","PMID: 25728924;PMID: 34022279;PMID: 27091502;PMID: 35907405"
"SSC","Endothelial","TENM3","ADGRL3",2.06630874948408e-05,0,"TENM3_ADGRL3","TENM3 - ADGRL3","ADGRL","Cell-Cell Contact","PMID: 25728924;PMID: 34022279;PMID: 27091502;PMID: 35907405"
"Leydig","SSC","TENM4","ADGRL3",0.000870255856081242,0.03,"TENM4_ADGRL3","TENM4 - ADGRL3","ADGRL","Cell-Cell Contact","PMID: 25728924;PMID: 34022279;PMID: 27091502;PMID: 35907405"
"Spermatid","Sertoli","TENM4","ADGRL3",0.00513539188124586,0,"TENM4_ADGRL3","TENM4 - ADGRL3","ADGRL","Cell-Cell Contact","PMID: 25728924;PMID: 34022279;PMID: 27091502;PMID: 35907405"
"Sertoli","Sertoli","TENM4","ADGRL3",0.0184664167959693,0,"TENM4_ADGRL3","TENM4 - ADGRL3","ADGRL","Cell-Cell Contact","PMID: 25728924;PMID: 34022279;PMID: 27091502;PMID: 35907405"
"Leydig","Sertoli","TENM4","ADGRL3",0.0125861998075067,0,"TENM4_ADGRL3","TENM4 - ADGRL3","ADGRL","Cell-Cell Contact","PMID: 25728924;PMID: 34022279;PMID: 27091502;PMID: 35907405"
"Spermatid","Leydig","TENM4","ADGRL3",0.00186902068823145,0,"TENM4_ADGRL3","TENM4 - ADGRL3","ADGRL","Cell-Cell Contact","PMID: 25728924;PMID: 34022279;PMID: 27091502;PMID: 35907405"
"Sertoli","Leydig","TENM4","ADGRL3",0.00672079078582664,0,"TENM4_ADGRL3","TENM4 - ADGRL3","ADGRL","Cell-Cell Contact","PMID: 25728924;PMID: 34022279;PMID: 27091502;PMID: 35907405"
"Leydig","Leydig","TENM4","ADGRL3",0.00458104292818635,0,"TENM4_ADGRL3","TENM4 - ADGRL3","ADGRL","Cell-Cell Contact","PMID: 25728924;PMID: 34022279;PMID: 27091502;PMID: 35907405"
"SSC","SSC","CADM1","CADM1",0.000958438095594936,0,"CADM1_CADM1","CADM1 - CADM1","CADM","Cell-Cell Contact","PMID: 24503895"
"Sertoli","SSC","CADM1","CADM1",0.00690441412207344,0,"CADM1_CADM1","CADM1 - CADM1","CADM","Cell-Cell Contact","PMID: 24503895"
"Sertoli","Spermatocyte","CADM1","CADM1",0.0159892287893273,0,"CADM1_CADM1","CADM1 - CADM1","CADM","Cell-Cell Contact","PMID: 24503895"
"SSC","Sertoli","CADM1","CADM1",0.00690441412207344,0,"CADM1_CADM1","CADM1 - CADM1","CADM","Cell-Cell Contact","PMID: 24503895"
"Spermatocyte","Sertoli","CADM1","CADM1",0.0159892287893273,0,"CADM1_CADM1","CADM1 - CADM1","CADM","Cell-Cell Contact","PMID: 24503895"
"Sertoli","Sertoli","CADM1","CADM1",0.0495886682977258,0,"CADM1_CADM1","CADM1 - CADM1","CADM","Cell-Cell Contact","PMID: 24503895"
"SSC","SSC","CADM1","NECTIN3",0.000505121794431898,0,"CADM1_NECTIN3","CADM1 - NECTIN3","CADM","Cell-Cell Contact","uniprot"
"Spermatocyte","SSC","CADM1","NECTIN3",0.00113401124466226,0,"CADM1_NECTIN3","CADM1 - NECTIN3","CADM","Cell-Cell Contact","uniprot"
"Spermatid","SSC","CADM1","NECTIN3",0.000630813027598274,0,"CADM1_NECTIN3","CADM1 - NECTIN3","CADM","Cell-Cell Contact","uniprot"
"Sertoli","SSC","CADM1","NECTIN3",0.00369140390405903,0,"CADM1_NECTIN3","CADM1 - NECTIN3","CADM","Cell-Cell Contact","uniprot"
"Endothelial","SSC","CADM1","NECTIN3",5.38417171409185e-05,0,"CADM1_NECTIN3","CADM1 - NECTIN3","CADM","Cell-Cell Contact","uniprot"
"SSC","Spermatocyte","CADM1","NECTIN3",0.00186139349999587,0,"CADM1_NECTIN3","CADM1 - NECTIN3","CADM","Cell-Cell Contact","uniprot"
"Spermatocyte","Spermatocyte","CADM1","NECTIN3",0.00421552006485251,0,"CADM1_NECTIN3","CADM1 - NECTIN3","CADM","Cell-Cell Contact","uniprot"
"Spermatid","Spermatocyte","CADM1","NECTIN3",0.00235107305487783,0,"CADM1_NECTIN3","CADM1 - NECTIN3","CADM","Cell-Cell Contact","uniprot"
"Sertoli","Spermatocyte","CADM1","NECTIN3",0.013535542244875,0,"CADM1_NECTIN3","CADM1 - NECTIN3","CADM","Cell-Cell Contact","uniprot"
"Myoid","Spermatocyte","CADM1","NECTIN3",0.000310765490501854,0.04,"CADM1_NECTIN3","CADM1 - NECTIN3","CADM","Cell-Cell Contact","uniprot"
"Endothelial","Spermatocyte","CADM1","NECTIN3",0.000201357798133554,0,"CADM1_NECTIN3","CADM1 - NECTIN3","CADM","Cell-Cell Contact","uniprot"
"SSC","Spermatid","CADM1","NECTIN3",0.00100669569274422,0,"CADM1_NECTIN3","CADM1 - NECTIN3","CADM","Cell-Cell Contact","uniprot"
"Spermatocyte","Spermatid","CADM1","NECTIN3",0.00227136355860663,0,"CADM1_NECTIN3","CADM1 - NECTIN3","CADM","Cell-Cell Contact","uniprot"
"Spermatid","Spermatid","CADM1","NECTIN3",0.00126536317745548,0,"CADM1_NECTIN3","CADM1 - NECTIN3","CADM","Cell-Cell Contact","uniprot"
"Sertoli","Spermatid","CADM1","NECTIN3",0.00733595452174186,0,"CADM1_NECTIN3","CADM1 - NECTIN3","CADM","Cell-Cell Contact","uniprot"
"Endothelial","Spermatid","CADM1","NECTIN3",0.000108212772630279,0,"CADM1_NECTIN3","CADM1 - NECTIN3","CADM","Cell-Cell Contact","uniprot"
"SSC","Leydig","CADM1","NECTIN3",0.00047988848727857,0,"CADM1_NECTIN3","CADM1 - NECTIN3","CADM","Cell-Cell Contact","uniprot"
"Sertoli","Leydig","CADM1","NECTIN3",0.00354131882842572,0,"CADM1_NECTIN3","CADM1 - NECTIN3","CADM","Cell-Cell Contact","uniprot"
"SSC","Myoid","CADM1","NECTIN3",0.000124995141995582,0,"CADM1_NECTIN3","CADM1 - NECTIN3","CADM","Cell-Cell Contact","uniprot"
"Sertoli","Myoid","CADM1","NECTIN3",0.000922455355122486,0,"CADM1_NECTIN3","CADM1 - NECTIN3","CADM","Cell-Cell Contact","uniprot"
"SSC","Fibroblast","CADM1","NECTIN3",6.15844115869886e-05,0.01,"CADM1_NECTIN3","CADM1 - NECTIN3","CADM","Cell-Cell Contact","uniprot"
"Sertoli","Fibroblast","CADM1","NECTIN3",0.000454478737517762,0,"CADM1_NECTIN3","CADM1 - NECTIN3","CADM","Cell-Cell Contact","uniprot"
"SSC","Endothelial","CADM1","NECTIN3",3.58194721709225e-05,0,"CADM1_NECTIN3","CADM1 - NECTIN3","CADM","Cell-Cell Contact","uniprot"
"Sertoli","Endothelial","CADM1","NECTIN3",0.000264156007531262,0,"CADM1_NECTIN3","CADM1 - NECTIN3","CADM","Cell-Cell Contact","uniprot"
"SSC","SSC","PTPRM","PTPRM",0.0013168868088577,0,"PTPRM_PTPRM","PTPRM - PTPRM","PTPRM","Cell-Cell Contact","KEGG: hsa04514"
"Sertoli","SSC","PTPRM","PTPRM",0.00879753086756437,0,"PTPRM_PTPRM","PTPRM - PTPRM","PTPRM","Cell-Cell Contact","KEGG: hsa04514"
"Fibroblast","SSC","PTPRM","PTPRM",0.000342668663397979,0.01,"PTPRM_PTPRM","PTPRM - PTPRM","PTPRM","Cell-Cell Contact","KEGG: hsa04514"
"Endothelial","SSC","PTPRM","PTPRM",0.000204012558877193,0,"PTPRM_PTPRM","PTPRM - PTPRM","PTPRM","Cell-Cell Contact","KEGG: hsa04514"
"SSC","Sertoli","PTPRM","PTPRM",0.00879753086756437,0,"PTPRM_PTPRM","PTPRM - PTPRM","PTPRM","Cell-Cell Contact","KEGG: hsa04514"
"Sertoli","Sertoli","PTPRM","PTPRM",0.0587612371536477,0,"PTPRM_PTPRM","PTPRM - PTPRM","PTPRM","Cell-Cell Contact","KEGG: hsa04514"
"Fibroblast","Sertoli","PTPRM","PTPRM",0.0022925610896367,0,"PTPRM_PTPRM","PTPRM - PTPRM","PTPRM","Cell-Cell Contact","KEGG: hsa04514"
"Endothelial","Sertoli","PTPRM","PTPRM",0.00136345585770567,0,"PTPRM_PTPRM","PTPRM - PTPRM","PTPRM","Cell-Cell Contact","KEGG: hsa04514"
"SSC","Fibroblast","PTPRM","PTPRM",0.000342668663397979,0.01,"PTPRM_PTPRM","PTPRM - PTPRM","PTPRM","Cell-Cell Contact","KEGG: hsa04514"
"Sertoli","Fibroblast","PTPRM","PTPRM",0.0022925610896367,0,"PTPRM_PTPRM","PTPRM - PTPRM","PTPRM","Cell-Cell Contact","KEGG: hsa04514"
"SSC","Endothelial","PTPRM","PTPRM",0.000204012558877193,0,"PTPRM_PTPRM","PTPRM - PTPRM","PTPRM","Cell-Cell Contact","KEGG: hsa04514"
"Sertoli","Endothelial","PTPRM","PTPRM",0.00136345585770567,0,"PTPRM_PTPRM","PTPRM - PTPRM","PTPRM","Cell-Cell Contact","KEGG: hsa04514"
"Endothelial","Endothelial","PTPRM","PTPRM",3.15795976841165e-05,0,"PTPRM_PTPRM","PTPRM - PTPRM","PTPRM","Cell-Cell Contact","KEGG: hsa04514"
"SSC","SSC","NRG1","ERBB4",9.21565694188593e-05,0,"NRG1_ERBB4","NRG1 - ERBB4","NRG","Secreted Signaling","KEGG: hsa04012"
"SSC","Spermatocyte","NRG1","ERBB4",0.000284211713240929,0,"NRG1_ERBB4","NRG1 - ERBB4","NRG","Secreted Signaling","KEGG: hsa04012"
"SSC","Spermatid","NRG1","ERBB4",0.000529804874189702,0,"NRG1_ERBB4","NRG1 - ERBB4","NRG","Secreted Signaling","KEGG: hsa04012"
"Spermatocyte","Spermatid","NRG1","ERBB4",0.000286028017342509,0,"NRG1_ERBB4","NRG1 - ERBB4","NRG","Secreted Signaling","KEGG: hsa04012"
"Spermatid","Spermatid","NRG1","ERBB4",0.000205291425942417,0,"NRG1_ERBB4","NRG1 - ERBB4","NRG","Secreted Signaling","KEGG: hsa04012"
"Fibroblast","Spermatid","NRG1","ERBB4",4.30753452168612e-05,0,"NRG1_ERBB4","NRG1 - ERBB4","NRG","Secreted Signaling","KEGG: hsa04012"
"Endothelial","Spermatid","NRG1","ERBB4",2.88473383514005e-05,0,"NRG1_ERBB4","NRG1 - ERBB4","NRG","Secreted Signaling","KEGG: hsa04012"
"SSC","Sertoli","NRG1","ERBB4",0.00653936158285673,0,"NRG1_ERBB4","NRG1 - ERBB4","NRG","Secreted Signaling","KEGG: hsa04012"
"Spermatocyte","Sertoli","NRG1","ERBB4",0.00412787216419666,0,"NRG1_ERBB4","NRG1 - ERBB4","NRG","Secreted Signaling","KEGG: hsa04012"
"Spermatid","Sertoli","NRG1","ERBB4",0.00293990201271837,0,"NRG1_ERBB4","NRG1 - ERBB4","NRG","Secreted Signaling","KEGG: hsa04012"
"Fibroblast","Sertoli","NRG1","ERBB4",0.000612403735003024,0,"NRG1_ERBB4","NRG1 - ERBB4","NRG","Secreted Signaling","KEGG: hsa04012"
"Endothelial","Sertoli","NRG1","ERBB4",0.000404060917193013,0,"NRG1_ERBB4","NRG1 - ERBB4","NRG","Secreted Signaling","KEGG: hsa04012"
"SSC","Myoid","NRG1","ERBB4",0.000101631363807506,0,"NRG1_ERBB4","NRG1 - ERBB4","NRG","Secreted Signaling","KEGG: hsa04012"
"SSC","Fibroblast","NRG1","ERBB4",3.46266327157472e-05,0,"NRG1_ERBB4","NRG1 - ERBB4","NRG","Secreted Signaling","KEGG: hsa04012"
"Spermatocyte","SSC","NRG2","ERBB4",4.11459852053221e-06,0,"NRG2_ERBB4","NRG2 - ERBB4","NRG","Secreted Signaling","KEGG: hsa04012"
"Leydig","SSC","NRG2","ERBB4",0.000180462195039018,0,"NRG2_ERBB4","NRG2 - ERBB4","NRG","Secreted Signaling","KEGG: hsa04012"
"Spermatocyte","Spermatocyte","NRG2","ERBB4",1.27167240094242e-05,0,"NRG2_ERBB4","NRG2 - ERBB4","NRG","Secreted Signaling","KEGG: hsa04012"
"Leydig","Spermatocyte","NRG2","ERBB4",0.000556764157015617,0,"NRG2_ERBB4","NRG2 - ERBB4","NRG","Secreted Signaling","KEGG: hsa04012"
"Spermatocyte","Spermatid","NRG2","ERBB4",2.49956814660248e-05,0,"NRG2_ERBB4","NRG2 - ERBB4","NRG","Secreted Signaling","KEGG: hsa04012"
"Leydig","Spermatid","NRG2","ERBB4",0.00104769253069875,0,"NRG2_ERBB4","NRG2 - ERBB4","NRG","Secreted Signaling","KEGG: hsa04012"
"Spermatocyte","Sertoli","NRG2","ERBB4",0.000374455571736988,0,"NRG2_ERBB4","NRG2 - ERBB4","NRG","Secreted Signaling","KEGG: hsa04012"
"Leydig","Sertoli","NRG2","ERBB4",0.0133398570666403,0,"NRG2_ERBB4","NRG2 - ERBB4","NRG","Secreted Signaling","KEGG: hsa04012"
"Spermatocyte","Myoid","NRG2","ERBB4",4.61597316635736e-06,0,"NRG2_ERBB4","NRG2 - ERBB4","NRG","Secreted Signaling","KEGG: hsa04012"
"Leydig","Myoid","NRG2","ERBB4",0.000199632035834389,0,"NRG2_ERBB4","NRG2 - ERBB4","NRG","Secreted Signaling","KEGG: hsa04012"
"Spermatocyte","Fibroblast","NRG2","ERBB4",1.55365153038262e-06,0,"NRG2_ERBB4","NRG2 - ERBB4","NRG","Secreted Signaling","KEGG: hsa04012"
"Leydig","Fibroblast","NRG2","ERBB4",6.78670513435684e-05,0,"NRG2_ERBB4","NRG2 - ERBB4","NRG","Secreted Signaling","KEGG: hsa04012"
"SSC","SSC","NRG3","ERBB4",2.20244607710842e-05,0,"NRG3_ERBB4","NRG3 - ERBB4","NRG","Secreted Signaling","KEGG: hsa04012"
"Spermatocyte","SSC","NRG3","ERBB4",1.51320963130318e-05,0,"NRG3_ERBB4","NRG3 - ERBB4","NRG","Secreted Signaling","KEGG: hsa04012"
"Spermatid","SSC","NRG3","ERBB4",2.2772850237674e-05,0,"NRG3_ERBB4","NRG3 - ERBB4","NRG","Secreted Signaling","KEGG: hsa04012"
"SSC","Spermatocyte","NRG3","ERBB4",6.80364365390067e-05,0,"NRG3_ERBB4","NRG3 - ERBB4","NRG","Secreted Signaling","KEGG: hsa04012"
"Spermatocyte","Spermatocyte","NRG3","ERBB4",4.67634566129268e-05,0,"NRG3_ERBB4","NRG3 - ERBB4","NRG","Secreted Signaling","KEGG: hsa04012"
"Spermatid","Spermatocyte","NRG3","ERBB4",7.03625948450397e-05,0,"NRG3_ERBB4","NRG3 - ERBB4","NRG","Secreted Signaling","KEGG: hsa04012"
"SSC","Spermatid","NRG3","ERBB4",0.000132098032508779,0,"NRG3_ERBB4","NRG3 - ERBB4","NRG","Secreted Signaling","KEGG: hsa04012"
"Spermatocyte","Spermatid","NRG3","ERBB4",9.17012541136557e-05,0,"NRG3_ERBB4","NRG3 - ERBB4","NRG","Secreted Signaling","KEGG: hsa04012"
"Spermatid","Spermatid","NRG3","ERBB4",0.000137313311585785,0,"NRG3_ERBB4","NRG3 - ERBB4","NRG","Secreted Signaling","KEGG: hsa04012"
"SSC","Sertoli","NRG3","ERBB4",0.00188371256974354,0,"NRG3_ERBB4","NRG3 - ERBB4","NRG","Secreted Signaling","KEGG: hsa04012"
"Spermatocyte","Sertoli","NRG3","ERBB4",0.00136053052837449,0,"NRG3_ERBB4","NRG3 - ERBB4","NRG","Secreted Signaling","KEGG: hsa04012"
"Spermatid","Sertoli","NRG3","ERBB4",0.00199787064636575,0,"NRG3_ERBB4","NRG3 - ERBB4","NRG","Secreted Signaling","KEGG: hsa04012"
"SSC","Myoid","NRG3","ERBB4",2.46118559217408e-05,0,"NRG3_ERBB4","NRG3 - ERBB4","NRG","Secreted Signaling","KEGG: hsa04012"
"Spermatocyte","Myoid","NRG3","ERBB4",1.69633410250014e-05,0,"NRG3_ERBB4","NRG3 - ERBB4","NRG","Secreted Signaling","KEGG: hsa04012"
"Spermatid","Myoid","NRG3","ERBB4",2.54896091571862e-05,0,"NRG3_ERBB4","NRG3 - ERBB4","NRG","Secreted Signaling","KEGG: hsa04012"
"SSC","Fibroblast","NRG3","ERBB4",8.30701175219204e-06,0,"NRG3_ERBB4","NRG3 - ERBB4","NRG","Secreted Signaling","KEGG: hsa04012"
"Spermatocyte","Fibroblast","NRG3","ERBB4",5.71258363520014e-06,0,"NRG3_ERBB4","NRG3 - ERBB4","NRG","Secreted Signaling","KEGG: hsa04012"
"Spermatid","Fibroblast","NRG3","ERBB4",8.5932960523634e-06,0,"NRG3_ERBB4","NRG3 - ERBB4","NRG","Secreted Signaling","KEGG: hsa04012"
"Spermatocyte","Spermatid","NRG4","ERBB4",0.000778219505910315,0,"NRG4_ERBB4","NRG4 - ERBB4","NRG","Secreted Signaling","KEGG: hsa04012"
"SSC","Sertoli","NRG4","ERBB4",0.00127315155970574,0,"NRG4_ERBB4","NRG4 - ERBB4","NRG","Secreted Signaling","KEGG: hsa04012"
"Spermatocyte","Sertoli","NRG4","ERBB4",0.0105050024362093,0,"NRG4_ERBB4","NRG4 - ERBB4","NRG","Secreted Signaling","KEGG: hsa04012"
"Spermatid","Sertoli","NRG4","ERBB4",0.00244716242837184,0,"NRG4_ERBB4","NRG4 - ERBB4","NRG","Secreted Signaling","KEGG: hsa04012"
"Sertoli","Sertoli","NRG4","ERBB4",0.00482774218313998,0,"NRG4_ERBB4","NRG4 - ERBB4","NRG","Secreted Signaling","KEGG: hsa04012"
"Leydig","Sertoli","NRG4","ERBB4",0.00307093165529246,0,"NRG4_ERBB4","NRG4 - ERBB4","NRG","Secreted Signaling","KEGG: hsa04012"
"Myoid","Myoid","COL1A2","ITGA1_ITGB1",1.85971452449083e-05,0,"COL1A2_ITGA1_ITGB1","COL1A2 - (ITGA1+ITGB1)","COLLAGEN","ECM-Receptor","KEGG: hsa04512"
"Fibroblast","Myoid","COL1A2","ITGA1_ITGB1",9.55293234149753e-06,0,"COL1A2_ITGA1_ITGB1","COL1A2 - (ITGA1+ITGB1)","COLLAGEN","ECM-Receptor","KEGG: hsa04512"
"Sertoli","Myoid","COL4A1","ITGA1_ITGB1",9.51165145116852e-05,0,"COL4A1_ITGA1_ITGB1","COL4A1 - (ITGA1+ITGB1)","COLLAGEN","ECM-Receptor","KEGG: hsa04512"
"Leydig","Myoid","COL4A1","ITGA1_ITGB1",6.5830625362218e-05,0,"COL4A1_ITGA1_ITGB1","COL4A1 - (ITGA1+ITGB1)","COLLAGEN","ECM-Receptor","KEGG: hsa04512"
"Myoid","Myoid","COL4A1","ITGA1_ITGB1",4.50605077118297e-05,0,"COL4A1_ITGA1_ITGB1","COL4A1 - (ITGA1+ITGB1)","COLLAGEN","ECM-Receptor","KEGG: hsa04512"
"Fibroblast","Myoid","COL4A1","ITGA1_ITGB1",1.23552591184895e-05,0,"COL4A1_ITGA1_ITGB1","COL4A1 - (ITGA1+ITGB1)","COLLAGEN","ECM-Receptor","KEGG: hsa04512"
"Endothelial","Myoid","COL4A1","ITGA1_ITGB1",5.15009397692919e-06,0,"COL4A1_ITGA1_ITGB1","COL4A1 - (ITGA1+ITGB1)","COLLAGEN","ECM-Receptor","KEGG: hsa04512"
"Sertoli","Myoid","COL4A2","ITGA1_ITGB1",9.86636832065578e-05,0,"COL4A2_ITGA1_ITGB1","COL4A2 - (ITGA1+ITGB1)","COLLAGEN","ECM-Receptor","KEGG: hsa04512"
"Leydig","Myoid","COL4A2","ITGA1_ITGB1",5.37229150391647e-05,0,"COL4A2_ITGA1_ITGB1","COL4A2 - (ITGA1+ITGB1)","COLLAGEN","ECM-Receptor","KEGG: hsa04512"
"Myoid","Myoid","COL4A2","ITGA1_ITGB1",3.79560827287459e-05,0,"COL4A2_ITGA1_ITGB1","COL4A2 - (ITGA1+ITGB1)","COLLAGEN","ECM-Receptor","KEGG: hsa04512"
"Fibroblast","Myoid","COL4A2","ITGA1_ITGB1",9.71090592320877e-06,0,"COL4A2_ITGA1_ITGB1","COL4A2 - (ITGA1+ITGB1)","COLLAGEN","ECM-Receptor","KEGG: hsa04512"
"Endothelial","Myoid","COL4A2","ITGA1_ITGB1",4.069492789647e-06,0,"COL4A2_ITGA1_ITGB1","COL4A2 - (ITGA1+ITGB1)","COLLAGEN","ECM-Receptor","KEGG: hsa04512"
"Sertoli","Myoid","COL4A3","ITGA1_ITGB1",0.000134955453812883,0,"COL4A3_ITGA1_ITGB1","COL4A3 - (ITGA1+ITGB1)","COLLAGEN","ECM-Receptor","KEGG: hsa04512"
"Leydig","Myoid","COL4A3","ITGA1_ITGB1",4.2223329151423e-05,0,"COL4A3_ITGA1_ITGB1","COL4A3 - (ITGA1+ITGB1)","COLLAGEN","ECM-Receptor","KEGG: hsa04512"
"Myoid","Myoid","COL4A3","ITGA1_ITGB1",4.11893417077146e-05,0,"COL4A3_ITGA1_ITGB1","COL4A3 - (ITGA1+ITGB1)","COLLAGEN","ECM-Receptor","KEGG: hsa04512"
"Sertoli","Myoid","COL4A4","ITGA1_ITGB1",5.26866469931824e-05,0,"COL4A4_ITGA1_ITGB1","COL4A4 - (ITGA1+ITGB1)","COLLAGEN","ECM-Receptor","KEGG: hsa04512"
"Leydig","Myoid","COL4A4","ITGA1_ITGB1",4.02680828102193e-05,0,"COL4A4_ITGA1_ITGB1","COL4A4 - (ITGA1+ITGB1)","COLLAGEN","ECM-Receptor","KEGG: hsa04512"
"Myoid","Myoid","COL4A4","ITGA1_ITGB1",4.21480235569899e-05,0,"COL4A4_ITGA1_ITGB1","COL4A4 - (ITGA1+ITGB1)","COLLAGEN","ECM-Receptor","KEGG: hsa04512"
"SSC","Myoid","COL4A5","ITGA1_ITGB1",2.54236368007094e-05,0,"COL4A5_ITGA1_ITGB1","COL4A5 - (ITGA1+ITGB1)","COLLAGEN","ECM-Receptor","KEGG: hsa04512"
"Spermatocyte","Myoid","COL4A5","ITGA1_ITGB1",1.60005885411176e-05,0,"COL4A5_ITGA1_ITGB1","COL4A5 - (ITGA1+ITGB1)","COLLAGEN","ECM-Receptor","KEGG: hsa04512"
"Spermatid","Myoid","COL4A5","ITGA1_ITGB1",1.07551261480181e-05,0,"COL4A5_ITGA1_ITGB1","COL4A5 - (ITGA1+ITGB1)","COLLAGEN","ECM-Receptor","KEGG: hsa04512"
"Sertoli","Myoid","COL4A5","ITGA1_ITGB1",0.000309381447258231,0,"COL4A5_ITGA1_ITGB1","COL4A5 - (ITGA1+ITGB1)","COLLAGEN","ECM-Receptor","KEGG: hsa04512"
"Leydig","Myoid","COL4A5","ITGA1_ITGB1",0.000185652907392799,0,"COL4A5_ITGA1_ITGB1","COL4A5 - (ITGA1+ITGB1)","COLLAGEN","ECM-Receptor","KEGG: hsa04512"
"Myoid","Myoid","COL4A5","ITGA1_ITGB1",1.93387139111417e-05,0,"COL4A5_ITGA1_ITGB1","COL4A5 - (ITGA1+ITGB1)","COLLAGEN","ECM-Receptor","KEGG: hsa04512"
"Fibroblast","Myoid","COL4A5","ITGA1_ITGB1",1.23364587797661e-05,0,"COL4A5_ITGA1_ITGB1","COL4A5 - (ITGA1+ITGB1)","COLLAGEN","ECM-Receptor","KEGG: hsa04512"
"Endothelial","Myoid","COL4A5","ITGA1_ITGB1",3.10268454315286e-06,0,"COL4A5_ITGA1_ITGB1","COL4A5 - (ITGA1+ITGB1)","COLLAGEN","ECM-Receptor","KEGG: hsa04512"
"Leydig","Myoid","COL6A3","ITGA1_ITGB1",7.02482544368398e-05,0,"COL6A3_ITGA1_ITGB1","COL6A3 - (ITGA1+ITGB1)","COLLAGEN","ECM-Receptor","KEGG: hsa04512"
"Myoid","Myoid","COL6A3","ITGA1_ITGB1",6.70980641542495e-05,0,"COL6A3_ITGA1_ITGB1","COL6A3 - (ITGA1+ITGB1)","COLLAGEN","ECM-Receptor","KEGG: hsa04512"
"Fibroblast","Myoid","COL6A3","ITGA1_ITGB1",1.45947378399167e-05,0,"COL6A3_ITGA1_ITGB1","COL6A3 - (ITGA1+ITGB1)","COLLAGEN","ECM-Receptor","KEGG: hsa04512"
"Sertoli","Myoid","COL6A6","ITGA1_ITGB1",0.000322018381553382,0,"COL6A6_ITGA1_ITGB1","COL6A6 - (ITGA1+ITGB1)","COLLAGEN","ECM-Receptor","KEGG: hsa04512"
"Myoid","SSC","COL1A2","ITGA9_ITGB1",1.24759645699299e-05,0,"COL1A2_ITGA9_ITGB1","COL1A2 - (ITGA9+ITGB1)","COLLAGEN","ECM-Receptor","KEGG: hsa04512"
"Fibroblast","SSC","COL1A2","ITGA9_ITGB1",6.41059650076517e-06,0,"COL1A2_ITGA9_ITGB1","COL1A2 - (ITGA9+ITGB1)","COLLAGEN","ECM-Receptor","KEGG: hsa04512"
"Myoid","Spermatocyte","COL1A2","ITGA9_ITGB1",2.09290742901476e-05,0,"COL1A2_ITGA9_ITGB1","COL1A2 - (ITGA9+ITGB1)","COLLAGEN","ECM-Receptor","KEGG: hsa04512"
"Fibroblast","Spermatocyte","COL1A2","ITGA9_ITGB1",1.07550799971467e-05,0,"COL1A2_ITGA9_ITGB1","COL1A2 - (ITGA9+ITGB1)","COLLAGEN","ECM-Receptor","KEGG: hsa04512"
"Myoid","Spermatid","COL1A2","ITGA9_ITGB1",1.28163548420628e-05,0,"COL1A2_ITGA9_ITGB1","COL1A2 - (ITGA9+ITGB1)","COLLAGEN","ECM-Receptor","KEGG: hsa04512"
"Fibroblast","Spermatid","COL1A2","ITGA9_ITGB1",6.58608157874286e-06,0,"COL1A2_ITGA9_ITGB1","COL1A2 - (ITGA9+ITGB1)","COLLAGEN","ECM-Receptor","KEGG: hsa04512"
"Myoid","Sertoli","COL1A2","ITGA9_ITGB1",0.000136997501389177,0,"COL1A2_ITGA9_ITGB1","COL1A2 - (ITGA9+ITGB1)","COLLAGEN","ECM-Receptor","KEGG: hsa04512"
"Fibroblast","Sertoli","COL1A2","ITGA9_ITGB1",7.03835376800805e-05,0,"COL1A2_ITGA9_ITGB1","COL1A2 - (ITGA9+ITGB1)","COLLAGEN","ECM-Receptor","KEGG: hsa04512"
"Myoid","Leydig","COL1A2","ITGA9_ITGB1",0.000100040917568036,0,"COL1A2_ITGA9_ITGB1","COL1A2 - (ITGA9+ITGB1)","COLLAGEN","ECM-Receptor","KEGG: hsa04512"
"Fibroblast","Leydig","COL1A2","ITGA9_ITGB1",5.13774053030875e-05,0,"COL1A2_ITGA9_ITGB1","COL1A2 - (ITGA9+ITGB1)","COLLAGEN","ECM-Receptor","KEGG: hsa04512"
"Myoid","Myoid","COL1A2","ITGA9_ITGB1",3.22872828340435e-05,0,"COL1A2_ITGA9_ITGB1","COL1A2 - (ITGA9+ITGB1)","COLLAGEN","ECM-Receptor","KEGG: hsa04512"
"Fibroblast","Myoid","COL1A2","ITGA9_ITGB1",1.65787500971306e-05,0,"COL1A2_ITGA9_ITGB1","COL1A2 - (ITGA9+ITGB1)","COLLAGEN","ECM-Receptor","KEGG: hsa04512"
"Myoid","Fibroblast","COL1A2","ITGA9_ITGB1",6.74217597256807e-06,0,"COL1A2_ITGA9_ITGB1","COL1A2 - (ITGA9+ITGB1)","COLLAGEN","ECM-Receptor","KEGG: hsa04512"
"Fibroblast","Fibroblast","COL1A2","ITGA9_ITGB1",3.46378554439669e-06,0,"COL1A2_ITGA9_ITGB1","COL1A2 - (ITGA9+ITGB1)","COLLAGEN","ECM-Receptor","KEGG: hsa04512"
"Myoid","Endothelial","COL1A2","ITGA9_ITGB1",2.96472740603914e-06,0,"COL1A2_ITGA9_ITGB1","COL1A2 - (ITGA9+ITGB1)","COLLAGEN","ECM-Receptor","KEGG: hsa04512"
"Fibroblast","Endothelial","COL1A2","ITGA9_ITGB1",1.52322270654209e-06,0,"COL1A2_ITGA9_ITGB1","COL1A2 - (ITGA9+ITGB1)","COLLAGEN","ECM-Receptor","KEGG: hsa04512"
"Leydig","SSC","COL4A1","ITGA9_ITGB1",4.41424005784156e-05,0,"COL4A1_ITGA9_ITGB1","COL4A1 - (ITGA9+ITGB1)","COLLAGEN","ECM-Receptor","KEGG: hsa04512"
"Myoid","SSC","COL4A1","ITGA9_ITGB1",3.05192435330482e-05,0,"COL4A1_ITGA9_ITGB1","COL4A1 - (ITGA9+ITGB1)","COLLAGEN","ECM-Receptor","KEGG: hsa04512"
"Fibroblast","SSC","COL4A1","ITGA9_ITGB1",8.30817187617053e-06,0,"COL4A1_ITGA9_ITGB1","COL4A1 - (ITGA9+ITGB1)","COLLAGEN","ECM-Receptor","KEGG: hsa04512"
"Endothelial","SSC","COL4A1","ITGA9_ITGB1",3.45667491778211e-06,0,"COL4A1_ITGA9_ITGB1","COL4A1 - (ITGA9+ITGB1)","COLLAGEN","ECM-Receptor","KEGG: hsa04512"
"Myoid","Spermatocyte","COL4A1","ITGA9_ITGB1",5.1342327065217e-05,0,"COL4A1_ITGA9_ITGB1","COL4A1 - (ITGA9+ITGB1)","COLLAGEN","ECM-Receptor","KEGG: hsa04512"
"Myoid","Spermatid","COL4A1","ITGA9_ITGB1",3.14381872211125e-05,0,"COL4A1_ITGA9_ITGB1","COL4A1 - (ITGA9+ITGB1)","COLLAGEN","ECM-Receptor","KEGG: hsa04512"
"Sertoli","Sertoli","COL4A1","ITGA9_ITGB1",0.000699472747127479,0,"COL4A1_ITGA9_ITGB1","COL4A1 - (ITGA9+ITGB1)","COLLAGEN","ECM-Receptor","KEGG: hsa04512"
"Leydig","Sertoli","COL4A1","ITGA9_ITGB1",0.000484833666285766,0,"COL4A1_ITGA9_ITGB1","COL4A1 - (ITGA9+ITGB1)","COLLAGEN","ECM-Receptor","KEGG: hsa04512"
"Myoid","Sertoli","COL4A1","ITGA9_ITGB1",0.000333553945509108,0,"COL4A1_ITGA9_ITGB1","COL4A1 - (ITGA9+ITGB1)","COLLAGEN","ECM-Receptor","KEGG: hsa04512"
"Fibroblast","Sertoli","COL4A1","ITGA9_ITGB1",9.11253323393978e-05,0,"COL4A1_ITGA9_ITGB1","COL4A1 - (ITGA9+ITGB1)","COLLAGEN","ECM-Receptor","KEGG: hsa04512"
"Endothelial","Sertoli","COL4A1","ITGA9_ITGB1",3.79481859867298e-05,0,"COL4A1_ITGA9_ITGB1","COL4A1 - (ITGA9+ITGB1)","COLLAGEN","ECM-Receptor","KEGG: hsa04512"
"Sertoli","Leydig","COL4A1","ITGA9_ITGB1",0.000512919646512652,0,"COL4A1_ITGA9_ITGB1","COL4A1 - (ITGA9+ITGB1)","COLLAGEN","ECM-Receptor","KEGG: hsa04512"
"Leydig","Leydig","COL4A1","ITGA9_ITGB1",0.00035424412218804,0,"COL4A1_ITGA9_ITGB1","COL4A1 - (ITGA9+ITGB1)","COLLAGEN","ECM-Receptor","KEGG: hsa04512"
"Myoid","Leydig","COL4A1","ITGA9_ITGB1",0.000240756475100647,0,"COL4A1_ITGA9_ITGB1","COL4A1 - (ITGA9+ITGB1)","COLLAGEN","ECM-Receptor","KEGG: hsa04512"
"Fibroblast","Leydig","COL4A1","ITGA9_ITGB1",6.6351338174591e-05,0,"COL4A1_ITGA9_ITGB1","COL4A1 - (ITGA9+ITGB1)","COLLAGEN","ECM-Receptor","KEGG: hsa04512"
"Endothelial","Leydig","COL4A1","ITGA9_ITGB1",2.76944124210306e-05,0,"COL4A1_ITGA9_ITGB1","COL4A1 - (ITGA9+ITGB1)","COLLAGEN","ECM-Receptor","KEGG: hsa04512"
"Sertoli","Myoid","COL4A1","ITGA9_ITGB1",0.000165854334686099,0,"COL4A1_ITGA9_ITGB1","COL4A1 - (ITGA9+ITGB1)","COLLAGEN","ECM-Receptor","KEGG: hsa04512"
"Leydig","Myoid","COL4A1","ITGA9_ITGB1",0.000114358224717048,0,"COL4A1_ITGA9_ITGB1","COL4A1 - (ITGA9+ITGB1)","COLLAGEN","ECM-Receptor","KEGG: hsa04512"
"Myoid","Myoid","COL4A1","ITGA9_ITGB1",7.72970537751561e-05,0,"COL4A1_ITGA9_ITGB1","COL4A1 - (ITGA9+ITGB1)","COLLAGEN","ECM-Receptor","KEGG: hsa04512"
"Fibroblast","Myoid","COL4A1","ITGA9_ITGB1",2.13863508059314e-05,0,"COL4A1_ITGA9_ITGB1","COL4A1 - (ITGA9+ITGB1)","COLLAGEN","ECM-Receptor","KEGG: hsa04512"
"Endothelial","Myoid","COL4A1","ITGA9_ITGB1",8.93565828418112e-06,0,"COL4A1_ITGA9_ITGB1","COL4A1 - (ITGA9+ITGB1)","COLLAGEN","ECM-Receptor","KEGG: hsa04512"
"Leydig","Fibroblast","COL4A1","ITGA9_ITGB1",2.38611545271611e-05,0,"COL4A1_ITGA9_ITGB1","COL4A1 - (ITGA9+ITGB1)","COLLAGEN","ECM-Receptor","KEGG: hsa04512"
"Myoid","Fibroblast","COL4A1","ITGA9_ITGB1",1.64066557051813e-05,0,"COL4A1_ITGA9_ITGB1","COL4A1 - (ITGA9+ITGB1)","COLLAGEN","ECM-Receptor","KEGG: hsa04512"
"Fibroblast","Fibroblast","COL4A1","ITGA9_ITGB1",4.48403349237382e-06,0,"COL4A1_ITGA9_ITGB1","COL4A1 - (ITGA9+ITGB1)","COLLAGEN","ECM-Receptor","KEGG: hsa04512"
"Endothelial","Fibroblast","COL4A1","ITGA9_ITGB1",1.8675245947464e-06,0,"COL4A1_ITGA9_ITGB1","COL4A1 - (ITGA9+ITGB1)","COLLAGEN","ECM-Receptor","KEGG: hsa04512"
"Leydig","Endothelial","COL4A1","ITGA9_ITGB1",1.0491431491659e-05,0,"COL4A1_ITGA9_ITGB1","COL4A1 - (ITGA9+ITGB1)","COLLAGEN","ECM-Receptor","KEGG: hsa04512"
"Myoid","Endothelial","COL4A1","ITGA9_ITGB1",7.22877161020066e-06,0,"COL4A1_ITGA9_ITGB1","COL4A1 - (ITGA9+ITGB1)","COLLAGEN","ECM-Receptor","KEGG: hsa04512"
"Fibroblast","Endothelial","COL4A1","ITGA9_ITGB1",1.97272235022416e-06,0,"COL4A1_ITGA9_ITGB1","COL4A1 - (ITGA9+ITGB1)","COLLAGEN","ECM-Receptor","KEGG: hsa04512"
"Endothelial","Endothelial","COL4A1","ITGA9_ITGB1",8.21288319957517e-07,0,"COL4A1_ITGA9_ITGB1","COL4A1 - (ITGA9+ITGB1)","COLLAGEN","ECM-Receptor","KEGG: hsa04512"
"Leydig","SSC","COL4A2","ITGA9_ITGB1",3.5982472579351e-05,0.03,"COL4A2_ITGA9_ITGB1","COL4A2 - (ITGA9+ITGB1)","COLLAGEN","ECM-Receptor","KEGG: hsa04512"
"Myoid","SSC","COL4A2","ITGA9_ITGB1",2.56413622051144e-05,0,"COL4A2_ITGA9_ITGB1","COL4A2 - (ITGA9+ITGB1)","COLLAGEN","ECM-Receptor","KEGG: hsa04512"
"Fibroblast","SSC","COL4A2","ITGA9_ITGB1",6.51736006853283e-06,0,"COL4A2_ITGA9_ITGB1","COL4A2 - (ITGA9+ITGB1)","COLLAGEN","ECM-Receptor","KEGG: hsa04512"
"Endothelial","SSC","COL4A2","ITGA9_ITGB1",2.72727941598927e-06,0.04,"COL4A2_ITGA9_ITGB1","COL4A2 - (ITGA9+ITGB1)","COLLAGEN","ECM-Receptor","KEGG: hsa04512"
"Myoid","Spermatocyte","COL4A2","ITGA9_ITGB1",4.31033597335815e-05,0,"COL4A2_ITGA9_ITGB1","COL4A2 - (ITGA9+ITGB1)","COLLAGEN","ECM-Receptor","KEGG: hsa04512"
"Myoid","Spermatid","COL4A2","ITGA9_ITGB1",2.63937980439781e-05,0,"COL4A2_ITGA9_ITGB1","COL4A2 - (ITGA9+ITGB1)","COLLAGEN","ECM-Receptor","KEGG: hsa04512"
"Sertoli","Sertoli","COL4A2","ITGA9_ITGB1",0.000725603046392497,0,"COL4A2_ITGA9_ITGB1","COL4A2 - (ITGA9+ITGB1)","COLLAGEN","ECM-Receptor","KEGG: hsa04512"
"Leydig","Sertoli","COL4A2","ITGA9_ITGB1",0.000395432111629322,0,"COL4A2_ITGA9_ITGB1","COL4A2 - (ITGA9+ITGB1)","COLLAGEN","ECM-Receptor","KEGG: hsa04512"
"Myoid","Sertoli","COL4A2","ITGA9_ITGB1",0.000280598688199231,0,"COL4A2_ITGA9_ITGB1","COL4A2 - (ITGA9+ITGB1)","COLLAGEN","ECM-Receptor","KEGG: hsa04512"
"Fibroblast","Sertoli","COL4A2","ITGA9_ITGB1",7.15516501464213e-05,0,"COL4A2_ITGA9_ITGB1","COL4A2 - (ITGA9+ITGB1)","COLLAGEN","ECM-Receptor","KEGG: hsa04512"
"Endothelial","Sertoli","COL4A2","ITGA9_ITGB1",2.99628957860467e-05,0,"COL4A2_ITGA9_ITGB1","COL4A2 - (ITGA9+ITGB1)","COLLAGEN","ECM-Receptor","KEGG: hsa04512"
"Sertoli","Leydig","COL4A2","ITGA9_ITGB1",0.000532001228261062,0,"COL4A2_ITGA9_ITGB1","COL4A2 - (ITGA9+ITGB1)","COLLAGEN","ECM-Receptor","KEGG: hsa04512"
"Leydig","Leydig","COL4A2","ITGA9_ITGB1",0.000289328142615071,0,"COL4A2_ITGA9_ITGB1","COL4A2 - (ITGA9+ITGB1)","COLLAGEN","ECM-Receptor","KEGG: hsa04512"
"Myoid","Leydig","COL4A2","ITGA9_ITGB1",0.000203166988185955,0,"COL4A2_ITGA9_ITGB1","COL4A2 - (ITGA9+ITGB1)","COLLAGEN","ECM-Receptor","KEGG: hsa04512"
"Fibroblast","Leydig","COL4A2","ITGA9_ITGB1",5.22226904497156e-05,0,"COL4A2_ITGA9_ITGB1","COL4A2 - (ITGA9+ITGB1)","COLLAGEN","ECM-Receptor","KEGG: hsa04512"
"Endothelial","Leydig","COL4A2","ITGA9_ITGB1",2.19071639547449e-05,0,"COL4A2_ITGA9_ITGB1","COL4A2 - (ITGA9+ITGB1)","COLLAGEN","ECM-Receptor","KEGG: hsa04512"
"Sertoli","Myoid","COL4A2","ITGA9_ITGB1",0.000172012702726162,0,"COL4A2_ITGA9_ITGB1","COL4A2 - (ITGA9+ITGB1)","COLLAGEN","ECM-Receptor","KEGG: hsa04512"
"Leydig","Myoid","COL4A2","ITGA9_ITGB1",9.34612599717517e-05,0,"COL4A2_ITGA9_ITGB1","COL4A2 - (ITGA9+ITGB1)","COLLAGEN","ECM-Receptor","KEGG: hsa04512"
"Myoid","Myoid","COL4A2","ITGA9_ITGB1",6.53195272005704e-05,0,"COL4A2_ITGA9_ITGB1","COL4A2 - (ITGA9+ITGB1)","COLLAGEN","ECM-Receptor","KEGG: hsa04512"
"Fibroblast","Myoid","COL4A2","ITGA9_ITGB1",1.68504318936732e-05,0,"COL4A2_ITGA9_ITGB1","COL4A2 - (ITGA9+ITGB1)","COLLAGEN","ECM-Receptor","KEGG: hsa04512"
"Endothelial","Myoid","COL4A2","ITGA9_ITGB1",7.07430083463694e-06,0,"COL4A2_ITGA9_ITGB1","COL4A2 - (ITGA9+ITGB1)","COLLAGEN","ECM-Receptor","KEGG: hsa04512"
"Sertoli","Fibroblast","COL4A2","ITGA9_ITGB1",3.57163207613275e-05,0,"COL4A2_ITGA9_ITGB1","COL4A2 - (ITGA9+ITGB1)","COLLAGEN","ECM-Receptor","KEGG: hsa04512"
"Leydig","Fibroblast","COL4A2","ITGA9_ITGB1",1.9462496970389e-05,0,"COL4A2_ITGA9_ITGB1","COL4A2 - (ITGA9+ITGB1)","COLLAGEN","ECM-Receptor","KEGG: hsa04512"
"Myoid","Fibroblast","COL4A2","ITGA9_ITGB1",1.38039221894808e-05,0,"COL4A2_ITGA9_ITGB1","COL4A2 - (ITGA9+ITGB1)","COLLAGEN","ECM-Receptor","KEGG: hsa04512"
"Fibroblast","Fibroblast","COL4A2","ITGA9_ITGB1",3.52124895686425e-06,0,"COL4A2_ITGA9_ITGB1","COL4A2 - (ITGA9+ITGB1)","COLLAGEN","ECM-Receptor","KEGG: hsa04512"
"Endothelial","Fibroblast","COL4A2","ITGA9_ITGB1",1.47467356326603e-06,0,"COL4A2_ITGA9_ITGB1","COL4A2 - (ITGA9+ITGB1)","COLLAGEN","ECM-Receptor","KEGG: hsa04512"
"Leydig","Endothelial","COL4A2","ITGA9_ITGB1",8.55537496176645e-06,0,"COL4A2_ITGA9_ITGB1","COL4A2 - (ITGA9+ITGB1)","COLLAGEN","ECM-Receptor","KEGG: hsa04512"
"Myoid","Endothelial","COL4A2","ITGA9_ITGB1",6.07876332173994e-06,0,"COL4A2_ITGA9_ITGB1","COL4A2 - (ITGA9+ITGB1)","COLLAGEN","ECM-Receptor","KEGG: hsa04512"
"Fibroblast","Endothelial","COL4A2","ITGA9_ITGB1",1.54852971023804e-06,0,"COL4A2_ITGA9_ITGB1","COL4A2 - (ITGA9+ITGB1)","COLLAGEN","ECM-Receptor","KEGG: hsa04512"
"Endothelial","Endothelial","COL4A2","ITGA9_ITGB1",6.48320544915585e-07,0,"COL4A2_ITGA9_ITGB1","COL4A2 - (ITGA9+ITGB1)","COLLAGEN","ECM-Receptor","KEGG: hsa04512"
"Myoid","SSC","COL4A3","ITGA9_ITGB1",2.78581966147207e-05,0,"COL4A3_ITGA9_ITGB1","COL4A3 - (ITGA9+ITGB1)","COLLAGEN","ECM-Receptor","KEGG: hsa04512"
"Myoid","Spermatocyte","COL4A3","ITGA9_ITGB1",4.68461353354731e-05,0,"COL4A3_ITGA9_ITGB1","COL4A3 - (ITGA9+ITGB1)","COLLAGEN","ECM-Receptor","KEGG: hsa04512"
"Myoid","Spermatid","COL4A3","ITGA9_ITGB1",2.86853747926088e-05,0,"COL4A3_ITGA9_ITGB1","COL4A3 - (ITGA9+ITGB1)","COLLAGEN","ECM-Receptor","KEGG: hsa04512"
"Sertoli","Sertoli","COL4A3","ITGA9_ITGB1",0.00099313332530931,0,"COL4A3_ITGA9_ITGB1","COL4A3 - (ITGA9+ITGB1)","COLLAGEN","ECM-Receptor","KEGG: hsa04512"
"Leydig","Sertoli","COL4A3","ITGA9_ITGB1",0.000310617004288634,0,"COL4A3_ITGA9_ITGB1","COL4A3 - (ITGA9+ITGB1)","COLLAGEN","ECM-Receptor","KEGG: hsa04512"
"Myoid","Sertoli","COL4A3","ITGA9_ITGB1",0.000304681781965755,0,"COL4A3_ITGA9_ITGB1","COL4A3 - (ITGA9+ITGB1)","COLLAGEN","ECM-Receptor","KEGG: hsa04512"
"Sertoli","Leydig","COL4A3","ITGA9_ITGB1",0.00072703643525655,0,"COL4A3_ITGA9_ITGB1","COL4A3 - (ITGA9+ITGB1)","COLLAGEN","ECM-Receptor","KEGG: hsa04512"
"Leydig","Leydig","COL4A3","ITGA9_ITGB1",0.000227573866252082,0,"COL4A3_ITGA9_ITGB1","COL4A3 - (ITGA9+ITGB1)","COLLAGEN","ECM-Receptor","KEGG: hsa04512"
"Myoid","Leydig","COL4A3","ITGA9_ITGB1",0.000220291104587288,0,"COL4A3_ITGA9_ITGB1","COL4A3 - (ITGA9+ITGB1)","COLLAGEN","ECM-Receptor","KEGG: hsa04512"
"Sertoli","Myoid","COL4A3","ITGA9_ITGB1",0.00023491002688057,0,"COL4A3_ITGA9_ITGB1","COL4A3 - (ITGA9+ITGB1)","COLLAGEN","ECM-Receptor","KEGG: hsa04512"
"Leydig","Myoid","COL4A3","ITGA9_ITGB1",7.35573799877517e-05,0,"COL4A3_ITGA9_ITGB1","COL4A3 - (ITGA9+ITGB1)","COLLAGEN","ECM-Receptor","KEGG: hsa04512"
"Myoid","Myoid","COL4A3","ITGA9_ITGB1",7.07800994810101e-05,0,"COL4A3_ITGA9_ITGB1","COL4A3 - (ITGA9+ITGB1)","COLLAGEN","ECM-Receptor","KEGG: hsa04512"
"Sertoli","Fibroblast","COL4A3","ITGA9_ITGB1",4.88815218193914e-05,0,"COL4A3_ITGA9_ITGB1","COL4A3 - (ITGA9+ITGB1)","COLLAGEN","ECM-Receptor","KEGG: hsa04512"
"Leydig","Fibroblast","COL4A3","ITGA9_ITGB1",1.52889745991803e-05,0,"COL4A3_ITGA9_ITGB1","COL4A3 - (ITGA9+ITGB1)","COLLAGEN","ECM-Receptor","KEGG: hsa04512"
"Myoid","Fibroblast","COL4A3","ITGA9_ITGB1",1.49876917895634e-05,0,"COL4A3_ITGA9_ITGB1","COL4A3 - (ITGA9+ITGB1)","COLLAGEN","ECM-Receptor","KEGG: hsa04512"
"Sertoli","Endothelial","COL4A3","ITGA9_ITGB1",2.14855479889637e-05,0.01,"COL4A3_ITGA9_ITGB1","COL4A3 - (ITGA9+ITGB1)","COLLAGEN","ECM-Receptor","KEGG: hsa04512"
"Leydig","Endothelial","COL4A3","ITGA9_ITGB1",6.7192581775116e-06,0.03,"COL4A3_ITGA9_ITGB1","COL4A3 - (ITGA9+ITGB1)","COLLAGEN","ECM-Receptor","KEGG: hsa04512"
"Myoid","Endothelial","COL4A3","ITGA9_ITGB1",6.60165545813658e-06,0,"COL4A3_ITGA9_ITGB1","COL4A3 - (ITGA9+ITGB1)","COLLAGEN","ECM-Receptor","KEGG: hsa04512"
"Sertoli","SSC","COL4A4","ITGA9_ITGB1",3.51737671588927e-05,0,"COL4A4_ITGA9_ITGB1","COL4A4 - (ITGA9+ITGB1)","COLLAGEN","ECM-Receptor","KEGG: hsa04512"
"Leydig","SSC","COL4A4","ITGA9_ITGB1",2.69365067099335e-05,0,"COL4A4_ITGA9_ITGB1","COL4A4 - (ITGA9+ITGB1)","COLLAGEN","ECM-Receptor","KEGG: hsa04512"
"Myoid","SSC","COL4A4","ITGA9_ITGB1",2.85165007385597e-05,0,"COL4A4_ITGA9_ITGB1","COL4A4 - (ITGA9+ITGB1)","COLLAGEN","ECM-Receptor","KEGG: hsa04512"
"Sertoli","Spermatocyte","COL4A4","ITGA9_ITGB1",5.89219873446642e-05,0,"COL4A4_ITGA9_ITGB1","COL4A4 - (ITGA9+ITGB1)","COLLAGEN","ECM-Receptor","KEGG: hsa04512"
"Leydig","Spermatocyte","COL4A4","ITGA9_ITGB1",4.51493584115507e-05,0,"COL4A4_ITGA9_ITGB1","COL4A4 - (ITGA9+ITGB1)","COLLAGEN","ECM-Receptor","KEGG: hsa04512"
"Myoid","Spermatocyte","COL4A4","ITGA9_ITGB1",4.79580785908185e-05,0,"COL4A4_ITGA9_ITGB1","COL4A4 - (ITGA9+ITGB1)","COLLAGEN","ECM-Receptor","KEGG: hsa04512"
"Sertoli","Spermatid","COL4A4","ITGA9_ITGB1",3.60834664277715e-05,0,"COL4A4_ITGA9_ITGB1","COL4A4 - (ITGA9+ITGB1)","COLLAGEN","ECM-Receptor","KEGG: hsa04512"
"Leydig","Spermatid","COL4A4","ITGA9_ITGB1",2.76487676037658e-05,0,"COL4A4_ITGA9_ITGB1","COL4A4 - (ITGA9+ITGB1)","COLLAGEN","ECM-Receptor","KEGG: hsa04512"
"Myoid","Spermatid","COL4A4","ITGA9_ITGB1",2.93661724386991e-05,0,"COL4A4_ITGA9_ITGB1","COL4A4 - (ITGA9+ITGB1)","COLLAGEN","ECM-Receptor","KEGG: hsa04512"
"Sertoli","Sertoli","COL4A4","ITGA9_ITGB1",0.000387162924353636,0,"COL4A4_ITGA9_ITGB1","COL4A4 - (ITGA9+ITGB1)","COLLAGEN","ECM-Receptor","KEGG: hsa04512"
"Leydig","Sertoli","COL4A4","ITGA9_ITGB1",0.000296205405622039,0,"COL4A4_ITGA9_ITGB1","COL4A4 - (ITGA9+ITGB1)","COLLAGEN","ECM-Receptor","KEGG: hsa04512"
"Myoid","Sertoli","COL4A4","ITGA9_ITGB1",0.000311828061804971,0,"COL4A4_ITGA9_ITGB1","COL4A4 - (ITGA9+ITGB1)","COLLAGEN","ECM-Receptor","KEGG: hsa04512"
"Sertoli","Leydig","COL4A4","ITGA9_ITGB1",0.000284413309284721,0,"COL4A4_ITGA9_ITGB1","COL4A4 - (ITGA9+ITGB1)","COLLAGEN","ECM-Receptor","KEGG: hsa04512"
"Leydig","Leydig","COL4A4","ITGA9_ITGB1",0.000217064349278257,0,"COL4A4_ITGA9_ITGB1","COL4A4 - (ITGA9+ITGB1)","COLLAGEN","ECM-Receptor","KEGG: hsa04512"
"Myoid","Leydig","COL4A4","ITGA9_ITGB1",0.000225363066161626,0,"COL4A4_ITGA9_ITGB1","COL4A4 - (ITGA9+ITGB1)","COLLAGEN","ECM-Receptor","KEGG: hsa04512"
"Sertoli","Myoid","COL4A4","ITGA9_ITGB1",9.20411680028226e-05,0,"COL4A4_ITGA9_ITGB1","COL4A4 - (ITGA9+ITGB1)","COLLAGEN","ECM-Receptor","KEGG: hsa04512"
"Leydig","Myoid","COL4A4","ITGA9_ITGB1",7.01676809999073e-05,0,"COL4A4_ITGA9_ITGB1","COL4A4 - (ITGA9+ITGB1)","COLLAGEN","ECM-Receptor","KEGG: hsa04512"
"Myoid","Myoid","COL4A4","ITGA9_ITGB1",7.23961265885319e-05,0,"COL4A4_ITGA9_ITGB1","COL4A4 - (ITGA9+ITGB1)","COLLAGEN","ECM-Receptor","KEGG: hsa04512"
"Sertoli","Fibroblast","COL4A4","ITGA9_ITGB1",1.90589911314406e-05,0,"COL4A4_ITGA9_ITGB1","COL4A4 - (ITGA9+ITGB1)","COLLAGEN","ECM-Receptor","KEGG: hsa04512"
"Leydig","Fibroblast","COL4A4","ITGA9_ITGB1",1.45797681083796e-05,0,"COL4A4_ITGA9_ITGB1","COL4A4 - (ITGA9+ITGB1)","COLLAGEN","ECM-Receptor","KEGG: hsa04512"
"Myoid","Fibroblast","COL4A4","ITGA9_ITGB1",1.53389268324628e-05,0,"COL4A4_ITGA9_ITGB1","COL4A4 - (ITGA9+ITGB1)","COLLAGEN","ECM-Receptor","KEGG: hsa04512"
"Sertoli","Endothelial","COL4A4","ITGA9_ITGB1",8.37235994528835e-06,0,"COL4A4_ITGA9_ITGB1","COL4A4 - (ITGA9+ITGB1)","COLLAGEN","ECM-Receptor","KEGG: hsa04512"
"Leydig","Endothelial","COL4A4","ITGA9_ITGB1",6.4073288808921e-06,0,"COL4A4_ITGA9_ITGB1","COL4A4 - (ITGA9+ITGB1)","COLLAGEN","ECM-Receptor","KEGG: hsa04512"
"Myoid","Endothelial","COL4A4","ITGA9_ITGB1",6.75685105848962e-06,0,"COL4A4_ITGA9_ITGB1","COL4A4 - (ITGA9+ITGB1)","COLLAGEN","ECM-Receptor","KEGG: hsa04512"
"Sertoli","SSC","COL4A5","ITGA9_ITGB1",0.000208376575438982,0,"COL4A5_ITGA9_ITGB1","COL4A5 - (ITGA9+ITGB1)","COLLAGEN","ECM-Receptor","KEGG: hsa04512"
"Leydig","SSC","COL4A5","ITGA9_ITGB1",0.000125914124228469,0,"COL4A5_ITGA9_ITGB1","COL4A5 - (ITGA9+ITGB1)","COLLAGEN","ECM-Receptor","KEGG: hsa04512"
"Leydig","Spermatocyte","COL4A5","ITGA9_ITGB1",0.000211910878817451,0,"COL4A5_ITGA9_ITGB1","COL4A5 - (ITGA9+ITGB1)","COLLAGEN","ECM-Receptor","KEGG: hsa04512"
"Leydig","Spermatid","COL4A5","ITGA9_ITGB1",0.000129756908857868,0,"COL4A5_ITGA9_ITGB1","COL4A5 - (ITGA9+ITGB1)","COLLAGEN","ECM-Receptor","KEGG: hsa04512"
"SSC","Sertoli","COL4A5","ITGA9_ITGB1",0.000187194968740128,0,"COL4A5_ITGA9_ITGB1","COL4A5 - (ITGA9+ITGB1)","COLLAGEN","ECM-Receptor","KEGG: hsa04512"
"Sertoli","Sertoli","COL4A5","ITGA9_ITGB1",0.00228369013109608,0,"COL4A5_ITGA9_ITGB1","COL4A5 - (ITGA9+ITGB1)","COLLAGEN","ECM-Receptor","KEGG: hsa04512"
"Leydig","Sertoli","COL4A5","ITGA9_ITGB1",0.00137522122630372,0,"COL4A5_ITGA9_ITGB1","COL4A5 - (ITGA9+ITGB1)","COLLAGEN","ECM-Receptor","KEGG: hsa04512"
"Myoid","Sertoli","COL4A5","ITGA9_ITGB1",0.000142479624765139,0,"COL4A5_ITGA9_ITGB1","COL4A5 - (ITGA9+ITGB1)","COLLAGEN","ECM-Receptor","KEGG: hsa04512"
"Fibroblast","Sertoli","COL4A5","ITGA9_ITGB1",9.09860349218218e-05,0,"COL4A5_ITGA9_ITGB1","COL4A5 - (ITGA9+ITGB1)","COLLAGEN","ECM-Receptor","KEGG: hsa04512"
"SSC","Leydig","COL4A5","ITGA9_ITGB1",0.000136856428147507,0,"COL4A5_ITGA9_ITGB1","COL4A5 - (ITGA9+ITGB1)","COLLAGEN","ECM-Receptor","KEGG: hsa04512"
"Sertoli","Leydig","COL4A5","ITGA9_ITGB1",0.0016595581836116,0,"COL4A5_ITGA9_ITGB1","COL4A5 - (ITGA9+ITGB1)","COLLAGEN","ECM-Receptor","KEGG: hsa04512"
"Leydig","Leydig","COL4A5","ITGA9_ITGB1",0.00099097952228294,0,"COL4A5_ITGA9_ITGB1","COL4A5 - (ITGA9+ITGB1)","COLLAGEN","ECM-Receptor","KEGG: hsa04512"
"Myoid","Leydig","COL4A5","ITGA9_ITGB1",0.000104010227622059,0,"COL4A5_ITGA9_ITGB1","COL4A5 - (ITGA9+ITGB1)","COLLAGEN","ECM-Receptor","KEGG: hsa04512"
"Fibroblast","Leydig","COL4A5","ITGA9_ITGB1",6.62510269767536e-05,0,"COL4A5_ITGA9_ITGB1","COL4A5 - (ITGA9+ITGB1)","COLLAGEN","ECM-Receptor","KEGG: hsa04512"
"SSC","Myoid","COL4A5","ITGA9_ITGB1",4.41924774047436e-05,0,"COL4A5_ITGA9_ITGB1","COL4A5 - (ITGA9+ITGB1)","COLLAGEN","ECM-Receptor","KEGG: hsa04512"
"Sertoli","Myoid","COL4A5","ITGA9_ITGB1",0.00053443438755278,0,"COL4A5_ITGA9_ITGB1","COL4A5 - (ITGA9+ITGB1)","COLLAGEN","ECM-Receptor","KEGG: hsa04512"
"Leydig","Myoid","COL4A5","ITGA9_ITGB1",0.000317928571807812,0,"COL4A5_ITGA9_ITGB1","COL4A5 - (ITGA9+ITGB1)","COLLAGEN","ECM-Receptor","KEGG: hsa04512"
"Myoid","Myoid","COL4A5","ITGA9_ITGB1",3.35633819720529e-05,0,"COL4A5_ITGA9_ITGB1","COL4A5 - (ITGA9+ITGB1)","COLLAGEN","ECM-Receptor","KEGG: hsa04512"
"Fibroblast","Myoid","COL4A5","ITGA9_ITGB1",2.13541806914894e-05,0,"COL4A5_ITGA9_ITGB1","COL4A5 - (ITGA9+ITGB1)","COLLAGEN","ECM-Receptor","KEGG: hsa04512"
"Endothelial","Myoid","COL4A5","ITGA9_ITGB1",5.40289417484953e-06,0.02,"COL4A5_ITGA9_ITGB1","COL4A5 - (ITGA9+ITGB1)","COLLAGEN","ECM-Receptor","KEGG: hsa04512"
"SSC","Fibroblast","COL4A5","ITGA9_ITGB1",9.21308004377213e-06,0.01,"COL4A5_ITGA9_ITGB1","COL4A5 - (ITGA9+ITGB1)","COLLAGEN","ECM-Receptor","KEGG: hsa04512"
"Sertoli","Fibroblast","COL4A5","ITGA9_ITGB1",0.000112364069146481,0,"COL4A5_ITGA9_ITGB1","COL4A5 - (ITGA9+ITGB1)","COLLAGEN","ECM-Receptor","KEGG: hsa04512"
"Leydig","Fibroblast","COL4A5","ITGA9_ITGB1",6.76383623712559e-05,0,"COL4A5_ITGA9_ITGB1","COL4A5 - (ITGA9+ITGB1)","COLLAGEN","ECM-Receptor","KEGG: hsa04512"
"Myoid","Fibroblast","COL4A5","ITGA9_ITGB1",7.011867274531e-06,0,"COL4A5_ITGA9_ITGB1","COL4A5 - (ITGA9+ITGB1)","COLLAGEN","ECM-Receptor","KEGG: hsa04512"
"Fibroblast","Fibroblast","COL4A5","ITGA9_ITGB1",4.47718251362032e-06,0.01,"COL4A5_ITGA9_ITGB1","COL4A5 - (ITGA9+ITGB1)","COLLAGEN","ECM-Receptor","KEGG: hsa04512"
"Sertoli","Endothelial","COL4A5","ITGA9_ITGB1",4.94503973135093e-05,0,"COL4A5_ITGA9_ITGB1","COL4A5 - (ITGA9+ITGB1)","COLLAGEN","ECM-Receptor","KEGG: hsa04512"
"Leydig","Endothelial","COL4A5","ITGA9_ITGB1",2.98099239982262e-05,0,"COL4A5_ITGA9_ITGB1","COL4A5 - (ITGA9+ITGB1)","COLLAGEN","ECM-Receptor","KEGG: hsa04512"
"Fibroblast","Endothelial","COL4A5","ITGA9_ITGB1",1.96970267865859e-06,0.02,"COL4A5_ITGA9_ITGB1","COL4A5 - (ITGA9+ITGB1)","COLLAGEN","ECM-Receptor","KEGG: hsa04512"
"Leydig","SSC","COL6A3","ITGA9_ITGB1",4.71242890285664e-05,0,"COL6A3_ITGA9_ITGB1","COL6A3 - (ITGA9+ITGB1)","COLLAGEN","ECM-Receptor","KEGG: hsa04512"
"Myoid","SSC","COL6A3","ITGA9_ITGB1",4.58114458100784e-05,0,"COL6A3_ITGA9_ITGB1","COL6A3 - (ITGA9+ITGB1)","COLLAGEN","ECM-Receptor","KEGG: hsa04512"
"Fibroblast","SSC","COL6A3","ITGA9_ITGB1",9.83023664654472e-06,0,"COL6A3_ITGA9_ITGB1","COL6A3 - (ITGA9+ITGB1)","COLLAGEN","ECM-Receptor","KEGG: hsa04512"
"Leydig","Spermatocyte","COL6A3","ITGA9_ITGB1",7.9052433649922e-05,0,"COL6A3_ITGA9_ITGB1","COL6A3 - (ITGA9+ITGB1)","COLLAGEN","ECM-Receptor","KEGG: hsa04512"
"Myoid","Spermatocyte","COL6A3","ITGA9_ITGB1",7.72533786478831e-05,0,"COL6A3_ITGA9_ITGB1","COL6A3 - (ITGA9+ITGB1)","COLLAGEN","ECM-Receptor","KEGG: hsa04512"
"Fibroblast","Spermatocyte","COL6A3","ITGA9_ITGB1",1.65101862535913e-05,0,"COL6A3_ITGA9_ITGB1","COL6A3 - (ITGA9+ITGB1)","COLLAGEN","ECM-Receptor","KEGG: hsa04512"
"Leydig","Spermatid","COL6A3","ITGA9_ITGB1",4.84094214653886e-05,0,"COL6A3_ITGA9_ITGB1","COL6A3 - (ITGA9+ITGB1)","COLLAGEN","ECM-Receptor","KEGG: hsa04512"
"Myoid","Spermatid","COL6A3","ITGA9_ITGB1",4.73011494018649e-05,0,"COL6A3_ITGA9_ITGB1","COL6A3 - (ITGA9+ITGB1)","COLLAGEN","ECM-Receptor","KEGG: hsa04512"
"Fibroblast","Spermatid","COL6A3","ITGA9_ITGB1",1.01100402980486e-05,0,"COL6A3_ITGA9_ITGB1","COL6A3 - (ITGA9+ITGB1)","COLLAGEN","ECM-Receptor","KEGG: hsa04512"
"Leydig","Sertoli","COL6A3","ITGA9_ITGB1",0.00051747868013708,0,"COL6A3_ITGA9_ITGB1","COL6A3 - (ITGA9+ITGB1)","COLLAGEN","ECM-Receptor","KEGG: hsa04512"
"Myoid","Sertoli","COL6A3","ITGA9_ITGB1",0.000498700290455393,0,"COL6A3_ITGA9_ITGB1","COL6A3 - (ITGA9+ITGB1)","COLLAGEN","ECM-Receptor","KEGG: hsa04512"
"Fibroblast","Sertoli","COL6A3","ITGA9_ITGB1",0.000107732272769149,0,"COL6A3_ITGA9_ITGB1","COL6A3 - (ITGA9+ITGB1)","COLLAGEN","ECM-Receptor","KEGG: hsa04512"
"Leydig","Leydig","COL6A3","ITGA9_ITGB1",0.000377902906577587,0,"COL6A3_ITGA9_ITGB1","COL6A3 - (ITGA9+ITGB1)","COLLAGEN","ECM-Receptor","KEGG: hsa04512"
"Myoid","Leydig","COL6A3","ITGA9_ITGB1",0.000356492890511957,0,"COL6A3_ITGA9_ITGB1","COL6A3 - (ITGA9+ITGB1)","COLLAGEN","ECM-Receptor","KEGG: hsa04512"
"Fibroblast","Leydig","COL6A3","ITGA9_ITGB1",7.82862032186494e-05,0,"COL6A3_ITGA9_ITGB1","COL6A3 - (ITGA9+ITGB1)","COLLAGEN","ECM-Receptor","KEGG: hsa04512"
"Leydig","Myoid","COL6A3","ITGA9_ITGB1",0.000121967568447197,0,"COL6A3_ITGA9_ITGB1","COL6A3 - (ITGA9+ITGB1)","COLLAGEN","ECM-Receptor","KEGG: hsa04512"
"Myoid","Myoid","COL6A3","ITGA9_ITGB1",0.000113966857159795,0,"COL6A3_ITGA9_ITGB1","COL6A3 - (ITGA9+ITGB1)","COLLAGEN","ECM-Receptor","KEGG: hsa04512"
"Fibroblast","Myoid","COL6A3","ITGA9_ITGB1",2.52104149309842e-05,0,"COL6A3_ITGA9_ITGB1","COL6A3 - (ITGA9+ITGB1)","COLLAGEN","ECM-Receptor","KEGG: hsa04512"
"Leydig","Fibroblast","COL6A3","ITGA9_ITGB1",2.54671850584851e-05,0,"COL6A3_ITGA9_ITGB1","COL6A3 - (ITGA9+ITGB1)","COLLAGEN","ECM-Receptor","KEGG: hsa04512"
"Myoid","Fibroblast","COL6A3","ITGA9_ITGB1",2.4518706343413e-05,0,"COL6A3_ITGA9_ITGB1","COL6A3 - (ITGA9+ITGB1)","COLLAGEN","ECM-Receptor","KEGG: hsa04512"
"Fibroblast","Fibroblast","COL6A3","ITGA9_ITGB1",5.30072619137847e-06,0,"COL6A3_ITGA9_ITGB1","COL6A3 - (ITGA9+ITGB1)","COLLAGEN","ECM-Receptor","KEGG: hsa04512"
"Leydig","Endothelial","COL6A3","ITGA9_ITGB1",1.11985497087811e-05,0,"COL6A3_ITGA9_ITGB1","COL6A3 - (ITGA9+ITGB1)","COLLAGEN","ECM-Receptor","KEGG: hsa04512"
"Myoid","Endothelial","COL6A3","ITGA9_ITGB1",1.08209392205151e-05,0,"COL6A3_ITGA9_ITGB1","COL6A3 - (ITGA9+ITGB1)","COLLAGEN","ECM-Receptor","KEGG: hsa04512"
"Fibroblast","Endothelial","COL6A3","ITGA9_ITGB1",2.33281554565919e-06,0,"COL6A3_ITGA9_ITGB1","COL6A3 - (ITGA9+ITGB1)","COLLAGEN","ECM-Receptor","KEGG: hsa04512"
"Sertoli","SSC","COL6A6","ITGA9_ITGB1",0.000216982660383508,0,"COL6A6_ITGA9_ITGB1","COL6A6 - (ITGA9+ITGB1)","COLLAGEN","ECM-Receptor","KEGG: hsa04512"
"Sertoli","Spermatocyte","COL6A6","ITGA9_ITGB1",0.000364472853610878,0,"COL6A6_ITGA9_ITGB1","COL6A6 - (ITGA9+ITGB1)","COLLAGEN","ECM-Receptor","KEGG: hsa04512"
"Sertoli","Spermatid","COL6A6","ITGA9_ITGB1",0.000223184852690556,0,"COL6A6_ITGA9_ITGB1","COL6A6 - (ITGA9+ITGB1)","COLLAGEN","ECM-Receptor","KEGG: hsa04512"
"Sertoli","Sertoli","COL6A6","ITGA9_ITGB1",0.00237749592214892,0,"COL6A6_ITGA9_ITGB1","COL6A6 - (ITGA9+ITGB1)","COLLAGEN","ECM-Receptor","KEGG: hsa04512"
"Sertoli","Leydig","COL6A6","ITGA9_ITGB1",0.00172680736220965,0,"COL6A6_ITGA9_ITGB1","COL6A6 - (ITGA9+ITGB1)","COLLAGEN","ECM-Receptor","KEGG: hsa04512"
"Sertoli","Myoid","COL6A6","ITGA9_ITGB1",0.000555957882188157,0,"COL6A6_ITGA9_ITGB1","COL6A6 - (ITGA9+ITGB1)","COLLAGEN","ECM-Receptor","KEGG: hsa04512"
"Sertoli","Fibroblast","COL6A6","ITGA9_ITGB1",0.000116976706544354,0,"COL6A6_ITGA9_ITGB1","COL6A6 - (ITGA9+ITGB1)","COLLAGEN","ECM-Receptor","KEGG: hsa04512"
"Sertoli","Endothelial","COL6A6","ITGA9_ITGB1",5.14850363459294e-05,0,"COL6A6_ITGA9_ITGB1","COL6A6 - (ITGA9+ITGB1)","COLLAGEN","ECM-Receptor","KEGG: hsa04512"
"Myoid","Sertoli","COL1A2","ITGAV_ITGB8",0.000197634320924463,0,"COL1A2_ITGAV_ITGB8","COL1A2 - (ITGAV+ITGB8)","COLLAGEN","ECM-Receptor","KEGG: hsa04512"
"Fibroblast","Sertoli","COL1A2","ITGAV_ITGB8",0.000101519296519618,0,"COL1A2_ITGAV_ITGB8","COL1A2 - (ITGAV+ITGB8)","COLLAGEN","ECM-Receptor","KEGG: hsa04512"
"Sertoli","Sertoli","COL4A1","ITGAV_ITGB8",0.00101092349385308,0,"COL4A1_ITGAV_ITGB8","COL4A1 - (ITGAV+ITGB8)","COLLAGEN","ECM-Receptor","KEGG: hsa04512"
"Leydig","Sertoli","COL4A1","ITGAV_ITGB8",0.000699600826613451,0,"COL4A1_ITGAV_ITGB8","COL4A1 - (ITGAV+ITGB8)","COLLAGEN","ECM-Receptor","KEGG: hsa04512"
"Myoid","Sertoli","COL4A1","ITGAV_ITGB8",0.000478721646901845,0,"COL4A1_ITGAV_ITGB8","COL4A1 - (ITGAV+ITGB8)","COLLAGEN","ECM-Receptor","KEGG: hsa04512"
"Fibroblast","Sertoli","COL4A1","ITGAV_ITGB8",0.000131291288876842,0,"COL4A1_ITGAV_ITGB8","COL4A1 - (ITGAV+ITGB8)","COLLAGEN","ECM-Receptor","KEGG: hsa04512"
"Endothelial","Sertoli","COL4A1","ITGAV_ITGB8",5.47298805614863e-05,0,"COL4A1_ITGAV_ITGB8","COL4A1 - (ITGAV+ITGB8)","COLLAGEN","ECM-Receptor","KEGG: hsa04512"
"Sertoli","Sertoli","COL4A2","ITGAV_ITGB8",0.00104861973785087,0,"COL4A2_ITGAV_ITGB8","COL4A2 - (ITGAV+ITGB8)","COLLAGEN","ECM-Receptor","KEGG: hsa04512"
"Leydig","Sertoli","COL4A2","ITGAV_ITGB8",0.000570949165372795,0,"COL4A2_ITGAV_ITGB8","COL4A2 - (ITGAV+ITGB8)","COLLAGEN","ECM-Receptor","KEGG: hsa04512"
"Myoid","Sertoli","COL4A2","ITGAV_ITGB8",0.000403276600854813,0,"COL4A2_ITGAV_ITGB8","COL4A2 - (ITGAV+ITGB8)","COLLAGEN","ECM-Receptor","KEGG: hsa04512"
"Fibroblast","Sertoli","COL4A2","ITGAV_ITGB8",0.000103197713487958,0,"COL4A2_ITGAV_ITGB8","COL4A2 - (ITGAV+ITGB8)","COLLAGEN","ECM-Receptor","KEGG: hsa04512"
"Endothelial","Sertoli","COL4A2","ITGAV_ITGB8",4.32484036693742e-05,0,"COL4A2_ITGAV_ITGB8","COL4A2 - (ITGAV+ITGB8)","COLLAGEN","ECM-Receptor","KEGG: hsa04512"
"Sertoli","Sertoli","COL4A3","ITGAV_ITGB8",0.00143428078008699,0,"COL4A3_ITGAV_ITGB8","COL4A3 - (ITGAV+ITGB8)","COLLAGEN","ECM-Receptor","KEGG: hsa04512"
"Leydig","Sertoli","COL4A3","ITGAV_ITGB8",0.000448750664848654,0,"COL4A3_ITGAV_ITGB8","COL4A3 - (ITGAV+ITGB8)","COLLAGEN","ECM-Receptor","KEGG: hsa04512"
"Myoid","Sertoli","COL4A3","ITGAV_ITGB8",0.000437613507677272,0,"COL4A3_ITGAV_ITGB8","COL4A3 - (ITGAV+ITGB8)","COLLAGEN","ECM-Receptor","KEGG: hsa04512"
"Sertoli","Sertoli","COL4A4","ITGAV_ITGB8",0.000559993206458844,0,"COL4A4_ITGAV_ITGB8","COL4A4 - (ITGAV+ITGB8)","COLLAGEN","ECM-Receptor","KEGG: hsa04512"
"Leydig","Sertoli","COL4A4","ITGAV_ITGB8",0.000427972727782592,0,"COL4A4_ITGAV_ITGB8","COL4A4 - (ITGAV+ITGB8)","COLLAGEN","ECM-Receptor","KEGG: hsa04512"
"Myoid","Sertoli","COL4A4","ITGAV_ITGB8",0.000447794139570642,0,"COL4A4_ITGAV_ITGB8","COL4A4 - (ITGAV+ITGB8)","COLLAGEN","ECM-Receptor","KEGG: hsa04512"
"SSC","Sertoli","COL4A5","ITGAV_ITGB8",0.000270188384272244,0,"COL4A5_ITGAV_ITGB8","COL4A5 - (ITGAV+ITGB8)","COLLAGEN","ECM-Receptor","KEGG: hsa04512"
"Sertoli","Sertoli","COL4A5","ITGAV_ITGB8",0.00328742971502932,0,"COL4A5_ITGAV_ITGB8","COL4A5 - (ITGAV+ITGB8)","COLLAGEN","ECM-Receptor","KEGG: hsa04512"
"Leydig","Sertoli","COL4A5","ITGAV_ITGB8",0.00197228800643878,0,"COL4A5_ITGAV_ITGB8","COL4A5 - (ITGAV+ITGB8)","COLLAGEN","ECM-Receptor","KEGG: hsa04512"
"Myoid","Sertoli","COL4A5","ITGAV_ITGB8",0.000205513357007113,0,"COL4A5_ITGAV_ITGB8","COL4A5 - (ITGAV+ITGB8)","COLLAGEN","ECM-Receptor","KEGG: hsa04512"
"Fibroblast","Sertoli","COL4A5","ITGAV_ITGB8",0.00013109156631,0,"COL4A5_ITGAV_ITGB8","COL4A5 - (ITGAV+ITGB8)","COLLAGEN","ECM-Receptor","KEGG: hsa04512"
"Endothelial","Sertoli","COL4A5","ITGAV_ITGB8",3.29750695394257e-05,0,"COL4A5_ITGAV_ITGB8","COL4A5 - (ITGAV+ITGB8)","COLLAGEN","ECM-Receptor","KEGG: hsa04512"
"Leydig","Sertoli","COL6A3","ITGAV_ITGB8",0.000746538484489993,0,"COL6A3_ITGAV_ITGB8","COL6A3 - (ITGAV+ITGB8)","COLLAGEN","ECM-Receptor","KEGG: hsa04512"
"Myoid","Sertoli","COL6A3","ITGAV_ITGB8",0.000712671674526058,0,"COL6A3_ITGAV_ITGB8","COL6A3 - (ITGAV+ITGB8)","COLLAGEN","ECM-Receptor","KEGG: hsa04512"
"Fibroblast","Sertoli","COL6A3","ITGAV_ITGB8",0.0001550808247037,0,"COL6A3_ITGAV_ITGB8","COL6A3 - (ITGAV+ITGB8)","COLLAGEN","ECM-Receptor","KEGG: hsa04512"
"Sertoli","Sertoli","COL6A6","ITGAV_ITGB8",0.00342166089607541,0,"COL6A6_ITGAV_ITGB8","COL6A6 - (ITGAV+ITGB8)","COLLAGEN","ECM-Receptor","KEGG: hsa04512"
"Sertoli","SSC","JAM2","ITGAV_ITGB1",0.000436362616798361,0,"JAM2_ITGAV_ITGB1","JAM2 - (ITGAV+ITGB1)","JAM","Cell-Cell Contact","KEGG: hsa04514"
"Sertoli","Sertoli","JAM2","ITGAV_ITGB1",0.010737277249617,0,"JAM2_ITGAV_ITGB1","JAM2 - (ITGAV+ITGB1)","JAM","Cell-Cell Contact","KEGG: hsa04514"
"Sertoli","SSC","JAM2","JAM3",0.000508236940030602,0,"JAM2_JAM3","JAM2 - JAM3","JAM","Cell-Cell Contact","PMC1237098;  PMID: 11590146"
"Sertoli","Spermatocyte","JAM2","JAM3",0.000569159530838623,0,"JAM2_JAM3","JAM2 - JAM3","JAM","Cell-Cell Contact","PMC1237098;  PMID: 11590146"
"Sertoli","Sertoli","JAM2","JAM3",0.0100150385514291,0,"JAM2_JAM3","JAM2 - JAM3","JAM","Cell-Cell Contact","PMC1237098;  PMID: 11590146"
"Sertoli","Sertoli","JAM2","JAM2",0.0224011332545092,0,"JAM2_JAM2","JAM2 - JAM2","JAM","Cell-Cell Contact","KEGG: hsa04514"
"Sertoli","SSC","JAM3","JAM3",0.000212764959064232,0,"JAM3_JAM3","JAM3 - JAM3","JAM","Cell-Cell Contact","KEGG: hsa04514"
"Sertoli","Spermatocyte","JAM3","JAM3",0.000236687000681926,0,"JAM3_JAM3","JAM3 - JAM3","JAM","Cell-Cell Contact","KEGG: hsa04514"
"SSC","Sertoli","JAM3","JAM3",0.000212764959064232,0,"JAM3_JAM3","JAM3 - JAM3","JAM","Cell-Cell Contact","KEGG: hsa04514"
"Spermatocyte","Sertoli","JAM3","JAM3",0.000236687000681926,0,"JAM3_JAM3","JAM3 - JAM3","JAM","Cell-Cell Contact","KEGG: hsa04514"
"Sertoli","Sertoli","JAM3","JAM3",0.00428828122827624,0,"JAM3_JAM3","JAM3 - JAM3","JAM","Cell-Cell Contact","KEGG: hsa04514"
"SSC","SSC","CDH2","CDH2",0.000283590684957587,0.01,"CDH2_CDH2","CDH2 - CDH2","CDH","Cell-Cell Contact","KEGG: hsa04514"
"Sertoli","SSC","CDH2","CDH2",0.00277750102400482,0,"CDH2_CDH2","CDH2 - CDH2","CDH","Cell-Cell Contact","KEGG: hsa04514"
"SSC","Sertoli","CDH2","CDH2",0.00277750102400482,0,"CDH2_CDH2","CDH2 - CDH2","CDH","Cell-Cell Contact","KEGG: hsa04514"
"Sertoli","Sertoli","CDH2","CDH2",0.0267205650410534,0,"CDH2_CDH2","CDH2 - CDH2","CDH","Cell-Cell Contact","KEGG: hsa04514"
"Sertoli","SSC","Testosterone-HSD17B12","AR",0.000657437172849086,0,"Testosterone-Testosterone-HSD17B12_AR","TESTOSTERONE-HSD17B12 - AR","Testosterone","Non-protein Signaling","HMRbase;uniprot"
"SSC","Sertoli","Testosterone-HSD17B12","AR",0.0010095307686435,0,"Testosterone-Testosterone-HSD17B12_AR","TESTOSTERONE-HSD17B12 - AR","Testosterone","Non-protein Signaling","HMRbase;uniprot"
"Sertoli","Sertoli","Testosterone-HSD17B12","AR",0.0107750933215207,0,"Testosterone-Testosterone-HSD17B12_AR","TESTOSTERONE-HSD17B12 - AR","Testosterone","Non-protein Signaling","HMRbase;uniprot"
"Leydig","Sertoli","Testosterone-HSD17B12","AR",0.00246207877959573,0,"Testosterone-Testosterone-HSD17B12_AR","TESTOSTERONE-HSD17B12 - AR","Testosterone","Non-protein Signaling","HMRbase;uniprot"
"SSC","Leydig","Testosterone-HSD17B12","AR",0.000205057342193723,0,"Testosterone-Testosterone-HSD17B12_AR","TESTOSTERONE-HSD17B12 - AR","Testosterone","Non-protein Signaling","HMRbase;uniprot"
"Sertoli","Leydig","Testosterone-HSD17B12","AR",0.00221248196686482,0,"Testosterone-Testosterone-HSD17B12_AR","TESTOSTERONE-HSD17B12 - AR","Testosterone","Non-protein Signaling","HMRbase;uniprot"
"Leydig","Leydig","Testosterone-HSD17B12","AR",0.000500293822504814,0,"Testosterone-Testosterone-HSD17B12_AR","TESTOSTERONE-HSD17B12 - AR","Testosterone","Non-protein Signaling","HMRbase;uniprot"
"Sertoli","Myoid","Testosterone-HSD17B12","AR",0.000458605059375965,0,"Testosterone-Testosterone-HSD17B12_AR","TESTOSTERONE-HSD17B12 - AR","Testosterone","Non-protein Signaling","HMRbase;uniprot"
"Leydig","Myoid","Testosterone-HSD17B12","AR",0.000103406994198307,0.01,"Testosterone-Testosterone-HSD17B12_AR","TESTOSTERONE-HSD17B12 - AR","Testosterone","Non-protein Signaling","HMRbase;uniprot"
"Sertoli","Fibroblast","Testosterone-HSD17B12","AR",0.000172337650486333,0,"Testosterone-Testosterone-HSD17B12_AR","TESTOSTERONE-HSD17B12 - AR","Testosterone","Non-protein Signaling","HMRbase;uniprot"
"Sertoli","SSC","Testosterone-HSD17B3","AR",0.000584955733144943,0,"Testosterone-Testosterone-HSD17B3_AR","TESTOSTERONE-HSD17B3 - AR","Testosterone","Non-protein Signaling","HMRbase;uniprot"
"Sertoli","Sertoli","Testosterone-HSD17B3","AR",0.00962677692568613,0,"Testosterone-Testosterone-HSD17B3_AR","TESTOSTERONE-HSD17B3 - AR","Testosterone","Non-protein Signaling","HMRbase;uniprot"
"Sertoli","Leydig","Testosterone-HSD17B3","AR",0.00197077754741611,0,"Testosterone-Testosterone-HSD17B3_AR","TESTOSTERONE-HSD17B3 - AR","Testosterone","Non-protein Signaling","HMRbase;uniprot"
"Sertoli","Myoid","Testosterone-HSD17B3","AR",0.000408169632773848,0,"Testosterone-Testosterone-HSD17B3_AR","TESTOSTERONE-HSD17B3 - AR","Testosterone","Non-protein Signaling","HMRbase;uniprot"
"Sertoli","Fibroblast","Testosterone-HSD17B3","AR",0.000153275112538315,0,"Testosterone-Testosterone-HSD17B3_AR","TESTOSTERONE-HSD17B3 - AR","Testosterone","Non-protein Signaling","HMRbase;uniprot"
"SSC","Fibroblast","NCAM1","FGFR1",1.84467171146251e-05,0,"NCAM1_FGFR1","NCAM1 - FGFR1","NCAM","Cell-Cell Contact","PMID: 12791257"
"Spermatocyte","Fibroblast","NCAM1","FGFR1",6.07488163111253e-06,0,"NCAM1_FGFR1","NCAM1 - FGFR1","NCAM","Cell-Cell Contact","PMID: 12791257"
"Spermatid","Fibroblast","NCAM1","FGFR1",2.0870147001981e-06,0,"NCAM1_FGFR1","NCAM1 - FGFR1","NCAM","Cell-Cell Contact","PMID: 12791257"
"Sertoli","Fibroblast","NCAM1","FGFR1",0.000213557288542927,0,"NCAM1_FGFR1","NCAM1 - FGFR1","NCAM","Cell-Cell Contact","PMID: 12791257"
"Endothelial","Fibroblast","NCAM1","FGFR1",9.28663221207086e-07,0,"NCAM1_FGFR1","NCAM1 - FGFR1","NCAM","Cell-Cell Contact","PMID: 12791257"
"SSC","SSC","NCAM1","NCAM1",0.000167007758067958,0,"NCAM1_NCAM1","NCAM1 - NCAM1","NCAM","Cell-Cell Contact","KEGG: hsa04514"
"Sertoli","SSC","NCAM1","NCAM1",0.00189525188886024,0,"NCAM1_NCAM1","NCAM1 - NCAM1","NCAM","Cell-Cell Contact","KEGG: hsa04514"
"SSC","Sertoli","NCAM1","NCAM1",0.00189525188886024,0,"NCAM1_NCAM1","NCAM1 - NCAM1","NCAM","Cell-Cell Contact","KEGG: hsa04514"
"Sertoli","Sertoli","NCAM1","NCAM1",0.0210331067000065,0,"NCAM1_NCAM1","NCAM1 - NCAM1","NCAM","Cell-Cell Contact","KEGG: hsa04514"
"Leydig","SSC","Cholesterol-DHCR24","RORA",0.000827531788237232,0,"Cholesterol-Cholesterol-DHCR24_RORA","CHOLESTEROL-DHCR24 - RORA","Cholesterol","Non-protein Signaling","HMRbase;PMID:12467577;PDB:1N83"
"Leydig","Spermatocyte","Cholesterol-DHCR24","RORA",0.000684359886793957,0,"Cholesterol-Cholesterol-DHCR24_RORA","CHOLESTEROL-DHCR24 - RORA","Cholesterol","Non-protein Signaling","HMRbase;PMID:12467577;PDB:1N83"
"Leydig","Spermatid","Cholesterol-DHCR24","RORA",0.000834878058426508,0,"Cholesterol-Cholesterol-DHCR24_RORA","CHOLESTEROL-DHCR24 - RORA","Cholesterol","Non-protein Signaling","HMRbase;PMID:12467577;PDB:1N83"
"Leydig","Sertoli","Cholesterol-DHCR24","RORA",0.011826669339007,0,"Cholesterol-Cholesterol-DHCR24_RORA","CHOLESTEROL-DHCR24 - RORA","Cholesterol","Non-protein Signaling","HMRbase;PMID:12467577;PDB:1N83"
"Leydig","Leydig","Cholesterol-DHCR24","RORA",0.00348262097301218,0,"Cholesterol-Cholesterol-DHCR24_RORA","CHOLESTEROL-DHCR24 - RORA","Cholesterol","Non-protein Signaling","HMRbase;PMID:12467577;PDB:1N83"
"Leydig","Myoid","Cholesterol-DHCR24","RORA",0.00107691974718528,0,"Cholesterol-Cholesterol-DHCR24_RORA","CHOLESTEROL-DHCR24 - RORA","Cholesterol","Non-protein Signaling","HMRbase;PMID:12467577;PDB:1N83"
"Leydig","Fibroblast","Cholesterol-DHCR24","RORA",0.000527767028852372,0,"Cholesterol-Cholesterol-DHCR24_RORA","CHOLESTEROL-DHCR24 - RORA","Cholesterol","Non-protein Signaling","HMRbase;PMID:12467577;PDB:1N83"
"Leydig","Endothelial","Cholesterol-DHCR24","RORA",0.000182473727824216,0,"Cholesterol-Cholesterol-DHCR24_RORA","CHOLESTEROL-DHCR24 - RORA","Cholesterol","Non-protein Signaling","HMRbase;PMID:12467577;PDB:1N83"
"Sertoli","SSC","Cholesterol-LIPA","RORA",0.000150759468676826,0,"Cholesterol-Cholesterol-LIPA_RORA","CHOLESTEROL-LIPA - RORA","Cholesterol","Non-protein Signaling","HMRbase;PMID:12467577;PDB:1N83"
"Sertoli","Spermatocyte","Cholesterol-LIPA","RORA",0.000117587908413161,0,"Cholesterol-Cholesterol-LIPA_RORA","CHOLESTEROL-LIPA - RORA","Cholesterol","Non-protein Signaling","HMRbase;PMID:12467577;PDB:1N83"
"Sertoli","Spermatid","Cholesterol-LIPA","RORA",0.000147025566163474,0,"Cholesterol-Cholesterol-LIPA_RORA","CHOLESTEROL-LIPA - RORA","Cholesterol","Non-protein Signaling","HMRbase;PMID:12467577;PDB:1N83"
"Sertoli","Sertoli","Cholesterol-LIPA","RORA",0.00239646466137034,0,"Cholesterol-Cholesterol-LIPA_RORA","CHOLESTEROL-LIPA - RORA","Cholesterol","Non-protein Signaling","HMRbase;PMID:12467577;PDB:1N83"
"Sertoli","Leydig","Cholesterol-LIPA","RORA",0.000678759489323364,0,"Cholesterol-Cholesterol-LIPA_RORA","CHOLESTEROL-LIPA - RORA","Cholesterol","Non-protein Signaling","HMRbase;PMID:12467577;PDB:1N83"
"Sertoli","Myoid","Cholesterol-LIPA","RORA",0.000216002350573946,0,"Cholesterol-Cholesterol-LIPA_RORA","CHOLESTEROL-LIPA - RORA","Cholesterol","Non-protein Signaling","HMRbase;PMID:12467577;PDB:1N83"
"Sertoli","Fibroblast","Cholesterol-LIPA","RORA",0.00010581620264067,0,"Cholesterol-Cholesterol-LIPA_RORA","CHOLESTEROL-LIPA - RORA","Cholesterol","Non-protein Signaling","HMRbase;PMID:12467577;PDB:1N83"
"Sertoli","Endothelial","Cholesterol-LIPA","RORA",3.43072970294537e-05,0,"Cholesterol-Cholesterol-LIPA_RORA","CHOLESTEROL-LIPA - RORA","Cholesterol","Non-protein Signaling","HMRbase;PMID:12467577;PDB:1N83"
"SSC","Sertoli","APP","CD74",0.000638065212975181,0,"APP_CD74","APP - CD74","APP","Cell-Cell Contact","PMID: 19849849"
"Spermatocyte","Sertoli","APP","CD74",0.000458402524775315,0,"APP_CD74","APP - CD74","APP","Cell-Cell Contact","PMID: 19849849"
"Spermatid","Sertoli","APP","CD74",0.000734457756897073,0,"APP_CD74","APP - CD74","APP","Cell-Cell Contact","PMID: 19849849"
"Sertoli","Sertoli","APP","CD74",0.0071508775777449,0,"APP_CD74","APP - CD74","APP","Cell-Cell Contact","PMID: 19849849"
"Leydig","Sertoli","APP","CD74",0.00278733680843635,0,"APP_CD74","APP - CD74","APP","Cell-Cell Contact","PMID: 19849849"
"Myoid","Sertoli","APP","CD74",0.000167297858271151,0,"APP_CD74","APP - CD74","APP","Cell-Cell Contact","PMID: 19849849"
"Fibroblast","Sertoli","APP","CD74",7.58975989970603e-05,0,"APP_CD74","APP - CD74","APP","Cell-Cell Contact","PMID: 19849849"
"Endothelial","Sertoli","APP","CD74",0.000117849068106088,0,"APP_CD74","APP - CD74","APP","Cell-Cell Contact","PMID: 19849849"
"SSC","Sertoli","APP","SORL1",0.000247560944588012,0,"APP_SORL1","APP - SORL1","APP","Cell-Cell Contact","PMID: 24523320"
"Spermatocyte","Sertoli","APP","SORL1",0.000175922354796935,0.03,"APP_SORL1","APP - SORL1","APP","Cell-Cell Contact","PMID: 24523320"
"Spermatid","Sertoli","APP","SORL1",0.000283621142145822,0,"APP_SORL1","APP - SORL1","APP","Cell-Cell Contact","PMID: 24523320"
"Sertoli","Sertoli","APP","SORL1",0.0028038568842802,0,"APP_SORL1","APP - SORL1","APP","Cell-Cell Contact","PMID: 24523320"
"Leydig","Sertoli","APP","SORL1",0.00109487468466261,0,"APP_SORL1","APP - SORL1","APP","Cell-Cell Contact","PMID: 24523320"
"Myoid","Sertoli","APP","SORL1",6.43570345256624e-05,0,"APP_SORL1","APP - SORL1","APP","Cell-Cell Contact","PMID: 24523320"
"Fibroblast","Sertoli","APP","SORL1",2.91831273009954e-05,0,"APP_SORL1","APP - SORL1","APP","Cell-Cell Contact","PMID: 24523320"
"Endothelial","Sertoli","APP","SORL1",4.58198384665394e-05,0,"APP_SORL1","APP - SORL1","APP","Cell-Cell Contact","PMID: 24523320"
"SSC","Spermatid","APP","TNFRSF21",7.16156627932666e-05,0,"APP_TNFRSF21","APP - TNFRSF21","APP","Cell-Cell Contact","PMID: 33075465"
"Spermatocyte","Spermatid","APP","TNFRSF21",5.0933388148391e-05,0,"APP_TNFRSF21","APP - TNFRSF21","APP","Cell-Cell Contact","PMID: 33075465"
"Spermatid","Spermatid","APP","TNFRSF21",8.2076398391361e-05,0,"APP_TNFRSF21","APP - TNFRSF21","APP","Cell-Cell Contact","PMID: 33075465"
"Sertoli","Spermatid","APP","TNFRSF21",0.000810466217186131,0,"APP_TNFRSF21","APP - TNFRSF21","APP","Cell-Cell Contact","PMID: 33075465"
"Leydig","Spermatid","APP","TNFRSF21",0.000316434769394856,0,"APP_TNFRSF21","APP - TNFRSF21","APP","Cell-Cell Contact","PMID: 33075465"
"Myoid","Spermatid","APP","TNFRSF21",1.8629470542197e-05,0,"APP_TNFRSF21","APP - TNFRSF21","APP","Cell-Cell Contact","PMID: 33075465"
"Fibroblast","Spermatid","APP","TNFRSF21",8.44795139993317e-06,0,"APP_TNFRSF21","APP - TNFRSF21","APP","Cell-Cell Contact","PMID: 33075465"
"Endothelial","Spermatid","APP","TNFRSF21",1.32528952538118e-05,0,"APP_TNFRSF21","APP - TNFRSF21","APP","Cell-Cell Contact","PMID: 33075465"
"Spermatocyte","SSC","E2-CYP19A1","ESR2",0.00040536068583244,0,"Estradiol-E2-CYP19A1_ESR2","E2-CYP19A1 - ESR2","Estradiol","Non-protein Signaling","HMRbase"
"Leydig","SSC","E2-CYP19A1","ESR2",0.000533491769040358,0,"Estradiol-E2-CYP19A1_ESR2","E2-CYP19A1 - ESR2","Estradiol","Non-protein Signaling","HMRbase"
"Spermatocyte","Spermatocyte","E2-CYP19A1","ESR2",0.00236673982528819,0,"Estradiol-E2-CYP19A1_ESR2","E2-CYP19A1 - ESR2","Estradiol","Non-protein Signaling","HMRbase"
"Spermatid","Spermatocyte","E2-CYP19A1","ESR2",0.000371745058196314,0,"Estradiol-E2-CYP19A1_ESR2","E2-CYP19A1 - ESR2","Estradiol","Non-protein Signaling","HMRbase"
"Sertoli","Spermatocyte","E2-CYP19A1","ESR2",0.000992535816573134,0,"Estradiol-E2-CYP19A1_ESR2","E2-CYP19A1 - ESR2","Estradiol","Non-protein Signaling","HMRbase"
"Leydig","Spermatocyte","E2-CYP19A1","ESR2",0.00304955927134833,0,"Estradiol-E2-CYP19A1_ESR2","E2-CYP19A1 - ESR2","Estradiol","Non-protein Signaling","HMRbase"
"Spermatocyte","Spermatid","E2-CYP19A1","ESR2",0.000528088760725637,0,"Estradiol-E2-CYP19A1_ESR2","E2-CYP19A1 - ESR2","Estradiol","Non-protein Signaling","HMRbase"
"Leydig","Spermatid","E2-CYP19A1","ESR2",0.000698220825786888,0,"Estradiol-E2-CYP19A1_ESR2","E2-CYP19A1 - ESR2","Estradiol","Non-protein Signaling","HMRbase"
"Spermatocyte","Sertoli","E2-CYP19A1","ESR2",0.00168194704011808,0,"Estradiol-E2-CYP19A1_ESR2","E2-CYP19A1 - ESR2","Estradiol","Non-protein Signaling","HMRbase"
"Leydig","Sertoli","E2-CYP19A1","ESR2",0.00222987564034336,0,"Estradiol-E2-CYP19A1_ESR2","E2-CYP19A1 - ESR2","Estradiol","Non-protein Signaling","HMRbase"
"Spermatocyte","Leydig","E2-CYP19A1","ESR2",0.000995211049192775,0,"Estradiol-E2-CYP19A1_ESR2","E2-CYP19A1 - ESR2","Estradiol","Non-protein Signaling","HMRbase"
"Leydig","Leydig","E2-CYP19A1","ESR2",0.0013090227287369,0,"Estradiol-E2-CYP19A1_ESR2","E2-CYP19A1 - ESR2","Estradiol","Non-protein Signaling","HMRbase"
"Spermatocyte","Endothelial","E2-CYP19A1","ESR2",4.54551245088011e-05,0,"Estradiol-E2-CYP19A1_ESR2","E2-CYP19A1 - ESR2","Estradiol","Non-protein Signaling","HMRbase"
"Leydig","Endothelial","E2-CYP19A1","ESR2",6.01908892189605e-05,0,"Estradiol-E2-CYP19A1_ESR2","E2-CYP19A1 - ESR2","Estradiol","Non-protein Signaling","HMRbase"
"Sertoli","Sertoli","MPZL1","MPZL1",0.0132262535057671,0,"MPZL1_MPZL1","MPZL1 - MPZL1","MPZ","Cell-Cell Contact","KEGG: hsa04514"
"SSC","SSC","NRXN1","NLGN1",9.9124499180658e-05,0,"NRXN1_NLGN1","NRXN1 - NLGN1","NRXN","Cell-Cell Contact","KEGG: hsa04514"
"Spermatocyte","SSC","NRXN1","NLGN1",0.000193647596900767,0,"NRXN1_NLGN1","NRXN1 - NLGN1","NRXN","Cell-Cell Contact","KEGG: hsa04514"
"Spermatid","SSC","NRXN1","NLGN1",4.95580732550899e-05,0,"NRXN1_NLGN1","NRXN1 - NLGN1","NRXN","Cell-Cell Contact","KEGG: hsa04514"
"Fibroblast","SSC","NRXN1","NLGN1",7.30180847623751e-06,0,"NRXN1_NLGN1","NRXN1 - NLGN1","NRXN","Cell-Cell Contact","KEGG: hsa04514"
"Endothelial","SSC","NRXN1","NLGN1",5.47346163044296e-06,0,"NRXN1_NLGN1","NRXN1 - NLGN1","NRXN","Cell-Cell Contact","KEGG: hsa04514"
"SSC","Myoid","NRXN1","NLGN1",8.27197874439488e-05,0,"NRXN1_NLGN1","NRXN1 - NLGN1","NRXN","Cell-Cell Contact","KEGG: hsa04514"
"Spermatocyte","Myoid","NRXN1","NLGN1",0.000162000880147541,0,"NRXN1_NLGN1","NRXN1 - NLGN1","NRXN","Cell-Cell Contact","KEGG: hsa04514"
"Spermatid","Myoid","NRXN1","NLGN1",4.15937036049385e-05,0,"NRXN1_NLGN1","NRXN1 - NLGN1","NRXN","Cell-Cell Contact","KEGG: hsa04514"
"Fibroblast","Myoid","NRXN1","NLGN1",6.13115456002221e-06,0,"NRXN1_NLGN1","NRXN1 - NLGN1","NRXN","Cell-Cell Contact","KEGG: hsa04514"
"Endothelial","Myoid","NRXN1","NLGN1",4.59210862632081e-06,0,"NRXN1_NLGN1","NRXN1 - NLGN1","NRXN","Cell-Cell Contact","KEGG: hsa04514"
"SSC","Fibroblast","NRXN1","NLGN1",3.90093440711452e-05,0,"NRXN1_NLGN1","NRXN1 - NLGN1","NRXN","Cell-Cell Contact","KEGG: hsa04514"
"Spermatocyte","Fibroblast","NRXN1","NLGN1",7.63668060924247e-05,0,"NRXN1_NLGN1","NRXN1 - NLGN1","NRXN","Cell-Cell Contact","KEGG: hsa04514"
"Spermatid","Fibroblast","NRXN1","NLGN1",1.95969934250741e-05,0,"NRXN1_NLGN1","NRXN1 - NLGN1","NRXN","Cell-Cell Contact","KEGG: hsa04514"
"Fibroblast","Fibroblast","NRXN1","NLGN1",2.88849930144545e-06,0,"NRXN1_NLGN1","NRXN1 - NLGN1","NRXN","Cell-Cell Contact","KEGG: hsa04514"
"Endothelial","Fibroblast","NRXN1","NLGN1",2.16371547135775e-06,0,"NRXN1_NLGN1","NRXN1 - NLGN1","NRXN","Cell-Cell Contact","KEGG: hsa04514"
"Spermatocyte","SSC","NRXN3","NLGN1",3.31694547774598e-05,0,"NRXN3_NLGN1","NRXN3 - NLGN1","NRXN","Cell-Cell Contact","KEGG: hsa04514"
"Spermatid","SSC","NRXN3","NLGN1",4.22113762633871e-05,0,"NRXN3_NLGN1","NRXN3 - NLGN1","NRXN","Cell-Cell Contact","KEGG: hsa04514"
"Sertoli","SSC","NRXN3","NLGN1",0.000148103788245405,0,"NRXN3_NLGN1","NRXN3 - NLGN1","NRXN","Cell-Cell Contact","KEGG: hsa04514"
"Spermatocyte","Myoid","NRXN3","NLGN1",2.78789046800181e-05,0,"NRXN3_NLGN1","NRXN3 - NLGN1","NRXN","Cell-Cell Contact","KEGG: hsa04514"
"Spermatid","Myoid","NRXN3","NLGN1",3.54403096503217e-05,0,"NRXN3_NLGN1","NRXN3 - NLGN1","NRXN","Cell-Cell Contact","KEGG: hsa04514"
"Sertoli","Myoid","NRXN3","NLGN1",0.000124370327040685,0,"NRXN3_NLGN1","NRXN3 - NLGN1","NRXN","Cell-Cell Contact","KEGG: hsa04514"
"Spermatocyte","Fibroblast","NRXN3","NLGN1",1.31321983835167e-05,0,"NRXN3_NLGN1","NRXN3 - NLGN1","NRXN","Cell-Cell Contact","KEGG: hsa04514"
"Spermatid","Fibroblast","NRXN3","NLGN1",1.66968497592586e-05,0,"NRXN3_NLGN1","NRXN3 - NLGN1","NRXN","Cell-Cell Contact","KEGG: hsa04514"
"Sertoli","Fibroblast","NRXN3","NLGN1",5.85923017094498e-05,0,"NRXN3_NLGN1","NRXN3 - NLGN1","NRXN","Cell-Cell Contact","KEGG: hsa04514"
"SSC","SSC","NRXN1","CLSTN1",7.28011302026595e-05,0,"NRXN1_CLSTN1","NRXN1 - CLSTN1","NRXN","Cell-Cell Contact","PMID: 32434929"
"Spermatocyte","SSC","NRXN1","CLSTN1",0.000141940070235329,0,"NRXN1_CLSTN1","NRXN1 - CLSTN1","NRXN","Cell-Cell Contact","PMID: 32434929"
"Spermatid","SSC","NRXN1","CLSTN1",3.62312422270992e-05,0,"NRXN1_CLSTN1","NRXN1 - CLSTN1","NRXN","Cell-Cell Contact","PMID: 32434929"
"Fibroblast","SSC","NRXN1","CLSTN1",5.33631150484024e-06,0,"NRXN1_CLSTN1","NRXN1 - CLSTN1","NRXN","Cell-Cell Contact","PMID: 32434929"
"Endothelial","SSC","NRXN1","CLSTN1",4.00277130753486e-06,0,"NRXN1_CLSTN1","NRXN1 - CLSTN1","NRXN","Cell-Cell Contact","PMID: 32434929"
"SSC","Sertoli","NRXN1","CLSTN1",0.000357345054806541,0,"NRXN1_CLSTN1","NRXN1 - CLSTN1","NRXN","Cell-Cell Contact","PMID: 32434929"
"Spermatocyte","Sertoli","NRXN1","CLSTN1",0.000695756198276747,0,"NRXN1_CLSTN1","NRXN1 - CLSTN1","NRXN","Cell-Cell Contact","PMID: 32434929"
"Spermatid","Sertoli","NRXN1","CLSTN1",0.000177280514844643,0,"NRXN1_CLSTN1","NRXN1 - CLSTN1","NRXN","Cell-Cell Contact","PMID: 32434929"
"Fibroblast","Sertoli","NRXN1","CLSTN1",2.61041971116104e-05,0,"NRXN1_CLSTN1","NRXN1 - CLSTN1","NRXN","Cell-Cell Contact","PMID: 32434929"
"Endothelial","Sertoli","NRXN1","CLSTN1",1.95897031016684e-05,0,"NRXN1_CLSTN1","NRXN1 - CLSTN1","NRXN","Cell-Cell Contact","PMID: 32434929"
"Spermatocyte","SSC","NRXN3","CLSTN1",2.42220487172307e-05,0,"Q9HDB5_CLSTN1","NRXN3 - CLSTN1","NRXN","Cell-Cell Contact","PMID: 32434929"
"Spermatid","SSC","NRXN3","CLSTN1",3.08514170190349e-05,0,"Q9HDB5_CLSTN1","NRXN3 - CLSTN1","NRXN","Cell-Cell Contact","PMID: 32434929"
"Sertoli","SSC","NRXN3","CLSTN1",0.000108229600949442,0,"Q9HDB5_CLSTN1","NRXN3 - CLSTN1","NRXN","Cell-Cell Contact","PMID: 32434929"
"Spermatid","Sertoli","NRXN3","CLSTN1",0.000150927450131905,0,"Q9HDB5_CLSTN1","NRXN3 - CLSTN1","NRXN","Cell-Cell Contact","PMID: 32434929"
"Sertoli","Sertoli","NRXN3","CLSTN1",0.000529412312535775,0,"Q9HDB5_CLSTN1","NRXN3 - CLSTN1","NRXN","Cell-Cell Contact","PMID: 32434929"
"SSC","SSC","NRXN1","CLSTN2",5.61508162889454e-05,0,"NRXN1_CLSTN2","NRXN1 - CLSTN2","NRXN","Cell-Cell Contact","PMID: 32434929"
"Spermatocyte","SSC","NRXN1","CLSTN2",0.000109339533192858,0,"NRXN1_CLSTN2","NRXN1 - CLSTN2","NRXN","Cell-Cell Contact","PMID: 32434929"
"Spermatid","SSC","NRXN1","CLSTN2",2.7864303979616e-05,0,"NRXN1_CLSTN2","NRXN1 - CLSTN2","NRXN","Cell-Cell Contact","PMID: 32434929"
"Fibroblast","SSC","NRXN1","CLSTN2",4.10305117538214e-06,0,"NRXN1_CLSTN2","NRXN1 - CLSTN2","NRXN","Cell-Cell Contact","PMID: 32434929"
"Endothelial","SSC","NRXN1","CLSTN2",3.07898320754025e-06,0,"NRXN1_CLSTN2","NRXN1 - CLSTN2","NRXN","Cell-Cell Contact","PMID: 32434929"
"SSC","Spermatocyte","NRXN1","CLSTN2",3.55384150369103e-05,0,"NRXN1_CLSTN2","NRXN1 - CLSTN2","NRXN","Cell-Cell Contact","PMID: 32434929"
"Spermatocyte","Spermatocyte","NRXN1","CLSTN2",6.89756526386519e-05,0,"NRXN1_CLSTN2","NRXN1 - CLSTN2","NRXN","Cell-Cell Contact","PMID: 32434929"
"Spermatid","Spermatocyte","NRXN1","CLSTN2",1.75037799774749e-05,0,"NRXN1_CLSTN2","NRXN1 - CLSTN2","NRXN","Cell-Cell Contact","PMID: 32434929"
"SSC","Spermatid","NRXN1","CLSTN2",9.53993424425819e-05,0,"NRXN1_CLSTN2","NRXN1 - CLSTN2","NRXN","Cell-Cell Contact","PMID: 32434929"
"Spermatocyte","Spermatid","NRXN1","CLSTN2",0.00018576884644102,0,"NRXN1_CLSTN2","NRXN1 - CLSTN2","NRXN","Cell-Cell Contact","PMID: 32434929"
"Spermatid","Spermatid","NRXN1","CLSTN2",4.73425994894205e-05,0,"NRXN1_CLSTN2","NRXN1 - CLSTN2","NRXN","Cell-Cell Contact","PMID: 32434929"
"Fibroblast","Spermatid","NRXN1","CLSTN2",6.97127136932094e-06,0,"NRXN1_CLSTN2","NRXN1 - CLSTN2","NRXN","Cell-Cell Contact","PMID: 32434929"
"Endothelial","Spermatid","NRXN1","CLSTN2",5.23130778654489e-06,0,"NRXN1_CLSTN2","NRXN1 - CLSTN2","NRXN","Cell-Cell Contact","PMID: 32434929"
"SSC","Sertoli","NRXN1","CLSTN2",0.00023824844538259,0,"NRXN1_CLSTN2","NRXN1 - CLSTN2","NRXN","Cell-Cell Contact","PMID: 32434929"
"Spermatocyte","Sertoli","NRXN1","CLSTN2",0.000463237945870324,0,"NRXN1_CLSTN2","NRXN1 - CLSTN2","NRXN","Cell-Cell Contact","PMID: 32434929"
"Spermatid","Sertoli","NRXN1","CLSTN2",0.000117825476401453,0,"NRXN1_CLSTN2","NRXN1 - CLSTN2","NRXN","Cell-Cell Contact","PMID: 32434929"
"Fibroblast","Sertoli","NRXN1","CLSTN2",1.73452638002413e-05,0,"NRXN1_CLSTN2","NRXN1 - CLSTN2","NRXN","Cell-Cell Contact","PMID: 32434929"
"Endothelial","Sertoli","NRXN1","CLSTN2",1.30225065022708e-05,0,"NRXN1_CLSTN2","NRXN1 - CLSTN2","NRXN","Cell-Cell Contact","PMID: 32434929"
"Spermatocyte","SSC","NRXN3","CLSTN2",1.86150653671905e-05,0,"Q9HDB5_CLSTN2","NRXN3 - CLSTN2","NRXN","Cell-Cell Contact","PMID: 32434929"
"Spermatid","SSC","NRXN3","CLSTN2",2.37226256723058e-05,0,"Q9HDB5_CLSTN2","NRXN3 - CLSTN2","NRXN","Cell-Cell Contact","PMID: 32434929"
"Sertoli","SSC","NRXN3","CLSTN2",8.32132461459508e-05,0,"Q9HDB5_CLSTN2","NRXN3 - CLSTN2","NRXN","Cell-Cell Contact","PMID: 32434929"
"Spermatocyte","Spermatid","NRXN3","CLSTN2",3.16280259173035e-05,0,"Q9HDB5_CLSTN2","NRXN3 - CLSTN2","NRXN","Cell-Cell Contact","PMID: 32434929"
"Spermatid","Spermatid","NRXN3","CLSTN2",4.03058010248558e-05,0,"Q9HDB5_CLSTN2","NRXN3 - CLSTN2","NRXN","Cell-Cell Contact","PMID: 32434929"
"Sertoli","Spermatid","NRXN3","CLSTN2",0.000141383179542704,0,"Q9HDB5_CLSTN2","NRXN3 - CLSTN2","NRXN","Cell-Cell Contact","PMID: 32434929"
"Spermatocyte","Sertoli","NRXN3","CLSTN2",7.86481640751622e-05,0.01,"Q9HDB5_CLSTN2","NRXN3 - CLSTN2","NRXN","Cell-Cell Contact","PMID: 32434929"
"Spermatid","Sertoli","NRXN3","CLSTN2",0.000100291132352365,0,"Q9HDB5_CLSTN2","NRXN3 - CLSTN2","NRXN","Cell-Cell Contact","PMID: 32434929"
"Sertoli","Sertoli","NRXN3","CLSTN2",0.000351757704112631,0,"Q9HDB5_CLSTN2","NRXN3 - CLSTN2","NRXN","Cell-Cell Contact","PMID: 32434929"
"SSC","SSC","NRXN1","DAG1",5.35661645623484e-05,0,"NRXN1_DAG1","NRXN1 - DAG1","NRXN","Cell-Cell Contact","PMID: 21628410"
"Spermatocyte","SSC","NRXN1","DAG1",0.000104286246354052,0,"NRXN1_DAG1","NRXN1 - DAG1","NRXN","Cell-Cell Contact","PMID: 21628410"
"Spermatid","SSC","NRXN1","DAG1",2.65698130436379e-05,0,"NRXN1_DAG1","NRXN1 - DAG1","NRXN","Cell-Cell Contact","PMID: 21628410"
"Fibroblast","SSC","NRXN1","DAG1",3.91229761641882e-06,0,"NRXN1_DAG1","NRXN1 - DAG1","NRXN","Cell-Cell Contact","PMID: 21628410"
"Endothelial","SSC","NRXN1","DAG1",2.93602832196417e-06,0,"NRXN1_DAG1","NRXN1 - DAG1","NRXN","Cell-Cell Contact","PMID: 21628410"
"SSC","Spermatocyte","NRXN1","DAG1",3.17337827557614e-05,0,"NRXN1_DAG1","NRXN1 - DAG1","NRXN","Cell-Cell Contact","PMID: 21628410"
"Spermatocyte","Spermatocyte","NRXN1","DAG1",6.15850751254077e-05,0,"NRXN1_DAG1","NRXN1 - DAG1","NRXN","Cell-Cell Contact","PMID: 21628410"
"SSC","Sertoli","NRXN1","DAG1",0.00086062585641163,0,"NRXN1_DAG1","NRXN1 - DAG1","NRXN","Cell-Cell Contact","PMID: 21628410"
"Spermatocyte","Sertoli","NRXN1","DAG1",0.00168542017905192,0,"NRXN1_DAG1","NRXN1 - DAG1","NRXN","Cell-Cell Contact","PMID: 21628410"
"Spermatid","Sertoli","NRXN1","DAG1",0.000432712893679717,0,"NRXN1_DAG1","NRXN1 - DAG1","NRXN","Cell-Cell Contact","PMID: 21628410"
"Fibroblast","Sertoli","NRXN1","DAG1",6.37840193316317e-05,0,"NRXN1_DAG1","NRXN1 - DAG1","NRXN","Cell-Cell Contact","PMID: 21628410"
"Endothelial","Sertoli","NRXN1","DAG1",4.777344399476e-05,0,"NRXN1_DAG1","NRXN1 - DAG1","NRXN","Cell-Cell Contact","PMID: 21628410"
"Sertoli","Sertoli","PROS1","AXL",0.00240426905268945,0,"PROS1_AXL","PROS1 - AXL","PROS","Secreted Signaling","PMID: 29531161"
"Sertoli","Sertoli","PROS1","TYRO3",0.00196827384467966,0,"PROS1_TYRO3","PROS1 - TYRO3","PROS","Secreted Signaling","PMID: 30501104"
"Sertoli","Sertoli","PROS1","MERTK",0.00342518960819511,0,"PROS1_MERTK","PROS1 - MERTK","PROS","Secreted Signaling","PMID: 34631419"
"Sertoli","Leydig","PROS1","MERTK",0.000607306471568966,0,"PROS1_MERTK","PROS1 - MERTK","PROS","Secreted Signaling","PMID: 34631419"
"Leydig","Sertoli","BMP6","ACVR1_ACVR2A",0.000436874703769772,0,"BMP6_ACVR1_ACVR2A","BMP6 - (ACVR1+ACVR2A)","BMP","Secreted Signaling","KEGG: hsa04350; PMID:26893264"
"Leydig","Myoid","BMP6","ACVR1_ACVR2A",1.74574381175096e-05,0,"BMP6_ACVR1_ACVR2A","BMP6 - (ACVR1+ACVR2A)","BMP","Secreted Signaling","KEGG: hsa04350; PMID:26893264"
"Leydig","Sertoli","BMP6","ACVR1_BMPR2",0.00117067895012829,0,"BMP6_ACVR1_BMPR2","BMP6 - (ACVR1+BMPR2)","BMP","Secreted Signaling","KEGG: hsa04350; PMID:26893264"
"Leydig","Myoid","BMP6","ACVR1_BMPR2",2.59319105414147e-05,0,"BMP6_ACVR1_BMPR2","BMP6 - (ACVR1+BMPR2)","BMP","Secreted Signaling","KEGG: hsa04350; PMID:26893264"
"Leydig","SSC","BMP6","BMPR1A_ACVR2A",0.00013906947930845,0,"BMP6_BMPR1A_ACVR2A","BMP6 - (BMPR1A+ACVR2A)","BMP","Secreted Signaling","KEGG: hsa04350; PMID:26893264"
"Leydig","Spermatocyte","BMP6","BMPR1A_ACVR2A",0.000151237106369395,0,"BMP6_BMPR1A_ACVR2A","BMP6 - (BMPR1A+ACVR2A)","BMP","Secreted Signaling","KEGG: hsa04350; PMID:26893264"
"Leydig","Spermatid","BMP6","BMPR1A_ACVR2A",8.75586402686612e-05,0,"BMP6_BMPR1A_ACVR2A","BMP6 - (BMPR1A+ACVR2A)","BMP","Secreted Signaling","KEGG: hsa04350; PMID:26893264"
"Leydig","Sertoli","BMP6","BMPR1A_ACVR2A",0.000874050597123663,0,"BMP6_BMPR1A_ACVR2A","BMP6 - (BMPR1A+ACVR2A)","BMP","Secreted Signaling","KEGG: hsa04350; PMID:26893264"
"Leydig","Myoid","BMP6","BMPR1A_ACVR2A",5.94330294577658e-05,0,"BMP6_BMPR1A_ACVR2A","BMP6 - (BMPR1A+ACVR2A)","BMP","Secreted Signaling","KEGG: hsa04350; PMID:26893264"
"Leydig","Fibroblast","BMP6","BMPR1A_ACVR2A",2.71812132549796e-05,0,"BMP6_BMPR1A_ACVR2A","BMP6 - (BMPR1A+ACVR2A)","BMP","Secreted Signaling","KEGG: hsa04350; PMID:26893264"
"Leydig","Endothelial","BMP6","BMPR1A_ACVR2A",1.12124038394327e-05,0,"BMP6_BMPR1A_ACVR2A","BMP6 - (BMPR1A+ACVR2A)","BMP","Secreted Signaling","KEGG: hsa04350; PMID:26893264"
"Leydig","SSC","BMP6","BMPR1A_ACVR2B",0.000125181306242988,0,"BMP6_BMPR1A_ACVR2B","BMP6 - (BMPR1A+ACVR2B)","BMP","Secreted Signaling","KEGG: hsa04350; PMID:26893264"
"Leydig","SSC","BMP6","BMPR1A_BMPR2",0.000266194651274333,0,"BMP6_BMPR1A_BMPR2","BMP6 - (BMPR1A+BMPR2)","BMP","Secreted Signaling","KEGG: hsa04350; PMID:26893264"
"Leydig","Spermatocyte","BMP6","BMPR1A_BMPR2",0.000292813390611798,0,"BMP6_BMPR1A_BMPR2","BMP6 - (BMPR1A+BMPR2)","BMP","Secreted Signaling","KEGG: hsa04350; PMID:26893264"
"Leydig","Spermatid","BMP6","BMPR1A_BMPR2",0.000113885918375605,0,"BMP6_BMPR1A_BMPR2","BMP6 - (BMPR1A+BMPR2)","BMP","Secreted Signaling","KEGG: hsa04350; PMID:26893264"
"Leydig","Sertoli","BMP6","BMPR1A_BMPR2",0.00231569980122818,0,"BMP6_BMPR1A_BMPR2","BMP6 - (BMPR1A+BMPR2)","BMP","Secreted Signaling","KEGG: hsa04350; PMID:26893264"
"Leydig","Myoid","BMP6","BMPR1A_BMPR2",8.7993838469101e-05,0,"BMP6_BMPR1A_BMPR2","BMP6 - (BMPR1A+BMPR2)","BMP","Secreted Signaling","KEGG: hsa04350; PMID:26893264"
"Leydig","Fibroblast","BMP6","BMPR1A_BMPR2",3.31281528036531e-05,0,"BMP6_BMPR1A_BMPR2","BMP6 - (BMPR1A+BMPR2)","BMP","Secreted Signaling","KEGG: hsa04350; PMID:26893264"
"Leydig","Endothelial","BMP6","BMPR1A_BMPR2",2.46942145035752e-05,0,"BMP6_BMPR1A_BMPR2","BMP6 - (BMPR1A+BMPR2)","BMP","Secreted Signaling","KEGG: hsa04350; PMID:26893264"
"Leydig","SSC","BMP6","BMPR1B_ACVR2A",0.000168107683420218,0,"BMP6_BMPR1B_ACVR2A","BMP6 - (BMPR1B+ACVR2A)","BMP","Secreted Signaling","KEGG: hsa04350; PMID:26893264"
"Leydig","Spermatocyte","BMP6","BMPR1B_ACVR2A",0.000290439852990032,0,"BMP6_BMPR1B_ACVR2A","BMP6 - (BMPR1B+ACVR2A)","BMP","Secreted Signaling","KEGG: hsa04350; PMID:26893264"
"Leydig","Spermatid","BMP6","BMPR1B_ACVR2A",0.00017391293326281,0,"BMP6_BMPR1B_ACVR2A","BMP6 - (BMPR1B+ACVR2A)","BMP","Secreted Signaling","KEGG: hsa04350; PMID:26893264"
"Leydig","Fibroblast","BMP6","BMPR1B_ACVR2A",2.60505139347428e-05,0,"BMP6_BMPR1B_ACVR2A","BMP6 - (BMPR1B+ACVR2A)","BMP","Secreted Signaling","KEGG: hsa04350; PMID:26893264"
"Leydig","Endothelial","BMP6","BMPR1B_ACVR2A",1.25740396622318e-05,0,"BMP6_BMPR1B_ACVR2A","BMP6 - (BMPR1B+ACVR2A)","BMP","Secreted Signaling","KEGG: hsa04350; PMID:26893264"
"Leydig","SSC","BMP6","BMPR1B_ACVR2B",0.000151364679667527,0,"BMP6_BMPR1B_ACVR2B","BMP6 - (BMPR1B+ACVR2B)","BMP","Secreted Signaling","KEGG: hsa04350; PMID:26893264"
"Leydig","SSC","BMP6","BMPR1B_BMPR2",0.000320902429699811,0,"BMP6_BMPR1B_BMPR2","BMP6 - (BMPR1B+BMPR2)","BMP","Secreted Signaling","KEGG: hsa04350; PMID:26893264"
"Leydig","Spermatocyte","BMP6","BMPR1B_BMPR2",0.000559689252189774,0,"BMP6_BMPR1B_BMPR2","BMP6 - (BMPR1B+BMPR2)","BMP","Secreted Signaling","KEGG: hsa04350; PMID:26893264"
"Leydig","Spermatid","BMP6","BMPR1B_BMPR2",0.000225852893182571,0,"BMP6_BMPR1B_BMPR2","BMP6 - (BMPR1B+BMPR2)","BMP","Secreted Signaling","KEGG: hsa04350; PMID:26893264"
"Leydig","Fibroblast","BMP6","BMPR1B_BMPR2",3.17526739282841e-05,0,"BMP6_BMPR1B_BMPR2","BMP6 - (BMPR1B+BMPR2)","BMP","Secreted Signaling","KEGG: hsa04350; PMID:26893264"
"Leydig","Endothelial","BMP6","BMPR1B_BMPR2",2.7664532334033e-05,0,"BMP6_BMPR1B_BMPR2","BMP6 - (BMPR1B+BMPR2)","BMP","Secreted Signaling","KEGG: hsa04350; PMID:26893264"
"Leydig","Spermatocyte","IGF1","IGF1R",0.000138455094966231,0,"IGF1_IGF1R","IGF1 - IGF1R","IGF","Secreted Signaling","PMID: 14604834"
"Myoid","Spermatocyte","IGF1","IGF1R",8.23619185888008e-05,0,"IGF1_IGF1R","IGF1 - IGF1R","IGF","Secreted Signaling","PMID: 14604834"
"Fibroblast","Spermatocyte","IGF1","IGF1R",6.64952442170893e-05,0,"IGF1_IGF1R","IGF1 - IGF1R","IGF","Secreted Signaling","PMID: 14604834"
"Leydig","Spermatid","IGF1","IGF1R",7.60633228311702e-05,0,"IGF1_IGF1R","IGF1 - IGF1R","IGF","Secreted Signaling","PMID: 14604834"
"Myoid","Spermatid","IGF1","IGF1R",4.52721098051016e-05,0,"IGF1_IGF1R","IGF1 - IGF1R","IGF","Secreted Signaling","PMID: 14604834"
"Fibroblast","Spermatid","IGF1","IGF1R",3.65737763491655e-05,0,"IGF1_IGF1R","IGF1 - IGF1R","IGF","Secreted Signaling","PMID: 14604834"
"Leydig","Sertoli","IGF1","IGF1R",0.00216135436479689,0,"IGF1_IGF1R","IGF1 - IGF1R","IGF","Secreted Signaling","PMID: 14604834"
"Myoid","Sertoli","IGF1","IGF1R",0.00124097917325676,0,"IGF1_IGF1R","IGF1 - IGF1R","IGF","Secreted Signaling","PMID: 14604834"
"Fibroblast","Sertoli","IGF1","IGF1R",0.000963207804835228,0,"IGF1_IGF1R","IGF1 - IGF1R","IGF","Secreted Signaling","PMID: 14604834"
"Leydig","Leydig","IGF1","IGF1R",0.000803755879130708,0,"IGF1_IGF1R","IGF1 - IGF1R","IGF","Secreted Signaling","PMID: 14604834"
"Myoid","Leydig","IGF1","IGF1R",0.000461093709864105,0,"IGF1_IGF1R","IGF1 - IGF1R","IGF","Secreted Signaling","PMID: 14604834"
"Fibroblast","Leydig","IGF1","IGF1R",0.000357556615216826,0,"IGF1_IGF1R","IGF1 - IGF1R","IGF","Secreted Signaling","PMID: 14604834"
"Leydig","Myoid","IGF1","IGF1R",0.000122922367908732,0,"IGF1_IGF1R","IGF1 - IGF1R","IGF","Secreted Signaling","PMID: 14604834"
"Myoid","Myoid","IGF1","IGF1R",7.1770405635142e-05,0,"IGF1_IGF1R","IGF1 - IGF1R","IGF","Secreted Signaling","PMID: 14604834"
"Fibroblast","Myoid","IGF1","IGF1R",5.67330129180972e-05,0,"IGF1_IGF1R","IGF1 - IGF1R","IGF","Secreted Signaling","PMID: 14604834"
"Leydig","Fibroblast","IGF1","IGF1R",2.58601099930089e-05,0,"IGF1_IGF1R","IGF1 - IGF1R","IGF","Secreted Signaling","PMID: 14604834"
"Myoid","Fibroblast","IGF1","IGF1R",1.53149319928871e-05,0,"IGF1_IGF1R","IGF1 - IGF1R","IGF","Secreted Signaling","PMID: 14604834"
"Fibroblast","Fibroblast","IGF1","IGF1R",1.23014893563815e-05,0,"IGF1_IGF1R","IGF1 - IGF1R","IGF","Secreted Signaling","PMID: 14604834"
"Leydig","Endothelial","IGF1","IGF1R",1.13019767301727e-05,0,"IGF1_IGF1R","IGF1 - IGF1R","IGF","Secreted Signaling","PMID: 14604834"
"Myoid","Endothelial","IGF1","IGF1R",6.70533135479787e-06,0,"IGF1_IGF1R","IGF1 - IGF1R","IGF","Secreted Signaling","PMID: 14604834"
"Fibroblast","Endothelial","IGF1","IGF1R",5.39707080458551e-06,0,"IGF1_IGF1R","IGF1 - IGF1R","IGF","Secreted Signaling","PMID: 14604834"
"Spermatocyte","Spermatocyte","PCDHA3","PCDHA3",0.00198642519886767,0,"PCDHA3_PCDHA3","PCDHA3 - PCDHA3","PCDH","Cell-Cell Contact","PMID: 35253643; PMID: 32694982"
"Spermatid","Spermatocyte","PCDHA3","PCDHA3",0.00121305409517641,0,"PCDHA3_PCDHA3","PCDHA3 - PCDHA3","PCDH","Cell-Cell Contact","PMID: 35253643; PMID: 32694982"
"Spermatocyte","Spermatid","PCDHA3","PCDHA3",0.00121305409517641,0,"PCDHA3_PCDHA3","PCDHA3 - PCDHA3","PCDH","Cell-Cell Contact","PMID: 35253643; PMID: 32694982"
"Spermatid","Spermatid","PCDHA3","PCDHA3",0.000740767117519472,0,"PCDHA3_PCDHA3","PCDHA3 - PCDHA3","PCDH","Cell-Cell Contact","PMID: 35253643; PMID: 32694982"
"Leydig","SSC","Androstenedione-CYP17A1","AR",0.000196596618078329,0,"ANDROSTENEDIONE-CYP17A1_AR","ANDROSTENEDIONE-CYP17A1 - AR","Androstenedione","Non-protein Signaling","HMRbase;reactome"
"Leydig","Sertoli","Androstenedione-CYP17A1","AR",0.00324379876157487,0,"ANDROSTENEDIONE-CYP17A1_AR","ANDROSTENEDIONE-CYP17A1 - AR","Androstenedione","Non-protein Signaling","HMRbase;reactome"
"Leydig","Leydig","Androstenedione-CYP17A1","AR",0.000662820206712882,0,"ANDROSTENEDIONE-CYP17A1_AR","ANDROSTENEDIONE-CYP17A1 - AR","Androstenedione","Non-protein Signaling","HMRbase;reactome"
"Leydig","Myoid","Androstenedione-CYP17A1","AR",0.000137207136514844,0,"ANDROSTENEDIONE-CYP17A1_AR","ANDROSTENEDIONE-CYP17A1 - AR","Androstenedione","Non-protein Signaling","HMRbase;reactome"
"Leydig","Fibroblast","Androstenedione-CYP17A1","AR",5.15008324199035e-05,0,"ANDROSTENEDIONE-CYP17A1_AR","ANDROSTENEDIONE-CYP17A1 - AR","Androstenedione","Non-protein Signaling","HMRbase;reactome"
"Sertoli","Spermatocyte","PTPRS","NTRK3",1.53581132897209e-05,0,"PTPRS_NTRK3","PTPRS - NTRK3","PTPR","Secreted Signaling","PMID:21262467;PMID:25385546;"
"Sertoli","Spermatid","PTPRS","NTRK3",3.27812482798157e-05,0,"PTPRS_NTRK3","PTPRS - NTRK3","PTPR","Secreted Signaling","PMID:21262467;PMID:25385546;"
"Sertoli","Sertoli","LRRC4C","PTPRF",0.00166907330259506,0,"LRRC4C_PTPRF","LRRC4C - PTPRF","PTPR","Cell-Cell Contact","PMID: 29674953;PMID: 23916315"
"Leydig","Sertoli","LRRC4C","PTPRF",0.000193534790017276,0,"LRRC4C_PTPRF","LRRC4C - PTPRF","PTPR","Cell-Cell Contact","PMID: 29674953;PMID: 23916315"
"Sertoli","Leydig","LRRC4C","PTPRF",0.000863142307344902,0,"LRRC4C_PTPRF","LRRC4C - PTPRF","PTPR","Cell-Cell Contact","PMID: 29674953;PMID: 23916315"
"Leydig","Leydig","LRRC4C","PTPRF",0.000100356793746684,0,"LRRC4C_PTPRF","LRRC4C - PTPRF","PTPR","Cell-Cell Contact","PMID: 29674953;PMID: 23916315"
"Sertoli","Myoid","LRRC4C","PTPRF",0.000120147494954602,0,"LRRC4C_PTPRF","LRRC4C - PTPRF","PTPR","Cell-Cell Contact","PMID: 29674953;PMID: 23916315"
"Sertoli","SSC","TNN","ITGA8_ITGB1",7.37989116743034e-05,0,"TNN_ITGA8_ITGB1","TNN - (ITGA8+ITGB1)","TENASCIN","ECM-Receptor","KEGG: hsa04512"
"Sertoli","Myoid","TNN","ITGA8_ITGB1",6.04596185604591e-05,0,"TNN_ITGA8_ITGB1","TNN - (ITGA8+ITGB1)","TENASCIN","ECM-Receptor","KEGG: hsa04512"
"Spermatocyte","SSC","TNXB","ITGA8_ITGB1",3.78729306011797e-05,0,"TNXB_ITGA8_ITGB1","TNXB - (ITGA8+ITGB1)","TENASCIN","ECM-Receptor","KEGG: hsa04512"
"Sertoli","SSC","TNXB","ITGA8_ITGB1",3.0537622571102e-05,0,"TNXB_ITGA8_ITGB1","TNXB - (ITGA8+ITGB1)","TENASCIN","ECM-Receptor","KEGG: hsa04512"
"Spermatocyte","Myoid","TNXB","ITGA8_ITGB1",3.10223039157686e-05,0,"TNXB_ITGA8_ITGB1","TNXB - (ITGA8+ITGB1)","TENASCIN","ECM-Receptor","KEGG: hsa04512"
"Sertoli","Myoid","TNXB","ITGA8_ITGB1",2.50301333413963e-05,0,"TNXB_ITGA8_ITGB1","TNXB - (ITGA8+ITGB1)","TENASCIN","ECM-Receptor","KEGG: hsa04512"
"Sertoli","SSC","TNN","ITGA9_ITGB1",5.67197505172424e-05,0,"TNN_ITGA9_ITGB1","TNN - (ITGA9+ITGB1)","TENASCIN","ECM-Receptor","KEGG: hsa04512"
"Sertoli","Sertoli","TNN","ITGA9_ITGB1",0.000623984862839134,0,"TNN_ITGA9_ITGB1","TNN - (ITGA9+ITGB1)","TENASCIN","ECM-Receptor","KEGG: hsa04512"
"Sertoli","Leydig","TNN","ITGA9_ITGB1",0.000457762718516208,0,"TNN_ITGA9_ITGB1","TNN - (ITGA9+ITGB1)","TENASCIN","ECM-Receptor","KEGG: hsa04512"
"Sertoli","Myoid","TNN","ITGA9_ITGB1",0.000148048327705849,0,"TNN_ITGA9_ITGB1","TNN - (ITGA9+ITGB1)","TENASCIN","ECM-Receptor","KEGG: hsa04512"
"Sertoli","Fibroblast","TNN","ITGA9_ITGB1",3.07151923759377e-05,0,"TNN_ITGA9_ITGB1","TNN - (ITGA9+ITGB1)","TENASCIN","ECM-Receptor","KEGG: hsa04512"
"Sertoli","Endothelial","TNN","ITGA9_ITGB1",1.34958541950547e-05,0,"TNN_ITGA9_ITGB1","TNN - (ITGA9+ITGB1)","TENASCIN","ECM-Receptor","KEGG: hsa04512"
"Spermatocyte","SSC","TNXB","ITGA9_ITGB1",2.91116268794379e-05,0,"TNXB_ITGA9_ITGB1","TNXB - (ITGA9+ITGB1)","TENASCIN","ECM-Receptor","KEGG: hsa04512"
"Spermatocyte","Spermatocyte","TNXB","ITGA9_ITGB1",4.87906225400184e-05,0.04,"TNXB_ITGA9_ITGB1","TNXB - (ITGA9+ITGB1)","TENASCIN","ECM-Receptor","KEGG: hsa04512"
"Spermatocyte","Spermatid","TNXB","ITGA9_ITGB1",2.98786950414636e-05,0.02,"TNXB_ITGA9_ITGB1","TNXB - (ITGA9+ITGB1)","TENASCIN","ECM-Receptor","KEGG: hsa04512"
"Spermatocyte","Sertoli","TNXB","ITGA9_ITGB1",0.000320174011572277,0,"TNXB_ITGA9_ITGB1","TNXB - (ITGA9+ITGB1)","TENASCIN","ECM-Receptor","KEGG: hsa04512"
"Sertoli","Sertoli","TNXB","ITGA9_ITGB1",0.000258322123861111,0,"TNXB_ITGA9_ITGB1","TNXB - (ITGA9+ITGB1)","TENASCIN","ECM-Receptor","KEGG: hsa04512"
"Spermatocyte","Leydig","TNXB","ITGA9_ITGB1",0.000234720771722933,0,"TNXB_ITGA9_ITGB1","TNXB - (ITGA9+ITGB1)","TENASCIN","ECM-Receptor","KEGG: hsa04512"
"Sertoli","Leydig","TNXB","ITGA9_ITGB1",0.000189906120821568,0,"TNXB_ITGA9_ITGB1","TNXB - (ITGA9+ITGB1)","TENASCIN","ECM-Receptor","KEGG: hsa04512"
"Spermatocyte","Myoid","TNXB","ITGA9_ITGB1",7.58887688872333e-05,0,"TNXB_ITGA9_ITGB1","TNXB - (ITGA9+ITGB1)","TENASCIN","ECM-Receptor","KEGG: hsa04512"
"Sertoli","Myoid","TNXB","ITGA9_ITGB1",6.14777490370663e-05,0,"TNXB_ITGA9_ITGB1","TNXB - (ITGA9+ITGB1)","TENASCIN","ECM-Receptor","KEGG: hsa04512"
"Spermatocyte","Fibroblast","TNXB","ITGA9_ITGB1",1.57598287323515e-05,0,"TNXB_ITGA9_ITGB1","TNXB - (ITGA9+ITGB1)","TENASCIN","ECM-Receptor","KEGG: hsa04512"
"Sertoli","Fibroblast","TNXB","ITGA9_ITGB1",1.27169340103306e-05,0.01,"TNXB_ITGA9_ITGB1","TNXB - (ITGA9+ITGB1)","TENASCIN","ECM-Receptor","KEGG: hsa04512"
"Spermatocyte","Endothelial","TNXB","ITGA9_ITGB1",6.92547039894915e-06,0,"TNXB_ITGA9_ITGB1","TNXB - (ITGA9+ITGB1)","TENASCIN","ECM-Receptor","KEGG: hsa04512"
"Sertoli","Sertoli","CLDN11","CLDN11",0.00282164285896405,0,"CLDN11_CLDN11","CLDN11 - CLDN11","CLDN","Cell-Cell Contact","KEGG: hsa04514"
"Spermatocyte","Sertoli","ENTPD1","ADORA1",0.000137676461834601,0,"ENTPD1_ADORA1","ENTPD1 - ADORA1","CD39","Cell-Cell Contact","PMID: 21677139"
"Spermatid","Sertoli","ENTPD1","ADORA1",0.000110891469796589,0,"ENTPD1_ADORA1","ENTPD1 - ADORA1","CD39","Cell-Cell Contact","PMID: 21677139"
"Sertoli","Sertoli","ENTPD1","ADORA1",0.000257086728820062,0,"ENTPD1_ADORA1","ENTPD1 - ADORA1","CD39","Cell-Cell Contact","PMID: 21677139"
"Spermatocyte","Spermatocyte","ENTPD1","TMIGD3",0.000528985830350785,0,"ENTPD1_TMIGD3","ENTPD1 - TMIGD3","CD39","Cell-Cell Contact","PMID: 21677139"
"Spermatid","Spermatocyte","ENTPD1","TMIGD3",0.000424009911563759,0,"ENTPD1_TMIGD3","ENTPD1 - TMIGD3","CD39","Cell-Cell Contact","PMID: 21677139"
"Sertoli","Spermatocyte","ENTPD1","TMIGD3",0.000990594015207163,0,"ENTPD1_TMIGD3","ENTPD1 - TMIGD3","CD39","Cell-Cell Contact","PMID: 21677139"
"Spermatocyte","Spermatid","ENTPD1","TMIGD3",8.52478977311733e-05,0,"ENTPD1_TMIGD3","ENTPD1 - TMIGD3","CD39","Cell-Cell Contact","PMID: 21677139"
"Spermatid","Spermatid","ENTPD1","TMIGD3",6.86042950553892e-05,0,"ENTPD1_TMIGD3","ENTPD1 - TMIGD3","CD39","Cell-Cell Contact","PMID: 21677139"
"Sertoli","Spermatid","ENTPD1","TMIGD3",0.000159264791401736,0,"ENTPD1_TMIGD3","ENTPD1 - TMIGD3","CD39","Cell-Cell Contact","PMID: 21677139"
"SSC","Sertoli","NECTIN3","NECTIN2",0.000296431245383434,0,"NECTIN3_NECTIN2","NECTIN3 - NECTIN2","NECTIN","Cell-Cell Contact","PMID: 23027581"
"Spermatocyte","Sertoli","NECTIN3","NECTIN2",0.00113681926347282,0,"NECTIN3_NECTIN2","NECTIN3 - NECTIN2","NECTIN","Cell-Cell Contact","PMID: 23027581"
"Spermatid","Sertoli","NECTIN3","NECTIN2",0.000604313560168045,0,"NECTIN3_NECTIN2","NECTIN3 - NECTIN2","NECTIN","Cell-Cell Contact","PMID: 23027581"
"Leydig","Sertoli","NECTIN3","NECTIN2",0.000261711449018953,0,"NECTIN3_NECTIN2","NECTIN3 - NECTIN2","NECTIN","Cell-Cell Contact","PMID: 23027581"
"Myoid","Sertoli","NECTIN3","NECTIN2",6.81360114384201e-05,0,"NECTIN3_NECTIN2","NECTIN3 - NECTIN2","NECTIN","Cell-Cell Contact","PMID: 23027581"
"Fibroblast","Sertoli","NECTIN3","NECTIN2",3.35755091150977e-05,0,"NECTIN3_NECTIN2","NECTIN3 - NECTIN2","NECTIN","Cell-Cell Contact","PMID: 23027581"
"Endothelial","Sertoli","NECTIN3","NECTIN2",1.96270300302121e-05,0,"NECTIN3_NECTIN2","NECTIN3 - NECTIN2","NECTIN","Cell-Cell Contact","PMID: 23027581"
"Leydig","SSC","Cort-CYP11B1","NR3C1",7.30806786876065e-05,0,"Cort-CYP11B1_NR3C1","Cort-CYP11B1 - NR3C1","Cort","Non-protein Signaling","PMID: 28116713"
"Leydig","Spermatocyte","Cort-CYP11B1","NR3C1",0.000379498230307363,0,"Cort-CYP11B1_NR3C1","Cort-CYP11B1 - NR3C1","Cort","Non-protein Signaling","PMID: 28116713"
"Leydig","Spermatid","Cort-CYP11B1","NR3C1",9.50624420992561e-05,0,"Cort-CYP11B1_NR3C1","Cort-CYP11B1 - NR3C1","Cort","Non-protein Signaling","PMID: 28116713"
"Leydig","Sertoli","Cort-CYP11B1","NR3C1",0.000923640943065722,0,"Cort-CYP11B1_NR3C1","Cort-CYP11B1 - NR3C1","Cort","Non-protein Signaling","PMID: 28116713"
"Leydig","Myoid","Cort-CYP11B1","NR3C1",3.99537310486445e-05,0,"Cort-CYP11B1_NR3C1","Cort-CYP11B1 - NR3C1","Cort","Non-protein Signaling","PMID: 28116713"
"Leydig","Fibroblast","Cort-CYP11B1","NR3C1",2.57797904870969e-05,0,"Cort-CYP11B1_NR3C1","Cort-CYP11B1 - NR3C1","Cort","Non-protein Signaling","PMID: 28116713"
"Leydig","Endothelial","Cort-CYP11B1","NR3C1",1.47222153583166e-05,0,"Cort-CYP11B1_NR3C1","Cort-CYP11B1 - NR3C1","Cort","Non-protein Signaling","PMID: 28116713"
"Leydig","SSC","Cort-CYP11B1","NR3C2",0.000251902034236888,0,"Cort-CYP11B1_NR3C2","Cort-CYP11B1 - NR3C2","Cort","Non-protein Signaling","PMID: 28116713"
"Leydig","Spermatocyte","Cort-CYP11B1","NR3C2",9.8067506874633e-05,0,"Cort-CYP11B1_NR3C2","Cort-CYP11B1 - NR3C2","Cort","Non-protein Signaling","PMID: 28116713"
"Leydig","Spermatid","Cort-CYP11B1","NR3C2",8.99117581314229e-05,0,"Cort-CYP11B1_NR3C2","Cort-CYP11B1 - NR3C2","Cort","Non-protein Signaling","PMID: 28116713"
"Leydig","Sertoli","Cort-CYP11B1","NR3C2",0.000289255094085314,0,"Cort-CYP11B1_NR3C2","Cort-CYP11B1 - NR3C2","Cort","Non-protein Signaling","PMID: 28116713"
"Leydig","Myoid","Cort-CYP11B1","NR3C2",3.74503924752843e-05,0,"Cort-CYP11B1_NR3C2","Cort-CYP11B1 - NR3C2","Cort","Non-protein Signaling","PMID: 28116713"
"Leydig","Fibroblast","Cort-CYP11B1","NR3C2",2.42860137947933e-05,0,"Cort-CYP11B1_NR3C2","Cort-CYP11B1 - NR3C2","Cort","Non-protein Signaling","PMID: 28116713"
"Leydig","Endothelial","Cort-CYP11B1","NR3C2",2.78762542667635e-05,0,"Cort-CYP11B1_NR3C2","Cort-CYP11B1 - NR3C2","Cort","Non-protein Signaling","PMID: 28116713"
"SSC","Myoid","PDGFC","PDGFRA",0.000149898513455306,0,"PDGFC_PDGFRA","PDGFC - PDGFRA","PDGF","Secreted Signaling","PMID: 15207812"
"Spermatocyte","Myoid","PDGFC","PDGFRA",4.2109868919923e-05,0,"PDGFC_PDGFRA","PDGFC - PDGFRA","PDGF","Secreted Signaling","PMID: 15207812"
"Sertoli","Myoid","PDGFC","PDGFRA",0.00147970576054598,0,"PDGFC_PDGFRA","PDGFC - PDGFRA","PDGF","Secreted Signaling","PMID: 15207812"
"Endothelial","Myoid","PDGFC","PDGFRA",7.67454403444542e-06,0,"PDGFC_PDGFRA","PDGFC - PDGFRA","PDGF","Secreted Signaling","PMID: 15207812"
"SSC","Fibroblast","PDGFC","PDGFRA",3.35556171639831e-05,0,"PDGFC_PDGFRA","PDGFC - PDGFRA","PDGF","Secreted Signaling","PMID: 15207812"
"Spermatocyte","Fibroblast","PDGFC","PDGFRA",9.13329267096296e-06,0,"PDGFC_PDGFRA","PDGFC - PDGFRA","PDGF","Secreted Signaling","PMID: 15207812"
"Sertoli","Fibroblast","PDGFC","PDGFRA",0.000340678641893572,0,"PDGFC_PDGFRA","PDGFC - PDGFRA","PDGF","Secreted Signaling","PMID: 15207812"
"Endothelial","Fibroblast","PDGFC","PDGFRA",1.67710919876819e-06,0,"PDGFC_PDGFRA","PDGFC - PDGFRA","PDGF","Secreted Signaling","PMID: 15207812"
"Sertoli","Sertoli","GAS6","AXL",0.000533677790460296,0,"GAS6_AXL","GAS6 - AXL","GAS","Secreted Signaling","PMID: 27801848"
"Sertoli","Sertoli","GAS6","MERTK",0.000763754920240828,0,"GAS6_MERTK","GAS6 - MERTK","GAS","Secreted Signaling","PMID: 27801848"
"Sertoli","Leydig","GAS6","MERTK",0.000134364743956062,0,"GAS6_MERTK","GAS6 - MERTK","GAS","Secreted Signaling","PMID: 27801848"
"Sertoli","Sertoli","GAS6","TYRO3",0.000436055303546052,0,"GAS6_TYRO3","GAS6 - TYRO3","GAS","Secreted Signaling","PMID: 27801848"
"Sertoli","Spermatocyte","EFNB2","EPHB1",0.000282258024824199,0,"EFNB2_EPHB1","EFNB2 - EPHB1","EPHB","Cell-Cell Contact","PMID: 15114347"
"Sertoli","Spermatid","EFNB2","EPHB1",0.000250288769529475,0,"EFNB2_EPHB1","EFNB2 - EPHB1","EPHB","Cell-Cell Contact","PMID: 15114347"
"Sertoli","Sertoli","EFNB2","EPHB1",0.00133186440833449,0,"EFNB2_EPHB1","EFNB2 - EPHB1","EPHB","Cell-Cell Contact","PMID: 15114347"
"Spermatocyte","SSC","CNTN1","NRCAM",3.61432356739607e-05,0,"CNTN1_NRCAM","CNTN1 - NRCAM","CNTN","Cell-Cell Contact","KEGG: hsa04514"
"Spermatid","SSC","CNTN1","NRCAM",1.67999046402801e-05,0,"CNTN1_NRCAM","CNTN1 - NRCAM","CNTN","Cell-Cell Contact","KEGG: hsa04514"
"Spermatocyte","Sertoli","CNTN1","NOTCH1",6.9909489886306e-05,0,"CNTN1_NOTCH1","CNTN1 - NOTCH1","CNTN","Cell-Cell Contact","uniprot;PMID:14567914"
"Spermatid","Sertoli","CNTN1","NOTCH1",3.24787737727888e-05,0,"CNTN1_NOTCH1","CNTN1 - NOTCH1","CNTN","Cell-Cell Contact","uniprot;PMID:14567914"
"Spermatocyte","Spermatocyte","CNTN1","NOTCH2",1.95489192526095e-05,0,"CNTN1_NOTCH2","CNTN1 - NOTCH2","CNTN","Cell-Cell Contact","reactome;PMID:14567914;PMID: 33957164"
"Spermatid","Spermatocyte","CNTN1","NOTCH2",9.08143700707582e-06,0,"CNTN1_NOTCH2","CNTN1 - NOTCH2","CNTN","Cell-Cell Contact","reactome;PMID:14567914;PMID: 33957164"
"Spermatocyte","Spermatid","CNTN1","NOTCH2",4.00602709458026e-05,0,"CNTN1_NOTCH2","CNTN1 - NOTCH2","CNTN","Cell-Cell Contact","reactome;PMID:14567914;PMID: 33957164"
"Spermatid","Spermatid","CNTN1","NOTCH2",1.86160544561916e-05,0,"CNTN1_NOTCH2","CNTN1 - NOTCH2","CNTN","Cell-Cell Contact","reactome;PMID:14567914;PMID: 33957164"
"Spermatocyte","Sertoli","CNTN1","NOTCH2",0.000697351367882023,0,"CNTN1_NOTCH2","CNTN1 - NOTCH2","CNTN","Cell-Cell Contact","reactome;PMID:14567914;PMID: 33957164"
"Spermatid","Sertoli","CNTN1","NOTCH2",0.000324585748291363,0,"CNTN1_NOTCH2","CNTN1 - NOTCH2","CNTN","Cell-Cell Contact","reactome;PMID:14567914;PMID: 33957164"
"Spermatocyte","Leydig","CNTN1","NOTCH2",8.81093928874231e-05,0,"CNTN1_NOTCH2","CNTN1 - NOTCH2","CNTN","Cell-Cell Contact","reactome;PMID:14567914;PMID: 33957164"
"Spermatid","Leydig","CNTN1","NOTCH2",4.09551745970012e-05,0,"CNTN1_NOTCH2","CNTN1 - NOTCH2","CNTN","Cell-Cell Contact","reactome;PMID:14567914;PMID: 33957164"
"Spermatocyte","Myoid","CNTN1","NOTCH2",2.77875749219211e-05,0,"CNTN1_NOTCH2","CNTN1 - NOTCH2","CNTN","Cell-Cell Contact","reactome;PMID:14567914;PMID: 33957164"
"Spermatid","Myoid","CNTN1","NOTCH2",1.29181304270081e-05,0,"CNTN1_NOTCH2","CNTN1 - NOTCH2","CNTN","Cell-Cell Contact","reactome;PMID:14567914;PMID: 33957164"
"Spermatocyte","Fibroblast","CNTN1","NOTCH2",1.48941982770917e-05,0,"CNTN1_NOTCH2","CNTN1 - NOTCH2","CNTN","Cell-Cell Contact","reactome;PMID:14567914;PMID: 33957164"
"Spermatid","Fibroblast","CNTN1","NOTCH2",6.92469449647722e-06,0,"CNTN1_NOTCH2","CNTN1 - NOTCH2","CNTN","Cell-Cell Contact","reactome;PMID:14567914;PMID: 33957164"
"Spermatocyte","Sertoli","PSAP","GPR37",4.30616589732092e-05,0,"PSAP_GPR37","PSAP - GPR37","PSAP","Secreted Signaling","PMID: 23690594"
"Sertoli","Sertoli","PSAP","GPR37",0.00122818184653962,0,"PSAP_GPR37","PSAP - GPR37","PSAP","Secreted Signaling","PMID: 23690594"
"Leydig","Sertoli","PSAP","GPR37",0.000152274869270739,0,"PSAP_GPR37","PSAP - GPR37","PSAP","Secreted Signaling","PMID: 23690594"
"Myoid","Sertoli","PSAP","GPR37",2.37501790824787e-05,0,"PSAP_GPR37","PSAP - GPR37","PSAP","Secreted Signaling","PMID: 23690594"
"SSC","Spermatocyte","EFNA5","EPHA7",5.88922911181047e-05,0,"EFNA5_EPHA7","EFNA5 - EPHA7","EPHA","Cell-Cell Contact","PMID: 15114347"
"Fibroblast","Spermatocyte","EFNA5","EPHA7",1.88909128489986e-05,0,"EFNA5_EPHA7","EFNA5 - EPHA7","EPHA","Cell-Cell Contact","PMID: 15114347"
"Endothelial","Spermatocyte","EFNA5","EPHA7",8.66661504988983e-06,0,"EFNA5_EPHA7","EFNA5 - EPHA7","EPHA","Cell-Cell Contact","PMID: 15114347"
"SSC","Spermatid","EFNA5","EPHA7",3.092410964649e-05,0,"EFNA5_EPHA7","EFNA5 - EPHA7","EPHA","Cell-Cell Contact","PMID: 15114347"
"Fibroblast","Spermatid","EFNA5","EPHA7",9.91980800837136e-06,0,"EFNA5_EPHA7","EFNA5 - EPHA7","EPHA","Cell-Cell Contact","PMID: 15114347"
"Endothelial","Spermatid","EFNA5","EPHA7",4.55054078705402e-06,0,"EFNA5_EPHA7","EFNA5 - EPHA7","EPHA","Cell-Cell Contact","PMID: 15114347"
"SSC","Sertoli","EFNA5","EPHA7",0.000860861672058894,0,"EFNA5_EPHA7","EFNA5 - EPHA7","EPHA","Cell-Cell Contact","PMID: 15114347"
"Fibroblast","Sertoli","EFNA5","EPHA7",0.000275833723393066,0,"EFNA5_EPHA7","EFNA5 - EPHA7","EPHA","Cell-Cell Contact","PMID: 15114347"
"Endothelial","Sertoli","EFNA5","EPHA7",0.000126991636335834,0,"EFNA5_EPHA7","EFNA5 - EPHA7","EPHA","Cell-Cell Contact","PMID: 15114347"
"Spermatocyte","Sertoli","SEMA5A","PLXNA1",2.23830351367849e-05,0,"SEMA5A_PLXNA1","SEMA5A - PLXNA1","SEMA5","Cell-Cell Contact","PMID: 27533782"
"Spermatid","Sertoli","SEMA5A","PLXNA1",2.29730422406598e-05,0,"SEMA5A_PLXNA1","SEMA5A - PLXNA1","SEMA5","Cell-Cell Contact","PMID: 27533782"
"Sertoli","Sertoli","SEMA5A","PLXNA1",0.00120545522654214,0,"SEMA5A_PLXNA1","SEMA5A - PLXNA1","SEMA5","Cell-Cell Contact","PMID: 27533782"
"Myoid","Sertoli","SEMA5A","PLXNA1",5.83630049192189e-05,0,"SEMA5A_PLXNA1","SEMA5A - PLXNA1","SEMA5","Cell-Cell Contact","PMID: 27533782"
"Fibroblast","Sertoli","SEMA5A","PLXNA1",9.29132331378671e-06,0,"SEMA5A_PLXNA1","SEMA5A - PLXNA1","SEMA5","Cell-Cell Contact","PMID: 27533782"
"Leydig","SSC","EGF","EGFR",4.83270255158656e-05,0,"EGF_EGFR","EGF - EGFR","EGF","Secreted Signaling","KEGG: hsa04012"
"Leydig","Sertoli","EGF","EGFR",0.000437892815872906,0,"EGF_EGFR","EGF - EGFR","EGF","Secreted Signaling","KEGG: hsa04012"
"Leydig","Leydig","EGF","EGFR",0.0006193080975285,0,"EGF_EGFR","EGF - EGFR","EGF","Secreted Signaling","KEGG: hsa04012"
"Leydig","Myoid","EGF","EGFR",9.71018656110294e-05,0,"EGF_EGFR","EGF - EGFR","EGF","Secreted Signaling","KEGG: hsa04012"
"Leydig","Fibroblast","EGF","EGFR",2.54356901108513e-05,0,"EGF_EGFR","EGF - EGFR","EGF","Secreted Signaling","KEGG: hsa04012"
"Leydig","Endothelial","EGF","EGFR",7.17595157899841e-06,0,"EGF_EGFR","EGF - EGFR","EGF","Secreted Signaling","KEGG: hsa04012"
"Spermatocyte","Sertoli","2AG-DAGLB","GPR55",8.66797760515509e-05,0,"2arachidonoylglycerol-2AG-DAGLB_GPR55","2AG-DAGLB - GPR55","2-AG","Non-protein Signaling","PMID: 20298715"
"Sertoli","Sertoli","2AG-DAGLB","GPR55",0.00107302056293961,0,"2arachidonoylglycerol-2AG-DAGLB_GPR55","2AG-DAGLB - GPR55","2-AG","Non-protein Signaling","PMID: 20298715"
"SSC","SSC","RELN","LRP8",1.64995503156193e-05,0,"RELN_LRP8","RELN - LRP8","RELN","ECM-Receptor","PMID: 14578885"
"Endothelial","SSC","RELN","LRP8",2.4042419263516e-06,0,"RELN_LRP8","RELN - LRP8","RELN","ECM-Receptor","PMID: 14578885"
"SSC","Spermatocyte","RELN","LRP8",2.52119957165663e-05,0,"RELN_LRP8","RELN - LRP8","RELN","ECM-Receptor","PMID: 14578885"
"Endothelial","Spermatocyte","RELN","LRP8",3.67311622150566e-06,0,"RELN_LRP8","RELN - LRP8","RELN","ECM-Receptor","PMID: 14578885"
"SSC","Spermatid","RELN","LRP8",2.6631649086477e-05,0,"RELN_LRP8","RELN - LRP8","RELN","ECM-Receptor","PMID: 14578885"
"Endothelial","Spermatid","RELN","LRP8",3.8805750605727e-06,0,"RELN_LRP8","RELN - LRP8","RELN","ECM-Receptor","PMID: 14578885"
"SSC","Sertoli","RELN","LRP8",0.000532555895639154,0,"RELN_LRP8","RELN - LRP8","RELN","ECM-Receptor","PMID: 14578885"
"Endothelial","Sertoli","RELN","LRP8",7.77226392125187e-05,0,"RELN_LRP8","RELN - LRP8","RELN","ECM-Receptor","PMID: 14578885"
"Sertoli","Sertoli","GJA1","GJA1",0.000233524507899365,0,"GJA1_GJA1","GJA1 - GJA1","GAP","Cell-Cell Contact","PMID: 32532966;PMID: 15094344"
"SSC","Sertoli","GJC1","GJA1",6.25626559056167e-05,0,"GJC1_GJA1","GJC1 - GJA1","GAP","Cell-Cell Contact","PMID: 32532966;PMID: 15094344"
"Spermatocyte","Sertoli","GJC1","GJA1",7.64579150979185e-05,0,"GJC1_GJA1","GJC1 - GJA1","GAP","Cell-Cell Contact","PMID: 32532966;PMID: 15094344"
"Myoid","Sertoli","GJC1","GJA1",2.53801592429033e-05,0,"GJC1_GJA1","GJC1 - GJA1","GAP","Cell-Cell Contact","PMID: 32532966;PMID: 15094344"
"SSC","SSC","GJC1","GJC1",1.67483723543335e-05,0,"GJC1_GJC1","GJC1 - GJC1","GAP","Cell-Cell Contact","PMID: 32532966;PMID: 15094344"
"Spermatocyte","SSC","GJC1","GJC1",2.04883946963007e-05,0,"GJC1_GJC1","GJC1 - GJC1","GAP","Cell-Cell Contact","PMID: 32532966;PMID: 15094344"
"Myoid","SSC","GJC1","GJC1",6.79859334377144e-06,0,"GJC1_GJC1","GJC1 - GJC1","GAP","Cell-Cell Contact","PMID: 32532966;PMID: 15094344"
"SSC","Spermatocyte","GJC1","GJC1",2.04883946963007e-05,0,"GJC1_GJC1","GJC1 - GJC1","GAP","Cell-Cell Contact","PMID: 32532966;PMID: 15094344"
"Spermatocyte","Spermatocyte","GJC1","GJC1",2.50311031009088e-05,0,"GJC1_GJC1","GJC1 - GJC1","GAP","Cell-Cell Contact","PMID: 32532966;PMID: 15094344"
"Myoid","Spermatocyte","GJC1","GJC1",8.31003096533707e-06,0,"GJC1_GJC1","GJC1 - GJC1","GAP","Cell-Cell Contact","PMID: 32532966;PMID: 15094344"
"SSC","Myoid","GJC1","GJC1",6.79859334377144e-06,0,"GJC1_GJC1","GJC1 - GJC1","GAP","Cell-Cell Contact","PMID: 32532966;PMID: 15094344"
"Spermatocyte","Myoid","GJC1","GJC1",8.31003096533707e-06,0,"GJC1_GJC1","GJC1 - GJC1","GAP","Cell-Cell Contact","PMID: 32532966;PMID: 15094344"
"Myoid","Myoid","GJC1","GJC1",2.75832784946568e-06,0,"GJC1_GJC1","GJC1 - GJC1","GAP","Cell-Cell Contact","PMID: 32532966;PMID: 15094344"
"Spermatocyte","SSC","LRRC4C","NTNG1",2.30759534638193e-05,0,"LRRC4C_NTNG1","LRRC4C - NTNG1","NGL","Cell-Cell Contact","KEGG: hsa04514"
"Sertoli","SSC","LRRC4C","NTNG1",0.000358474496885377,0,"LRRC4C_NTNG1","LRRC4C - NTNG1","NGL","Cell-Cell Contact","KEGG: hsa04514"
"Leydig","SSC","LRRC4C","NTNG1",4.16758880629406e-05,0,"LRRC4C_NTNG1","LRRC4C - NTNG1","NGL","Cell-Cell Contact","KEGG: hsa04514"
"SSC","Spermatocyte","NTN1","DCC",1.92028754617148e-05,0,"NTN1_DCC","NTN1 - DCC","Netrin","Cell-Cell Contact","PMID: 22685302"
"SSC","Spermatid","NTN1","DCC",1.78666480830172e-05,0,"NTN1_DCC","NTN1 - DCC","Netrin","Cell-Cell Contact","PMID: 22685302"
"SSC","SSC","NTN1","DSCAM",1.06076904034491e-05,0,"NTN1_DSCAM","NTN1 - DSCAM","Netrin","Cell-Cell Contact","PMID:18585357;PMID: 22685302"
"SSC","Spermatocyte","NTN1","DSCAM",4.56378354265979e-05,0,"NTN1_DSCAM","NTN1 - DSCAM","Netrin","Cell-Cell Contact","PMID:18585357;PMID: 22685302"
"SSC","Spermatid","NTN1","DSCAM",6.77973555596585e-05,0,"NTN1_DSCAM","NTN1 - DSCAM","Netrin","Cell-Cell Contact","PMID:18585357;PMID: 22685302"
"SSC","SSC","NTN1","UNC5C",4.94474891501283e-05,0,"NTN1_UNC5C","NTN1 - UNC5C","Netrin","Cell-Cell Contact","PMID: 22685302"
"Spermatocyte","Myoid","NTN4","UNC5D",1.32072318510067e-05,0,"NTN4_UNC5D","NTN4 - UNC5D","Netrin","Cell-Cell Contact","uniprot"
"Spermatid","Myoid","NTN4","UNC5D",1.04697925486266e-05,0,"NTN4_UNC5D","NTN4 - UNC5D","Netrin","Cell-Cell Contact","uniprot"
"Sertoli","Myoid","NTN4","UNC5D",0.00010114441582995,0,"NTN4_UNC5D","NTN4 - UNC5D","Netrin","Cell-Cell Contact","uniprot"
"Spermatocyte","Fibroblast","FGF7","FGFR1",5.809207270992e-06,0,"FGF7_FGFR1","FGF7 - FGFR1","FGF","Secreted Signaling","PMC: 4393358"
"Spermatocyte","SSC","FGF7","FGFR2",1.71701569390266e-05,0,"FGF7_FGFR2","FGF7 - FGFR2","FGF","Secreted Signaling","PMC: 4393358"
"Spermatocyte","Leydig","FGF7","FGFR2",0.000106588933506218,0,"FGF7_FGFR2","FGF7 - FGFR2","FGF","Secreted Signaling","PMC: 4393358"
"Spermatocyte","Myoid","FGF7","FGFR2",8.00238276865741e-06,0,"FGF7_FGFR2","FGF7 - FGFR2","FGF","Secreted Signaling","PMC: 4393358"
"Spermatocyte","Fibroblast","FGF7","FGFR2",6.11648275428484e-06,0,"FGF7_FGFR2","FGF7 - FGFR2","FGF","Secreted Signaling","PMC: 4393358"
"Spermatocyte","Fibroblast","FGF9","FGFR1",6.41373794180525e-06,0,"FGF9_FGFR1","FGF9 - FGFR1","FGF","Secreted Signaling","PMC: 4393358"
"Spermatocyte","SSC","FGF9","FGFR2",1.89572420969399e-05,0,"FGF9_FGFR2","FGF9 - FGFR2","FGF","Secreted Signaling","PMC: 4393358"
"Spermatocyte","Leydig","FGF9","FGFR2",0.000117653852786442,0,"FGF9_FGFR2","FGF9 - FGFR2","FGF","Secreted Signaling","PMC: 4393358"
"Spermatocyte","Myoid","FGF9","FGFR2",8.83562664623651e-06,0,"FGF9_FGFR2","FGF9 - FGFR2","FGF","Secreted Signaling","PMC: 4393358"
"Spermatocyte","Fibroblast","FGF9","FGFR2",6.75292958290654e-06,0,"FGF9_FGFR2","FGF9 - FGFR2","FGF","Secreted Signaling","PMC: 4393358"
"SSC","Sertoli","SEMA6D","PLXNA1",2.11803097535394e-05,0,"SEMA6D_PLXNA1","SEMA6D - PLXNA1","SEMA6","Cell-Cell Contact","PMID: 27533782"
"Spermatocyte","Sertoli","SEMA6D","PLXNA1",2.98923287340207e-05,0,"SEMA6D_PLXNA1","SEMA6D - PLXNA1","SEMA6","Cell-Cell Contact","PMID: 27533782"
"Spermatid","Sertoli","SEMA6D","PLXNA1",3.12206572840647e-05,0,"SEMA6D_PLXNA1","SEMA6D - PLXNA1","SEMA6","Cell-Cell Contact","PMID: 27533782"
"Sertoli","Sertoli","SEMA6D","PLXNA1",7.45362675804118e-05,0,"SEMA6D_PLXNA1","SEMA6D - PLXNA1","SEMA6","Cell-Cell Contact","PMID: 27533782"
"Myoid","Sertoli","SEMA6D","PLXNA1",1.00450182773325e-05,0,"SEMA6D_PLXNA1","SEMA6D - PLXNA1","SEMA6","Cell-Cell Contact","PMID: 27533782"
"Fibroblast","Sertoli","SEMA6D","PLXNA1",8.1964622763486e-06,0,"SEMA6D_PLXNA1","SEMA6D - PLXNA1","SEMA6","Cell-Cell Contact","PMID: 27533782"
"Endothelial","Sertoli","SEMA6D","PLXNA1",2.30064352057212e-06,0,"SEMA6D_PLXNA1","SEMA6D - PLXNA1","SEMA6","Cell-Cell Contact","PMID: 27533782"
"SSC","Endothelial","SEMA6A","PLXNA2",6.43276018125369e-07,0,"SEMA6A_PLXNA2","SEMA6A - PLXNA2","SEMA6","Cell-Cell Contact","PMID: 27533782"
"Sertoli","Endothelial","SEMA6A","PLXNA2",6.38745499402081e-05,0,"SEMA6A_PLXNA2","SEMA6A - PLXNA2","SEMA6","Cell-Cell Contact","PMID: 27533782"
"Endothelial","Endothelial","SEMA6A","PLXNA2",3.69221058009509e-07,0,"SEMA6A_PLXNA2","SEMA6A - PLXNA2","SEMA6","Cell-Cell Contact","PMID: 27533782"
"SSC","Endothelial","SEMA3C","NRP1_PLXNA2",3.25355822921345e-06,0,"SEMA3C_NRP1_PLXNA2","SEMA3C - (NRP1+PLXNA2)","SEMA3","Secreted Signaling","PMID: 27533782"
"Spermatocyte","Endothelial","SEMA3C","NRP1_PLXNA2",2.5365541136739e-06,0,"SEMA3C_NRP1_PLXNA2","SEMA3C - (NRP1+PLXNA2)","SEMA3","Secreted Signaling","PMID: 27533782"
"Spermatid","Endothelial","SEMA3C","NRP1_PLXNA2",2.26505581922038e-06,0,"SEMA3C_NRP1_PLXNA2","SEMA3C - (NRP1+PLXNA2)","SEMA3","Secreted Signaling","PMID: 27533782"
"Sertoli","Endothelial","SEMA3C","NRP1_PLXNA2",0.000142945590846744,0,"SEMA3C_NRP1_PLXNA2","SEMA3C - (NRP1+PLXNA2)","SEMA3","Secreted Signaling","PMID: 27533782"
"Leydig","Endothelial","SEMA3C","NRP1_PLXNA2",4.98879513623265e-06,0,"SEMA3C_NRP1_PLXNA2","SEMA3C - (NRP1+PLXNA2)","SEMA3","Secreted Signaling","PMID: 27533782"
"Myoid","Endothelial","SEMA3C","NRP1_PLXNA2",2.63683016319424e-06,0,"SEMA3C_NRP1_PLXNA2","SEMA3C - (NRP1+PLXNA2)","SEMA3","Secreted Signaling","PMID: 27533782"
"Endothelial","Endothelial","SEMA3C","NRP1_PLXNA2",4.37536051556898e-07,0,"SEMA3C_NRP1_PLXNA2","SEMA3C - (NRP1+PLXNA2)","SEMA3","Secreted Signaling","PMID: 27533782"
"SSC","Endothelial","SEMA3D","NRP1_PLXNA2",8.73174885374509e-06,0,"SEMA3D_NRP1_PLXNA2","SEMA3D - (NRP1+PLXNA2)","SEMA3","Secreted Signaling","PMID: 27533782"
"Spermatocyte","Endothelial","SEMA3D","NRP1_PLXNA2",3.54280020702415e-06,0,"SEMA3D_NRP1_PLXNA2","SEMA3D - (NRP1+PLXNA2)","SEMA3","Secreted Signaling","PMID: 27533782"
"Spermatid","Endothelial","SEMA3D","NRP1_PLXNA2",1.96885083077536e-06,0,"SEMA3D_NRP1_PLXNA2","SEMA3D - (NRP1+PLXNA2)","SEMA3","Secreted Signaling","PMID: 27533782"
"Sertoli","Endothelial","SEMA3D","NRP1_PLXNA2",4.4599672388226e-05,0,"SEMA3D_NRP1_PLXNA2","SEMA3D - (NRP1+PLXNA2)","SEMA3","Secreted Signaling","PMID: 27533782"
"Endothelial","Endothelial","SEMA3D","NRP1_PLXNA2",4.6786523971656e-07,0,"SEMA3D_NRP1_PLXNA2","SEMA3D - (NRP1+PLXNA2)","SEMA3","Secreted Signaling","PMID: 27533782"
"Leydig","Myoid","ITGA4_ITGB1","VCAM1",1.8481372523375e-05,0,"ITGA4_ITGB1_VCAM1","VCAM1 - (ITGA4+ITGB1)","VCAM","Cell-Cell Contact","KEGG: hsa04514"
"SSC","Myoid","ITGA9_ITGB1","VCAM1",5.81000812030009e-06,0,"ITGA9_ITGB1_VCAM1","VCAM1 - (ITGA9+ITGB1)","VCAM","Cell-Cell Contact","KEGG: hsa04514"
"Spermatocyte","Myoid","ITGA9_ITGB1","VCAM1",9.73644918002146e-06,0,"ITGA9_ITGB1_VCAM1","VCAM1 - (ITGA9+ITGB1)","VCAM","Cell-Cell Contact","KEGG: hsa04514"
"Spermatid","Myoid","ITGA9_ITGB1","VCAM1",5.96248208104933e-06,0,"ITGA9_ITGB1_VCAM1","VCAM1 - (ITGA9+ITGB1)","VCAM","Cell-Cell Contact","KEGG: hsa04514"
"Sertoli","Myoid","ITGA9_ITGB1","VCAM1",6.39107112289338e-05,0,"ITGA9_ITGB1_VCAM1","VCAM1 - (ITGA9+ITGB1)","VCAM","Cell-Cell Contact","KEGG: hsa04514"
"Leydig","Myoid","ITGA9_ITGB1","VCAM1",4.68740741843862e-05,0,"ITGA9_ITGB1_VCAM1","VCAM1 - (ITGA9+ITGB1)","VCAM","Cell-Cell Contact","KEGG: hsa04514"
"Myoid","Myoid","ITGA9_ITGB1","VCAM1",1.515817372543e-05,0,"ITGA9_ITGB1_VCAM1","VCAM1 - (ITGA9+ITGB1)","VCAM","Cell-Cell Contact","KEGG: hsa04514"
"Fibroblast","Myoid","ITGA9_ITGB1","VCAM1",3.14592182734255e-06,0,"ITGA9_ITGB1_VCAM1","VCAM1 - (ITGA9+ITGB1)","VCAM","Cell-Cell Contact","KEGG: hsa04514"
"Endothelial","Myoid","ITGA9_ITGB1","VCAM1",1.38233441816939e-06,0,"ITGA9_ITGB1_VCAM1","VCAM1 - (ITGA9+ITGB1)","VCAM","Cell-Cell Contact","KEGG: hsa04514"
"Sertoli","Sertoli","CD99","CD99",5.36939295098467e-05,0,"CD99_CD99","CD99 - CD99","CD99","Cell-Cell Contact","KEGG: hsa04514"
"SSC","Spermatocyte","NTF3","NTRK3",1.14510143262047e-05,0,"NTF3_NTRK3","NTF3 - NTRK3","NT","Secreted Signaling","PMID: 27908981"
"SSC","Spermatid","NTF3","NTRK3",2.43931455723488e-05,0,"NTF3_NTRK3","NTF3 - NTRK3","NT","Secreted Signaling","PMID: 27908981"
"Spermatid","Spermatid","NEGR1","NEGR1",1.9432201090123e-06,0,"NEGR1_NEGR1","NEGR1 - NEGR1","NEGR","Cell-Cell Contact","KEGG: hsa04514"
