"source","target","ligand","receptor","prob","pval","interaction_name","interaction_name_2","pathway_name","annotation","evidence","datasets","ligand.logFC","ligand.pct.1","ligand.pct.2","ligand.pvalues","receptor.logFC","receptor.pct.1","receptor.pct.2","receptor.pvalues"
"Leydig","Sertoli","BMP6","ACVR1_ACVR2A",0.000436874703769772,0,"BMP6_ACVR1_ACVR2A","BMP6 - (ACVR1+ACVR2A)","BMP","Secreted Signaling","KEGG: hsa04350; PMID:26893264","healthy",-0.528895201052862,17.8571428571429,47.7148534525584,1.37179923005718e-10,-0.074415447614364,32.6185958254269,49.1405825945359,2.02258022567438e-77
"Leydig","Myoid","BMP6","ACVR1_ACVR2A",1.74574381175096e-05,0,"BMP6_ACVR1_ACVR2A","BMP6 - (ACVR1+ACVR2A)","BMP","Secreted Signaling","KEGG: hsa04350; PMID:26893264","healthy",-0.528895201052862,17.8571428571429,47.7148534525584,1.37179923005718e-10,NA,NA,NA,NA
"Leydig","Sertoli","BMP6","ACVR1_BMPR2",0.00117067895012829,0,"BMP6_ACVR1_BMPR2","BMP6 - (ACVR1+BMPR2)","BMP","Secreted Signaling","KEGG: hsa04350; PMID:26893264","healthy",-0.528895201052862,17.8571428571429,47.7148534525584,1.37179923005718e-10,NA,NA,NA,NA
"Leydig","Myoid","BMP6","ACVR1_BMPR2",2.59319105414147e-05,0,"BMP6_ACVR1_BMPR2","BMP6 - (ACVR1+BMPR2)","BMP","Secreted Signaling","KEGG: hsa04350; PMID:26893264","healthy",-0.528895201052862,17.8571428571429,47.7148534525584,1.37179923005718e-10,NA,NA,NA,NA
"Leydig","SSC","BMP6","BMPR1A_ACVR2A",0.00013906947930845,0,"BMP6_BMPR1A_ACVR2A","BMP6 - (BMPR1A+ACVR2A)","BMP","Secreted Signaling","KEGG: hsa04350; PMID:26893264","healthy",-0.528895201052862,17.8571428571429,47.7148534525584,1.37179923005718e-10,NA,NA,NA,NA
"Leydig","Spermatocyte","BMP6","BMPR1A_ACVR2A",0.000151237106369395,0,"BMP6_BMPR1A_ACVR2A","BMP6 - (BMPR1A+ACVR2A)","BMP","Secreted Signaling","KEGG: hsa04350; PMID:26893264","healthy",-0.528895201052862,17.8571428571429,47.7148534525584,1.37179923005718e-10,-0.180791993958381,20.3045685279188,48.9791622816249,5.82702398514464e-09
"Leydig","Spermatid","BMP6","BMPR1A_ACVR2A",8.75586402686612e-05,0,"BMP6_BMPR1A_ACVR2A","BMP6 - (BMPR1A+ACVR2A)","BMP","Secreted Signaling","KEGG: hsa04350; PMID:26893264","healthy",-0.528895201052862,17.8571428571429,47.7148534525584,1.37179923005718e-10,0.520674188088926,54.9668874172185,38.1735479356193,4.63683845929531e-11
"Leydig","Sertoli","BMP6","BMPR1A_ACVR2A",0.000874050597123663,0,"BMP6_BMPR1A_ACVR2A","BMP6 - (BMPR1A+ACVR2A)","BMP","Secreted Signaling","KEGG: hsa04350; PMID:26893264","healthy",-0.528895201052862,17.8571428571429,47.7148534525584,1.37179923005718e-10,-0.343861629369237,46.3187855787476,70.983354441831,1.01129011283719e-77
"Leydig","Myoid","BMP6","BMPR1A_ACVR2A",5.94330294577658e-05,0,"BMP6_BMPR1A_ACVR2A","BMP6 - (BMPR1A+ACVR2A)","BMP","Secreted Signaling","KEGG: hsa04350; PMID:26893264","healthy",-0.528895201052862,17.8571428571429,47.7148534525584,1.37179923005718e-10,-0.301423243871323,33.6633663366337,53.4466477809254,0.00612607036310074
"Leydig","Fibroblast","BMP6","BMPR1A_ACVR2A",2.71812132549796e-05,0,"BMP6_BMPR1A_ACVR2A","BMP6 - (BMPR1A+ACVR2A)","BMP","Secreted Signaling","KEGG: hsa04350; PMID:26893264","healthy",-0.528895201052862,17.8571428571429,47.7148534525584,1.37179923005718e-10,-0.107096331039661,21.4598540145985,29.6153846153846,0.00617151956637503
"Leydig","Endothelial","BMP6","BMPR1A_ACVR2A",1.12124038394327e-05,0,"BMP6_BMPR1A_ACVR2A","BMP6 - (BMPR1A+ACVR2A)","BMP","Secreted Signaling","KEGG: hsa04350; PMID:26893264","healthy",-0.528895201052862,17.8571428571429,47.7148534525584,1.37179923005718e-10,NA,NA,NA,NA
"Leydig","SSC","BMP6","BMPR1A_ACVR2B",0.000125181306242988,0,"BMP6_BMPR1A_ACVR2B","BMP6 - (BMPR1A+ACVR2B)","BMP","Secreted Signaling","KEGG: hsa04350; PMID:26893264","healthy",-0.528895201052862,17.8571428571429,47.7148534525584,1.37179923005718e-10,-0.151645975326532,22.4409448818898,30.8649289099526,0.00104033405240142
"Leydig","SSC","BMP6","BMPR1A_BMPR2",0.000266194651274333,0,"BMP6_BMPR1A_BMPR2","BMP6 - (BMPR1A+BMPR2)","BMP","Secreted Signaling","KEGG: hsa04350; PMID:26893264","healthy",-0.528895201052862,17.8571428571429,47.7148534525584,1.37179923005718e-10,0.259020444231623,75.1968503937008,63.7440758293839,6.38602884375617e-05
"Leydig","Spermatocyte","BMP6","BMPR1A_BMPR2",0.000292813390611798,0,"BMP6_BMPR1A_BMPR2","BMP6 - (BMPR1A+BMPR2)","BMP","Secreted Signaling","KEGG: hsa04350; PMID:26893264","healthy",-0.528895201052862,17.8571428571429,47.7148534525584,1.37179923005718e-10,NA,NA,NA,NA
"Leydig","Spermatid","BMP6","BMPR1A_BMPR2",0.000113885918375605,0,"BMP6_BMPR1A_BMPR2","BMP6 - (BMPR1A+BMPR2)","BMP","Secreted Signaling","KEGG: hsa04350; PMID:26893264","healthy",-0.528895201052862,17.8571428571429,47.7148534525584,1.37179923005718e-10,0.490737979217039,57.2847682119205,43.1595521343597,2.11563150662559e-08
"Leydig","Sertoli","BMP6","BMPR1A_BMPR2",0.00231569980122818,0,"BMP6_BMPR1A_BMPR2","BMP6 - (BMPR1A+BMPR2)","BMP","Secreted Signaling","KEGG: hsa04350; PMID:26893264","healthy",-0.528895201052862,17.8571428571429,47.7148534525584,1.37179923005718e-10,-0.61330781112411,60.0189753320683,92.8261262891261,0
"Leydig","Myoid","BMP6","BMPR1A_BMPR2",8.7993838469101e-05,0,"BMP6_BMPR1A_BMPR2","BMP6 - (BMPR1A+BMPR2)","BMP","Secreted Signaling","KEGG: hsa04350; PMID:26893264","healthy",-0.528895201052862,17.8571428571429,47.7148534525584,1.37179923005718e-10,-0.301423243871323,33.6633663366337,53.4466477809254,0.00612607036310074
"Leydig","Fibroblast","BMP6","BMPR1A_BMPR2",3.31281528036531e-05,0,"BMP6_BMPR1A_BMPR2","BMP6 - (BMPR1A+BMPR2)","BMP","Secreted Signaling","KEGG: hsa04350; PMID:26893264","healthy",-0.528895201052862,17.8571428571429,47.7148534525584,1.37179923005718e-10,-0.157929003493194,36.3503649635037,46.3461538461538,0.00988950606711002
"Leydig","Endothelial","BMP6","BMPR1A_BMPR2",2.46942145035752e-05,0,"BMP6_BMPR1A_BMPR2","BMP6 - (BMPR1A+BMPR2)","BMP","Secreted Signaling","KEGG: hsa04350; PMID:26893264","healthy",-0.528895201052862,17.8571428571429,47.7148534525584,1.37179923005718e-10,NA,NA,NA,NA
"Leydig","SSC","BMP6","BMPR1B_ACVR2A",0.000168107683420218,0,"BMP6_BMPR1B_ACVR2A","BMP6 - (BMPR1B+ACVR2A)","BMP","Secreted Signaling","KEGG: hsa04350; PMID:26893264","healthy",-0.528895201052862,17.8571428571429,47.7148534525584,1.37179923005718e-10,NA,NA,NA,NA
"Leydig","Spermatocyte","BMP6","BMPR1B_ACVR2A",0.000290439852990032,0,"BMP6_BMPR1B_ACVR2A","BMP6 - (BMPR1B+ACVR2A)","BMP","Secreted Signaling","KEGG: hsa04350; PMID:26893264","healthy",-0.528895201052862,17.8571428571429,47.7148534525584,1.37179923005718e-10,0.0134442980149969,35.7868020304569,54.051778572932,0.00999471034068369
"Leydig","Spermatid","BMP6","BMPR1B_ACVR2A",0.00017391293326281,0,"BMP6_BMPR1B_ACVR2A","BMP6 - (BMPR1B+ACVR2A)","BMP","Secreted Signaling","KEGG: hsa04350; PMID:26893264","healthy",-0.528895201052862,17.8571428571429,47.7148534525584,1.37179923005718e-10,0.318838437026596,63.5761589403974,57.3827851644507,0.000210907513724007
"Leydig","Fibroblast","BMP6","BMPR1B_ACVR2A",2.60505139347428e-05,0,"BMP6_BMPR1B_ACVR2A","BMP6 - (BMPR1B+ACVR2A)","BMP","Secreted Signaling","KEGG: hsa04350; PMID:26893264","healthy",-0.528895201052862,17.8571428571429,47.7148534525584,1.37179923005718e-10,-0.227182278094488,19.1240875912409,31.4423076923077,0.00308575987749381
"Leydig","Endothelial","BMP6","BMPR1B_ACVR2A",1.25740396622318e-05,0,"BMP6_BMPR1B_ACVR2A","BMP6 - (BMPR1B+ACVR2A)","BMP","Secreted Signaling","KEGG: hsa04350; PMID:26893264","healthy",-0.528895201052862,17.8571428571429,47.7148534525584,1.37179923005718e-10,NA,NA,NA,NA
"Leydig","SSC","BMP6","BMPR1B_ACVR2B",0.000151364679667527,0,"BMP6_BMPR1B_ACVR2B","BMP6 - (BMPR1B+ACVR2B)","BMP","Secreted Signaling","KEGG: hsa04350; PMID:26893264","healthy",-0.528895201052862,17.8571428571429,47.7148534525584,1.37179923005718e-10,-0.151645975326532,22.4409448818898,30.8649289099526,0.00104033405240142
"Leydig","SSC","BMP6","BMPR1B_BMPR2",0.000320902429699811,0,"BMP6_BMPR1B_BMPR2","BMP6 - (BMPR1B+BMPR2)","BMP","Secreted Signaling","KEGG: hsa04350; PMID:26893264","healthy",-0.528895201052862,17.8571428571429,47.7148534525584,1.37179923005718e-10,0.259020444231623,75.1968503937008,63.7440758293839,6.38602884375617e-05
"Leydig","Spermatocyte","BMP6","BMPR1B_BMPR2",0.000559689252189774,0,"BMP6_BMPR1B_BMPR2","BMP6 - (BMPR1B+BMPR2)","BMP","Secreted Signaling","KEGG: hsa04350; PMID:26893264","healthy",-0.528895201052862,17.8571428571429,47.7148534525584,1.37179923005718e-10,0.207680589988375,51.2690355329949,59.1243948642391,0.0199894148543434
"Leydig","Spermatid","BMP6","BMPR1B_BMPR2",0.000225852893182571,0,"BMP6_BMPR1B_BMPR2","BMP6 - (BMPR1B+BMPR2)","BMP","Secreted Signaling","KEGG: hsa04350; PMID:26893264","healthy",-0.528895201052862,17.8571428571429,47.7148534525584,1.37179923005718e-10,0.389820103685874,61.5894039735099,52.7641707487754,0.000105474889992877
"Leydig","Fibroblast","BMP6","BMPR1B_BMPR2",3.17526739282841e-05,0,"BMP6_BMPR1B_BMPR2","BMP6 - (BMPR1B+BMPR2)","BMP","Secreted Signaling","KEGG: hsa04350; PMID:26893264","healthy",-0.528895201052862,17.8571428571429,47.7148534525584,1.37179923005718e-10,-0.252598614321255,26.5693430656934,39.8076923076923,0.00494475312786131
"Leydig","Endothelial","BMP6","BMPR1B_BMPR2",2.7664532334033e-05,0,"BMP6_BMPR1B_BMPR2","BMP6 - (BMPR1B+BMPR2)","BMP","Secreted Signaling","KEGG: hsa04350; PMID:26893264","healthy",-0.528895201052862,17.8571428571429,47.7148534525584,1.37179923005718e-10,NA,NA,NA,NA
"Leydig","SSC","EGF","EGFR",4.83270255158656e-05,0,"EGF_EGFR","EGF - EGFR","EGF","Secreted Signaling","KEGG: hsa04012","healthy",-0.52348756408815,3.57142857142857,36.8852459016393,9.20583598806167e-15,0.515265256641668,61.0236220472441,32.0497630331754,1.50592065373802e-21
"Leydig","Sertoli","EGF","EGFR",0.000437892815872906,0,"EGF_EGFR","EGF - EGFR","EGF","Secreted Signaling","KEGG: hsa04012","healthy",-0.52348756408815,3.57142857142857,36.8852459016393,9.20583598806167e-15,NA,NA,NA,NA
"Leydig","Leydig","EGF","EGFR",0.0006193080975285,0,"EGF_EGFR","EGF - EGFR","EGF","Secreted Signaling","KEGG: hsa04012","healthy",-0.52348756408815,3.57142857142857,36.8852459016393,9.20583598806167e-15,-0.776253227712182,40.7142857142857,74.1927471435668,1.07566831759103e-15
"Leydig","Myoid","EGF","EGFR",9.71018656110294e-05,0,"EGF_EGFR","EGF - EGFR","EGF","Secreted Signaling","KEGG: hsa04012","healthy",-0.52348756408815,3.57142857142857,36.8852459016393,9.20583598806167e-15,-0.320990949873203,29.7029702970297,52.8800755429651,0.00181147429060927
"Leydig","Fibroblast","EGF","EGFR",2.54356901108513e-05,0,"EGF_EGFR","EGF - EGFR","EGF","Secreted Signaling","KEGG: hsa04012","healthy",-0.52348756408815,3.57142857142857,36.8852459016393,9.20583598806167e-15,NA,NA,NA,NA
"Leydig","Endothelial","EGF","EGFR",7.17595157899841e-06,0,"EGF_EGFR","EGF - EGFR","EGF","Secreted Signaling","KEGG: hsa04012","healthy",-0.52348756408815,3.57142857142857,36.8852459016393,9.20583598806167e-15,NA,NA,NA,NA
"Leydig","SSC","NRG2","ERBB4",0.000180462195039018,0,"NRG2_ERBB4","NRG2 - ERBB4","NRG","Secreted Signaling","KEGG: hsa04012","healthy",-1.31674442277543,7.85714285714286,69.2250372578241,8.48981060890592e-40,0.91422030985483,69.6850393700787,29.7985781990521,1.1235903272337e-47
"Leydig","Spermatocyte","NRG2","ERBB4",0.000556764157015617,0,"NRG2_ERBB4","NRG2 - ERBB4","NRG","Secreted Signaling","KEGG: hsa04012","healthy",-1.31674442277543,7.85714285714286,69.2250372578241,8.48981060890592e-40,0.548324220278394,51.2690355329949,48.179330667228,4.82985102016138e-08
"Leydig","Spermatid","NRG2","ERBB4",0.00104769253069875,0,"NRG2_ERBB4","NRG2 - ERBB4","NRG","Secreted Signaling","KEGG: hsa04012","healthy",-1.31674442277543,7.85714285714286,69.2250372578241,8.48981060890592e-40,0.289243224780249,57.6158940397351,56.7179846046186,0.00317473390703801
"Leydig","Sertoli","NRG2","ERBB4",0.0133398570666403,0,"NRG2_ERBB4","NRG2 - ERBB4","NRG","Secreted Signaling","KEGG: hsa04012","healthy",-1.31674442277543,7.85714285714286,69.2250372578241,8.48981060890592e-40,0.44754884403335,99.2504743833017,99.7286050298534,0
"Leydig","Myoid","NRG2","ERBB4",0.000199632035834389,0,"NRG2_ERBB4","NRG2 - ERBB4","NRG","Secreted Signaling","KEGG: hsa04012","healthy",-1.31674442277543,7.85714285714286,69.2250372578241,8.48981060890592e-40,0.814352325330436,57.4257425742574,39.7544853635505,9.53219721810937e-08
"Leydig","Fibroblast","NRG2","ERBB4",6.78670513435684e-05,0,"NRG2_ERBB4","NRG2 - ERBB4","NRG","Secreted Signaling","KEGG: hsa04012","healthy",-1.31674442277543,7.85714285714286,69.2250372578241,8.48981060890592e-40,0.281431313775738,33.7226277372263,26.9230769230769,0.000145508592065068
"Spermatocyte","Spermatid","NRG4","ERBB4",0.000778219505910315,0,"NRG4_ERBB4","NRG4 - ERBB4","NRG","Secreted Signaling","KEGG: hsa04012","healthy",-0.507113813847483,20.3045685279188,61.5659861081878,1.50968816701674e-18,0.289243224780249,57.6158940397351,56.7179846046186,0.00317473390703801
"Spermatocyte","Sertoli","NRG4","ERBB4",0.0105050024362093,0,"NRG4_ERBB4","NRG4 - ERBB4","NRG","Secreted Signaling","KEGG: hsa04012","healthy",-0.507113813847483,20.3045685279188,61.5659861081878,1.50968816701674e-18,0.44754884403335,99.2504743833017,99.7286050298534,0
"Spermatid","Sertoli","NRG4","ERBB4",0.00244716242837184,0,"NRG4_ERBB4","NRG4 - ERBB4","NRG","Secreted Signaling","KEGG: hsa04012","healthy",-0.0948561161288128,29.8013245033113,43.666899930021,0.0261721313958624,0.44754884403335,99.2504743833017,99.7286050298534,0
"Spermatocyte","Fibroblast","FGF7","FGFR1",5.809207270992e-06,0,"FGF7_FGFR1","FGF7 - FGFR1","FGF","Secreted Signaling","PMC: 4393358","healthy",-0.180068056229036,3.04568527918782,31.0460955588297,1.5768226114691e-15,-0.158428906723007,19.8540145985401,27.3076923076923,0.0021127435126205
"Spermatocyte","SSC","FGF7","FGFR2",1.71701569390266e-05,0,"FGF7_FGFR2","FGF7 - FGFR2","FGF","Secreted Signaling","PMC: 4393358","healthy",-0.180068056229036,3.04568527918782,31.0460955588297,1.5768226114691e-15,0.111363411452654,42.1259842519685,35.2488151658768,0.0299692697154901
"Spermatocyte","Leydig","FGF7","FGFR2",0.000106588933506218,0,"FGF7_FGFR2","FGF7 - FGFR2","FGF","Secreted Signaling","PMC: 4393358","healthy",-0.180068056229036,3.04568527918782,31.0460955588297,1.5768226114691e-15,-0.704032370191,12.1428571428571,50.695479384004,7.11933539403498e-18
"Spermatocyte","Myoid","FGF7","FGFR2",8.00238276865741e-06,0,"FGF7_FGFR2","FGF7 - FGFR2","FGF","Secreted Signaling","PMC: 4393358","healthy",-0.180068056229036,3.04568527918782,31.0460955588297,1.5768226114691e-15,-0.271332907263341,7.92079207920792,28.0453257790368,4.86125884337727e-05
"Spermatocyte","Fibroblast","FGF7","FGFR2",6.11648275428484e-06,0,"FGF7_FGFR2","FGF7 - FGFR2","FGF","Secreted Signaling","PMC: 4393358","healthy",-0.180068056229036,3.04568527918782,31.0460955588297,1.5768226114691e-15,-0.0914651583458808,21.1678832116788,27.8846153846154,0.0275287217691369
"Spermatocyte","Fibroblast","FGF9","FGFR1",6.41373794180525e-06,0,"FGF9_FGFR1","FGF9 - FGFR1","FGF","Secreted Signaling","PMC: 4393358","healthy",-0.185175247176729,4.06091370558376,31.4249631656493,1.26414791884603e-14,-0.158428906723007,19.8540145985401,27.3076923076923,0.0021127435126205
"Spermatocyte","SSC","FGF9","FGFR2",1.89572420969399e-05,0,"FGF9_FGFR2","FGF9 - FGFR2","FGF","Secreted Signaling","PMC: 4393358","healthy",-0.185175247176729,4.06091370558376,31.4249631656493,1.26414791884603e-14,0.111363411452654,42.1259842519685,35.2488151658768,0.0299692697154901
"Spermatocyte","Leydig","FGF9","FGFR2",0.000117653852786442,0,"FGF9_FGFR2","FGF9 - FGFR2","FGF","Secreted Signaling","PMC: 4393358","healthy",-0.185175247176729,4.06091370558376,31.4249631656493,1.26414791884603e-14,-0.704032370191,12.1428571428571,50.695479384004,7.11933539403498e-18
"Spermatocyte","Myoid","FGF9","FGFR2",8.83562664623651e-06,0,"FGF9_FGFR2","FGF9 - FGFR2","FGF","Secreted Signaling","PMC: 4393358","healthy",-0.185175247176729,4.06091370558376,31.4249631656493,1.26414791884603e-14,-0.271332907263341,7.92079207920792,28.0453257790368,4.86125884337727e-05
"Spermatocyte","Fibroblast","FGF9","FGFR2",6.75292958290654e-06,0,"FGF9_FGFR2","FGF9 - FGFR2","FGF","Secreted Signaling","PMC: 4393358","healthy",-0.185175247176729,4.06091370558376,31.4249631656493,1.26414791884603e-14,-0.0914651583458808,21.1678832116788,27.8846153846154,0.0275287217691369
"Leydig","Spermatocyte","IGF1","IGF1R",0.000138455094966231,0,"IGF1_IGF1R","IGF1 - IGF1R","IGF","Secreted Signaling","PMID: 14604834","healthy",-0.325540364946703,15,35.2955787382017,4.71609540890234e-06,NA,NA,NA,NA
"Myoid","Spermatocyte","IGF1","IGF1R",8.23619185888008e-05,0,"IGF1_IGF1R","IGF1 - IGF1R","IGF","Secreted Signaling","PMID: 14604834","healthy",-0.599516197401882,16.8316831683168,50.9915014164306,3.05070891211757e-08,NA,NA,NA,NA
"Leydig","Spermatid","IGF1","IGF1R",7.60633228311702e-05,0,"IGF1_IGF1R","IGF1 - IGF1R","IGF","Secreted Signaling","PMID: 14604834","healthy",-0.325540364946703,15,35.2955787382017,4.71609540890234e-06,0.28391709206404,38.4105960264901,36.4940517844647,0.0181087453347891
"Myoid","Spermatid","IGF1","IGF1R",4.52721098051016e-05,0,"IGF1_IGF1R","IGF1 - IGF1R","IGF","Secreted Signaling","PMID: 14604834","healthy",-0.599516197401882,16.8316831683168,50.9915014164306,3.05070891211757e-08,0.28391709206404,38.4105960264901,36.4940517844647,0.0181087453347891
"Leydig","Sertoli","IGF1","IGF1R",0.00216135436479689,0,"IGF1_IGF1R","IGF1 - IGF1R","IGF","Secreted Signaling","PMID: 14604834","healthy",-0.325540364946703,15,35.2955787382017,4.71609540890234e-06,0.696236395593871,91.034155597723,94.0474036547856,0
"Myoid","Sertoli","IGF1","IGF1R",0.00124097917325676,0,"IGF1_IGF1R","IGF1 - IGF1R","IGF","Secreted Signaling","PMID: 14604834","healthy",-0.599516197401882,16.8316831683168,50.9915014164306,3.05070891211757e-08,0.696236395593871,91.034155597723,94.0474036547856,0
"Leydig","Leydig","IGF1","IGF1R",0.000803755879130708,0,"IGF1_IGF1R","IGF1 - IGF1R","IGF","Secreted Signaling","PMID: 14604834","healthy",-0.325540364946703,15,35.2955787382017,4.71609540890234e-06,0.130679049700274,69.2857142857143,78.6140089418778,0.00738600663909373
"Myoid","Leydig","IGF1","IGF1R",0.000461093709864105,0,"IGF1_IGF1R","IGF1 - IGF1R","IGF","Secreted Signaling","PMID: 14604834","healthy",-0.599516197401882,16.8316831683168,50.9915014164306,3.05070891211757e-08,0.130679049700274,69.2857142857143,78.6140089418778,0.00738600663909373
"Leydig","Myoid","IGF1","IGF1R",0.000122922367908732,0,"IGF1_IGF1R","IGF1 - IGF1R","IGF","Secreted Signaling","PMID: 14604834","healthy",-0.325540364946703,15,35.2955787382017,4.71609540890234e-06,0.30530764630082,55.4455445544555,55.9962228517469,0.00422876507461918
"Myoid","Myoid","IGF1","IGF1R",7.1770405635142e-05,0,"IGF1_IGF1R","IGF1 - IGF1R","IGF","Secreted Signaling","PMID: 14604834","healthy",-0.599516197401882,16.8316831683168,50.9915014164306,3.05070891211757e-08,0.30530764630082,55.4455445544555,55.9962228517469,0.00422876507461918
"Leydig","Fibroblast","IGF1","IGF1R",2.58601099930089e-05,0,"IGF1_IGF1R","IGF1 - IGF1R","IGF","Secreted Signaling","PMID: 14604834","healthy",-0.325540364946703,15,35.2955787382017,4.71609540890234e-06,0.622507845758217,57.5182481751825,39.0384615384615,1.05844194342047e-18
"Myoid","Fibroblast","IGF1","IGF1R",1.53149319928871e-05,0,"IGF1_IGF1R","IGF1 - IGF1R","IGF","Secreted Signaling","PMID: 14604834","healthy",-0.599516197401882,16.8316831683168,50.9915014164306,3.05070891211757e-08,0.622507845758217,57.5182481751825,39.0384615384615,1.05844194342047e-18
"Leydig","Endothelial","IGF1","IGF1R",1.13019767301727e-05,0,"IGF1_IGF1R","IGF1 - IGF1R","IGF","Secreted Signaling","PMID: 14604834","healthy",-0.325540364946703,15,35.2955787382017,4.71609540890234e-06,NA,NA,NA,NA
"Myoid","Endothelial","IGF1","IGF1R",6.70533135479787e-06,0,"IGF1_IGF1R","IGF1 - IGF1R","IGF","Secreted Signaling","PMID: 14604834","healthy",-0.599516197401882,16.8316831683168,50.9915014164306,3.05070891211757e-08,NA,NA,NA,NA
"SSC","Spermatocyte","NTF3","NTRK3",1.14510143262047e-05,0,"NTF3_NTRK3","NTF3 - NTRK3","NT","Secreted Signaling","PMID: 27908981","healthy",-0.271421281980969,22.8346456692913,38.1516587677725,1.27551568780722e-07,NA,NA,NA,NA
"SSC","Spermatid","NTF3","NTRK3",2.43931455723488e-05,0,"NTF3_NTRK3","NTF3 - NTRK3","NT","Secreted Signaling","PMID: 27908981","healthy",-0.271421281980969,22.8346456692913,38.1516587677725,1.27551568780722e-07,-0.267463286746684,11.9205298013245,34.0097970608817,2.221073305987e-07
"SSC","Endothelial","SEMA3D","NRP1_PLXNA2",8.73174885374509e-06,0,"SEMA3D_NRP1_PLXNA2","SEMA3D - (NRP1+PLXNA2)","SEMA3","Secreted Signaling","PMID: 27533782","healthy",-0.156849949959396,51.5748031496063,57.8791469194313,0.00793469406952326,-0.162935452242454,21.484375,31.1355311355311,0.0240124085597753
"Endothelial","Endothelial","SEMA3D","NRP1_PLXNA2",4.6786523971656e-07,0,"SEMA3D_NRP1_PLXNA2","SEMA3D - (NRP1+PLXNA2)","SEMA3","Secreted Signaling","PMID: 27533782","healthy",-0.148306112299763,23.4375,30.7692307692308,0.0453437338161568,-0.162935452242454,21.484375,31.1355311355311,0.0240124085597753
"Sertoli","Sertoli","GAS6","AXL",0.000533677790460296,0,"GAS6_AXL","GAS6 - AXL","GAS","Secreted Signaling","PMID: 27801848","healthy",-0.183627404581118,11.1954459203036,35.2089741270129,0,-0.127573921379967,32.5332068311195,52.9310656775828,1.11063657782376e-140
"Sertoli","Sertoli","GAS6","MERTK",0.000763754920240828,0,"GAS6_MERTK","GAS6 - MERTK","GAS","Secreted Signaling","PMID: 27801848","healthy",-0.183627404581118,11.1954459203036,35.2089741270129,0,-0.358491899371677,26.4895635673624,60.394427356613,0
"Sertoli","Leydig","GAS6","MERTK",0.000134364743956062,0,"GAS6_MERTK","GAS6 - MERTK","GAS","Secreted Signaling","PMID: 27801848","healthy",-0.183627404581118,11.1954459203036,35.2089741270129,0,-0.37359996185406,7.85714285714286,31.3959264778937,3.51365213152162e-09
"Sertoli","Sertoli","GAS6","TYRO3",0.000436055303546052,0,"GAS6_TYRO3","GAS6 - TYRO3","GAS","Secreted Signaling","PMID: 27801848","healthy",-0.183627404581118,11.1954459203036,35.2089741270129,0,-0.22539215871414,23.595825426945,50.7146734213859,0
"Sertoli","Sertoli","PROS1","AXL",0.00240426905268945,0,"PROS1_AXL","PROS1 - AXL","PROS","Secreted Signaling","PMID: 29531161","healthy",-0.108121995461936,39.8956356736243,60.2677763705446,4.21946766183895e-89,-0.127573921379967,32.5332068311195,52.9310656775828,1.11063657782376e-140
"Sertoli","Sertoli","PROS1","TYRO3",0.00196827384467966,0,"PROS1_TYRO3","PROS1 - TYRO3","PROS","Secreted Signaling","PMID: 30501104","healthy",-0.108121995461936,39.8956356736243,60.2677763705446,4.21946766183895e-89,-0.22539215871414,23.595825426945,50.7146734213859,0
"Spermatocyte","Sertoli","PSAP","GPR37",4.30616589732092e-05,0,"PSAP_GPR37","PSAP - GPR37","PSAP","Secreted Signaling","PMID: 23690594","healthy",-0.0589752605089518,11.1675126903553,30.2883603451905,9.82429792381398e-07,-0.139349797728544,13.5483870967742,33.6891622941922,4.63174412371703e-266
"Sertoli","Sertoli","PSAP","GPR37",0.00122818184653962,0,"PSAP_GPR37","PSAP - GPR37","PSAP","Secreted Signaling","PMID: 23690594","healthy",-0.244006881971154,53.7666034155598,80.0162836982088,1.7264019182377e-117,-0.139349797728544,13.5483870967742,33.6891622941922,4.63174412371703e-266
"Leydig","Sertoli","PSAP","GPR37",0.000152274869270739,0,"PSAP_GPR37","PSAP - GPR37","PSAP","Secreted Signaling","PMID: 23690594","healthy",-0.304699712987911,27.1428571428571,46.9945355191257,2.93573197986581e-05,-0.139349797728544,13.5483870967742,33.6891622941922,4.63174412371703e-266
"Sertoli","Sertoli","PROS1","MERTK",0.00342518960819511,0,"PROS1_MERTK","PROS1 - MERTK","PROS","Secreted Signaling","PMID: 34631419","healthy",-0.108121995461936,39.8956356736243,60.2677763705446,4.21946766183895e-89,-0.358491899371677,26.4895635673624,60.394427356613,0
"Sertoli","Leydig","PROS1","MERTK",0.000607306471568966,0,"PROS1_MERTK","PROS1 - MERTK","PROS","Secreted Signaling","PMID: 34631419","healthy",-0.108121995461936,39.8956356736243,60.2677763705446,4.21946766183895e-89,-0.37359996185406,7.85714285714286,31.3959264778937,3.51365213152162e-09
"Myoid","Myoid","COL1A2","ITGA1_ITGB1",1.85971452449083e-05,0,"COL1A2_ITGA1_ITGB1","COL1A2 - (ITGA1+ITGB1)","COLLAGEN","ECM-Receptor","KEGG: hsa04512","healthy",-0.365741681886821,15.8415841584158,39.1879131255902,2.9172939964447e-05,-0.367596889765054,23.7623762376238,48.6307837582625,0.000125037385838313
"Myoid","Myoid","COL4A1","ITGA1_ITGB1",4.50605077118297e-05,0,"COL4A1_ITGA1_ITGB1","COL4A1 - (ITGA1+ITGB1)","COLLAGEN","ECM-Receptor","KEGG: hsa04512","healthy",-0.223320774552055,34.6534653465347,54.4853635505194,0.0341520247451432,-0.367596889765054,23.7623762376238,48.6307837582625,0.000125037385838313
"Fibroblast","Myoid","COL4A1","ITGA1_ITGB1",1.23552591184895e-05,0,"COL4A1_ITGA1_ITGB1","COL4A1 - (ITGA1+ITGB1)","COLLAGEN","ECM-Receptor","KEGG: hsa04512","healthy",-0.172932474048987,34.4525547445255,42.5,0.00992079987922331,-0.367596889765054,23.7623762376238,48.6307837582625,0.000125037385838313
"Sertoli","Myoid","COL4A3","ITGA1_ITGB1",0.000134955453812883,0,"COL4A3_ITGA1_ITGB1","COL4A3 - (ITGA1+ITGB1)","COLLAGEN","ECM-Receptor","KEGG: hsa04512","healthy",-0.478271962361618,6.6034155597723,44.8887280622399,0,-0.367596889765054,23.7623762376238,48.6307837582625,0.000125037385838313
"Leydig","Myoid","COL4A3","ITGA1_ITGB1",4.2223329151423e-05,0,"COL4A3_ITGA1_ITGB1","COL4A3 - (ITGA1+ITGB1)","COLLAGEN","ECM-Receptor","KEGG: hsa04512","healthy",-0.226972652488635,12.1428571428571,26.6517635370094,0.000178789359724119,-0.367596889765054,23.7623762376238,48.6307837582625,0.000125037385838313
"Myoid","Myoid","COL4A3","ITGA1_ITGB1",4.11893417077146e-05,0,"COL4A3_ITGA1_ITGB1","COL4A3 - (ITGA1+ITGB1)","COLLAGEN","ECM-Receptor","KEGG: hsa04512","healthy",-0.973810940880146,2.97029702970297,51.3692162417375,4.49414345029575e-18,-0.367596889765054,23.7623762376238,48.6307837582625,0.000125037385838313
"Sertoli","Myoid","COL4A4","ITGA1_ITGB1",5.26866469931824e-05,0,"COL4A4_ITGA1_ITGB1","COL4A4 - (ITGA1+ITGB1)","COLLAGEN","ECM-Receptor","KEGG: hsa04512","healthy",-0.215149590766768,4.37381404174573,30.1248416862674,0,-0.367596889765054,23.7623762376238,48.6307837582625,0.000125037385838313
"Leydig","Myoid","COL4A4","ITGA1_ITGB1",4.02680828102193e-05,0,"COL4A4_ITGA1_ITGB1","COL4A4 - (ITGA1+ITGB1)","COLLAGEN","ECM-Receptor","KEGG: hsa04512","healthy",-0.207987262508835,11.4285714285714,26.5027322404372,0.000190773956943104,-0.367596889765054,23.7623762376238,48.6307837582625,0.000125037385838313
"Myoid","Myoid","COL4A4","ITGA1_ITGB1",4.21480235569899e-05,0,"COL4A4_ITGA1_ITGB1","COL4A4 - (ITGA1+ITGB1)","COLLAGEN","ECM-Receptor","KEGG: hsa04512","healthy",-0.980680488571387,2.97029702970297,52.0302171860246,1.14963451040933e-18,-0.367596889765054,23.7623762376238,48.6307837582625,0.000125037385838313
"Leydig","Myoid","COL6A3","ITGA1_ITGB1",7.02482544368398e-05,0,"COL6A3_ITGA1_ITGB1","COL6A3 - (ITGA1+ITGB1)","COLLAGEN","ECM-Receptor","KEGG: hsa04512","healthy",-0.383796941991021,14.2857142857143,35.0471932439146,1.81814129776072e-06,-0.367596889765054,23.7623762376238,48.6307837582625,0.000125037385838313
"Myoid","Myoid","COL6A3","ITGA1_ITGB1",6.70980641542495e-05,0,"COL6A3_ITGA1_ITGB1","COL6A3 - (ITGA1+ITGB1)","COLLAGEN","ECM-Receptor","KEGG: hsa04512","healthy",-1.20612806048196,9.9009900990099,66.5722379603399,2.70063234313175e-21,-0.367596889765054,23.7623762376238,48.6307837582625,0.000125037385838313
"Fibroblast","Myoid","COL6A3","ITGA1_ITGB1",1.45947378399167e-05,0,"COL6A3_ITGA1_ITGB1","COL6A3 - (ITGA1+ITGB1)","COLLAGEN","ECM-Receptor","KEGG: hsa04512","healthy",-0.54818969811385,27.4452554744526,48.6538461538462,1.58364151236157e-14,-0.367596889765054,23.7623762376238,48.6307837582625,0.000125037385838313
"Sertoli","Myoid","COL6A6","ITGA1_ITGB1",0.000322018381553382,0,"COL6A6_ITGA1_ITGB1","COL6A6 - (ITGA1+ITGB1)","COLLAGEN","ECM-Receptor","KEGG: hsa04512","healthy",-0.0631598772572424,43.2068311195446,57.8252216392256,1.17018452018222e-31,-0.367596889765054,23.7623762376238,48.6307837582625,0.000125037385838313
"SSC","Myoid","LAMA1","ITGA1_ITGB1",8.2572380635615e-05,0,"LAMA1_ITGA1_ITGB1","LAMA1 - (ITGA1+ITGB1)","LAMININ","ECM-Receptor","KEGG: hsa04512","healthy",-0.224425627299153,52.755905511811,63.4478672985782,0.000118486617823241,-0.367596889765054,23.7623762376238,48.6307837582625,0.000125037385838313
"Myoid","Myoid","LAMA2","ITGA1_ITGB1",0.000137871921228488,0,"LAMA2_ITGA1_ITGB1","LAMA2 - (ITGA1+ITGB1)","LAMININ","ECM-Receptor","KEGG: hsa04512","healthy",-0.834722888907155,63.3663366336634,89.3295561850803,3.54574986583361e-06,-0.367596889765054,23.7623762376238,48.6307837582625,0.000125037385838313
"Sertoli","Myoid","LAMA3","ITGA1_ITGB1",0.00112592232676507,0,"LAMA3_ITGA1_ITGB1","LAMA3 - (ITGA1+ITGB1)","LAMININ","ECM-Receptor","KEGG: hsa04512","healthy",-1.01037046968447,64.9525616698292,96.8065858512756,0,-0.367596889765054,23.7623762376238,48.6307837582625,0.000125037385838313
"Myoid","Myoid","LAMB1","ITGA1_ITGB1",6.52441161915642e-05,0,"LAMB1_ITGA1_ITGB1","LAMB1 - (ITGA1+ITGB1)","LAMININ","ECM-Receptor","KEGG: hsa04512","healthy",-0.823729227029364,23.7623762376238,64.1170915958451,8.57730152128159e-11,-0.367596889765054,23.7623762376238,48.6307837582625,0.000125037385838313
"Endothelial","Myoid","LAMB1","ITGA1_ITGB1",3.30793905621294e-06,0,"LAMB1_ITGA1_ITGB1","LAMB1 - (ITGA1+ITGB1)","LAMININ","ECM-Receptor","KEGG: hsa04512","healthy",-0.153165541494775,18.359375,27.8388278388278,0.012264990545303,-0.367596889765054,23.7623762376238,48.6307837582625,0.000125037385838313
"Spermatocyte","Myoid","LAMB2","ITGA1_ITGB1",1.25246940243626e-05,0,"LAMB2_ITGA1_ITGB1","LAMB2 - (ITGA1+ITGB1)","LAMININ","ECM-Receptor","KEGG: hsa04512","healthy",-0.154805904679453,4.06091370558376,26.7943590822985,1.03035891226595e-11,-0.367596889765054,23.7623762376238,48.6307837582625,0.000125037385838313
"Sertoli","Myoid","LAMC1","ITGA1_ITGB1",0.000284157863464402,0,"LAMC1_ITGA1_ITGB1","LAMC1 - (ITGA1+ITGB1)","LAMININ","ECM-Receptor","KEGG: hsa04512","healthy",-0.118560833778789,37.5047438330171,58.0423376153429,1.95624841727148e-103,-0.367596889765054,23.7623762376238,48.6307837582625,0.000125037385838313
"Leydig","Myoid","LAMC1","ITGA1_ITGB1",4.58362677746671e-05,0,"LAMC1_ITGA1_ITGB1","LAMC1 - (ITGA1+ITGB1)","LAMININ","ECM-Receptor","KEGG: hsa04512","healthy",-0.10895524085514,17.1428571428571,27.5211127670144,0.0262658292133582,-0.367596889765054,23.7623762376238,48.6307837582625,0.000125037385838313
"Fibroblast","Myoid","LAMC1","ITGA1_ITGB1",1.06051710737396e-05,0,"LAMC1_ITGA1_ITGB1","LAMC1 - (ITGA1+ITGB1)","LAMININ","ECM-Receptor","KEGG: hsa04512","healthy",-0.232399672073207,26.7153284671533,40.1923076923077,2.17523352376737e-05,-0.367596889765054,23.7623762376238,48.6307837582625,0.000125037385838313
"Endothelial","Myoid","LAMC1","ITGA1_ITGB1",4.94346931121501e-06,0,"LAMC1_ITGA1_ITGB1","LAMC1 - (ITGA1+ITGB1)","LAMININ","ECM-Receptor","KEGG: hsa04512","healthy",-0.226324917622458,26.953125,36.2637362637363,0.0072420659094541,-0.367596889765054,23.7623762376238,48.6307837582625,0.000125037385838313
"Myoid","Myoid","LAMC3","ITGA1_ITGB1",2.05291885977569e-05,0,"LAMC3_ITGA1_ITGB1","LAMC3 - (ITGA1+ITGB1)","LAMININ","ECM-Receptor","KEGG: hsa04512","healthy",-0.576167260040837,8.91089108910891,41.5486307837583,2.83477461007593e-09,-0.367596889765054,23.7623762376238,48.6307837582625,0.000125037385838313
"Fibroblast","Myoid","LAMC3","ITGA1_ITGB1",8.74415633289757e-06,0,"LAMC3_ITGA1_ITGB1","LAMC3 - (ITGA1+ITGB1)","LAMININ","ECM-Receptor","KEGG: hsa04512","healthy",-0.259076402812179,14.8905109489051,28.0769230769231,1.21337134712169e-07,-0.367596889765054,23.7623762376238,48.6307837582625,0.000125037385838313
"SSC","Sertoli","LAMA1","ITGA6_ITGB1",0.0005482286471176,0,"LAMA1_ITGA6_ITGB1","LAMA1 - (ITGA6+ITGB1)","LAMININ","ECM-Receptor","KEGG: hsa04512","healthy",-0.224425627299153,52.755905511811,63.4478672985782,0.000118486617823241,-0.149267046701485,37.5948766603416,55.2153066763163,2.06328682258288e-36
"Myoid","SSC","LAMA2","ITGA6_ITGB1",0.000101687068385615,0,"LAMA2_ITGA6_ITGB1","LAMA2 - (ITGA6+ITGB1)","LAMININ","ECM-Receptor","KEGG: hsa04512","healthy",-0.834722888907155,63.3663366336634,89.3295561850803,3.54574986583361e-06,NA,NA,NA,NA
"Myoid","Sertoli","LAMA2","ITGA6_ITGB1",0.000933916820518876,0,"LAMA2_ITGA6_ITGB1","LAMA2 - (ITGA6+ITGB1)","LAMININ","ECM-Receptor","KEGG: hsa04512","healthy",-0.834722888907155,63.3663366336634,89.3295561850803,3.54574986583361e-06,-0.149267046701485,37.5948766603416,55.2153066763163,2.06328682258288e-36
"Myoid","Leydig","LAMA2","ITGA6_ITGB1",0.000298015504261658,0,"LAMA2_ITGA6_ITGB1","LAMA2 - (ITGA6+ITGB1)","LAMININ","ECM-Receptor","KEGG: hsa04512","healthy",-0.834722888907155,63.3663366336634,89.3295561850803,3.54574986583361e-06,-0.20067576709499,21.0714285714286,34.5876800794834,0.0121931332171384
"Myoid","Endothelial","LAMA2","ITGA6_ITGB1",1.70747599740054e-05,0,"LAMA2_ITGA6_ITGB1","LAMA2 - (ITGA6+ITGB1)","LAMININ","ECM-Receptor","KEGG: hsa04512","healthy",-0.834722888907155,63.3663366336634,89.3295561850803,3.54574986583361e-06,-0.172423091092336,17.1875,27.1062271062271,0.00658769590925177
"Sertoli","SSC","LAMA3","ITGA6_ITGB1",0.000821545542178951,0,"LAMA3_ITGA6_ITGB1","LAMA3 - (ITGA6+ITGB1)","LAMININ","ECM-Receptor","KEGG: hsa04512","healthy",-1.01037046968447,64.9525616698292,96.8065858512756,0,NA,NA,NA,NA
"Sertoli","Sertoli","LAMA3","ITGA6_ITGB1",0.00757331446526304,0,"LAMA3_ITGA6_ITGB1","LAMA3 - (ITGA6+ITGB1)","LAMININ","ECM-Receptor","KEGG: hsa04512","healthy",-1.01037046968447,64.9525616698292,96.8065858512756,0,-0.149267046701485,37.5948766603416,55.2153066763163,2.06328682258288e-36
"Sertoli","Leydig","LAMA3","ITGA6_ITGB1",0.00241279406597987,0,"LAMA3_ITGA6_ITGB1","LAMA3 - (ITGA6+ITGB1)","LAMININ","ECM-Receptor","KEGG: hsa04512","healthy",-1.01037046968447,64.9525616698292,96.8065858512756,0,-0.20067576709499,21.0714285714286,34.5876800794834,0.0121931332171384
"Sertoli","Endothelial","LAMA3","ITGA6_ITGB1",0.000137998200468321,0,"LAMA3_ITGA6_ITGB1","LAMA3 - (ITGA6+ITGB1)","LAMININ","ECM-Receptor","KEGG: hsa04512","healthy",-1.01037046968447,64.9525616698292,96.8065858512756,0,-0.172423091092336,17.1875,27.1062271062271,0.00658769590925177
"Myoid","SSC","LAMB1","ITGA6_ITGB1",4.68943775509517e-05,0,"LAMB1_ITGA6_ITGB1","LAMB1 - (ITGA6+ITGB1)","LAMININ","ECM-Receptor","KEGG: hsa04512","healthy",-0.823729227029364,23.7623762376238,64.1170915958451,8.57730152128159e-11,NA,NA,NA,NA
"Endothelial","SSC","LAMB1","ITGA6_ITGB1",2.33465598874418e-06,0,"LAMB1_ITGA6_ITGB1","LAMB1 - (ITGA6+ITGB1)","LAMININ","ECM-Receptor","KEGG: hsa04512","healthy",-0.153165541494775,18.359375,27.8388278388278,0.012264990545303,NA,NA,NA,NA
"Myoid","Sertoli","LAMB1","ITGA6_ITGB1",0.000434526528211524,0,"LAMB1_ITGA6_ITGB1","LAMB1 - (ITGA6+ITGB1)","LAMININ","ECM-Receptor","KEGG: hsa04512","healthy",-0.823729227029364,23.7623762376238,64.1170915958451,8.57730152128159e-11,-0.149267046701485,37.5948766603416,55.2153066763163,2.06328682258288e-36
"Endothelial","Sertoli","LAMB1","ITGA6_ITGB1",2.17670360563833e-05,0,"LAMB1_ITGA6_ITGB1","LAMB1 - (ITGA6+ITGB1)","LAMININ","ECM-Receptor","KEGG: hsa04512","healthy",-0.153165541494775,18.359375,27.8388278388278,0.012264990545303,-0.149267046701485,37.5948766603416,55.2153066763163,2.06328682258288e-36
"Myoid","Leydig","LAMB1","ITGA6_ITGB1",0.000138127402154283,0,"LAMB1_ITGA6_ITGB1","LAMB1 - (ITGA6+ITGB1)","LAMININ","ECM-Receptor","KEGG: hsa04512","healthy",-0.823729227029364,23.7623762376238,64.1170915958451,8.57730152128159e-11,-0.20067576709499,21.0714285714286,34.5876800794834,0.0121931332171384
"Endothelial","Leydig","LAMB1","ITGA6_ITGB1",6.90077624527373e-06,0,"LAMB1_ITGA6_ITGB1","LAMB1 - (ITGA6+ITGB1)","LAMININ","ECM-Receptor","KEGG: hsa04512","healthy",-0.153165541494775,18.359375,27.8388278388278,0.012264990545303,-0.20067576709499,21.0714285714286,34.5876800794834,0.0121931332171384
"Myoid","Endothelial","LAMB1","ITGA6_ITGB1",7.88087240889191e-06,0,"LAMB1_ITGA6_ITGB1","LAMB1 - (ITGA6+ITGB1)","LAMININ","ECM-Receptor","KEGG: hsa04512","healthy",-0.823729227029364,23.7623762376238,64.1170915958451,8.57730152128159e-11,-0.172423091092336,17.1875,27.1062271062271,0.00658769590925177
"Endothelial","Endothelial","LAMB1","ITGA6_ITGB1",3.92580210921873e-07,0,"LAMB1_ITGA6_ITGB1","LAMB1 - (ITGA6+ITGB1)","LAMININ","ECM-Receptor","KEGG: hsa04512","healthy",-0.153165541494775,18.359375,27.8388278388278,0.012264990545303,-0.172423091092336,17.1875,27.1062271062271,0.00658769590925177
"Spermatocyte","SSC","LAMB2","ITGA6_ITGB1",8.80912605968613e-06,0,"LAMB2_ITGA6_ITGB1","LAMB2 - (ITGA6+ITGB1)","LAMININ","ECM-Receptor","KEGG: hsa04512","healthy",-0.154805904679453,4.06091370558376,26.7943590822985,1.03035891226595e-11,NA,NA,NA,NA
"Spermatocyte","Sertoli","LAMB2","ITGA6_ITGB1",8.22268422235581e-05,0,"LAMB2_ITGA6_ITGB1","LAMB2 - (ITGA6+ITGB1)","LAMININ","ECM-Receptor","KEGG: hsa04512","healthy",-0.154805904679453,4.06091370558376,26.7943590822985,1.03035891226595e-11,-0.149267046701485,37.5948766603416,55.2153066763163,2.06328682258288e-36
"Spermatocyte","Leydig","LAMB2","ITGA6_ITGB1",2.60550937404128e-05,0,"LAMB2_ITGA6_ITGB1","LAMB2 - (ITGA6+ITGB1)","LAMININ","ECM-Receptor","KEGG: hsa04512","healthy",-0.154805904679453,4.06091370558376,26.7943590822985,1.03035891226595e-11,-0.20067576709499,21.0714285714286,34.5876800794834,0.0121931332171384
"Spermatocyte","Endothelial","LAMB2","ITGA6_ITGB1",1.48144517745233e-06,0,"LAMB2_ITGA6_ITGB1","LAMB2 - (ITGA6+ITGB1)","LAMININ","ECM-Receptor","KEGG: hsa04512","healthy",-0.154805904679453,4.06091370558376,26.7943590822985,1.03035891226595e-11,-0.172423091092336,17.1875,27.1062271062271,0.00658769590925177
"Sertoli","SSC","LAMC1","ITGA6_ITGB1",0.000201550440043962,0,"LAMC1_ITGA6_ITGB1","LAMC1 - (ITGA6+ITGB1)","LAMININ","ECM-Receptor","KEGG: hsa04512","healthy",-0.118560833778789,37.5047438330171,58.0423376153429,1.95624841727148e-103,NA,NA,NA,NA
"Leydig","SSC","LAMC1","ITGA6_ITGB1",3.23413899766423e-05,0,"LAMC1_ITGA6_ITGB1","LAMC1 - (ITGA6+ITGB1)","LAMININ","ECM-Receptor","KEGG: hsa04512","healthy",-0.10895524085514,17.1428571428571,27.5211127670144,0.0262658292133582,NA,NA,NA,NA
"Fibroblast","SSC","LAMC1","ITGA6_ITGB1",7.5075233855539e-06,0,"LAMC1_ITGA6_ITGB1","LAMC1 - (ITGA6+ITGB1)","LAMININ","ECM-Receptor","KEGG: hsa04512","healthy",-0.232399672073207,26.7153284671533,40.1923076923077,2.17523352376737e-05,NA,NA,NA,NA
"Endothelial","SSC","LAMC1","ITGA6_ITGB1",3.49661312362547e-06,0,"LAMC1_ITGA6_ITGB1","LAMC1 - (ITGA6+ITGB1)","LAMININ","ECM-Receptor","KEGG: hsa04512","healthy",-0.226324917622458,26.953125,36.2637362637363,0.0072420659094541,NA,NA,NA,NA
"Sertoli","Sertoli","LAMC1","ITGA6_ITGB1",0.00187599683438398,0,"LAMC1_ITGA6_ITGB1","LAMC1 - (ITGA6+ITGB1)","LAMININ","ECM-Receptor","KEGG: hsa04512","healthy",-0.118560833778789,37.5047438330171,58.0423376153429,1.95624841727148e-103,-0.149267046701485,37.5948766603416,55.2153066763163,2.06328682258288e-36
"Leydig","Sertoli","LAMC1","ITGA6_ITGB1",0.000301560270507688,0,"LAMC1_ITGA6_ITGB1","LAMC1 - (ITGA6+ITGB1)","LAMININ","ECM-Receptor","KEGG: hsa04512","healthy",-0.10895524085514,17.1428571428571,27.5211127670144,0.0262658292133582,-0.149267046701485,37.5948766603416,55.2153066763163,2.06328682258288e-36
"Fibroblast","Sertoli","LAMC1","ITGA6_ITGB1",6.99246561761633e-05,0,"LAMC1_ITGA6_ITGB1","LAMC1 - (ITGA6+ITGB1)","LAMININ","ECM-Receptor","KEGG: hsa04512","healthy",-0.232399672073207,26.7153284671533,40.1923076923077,2.17523352376737e-05,-0.149267046701485,37.5948766603416,55.2153066763163,2.06328682258288e-36
"Endothelial","Sertoli","LAMC1","ITGA6_ITGB1",3.25764502861647e-05,0,"LAMC1_ITGA6_ITGB1","LAMC1 - (ITGA6+ITGB1)","LAMININ","ECM-Receptor","KEGG: hsa04512","healthy",-0.226324917622458,26.953125,36.2637362637363,0.0072420659094541,-0.149267046701485,37.5948766603416,55.2153066763163,2.06328682258288e-36
"Sertoli","Leydig","LAMC1","ITGA6_ITGB1",0.00059517887143563,0,"LAMC1_ITGA6_ITGB1","LAMC1 - (ITGA6+ITGB1)","LAMININ","ECM-Receptor","KEGG: hsa04512","healthy",-0.118560833778789,37.5047438330171,58.0423376153429,1.95624841727148e-103,-0.20067576709499,21.0714285714286,34.5876800794834,0.0121931332171384
"Leydig","Leydig","LAMC1","ITGA6_ITGB1",9.55995346876357e-05,0,"LAMC1_ITGA6_ITGB1","LAMC1 - (ITGA6+ITGB1)","LAMININ","ECM-Receptor","KEGG: hsa04512","healthy",-0.10895524085514,17.1428571428571,27.5211127670144,0.0262658292133582,-0.20067576709499,21.0714285714286,34.5876800794834,0.0121931332171384
"Fibroblast","Leydig","LAMC1","ITGA6_ITGB1",2.21779630318056e-05,0,"LAMC1_ITGA6_ITGB1","LAMC1 - (ITGA6+ITGB1)","LAMININ","ECM-Receptor","KEGG: hsa04512","healthy",-0.232399672073207,26.7153284671533,40.1923076923077,2.17523352376737e-05,-0.20067576709499,21.0714285714286,34.5876800794834,0.0121931332171384
"Endothelial","Leydig","LAMC1","ITGA6_ITGB1",1.03309858463388e-05,0,"LAMC1_ITGA6_ITGB1","LAMC1 - (ITGA6+ITGB1)","LAMININ","ECM-Receptor","KEGG: hsa04512","healthy",-0.226324917622458,26.953125,36.2637362637363,0.0072420659094541,-0.20067576709499,21.0714285714286,34.5876800794834,0.0121931332171384
"Sertoli","Endothelial","LAMC1","ITGA6_ITGB1",3.38860514006242e-05,0,"LAMC1_ITGA6_ITGB1","LAMC1 - (ITGA6+ITGB1)","LAMININ","ECM-Receptor","KEGG: hsa04512","healthy",-0.118560833778789,37.5047438330171,58.0423376153429,1.95624841727148e-103,-0.172423091092336,17.1875,27.1062271062271,0.00658769590925177
"Fibroblast","Endothelial","LAMC1","ITGA6_ITGB1",1.2622944772669e-06,0,"LAMC1_ITGA6_ITGB1","LAMC1 - (ITGA6+ITGB1)","LAMININ","ECM-Receptor","KEGG: hsa04512","healthy",-0.232399672073207,26.7153284671533,40.1923076923077,2.17523352376737e-05,-0.172423091092336,17.1875,27.1062271062271,0.00658769590925177
"Endothelial","Endothelial","LAMC1","ITGA6_ITGB1",5.87926540469449e-07,0,"LAMC1_ITGA6_ITGB1","LAMC1 - (ITGA6+ITGB1)","LAMININ","ECM-Receptor","KEGG: hsa04512","healthy",-0.226324917622458,26.953125,36.2637362637363,0.0072420659094541,-0.172423091092336,17.1875,27.1062271062271,0.00658769590925177
"Myoid","SSC","LAMC3","ITGA6_ITGB1",1.45274852929762e-05,0,"LAMC3_ITGA6_ITGB1","LAMC3 - (ITGA6+ITGB1)","LAMININ","ECM-Receptor","KEGG: hsa04512","healthy",-0.576167260040837,8.91089108910891,41.5486307837583,2.83477461007593e-09,NA,NA,NA,NA
"Fibroblast","SSC","LAMC3","ITGA6_ITGB1",6.18199269046635e-06,0,"LAMC3_ITGA6_ITGB1","LAMC3 - (ITGA6+ITGB1)","LAMININ","ECM-Receptor","KEGG: hsa04512","healthy",-0.259076402812179,14.8905109489051,28.0769230769231,1.21337134712169e-07,NA,NA,NA,NA
"Myoid","Sertoli","LAMC3","ITGA6_ITGB1",0.0001353250466775,0,"LAMC3_ITGA6_ITGB1","LAMC3 - (ITGA6+ITGB1)","LAMININ","ECM-Receptor","KEGG: hsa04512","healthy",-0.576167260040837,8.91089108910891,41.5486307837583,2.83477461007593e-09,-0.149267046701485,37.5948766603416,55.2153066763163,2.06328682258288e-36
"Fibroblast","Sertoli","LAMC3","ITGA6_ITGB1",5.76041582726094e-05,0,"LAMC3_ITGA6_ITGB1","LAMC3 - (ITGA6+ITGB1)","LAMININ","ECM-Receptor","KEGG: hsa04512","healthy",-0.259076402812179,14.8905109489051,28.0769230769231,1.21337134712169e-07,-0.149267046701485,37.5948766603416,55.2153066763163,2.06328682258288e-36
"Myoid","Leydig","LAMC3","ITGA6_ITGB1",4.29186415545832e-05,0,"LAMC3_ITGA6_ITGB1","LAMC3 - (ITGA6+ITGB1)","LAMININ","ECM-Receptor","KEGG: hsa04512","healthy",-0.576167260040837,8.91089108910891,41.5486307837583,2.83477461007593e-09,-0.20067576709499,21.0714285714286,34.5876800794834,0.0121931332171384
"Fibroblast","Leydig","LAMC3","ITGA6_ITGB1",1.82667693190269e-05,0,"LAMC3_ITGA6_ITGB1","LAMC3 - (ITGA6+ITGB1)","LAMININ","ECM-Receptor","KEGG: hsa04512","healthy",-0.259076402812179,14.8905109489051,28.0769230769231,1.21337134712169e-07,-0.20067576709499,21.0714285714286,34.5876800794834,0.0121931332171384
"Myoid","Endothelial","LAMC3","ITGA6_ITGB1",2.44264024184688e-06,0,"LAMC3_ITGA6_ITGB1","LAMC3 - (ITGA6+ITGB1)","LAMININ","ECM-Receptor","KEGG: hsa04512","healthy",-0.576167260040837,8.91089108910891,41.5486307837583,2.83477461007593e-09,-0.172423091092336,17.1875,27.1062271062271,0.00658769590925177
"Fibroblast","Endothelial","LAMC3","ITGA6_ITGB1",1.03946640365576e-06,0,"LAMC3_ITGA6_ITGB1","LAMC3 - (ITGA6+ITGB1)","LAMININ","ECM-Receptor","KEGG: hsa04512","healthy",-0.259076402812179,14.8905109489051,28.0769230769231,1.21337134712169e-07,-0.172423091092336,17.1875,27.1062271062271,0.00658769590925177
"Sertoli","SSC","TNN","ITGA8_ITGB1",7.37989116743034e-05,0,"TNN_ITGA8_ITGB1","TNN - (ITGA8+ITGB1)","TENASCIN","ECM-Receptor","KEGG: hsa04512","healthy",-0.0756007067114269,25.2846299810247,39.686991134431,1.09617998387515e-92,0.233023247127598,52.3622047244094,39.9289099526066,5.69612335540285e-05
"Sertoli","Myoid","TNN","ITGA8_ITGB1",6.04596185604591e-05,0,"TNN_ITGA8_ITGB1","TNN - (ITGA8+ITGB1)","TENASCIN","ECM-Receptor","KEGG: hsa04512","healthy",-0.0756007067114269,25.2846299810247,39.686991134431,1.09617998387515e-92,1.19308434757763,54.4554455445545,29.4617563739377,1.15022291539194e-14
"Spermatocyte","SSC","TNXB","ITGA8_ITGB1",3.78729306011797e-05,0,"TNXB_ITGA8_ITGB1","TNXB - (ITGA8+ITGB1)","TENASCIN","ECM-Receptor","KEGG: hsa04512","healthy",-0.261396104024916,8.62944162436548,42.601557566828,7.23162316159962e-17,0.233023247127598,52.3622047244094,39.9289099526066,5.69612335540285e-05
"Sertoli","SSC","TNXB","ITGA8_ITGB1",3.0537622571102e-05,0,"TNXB_ITGA8_ITGB1","TNXB - (ITGA8+ITGB1)","TENASCIN","ECM-Receptor","KEGG: hsa04512","healthy",-0.120020333281519,10.5123339658444,28.424099873349,1.06794842915539e-247,0.233023247127598,52.3622047244094,39.9289099526066,5.69612335540285e-05
"Spermatocyte","Myoid","TNXB","ITGA8_ITGB1",3.10223039157686e-05,0,"TNXB_ITGA8_ITGB1","TNXB - (ITGA8+ITGB1)","TENASCIN","ECM-Receptor","KEGG: hsa04512","healthy",-0.261396104024916,8.62944162436548,42.601557566828,7.23162316159962e-17,1.19308434757763,54.4554455445545,29.4617563739377,1.15022291539194e-14
"Sertoli","Myoid","TNXB","ITGA8_ITGB1",2.50301333413963e-05,0,"TNXB_ITGA8_ITGB1","TNXB - (ITGA8+ITGB1)","TENASCIN","ECM-Receptor","KEGG: hsa04512","healthy",-0.120020333281519,10.5123339658444,28.424099873349,1.06794842915539e-247,1.19308434757763,54.4554455445545,29.4617563739377,1.15022291539194e-14
"Sertoli","SSC","TNN","ITGA9_ITGB1",5.67197505172424e-05,0,"TNN_ITGA9_ITGB1","TNN - (ITGA9+ITGB1)","TENASCIN","ECM-Receptor","KEGG: hsa04512","healthy",-0.0756007067114269,25.2846299810247,39.686991134431,1.09617998387515e-92,0.144139046048517,37.007874015748,26.9549763033175,0.00114529661654636
"Sertoli","Sertoli","TNN","ITGA9_ITGB1",0.000623984862839134,0,"TNN_ITGA9_ITGB1","TNN - (ITGA9+ITGB1)","TENASCIN","ECM-Receptor","KEGG: hsa04512","healthy",-0.0756007067114269,25.2846299810247,39.686991134431,1.09617998387515e-92,-0.322590950404395,27.9933586337761,56.6084675230686,3.82146728778334e-224
"Sertoli","Leydig","TNN","ITGA9_ITGB1",0.000457762718516208,0,"TNN_ITGA9_ITGB1","TNN - (ITGA9+ITGB1)","TENASCIN","ECM-Receptor","KEGG: hsa04512","healthy",-0.0756007067114269,25.2846299810247,39.686991134431,1.09617998387515e-92,-0.525452963356589,34.6428571428571,59.4634873323398,0.0121685621244691
"Sertoli","Myoid","TNN","ITGA9_ITGB1",0.000148048327705849,0,"TNN_ITGA9_ITGB1","TNN - (ITGA9+ITGB1)","TENASCIN","ECM-Receptor","KEGG: hsa04512","healthy",-0.0756007067114269,25.2846299810247,39.686991134431,1.09617998387515e-92,-0.821760865055333,25.7425742574257,66.7610953729934,4.37241914895527e-11
"Sertoli","Fibroblast","TNN","ITGA9_ITGB1",3.07151923759377e-05,0,"TNN_ITGA9_ITGB1","TNN - (ITGA9+ITGB1)","TENASCIN","ECM-Receptor","KEGG: hsa04512","healthy",-0.0756007067114269,25.2846299810247,39.686991134431,1.09617998387515e-92,-0.161750465156785,22.6277372262774,30.9615384615385,0.00230161282045008
"Sertoli","Endothelial","TNN","ITGA9_ITGB1",1.34958541950547e-05,0,"TNN_ITGA9_ITGB1","TNN - (ITGA9+ITGB1)","TENASCIN","ECM-Receptor","KEGG: hsa04512","healthy",-0.0756007067114269,25.2846299810247,39.686991134431,1.09617998387515e-92,-0.344933344019648,23.4375,37.3626373626374,0.000164279546867254
"Spermatocyte","SSC","TNXB","ITGA9_ITGB1",2.91116268794379e-05,0,"TNXB_ITGA9_ITGB1","TNXB - (ITGA9+ITGB1)","TENASCIN","ECM-Receptor","KEGG: hsa04512","healthy",-0.261396104024916,8.62944162436548,42.601557566828,7.23162316159962e-17,0.144139046048517,37.007874015748,26.9549763033175,0.00114529661654636
"Spermatocyte","Spermatocyte","TNXB","ITGA9_ITGB1",4.87906225400184e-05,0.04,"TNXB_ITGA9_ITGB1","TNXB - (ITGA9+ITGB1)","TENASCIN","ECM-Receptor","KEGG: hsa04512","healthy",-0.261396104024916,8.62944162436548,42.601557566828,7.23162316159962e-17,NA,NA,NA,NA
"Spermatocyte","Spermatid","TNXB","ITGA9_ITGB1",2.98786950414636e-05,0.02,"TNXB_ITGA9_ITGB1","TNXB - (ITGA9+ITGB1)","TENASCIN","ECM-Receptor","KEGG: hsa04512","healthy",-0.261396104024916,8.62944162436548,42.601557566828,7.23162316159962e-17,-0.125579929424091,30.4635761589404,44.4716585024493,0.0147681044881152
"Spermatocyte","Sertoli","TNXB","ITGA9_ITGB1",0.000320174011572277,0,"TNXB_ITGA9_ITGB1","TNXB - (ITGA9+ITGB1)","TENASCIN","ECM-Receptor","KEGG: hsa04512","healthy",-0.261396104024916,8.62944162436548,42.601557566828,7.23162316159962e-17,-0.322590950404395,27.9933586337761,56.6084675230686,3.82146728778334e-224
"Sertoli","Sertoli","TNXB","ITGA9_ITGB1",0.000258322123861111,0,"TNXB_ITGA9_ITGB1","TNXB - (ITGA9+ITGB1)","TENASCIN","ECM-Receptor","KEGG: hsa04512","healthy",-0.120020333281519,10.5123339658444,28.424099873349,1.06794842915539e-247,-0.322590950404395,27.9933586337761,56.6084675230686,3.82146728778334e-224
"Spermatocyte","Leydig","TNXB","ITGA9_ITGB1",0.000234720771722933,0,"TNXB_ITGA9_ITGB1","TNXB - (ITGA9+ITGB1)","TENASCIN","ECM-Receptor","KEGG: hsa04512","healthy",-0.261396104024916,8.62944162436548,42.601557566828,7.23162316159962e-17,-0.525452963356589,34.6428571428571,59.4634873323398,0.0121685621244691
"Sertoli","Leydig","TNXB","ITGA9_ITGB1",0.000189906120821568,0,"TNXB_ITGA9_ITGB1","TNXB - (ITGA9+ITGB1)","TENASCIN","ECM-Receptor","KEGG: hsa04512","healthy",-0.120020333281519,10.5123339658444,28.424099873349,1.06794842915539e-247,-0.525452963356589,34.6428571428571,59.4634873323398,0.0121685621244691
"Spermatocyte","Myoid","TNXB","ITGA9_ITGB1",7.58887688872333e-05,0,"TNXB_ITGA9_ITGB1","TNXB - (ITGA9+ITGB1)","TENASCIN","ECM-Receptor","KEGG: hsa04512","healthy",-0.261396104024916,8.62944162436548,42.601557566828,7.23162316159962e-17,-0.821760865055333,25.7425742574257,66.7610953729934,4.37241914895527e-11
"Sertoli","Myoid","TNXB","ITGA9_ITGB1",6.14777490370663e-05,0,"TNXB_ITGA9_ITGB1","TNXB - (ITGA9+ITGB1)","TENASCIN","ECM-Receptor","KEGG: hsa04512","healthy",-0.120020333281519,10.5123339658444,28.424099873349,1.06794842915539e-247,-0.821760865055333,25.7425742574257,66.7610953729934,4.37241914895527e-11
"Spermatocyte","Fibroblast","TNXB","ITGA9_ITGB1",1.57598287323515e-05,0,"TNXB_ITGA9_ITGB1","TNXB - (ITGA9+ITGB1)","TENASCIN","ECM-Receptor","KEGG: hsa04512","healthy",-0.261396104024916,8.62944162436548,42.601557566828,7.23162316159962e-17,-0.161750465156785,22.6277372262774,30.9615384615385,0.00230161282045008
"Sertoli","Fibroblast","TNXB","ITGA9_ITGB1",1.27169340103306e-05,0.01,"TNXB_ITGA9_ITGB1","TNXB - (ITGA9+ITGB1)","TENASCIN","ECM-Receptor","KEGG: hsa04512","healthy",-0.120020333281519,10.5123339658444,28.424099873349,1.06794842915539e-247,-0.161750465156785,22.6277372262774,30.9615384615385,0.00230161282045008
"Spermatocyte","Endothelial","TNXB","ITGA9_ITGB1",6.92547039894915e-06,0,"TNXB_ITGA9_ITGB1","TNXB - (ITGA9+ITGB1)","TENASCIN","ECM-Receptor","KEGG: hsa04512","healthy",-0.261396104024916,8.62944162436548,42.601557566828,7.23162316159962e-17,-0.344933344019648,23.4375,37.3626373626374,0.000164279546867254
"Myoid","SSC","COL1A2","ITGA9_ITGB1",1.24759645699299e-05,0,"COL1A2_ITGA9_ITGB1","COL1A2 - (ITGA9+ITGB1)","COLLAGEN","ECM-Receptor","KEGG: hsa04512","healthy",-0.365741681886821,15.8415841584158,39.1879131255902,2.9172939964447e-05,0.144139046048517,37.007874015748,26.9549763033175,0.00114529661654636
"Myoid","Spermatocyte","COL1A2","ITGA9_ITGB1",2.09290742901476e-05,0,"COL1A2_ITGA9_ITGB1","COL1A2 - (ITGA9+ITGB1)","COLLAGEN","ECM-Receptor","KEGG: hsa04512","healthy",-0.365741681886821,15.8415841584158,39.1879131255902,2.9172939964447e-05,NA,NA,NA,NA
"Myoid","Spermatid","COL1A2","ITGA9_ITGB1",1.28163548420628e-05,0,"COL1A2_ITGA9_ITGB1","COL1A2 - (ITGA9+ITGB1)","COLLAGEN","ECM-Receptor","KEGG: hsa04512","healthy",-0.365741681886821,15.8415841584158,39.1879131255902,2.9172939964447e-05,-0.125579929424091,30.4635761589404,44.4716585024493,0.0147681044881152
"Myoid","Sertoli","COL1A2","ITGA9_ITGB1",0.000136997501389177,0,"COL1A2_ITGA9_ITGB1","COL1A2 - (ITGA9+ITGB1)","COLLAGEN","ECM-Receptor","KEGG: hsa04512","healthy",-0.365741681886821,15.8415841584158,39.1879131255902,2.9172939964447e-05,-0.322590950404395,27.9933586337761,56.6084675230686,3.82146728778334e-224
"Myoid","Leydig","COL1A2","ITGA9_ITGB1",0.000100040917568036,0,"COL1A2_ITGA9_ITGB1","COL1A2 - (ITGA9+ITGB1)","COLLAGEN","ECM-Receptor","KEGG: hsa04512","healthy",-0.365741681886821,15.8415841584158,39.1879131255902,2.9172939964447e-05,-0.525452963356589,34.6428571428571,59.4634873323398,0.0121685621244691
"Myoid","Myoid","COL1A2","ITGA9_ITGB1",3.22872828340435e-05,0,"COL1A2_ITGA9_ITGB1","COL1A2 - (ITGA9+ITGB1)","COLLAGEN","ECM-Receptor","KEGG: hsa04512","healthy",-0.365741681886821,15.8415841584158,39.1879131255902,2.9172939964447e-05,-0.821760865055333,25.7425742574257,66.7610953729934,4.37241914895527e-11
"Myoid","Fibroblast","COL1A2","ITGA9_ITGB1",6.74217597256807e-06,0,"COL1A2_ITGA9_ITGB1","COL1A2 - (ITGA9+ITGB1)","COLLAGEN","ECM-Receptor","KEGG: hsa04512","healthy",-0.365741681886821,15.8415841584158,39.1879131255902,2.9172939964447e-05,-0.161750465156785,22.6277372262774,30.9615384615385,0.00230161282045008
"Myoid","Endothelial","COL1A2","ITGA9_ITGB1",2.96472740603914e-06,0,"COL1A2_ITGA9_ITGB1","COL1A2 - (ITGA9+ITGB1)","COLLAGEN","ECM-Receptor","KEGG: hsa04512","healthy",-0.365741681886821,15.8415841584158,39.1879131255902,2.9172939964447e-05,-0.344933344019648,23.4375,37.3626373626374,0.000164279546867254
"Myoid","SSC","COL4A1","ITGA9_ITGB1",3.05192435330482e-05,0,"COL4A1_ITGA9_ITGB1","COL4A1 - (ITGA9+ITGB1)","COLLAGEN","ECM-Receptor","KEGG: hsa04512","healthy",-0.223320774552055,34.6534653465347,54.4853635505194,0.0341520247451432,0.144139046048517,37.007874015748,26.9549763033175,0.00114529661654636
"Fibroblast","SSC","COL4A1","ITGA9_ITGB1",8.30817187617053e-06,0,"COL4A1_ITGA9_ITGB1","COL4A1 - (ITGA9+ITGB1)","COLLAGEN","ECM-Receptor","KEGG: hsa04512","healthy",-0.172932474048987,34.4525547445255,42.5,0.00992079987922331,0.144139046048517,37.007874015748,26.9549763033175,0.00114529661654636
"Myoid","Spermatocyte","COL4A1","ITGA9_ITGB1",5.1342327065217e-05,0,"COL4A1_ITGA9_ITGB1","COL4A1 - (ITGA9+ITGB1)","COLLAGEN","ECM-Receptor","KEGG: hsa04512","healthy",-0.223320774552055,34.6534653465347,54.4853635505194,0.0341520247451432,NA,NA,NA,NA
"Myoid","Spermatid","COL4A1","ITGA9_ITGB1",3.14381872211125e-05,0,"COL4A1_ITGA9_ITGB1","COL4A1 - (ITGA9+ITGB1)","COLLAGEN","ECM-Receptor","KEGG: hsa04512","healthy",-0.223320774552055,34.6534653465347,54.4853635505194,0.0341520247451432,-0.125579929424091,30.4635761589404,44.4716585024493,0.0147681044881152
"Myoid","Sertoli","COL4A1","ITGA9_ITGB1",0.000333553945509108,0,"COL4A1_ITGA9_ITGB1","COL4A1 - (ITGA9+ITGB1)","COLLAGEN","ECM-Receptor","KEGG: hsa04512","healthy",-0.223320774552055,34.6534653465347,54.4853635505194,0.0341520247451432,-0.322590950404395,27.9933586337761,56.6084675230686,3.82146728778334e-224
"Fibroblast","Sertoli","COL4A1","ITGA9_ITGB1",9.11253323393978e-05,0,"COL4A1_ITGA9_ITGB1","COL4A1 - (ITGA9+ITGB1)","COLLAGEN","ECM-Receptor","KEGG: hsa04512","healthy",-0.172932474048987,34.4525547445255,42.5,0.00992079987922331,-0.322590950404395,27.9933586337761,56.6084675230686,3.82146728778334e-224
"Myoid","Leydig","COL4A1","ITGA9_ITGB1",0.000240756475100647,0,"COL4A1_ITGA9_ITGB1","COL4A1 - (ITGA9+ITGB1)","COLLAGEN","ECM-Receptor","KEGG: hsa04512","healthy",-0.223320774552055,34.6534653465347,54.4853635505194,0.0341520247451432,-0.525452963356589,34.6428571428571,59.4634873323398,0.0121685621244691
"Fibroblast","Leydig","COL4A1","ITGA9_ITGB1",6.6351338174591e-05,0,"COL4A1_ITGA9_ITGB1","COL4A1 - (ITGA9+ITGB1)","COLLAGEN","ECM-Receptor","KEGG: hsa04512","healthy",-0.172932474048987,34.4525547445255,42.5,0.00992079987922331,-0.525452963356589,34.6428571428571,59.4634873323398,0.0121685621244691
"Myoid","Myoid","COL4A1","ITGA9_ITGB1",7.72970537751561e-05,0,"COL4A1_ITGA9_ITGB1","COL4A1 - (ITGA9+ITGB1)","COLLAGEN","ECM-Receptor","KEGG: hsa04512","healthy",-0.223320774552055,34.6534653465347,54.4853635505194,0.0341520247451432,-0.821760865055333,25.7425742574257,66.7610953729934,4.37241914895527e-11
"Fibroblast","Myoid","COL4A1","ITGA9_ITGB1",2.13863508059314e-05,0,"COL4A1_ITGA9_ITGB1","COL4A1 - (ITGA9+ITGB1)","COLLAGEN","ECM-Receptor","KEGG: hsa04512","healthy",-0.172932474048987,34.4525547445255,42.5,0.00992079987922331,-0.821760865055333,25.7425742574257,66.7610953729934,4.37241914895527e-11
"Myoid","Fibroblast","COL4A1","ITGA9_ITGB1",1.64066557051813e-05,0,"COL4A1_ITGA9_ITGB1","COL4A1 - (ITGA9+ITGB1)","COLLAGEN","ECM-Receptor","KEGG: hsa04512","healthy",-0.223320774552055,34.6534653465347,54.4853635505194,0.0341520247451432,-0.161750465156785,22.6277372262774,30.9615384615385,0.00230161282045008
"Fibroblast","Fibroblast","COL4A1","ITGA9_ITGB1",4.48403349237382e-06,0,"COL4A1_ITGA9_ITGB1","COL4A1 - (ITGA9+ITGB1)","COLLAGEN","ECM-Receptor","KEGG: hsa04512","healthy",-0.172932474048987,34.4525547445255,42.5,0.00992079987922331,-0.161750465156785,22.6277372262774,30.9615384615385,0.00230161282045008
"Myoid","Endothelial","COL4A1","ITGA9_ITGB1",7.22877161020066e-06,0,"COL4A1_ITGA9_ITGB1","COL4A1 - (ITGA9+ITGB1)","COLLAGEN","ECM-Receptor","KEGG: hsa04512","healthy",-0.223320774552055,34.6534653465347,54.4853635505194,0.0341520247451432,-0.344933344019648,23.4375,37.3626373626374,0.000164279546867254
"Fibroblast","Endothelial","COL4A1","ITGA9_ITGB1",1.97272235022416e-06,0,"COL4A1_ITGA9_ITGB1","COL4A1 - (ITGA9+ITGB1)","COLLAGEN","ECM-Receptor","KEGG: hsa04512","healthy",-0.172932474048987,34.4525547445255,42.5,0.00992079987922331,-0.344933344019648,23.4375,37.3626373626374,0.000164279546867254
"Myoid","SSC","COL4A3","ITGA9_ITGB1",2.78581966147207e-05,0,"COL4A3_ITGA9_ITGB1","COL4A3 - (ITGA9+ITGB1)","COLLAGEN","ECM-Receptor","KEGG: hsa04512","healthy",-0.973810940880146,2.97029702970297,51.3692162417375,4.49414345029575e-18,0.144139046048517,37.007874015748,26.9549763033175,0.00114529661654636
"Myoid","Spermatocyte","COL4A3","ITGA9_ITGB1",4.68461353354731e-05,0,"COL4A3_ITGA9_ITGB1","COL4A3 - (ITGA9+ITGB1)","COLLAGEN","ECM-Receptor","KEGG: hsa04512","healthy",-0.973810940880146,2.97029702970297,51.3692162417375,4.49414345029575e-18,NA,NA,NA,NA
"Myoid","Spermatid","COL4A3","ITGA9_ITGB1",2.86853747926088e-05,0,"COL4A3_ITGA9_ITGB1","COL4A3 - (ITGA9+ITGB1)","COLLAGEN","ECM-Receptor","KEGG: hsa04512","healthy",-0.973810940880146,2.97029702970297,51.3692162417375,4.49414345029575e-18,-0.125579929424091,30.4635761589404,44.4716585024493,0.0147681044881152
"Sertoli","Sertoli","COL4A3","ITGA9_ITGB1",0.00099313332530931,0,"COL4A3_ITGA9_ITGB1","COL4A3 - (ITGA9+ITGB1)","COLLAGEN","ECM-Receptor","KEGG: hsa04512","healthy",-0.478271962361618,6.6034155597723,44.8887280622399,0,-0.322590950404395,27.9933586337761,56.6084675230686,3.82146728778334e-224
"Leydig","Sertoli","COL4A3","ITGA9_ITGB1",0.000310617004288634,0,"COL4A3_ITGA9_ITGB1","COL4A3 - (ITGA9+ITGB1)","COLLAGEN","ECM-Receptor","KEGG: hsa04512","healthy",-0.226972652488635,12.1428571428571,26.6517635370094,0.000178789359724119,-0.322590950404395,27.9933586337761,56.6084675230686,3.82146728778334e-224
"Myoid","Sertoli","COL4A3","ITGA9_ITGB1",0.000304681781965755,0,"COL4A3_ITGA9_ITGB1","COL4A3 - (ITGA9+ITGB1)","COLLAGEN","ECM-Receptor","KEGG: hsa04512","healthy",-0.973810940880146,2.97029702970297,51.3692162417375,4.49414345029575e-18,-0.322590950404395,27.9933586337761,56.6084675230686,3.82146728778334e-224
"Sertoli","Leydig","COL4A3","ITGA9_ITGB1",0.00072703643525655,0,"COL4A3_ITGA9_ITGB1","COL4A3 - (ITGA9+ITGB1)","COLLAGEN","ECM-Receptor","KEGG: hsa04512","healthy",-0.478271962361618,6.6034155597723,44.8887280622399,0,-0.525452963356589,34.6428571428571,59.4634873323398,0.0121685621244691
"Leydig","Leydig","COL4A3","ITGA9_ITGB1",0.000227573866252082,0,"COL4A3_ITGA9_ITGB1","COL4A3 - (ITGA9+ITGB1)","COLLAGEN","ECM-Receptor","KEGG: hsa04512","healthy",-0.226972652488635,12.1428571428571,26.6517635370094,0.000178789359724119,-0.525452963356589,34.6428571428571,59.4634873323398,0.0121685621244691
"Myoid","Leydig","COL4A3","ITGA9_ITGB1",0.000220291104587288,0,"COL4A3_ITGA9_ITGB1","COL4A3 - (ITGA9+ITGB1)","COLLAGEN","ECM-Receptor","KEGG: hsa04512","healthy",-0.973810940880146,2.97029702970297,51.3692162417375,4.49414345029575e-18,-0.525452963356589,34.6428571428571,59.4634873323398,0.0121685621244691
"Sertoli","Myoid","COL4A3","ITGA9_ITGB1",0.00023491002688057,0,"COL4A3_ITGA9_ITGB1","COL4A3 - (ITGA9+ITGB1)","COLLAGEN","ECM-Receptor","KEGG: hsa04512","healthy",-0.478271962361618,6.6034155597723,44.8887280622399,0,-0.821760865055333,25.7425742574257,66.7610953729934,4.37241914895527e-11
"Leydig","Myoid","COL4A3","ITGA9_ITGB1",7.35573799877517e-05,0,"COL4A3_ITGA9_ITGB1","COL4A3 - (ITGA9+ITGB1)","COLLAGEN","ECM-Receptor","KEGG: hsa04512","healthy",-0.226972652488635,12.1428571428571,26.6517635370094,0.000178789359724119,-0.821760865055333,25.7425742574257,66.7610953729934,4.37241914895527e-11
"Myoid","Myoid","COL4A3","ITGA9_ITGB1",7.07800994810101e-05,0,"COL4A3_ITGA9_ITGB1","COL4A3 - (ITGA9+ITGB1)","COLLAGEN","ECM-Receptor","KEGG: hsa04512","healthy",-0.973810940880146,2.97029702970297,51.3692162417375,4.49414345029575e-18,-0.821760865055333,25.7425742574257,66.7610953729934,4.37241914895527e-11
"Sertoli","Fibroblast","COL4A3","ITGA9_ITGB1",4.88815218193914e-05,0,"COL4A3_ITGA9_ITGB1","COL4A3 - (ITGA9+ITGB1)","COLLAGEN","ECM-Receptor","KEGG: hsa04512","healthy",-0.478271962361618,6.6034155597723,44.8887280622399,0,-0.161750465156785,22.6277372262774,30.9615384615385,0.00230161282045008
"Leydig","Fibroblast","COL4A3","ITGA9_ITGB1",1.52889745991803e-05,0,"COL4A3_ITGA9_ITGB1","COL4A3 - (ITGA9+ITGB1)","COLLAGEN","ECM-Receptor","KEGG: hsa04512","healthy",-0.226972652488635,12.1428571428571,26.6517635370094,0.000178789359724119,-0.161750465156785,22.6277372262774,30.9615384615385,0.00230161282045008
"Myoid","Fibroblast","COL4A3","ITGA9_ITGB1",1.49876917895634e-05,0,"COL4A3_ITGA9_ITGB1","COL4A3 - (ITGA9+ITGB1)","COLLAGEN","ECM-Receptor","KEGG: hsa04512","healthy",-0.973810940880146,2.97029702970297,51.3692162417375,4.49414345029575e-18,-0.161750465156785,22.6277372262774,30.9615384615385,0.00230161282045008
"Sertoli","Endothelial","COL4A3","ITGA9_ITGB1",2.14855479889637e-05,0.01,"COL4A3_ITGA9_ITGB1","COL4A3 - (ITGA9+ITGB1)","COLLAGEN","ECM-Receptor","KEGG: hsa04512","healthy",-0.478271962361618,6.6034155597723,44.8887280622399,0,-0.344933344019648,23.4375,37.3626373626374,0.000164279546867254
"Leydig","Endothelial","COL4A3","ITGA9_ITGB1",6.7192581775116e-06,0.03,"COL4A3_ITGA9_ITGB1","COL4A3 - (ITGA9+ITGB1)","COLLAGEN","ECM-Receptor","KEGG: hsa04512","healthy",-0.226972652488635,12.1428571428571,26.6517635370094,0.000178789359724119,-0.344933344019648,23.4375,37.3626373626374,0.000164279546867254
"Myoid","Endothelial","COL4A3","ITGA9_ITGB1",6.60165545813658e-06,0,"COL4A3_ITGA9_ITGB1","COL4A3 - (ITGA9+ITGB1)","COLLAGEN","ECM-Receptor","KEGG: hsa04512","healthy",-0.973810940880146,2.97029702970297,51.3692162417375,4.49414345029575e-18,-0.344933344019648,23.4375,37.3626373626374,0.000164279546867254
"Sertoli","SSC","COL4A4","ITGA9_ITGB1",3.51737671588927e-05,0,"COL4A4_ITGA9_ITGB1","COL4A4 - (ITGA9+ITGB1)","COLLAGEN","ECM-Receptor","KEGG: hsa04512","healthy",-0.215149590766768,4.37381404174573,30.1248416862674,0,0.144139046048517,37.007874015748,26.9549763033175,0.00114529661654636
"Leydig","SSC","COL4A4","ITGA9_ITGB1",2.69365067099335e-05,0,"COL4A4_ITGA9_ITGB1","COL4A4 - (ITGA9+ITGB1)","COLLAGEN","ECM-Receptor","KEGG: hsa04512","healthy",-0.207987262508835,11.4285714285714,26.5027322404372,0.000190773956943104,0.144139046048517,37.007874015748,26.9549763033175,0.00114529661654636
"Myoid","SSC","COL4A4","ITGA9_ITGB1",2.85165007385597e-05,0,"COL4A4_ITGA9_ITGB1","COL4A4 - (ITGA9+ITGB1)","COLLAGEN","ECM-Receptor","KEGG: hsa04512","healthy",-0.980680488571387,2.97029702970297,52.0302171860246,1.14963451040933e-18,0.144139046048517,37.007874015748,26.9549763033175,0.00114529661654636
"Sertoli","Spermatocyte","COL4A4","ITGA9_ITGB1",5.89219873446642e-05,0,"COL4A4_ITGA9_ITGB1","COL4A4 - (ITGA9+ITGB1)","COLLAGEN","ECM-Receptor","KEGG: hsa04512","healthy",-0.215149590766768,4.37381404174573,30.1248416862674,0,NA,NA,NA,NA
"Leydig","Spermatocyte","COL4A4","ITGA9_ITGB1",4.51493584115507e-05,0,"COL4A4_ITGA9_ITGB1","COL4A4 - (ITGA9+ITGB1)","COLLAGEN","ECM-Receptor","KEGG: hsa04512","healthy",-0.207987262508835,11.4285714285714,26.5027322404372,0.000190773956943104,NA,NA,NA,NA
"Myoid","Spermatocyte","COL4A4","ITGA9_ITGB1",4.79580785908185e-05,0,"COL4A4_ITGA9_ITGB1","COL4A4 - (ITGA9+ITGB1)","COLLAGEN","ECM-Receptor","KEGG: hsa04512","healthy",-0.980680488571387,2.97029702970297,52.0302171860246,1.14963451040933e-18,NA,NA,NA,NA
"Sertoli","Spermatid","COL4A4","ITGA9_ITGB1",3.60834664277715e-05,0,"COL4A4_ITGA9_ITGB1","COL4A4 - (ITGA9+ITGB1)","COLLAGEN","ECM-Receptor","KEGG: hsa04512","healthy",-0.215149590766768,4.37381404174573,30.1248416862674,0,-0.125579929424091,30.4635761589404,44.4716585024493,0.0147681044881152
"Leydig","Spermatid","COL4A4","ITGA9_ITGB1",2.76487676037658e-05,0,"COL4A4_ITGA9_ITGB1","COL4A4 - (ITGA9+ITGB1)","COLLAGEN","ECM-Receptor","KEGG: hsa04512","healthy",-0.207987262508835,11.4285714285714,26.5027322404372,0.000190773956943104,-0.125579929424091,30.4635761589404,44.4716585024493,0.0147681044881152
"Myoid","Spermatid","COL4A4","ITGA9_ITGB1",2.93661724386991e-05,0,"COL4A4_ITGA9_ITGB1","COL4A4 - (ITGA9+ITGB1)","COLLAGEN","ECM-Receptor","KEGG: hsa04512","healthy",-0.980680488571387,2.97029702970297,52.0302171860246,1.14963451040933e-18,-0.125579929424091,30.4635761589404,44.4716585024493,0.0147681044881152
"Sertoli","Sertoli","COL4A4","ITGA9_ITGB1",0.000387162924353636,0,"COL4A4_ITGA9_ITGB1","COL4A4 - (ITGA9+ITGB1)","COLLAGEN","ECM-Receptor","KEGG: hsa04512","healthy",-0.215149590766768,4.37381404174573,30.1248416862674,0,-0.322590950404395,27.9933586337761,56.6084675230686,3.82146728778334e-224
"Leydig","Sertoli","COL4A4","ITGA9_ITGB1",0.000296205405622039,0,"COL4A4_ITGA9_ITGB1","COL4A4 - (ITGA9+ITGB1)","COLLAGEN","ECM-Receptor","KEGG: hsa04512","healthy",-0.207987262508835,11.4285714285714,26.5027322404372,0.000190773956943104,-0.322590950404395,27.9933586337761,56.6084675230686,3.82146728778334e-224
"Myoid","Sertoli","COL4A4","ITGA9_ITGB1",0.000311828061804971,0,"COL4A4_ITGA9_ITGB1","COL4A4 - (ITGA9+ITGB1)","COLLAGEN","ECM-Receptor","KEGG: hsa04512","healthy",-0.980680488571387,2.97029702970297,52.0302171860246,1.14963451040933e-18,-0.322590950404395,27.9933586337761,56.6084675230686,3.82146728778334e-224
"Sertoli","Leydig","COL4A4","ITGA9_ITGB1",0.000284413309284721,0,"COL4A4_ITGA9_ITGB1","COL4A4 - (ITGA9+ITGB1)","COLLAGEN","ECM-Receptor","KEGG: hsa04512","healthy",-0.215149590766768,4.37381404174573,30.1248416862674,0,-0.525452963356589,34.6428571428571,59.4634873323398,0.0121685621244691
"Leydig","Leydig","COL4A4","ITGA9_ITGB1",0.000217064349278257,0,"COL4A4_ITGA9_ITGB1","COL4A4 - (ITGA9+ITGB1)","COLLAGEN","ECM-Receptor","KEGG: hsa04512","healthy",-0.207987262508835,11.4285714285714,26.5027322404372,0.000190773956943104,-0.525452963356589,34.6428571428571,59.4634873323398,0.0121685621244691
"Myoid","Leydig","COL4A4","ITGA9_ITGB1",0.000225363066161626,0,"COL4A4_ITGA9_ITGB1","COL4A4 - (ITGA9+ITGB1)","COLLAGEN","ECM-Receptor","KEGG: hsa04512","healthy",-0.980680488571387,2.97029702970297,52.0302171860246,1.14963451040933e-18,-0.525452963356589,34.6428571428571,59.4634873323398,0.0121685621244691
"Sertoli","Myoid","COL4A4","ITGA9_ITGB1",9.20411680028226e-05,0,"COL4A4_ITGA9_ITGB1","COL4A4 - (ITGA9+ITGB1)","COLLAGEN","ECM-Receptor","KEGG: hsa04512","healthy",-0.215149590766768,4.37381404174573,30.1248416862674,0,-0.821760865055333,25.7425742574257,66.7610953729934,4.37241914895527e-11
"Leydig","Myoid","COL4A4","ITGA9_ITGB1",7.01676809999073e-05,0,"COL4A4_ITGA9_ITGB1","COL4A4 - (ITGA9+ITGB1)","COLLAGEN","ECM-Receptor","KEGG: hsa04512","healthy",-0.207987262508835,11.4285714285714,26.5027322404372,0.000190773956943104,-0.821760865055333,25.7425742574257,66.7610953729934,4.37241914895527e-11
"Myoid","Myoid","COL4A4","ITGA9_ITGB1",7.23961265885319e-05,0,"COL4A4_ITGA9_ITGB1","COL4A4 - (ITGA9+ITGB1)","COLLAGEN","ECM-Receptor","KEGG: hsa04512","healthy",-0.980680488571387,2.97029702970297,52.0302171860246,1.14963451040933e-18,-0.821760865055333,25.7425742574257,66.7610953729934,4.37241914895527e-11
"Sertoli","Fibroblast","COL4A4","ITGA9_ITGB1",1.90589911314406e-05,0,"COL4A4_ITGA9_ITGB1","COL4A4 - (ITGA9+ITGB1)","COLLAGEN","ECM-Receptor","KEGG: hsa04512","healthy",-0.215149590766768,4.37381404174573,30.1248416862674,0,-0.161750465156785,22.6277372262774,30.9615384615385,0.00230161282045008
"Leydig","Fibroblast","COL4A4","ITGA9_ITGB1",1.45797681083796e-05,0,"COL4A4_ITGA9_ITGB1","COL4A4 - (ITGA9+ITGB1)","COLLAGEN","ECM-Receptor","KEGG: hsa04512","healthy",-0.207987262508835,11.4285714285714,26.5027322404372,0.000190773956943104,-0.161750465156785,22.6277372262774,30.9615384615385,0.00230161282045008
"Myoid","Fibroblast","COL4A4","ITGA9_ITGB1",1.53389268324628e-05,0,"COL4A4_ITGA9_ITGB1","COL4A4 - (ITGA9+ITGB1)","COLLAGEN","ECM-Receptor","KEGG: hsa04512","healthy",-0.980680488571387,2.97029702970297,52.0302171860246,1.14963451040933e-18,-0.161750465156785,22.6277372262774,30.9615384615385,0.00230161282045008
"Sertoli","Endothelial","COL4A4","ITGA9_ITGB1",8.37235994528835e-06,0,"COL4A4_ITGA9_ITGB1","COL4A4 - (ITGA9+ITGB1)","COLLAGEN","ECM-Receptor","KEGG: hsa04512","healthy",-0.215149590766768,4.37381404174573,30.1248416862674,0,-0.344933344019648,23.4375,37.3626373626374,0.000164279546867254
"Leydig","Endothelial","COL4A4","ITGA9_ITGB1",6.4073288808921e-06,0,"COL4A4_ITGA9_ITGB1","COL4A4 - (ITGA9+ITGB1)","COLLAGEN","ECM-Receptor","KEGG: hsa04512","healthy",-0.207987262508835,11.4285714285714,26.5027322404372,0.000190773956943104,-0.344933344019648,23.4375,37.3626373626374,0.000164279546867254
"Myoid","Endothelial","COL4A4","ITGA9_ITGB1",6.75685105848962e-06,0,"COL4A4_ITGA9_ITGB1","COL4A4 - (ITGA9+ITGB1)","COLLAGEN","ECM-Receptor","KEGG: hsa04512","healthy",-0.980680488571387,2.97029702970297,52.0302171860246,1.14963451040933e-18,-0.344933344019648,23.4375,37.3626373626374,0.000164279546867254
"Leydig","SSC","COL6A3","ITGA9_ITGB1",4.71242890285664e-05,0,"COL6A3_ITGA9_ITGB1","COL6A3 - (ITGA9+ITGB1)","COLLAGEN","ECM-Receptor","KEGG: hsa04512","healthy",-0.383796941991021,14.2857142857143,35.0471932439146,1.81814129776072e-06,0.144139046048517,37.007874015748,26.9549763033175,0.00114529661654636
"Myoid","SSC","COL6A3","ITGA9_ITGB1",4.58114458100784e-05,0,"COL6A3_ITGA9_ITGB1","COL6A3 - (ITGA9+ITGB1)","COLLAGEN","ECM-Receptor","KEGG: hsa04512","healthy",-1.20612806048196,9.9009900990099,66.5722379603399,2.70063234313175e-21,0.144139046048517,37.007874015748,26.9549763033175,0.00114529661654636
"Fibroblast","SSC","COL6A3","ITGA9_ITGB1",9.83023664654472e-06,0,"COL6A3_ITGA9_ITGB1","COL6A3 - (ITGA9+ITGB1)","COLLAGEN","ECM-Receptor","KEGG: hsa04512","healthy",-0.54818969811385,27.4452554744526,48.6538461538462,1.58364151236157e-14,0.144139046048517,37.007874015748,26.9549763033175,0.00114529661654636
"Leydig","Spermatocyte","COL6A3","ITGA9_ITGB1",7.9052433649922e-05,0,"COL6A3_ITGA9_ITGB1","COL6A3 - (ITGA9+ITGB1)","COLLAGEN","ECM-Receptor","KEGG: hsa04512","healthy",-0.383796941991021,14.2857142857143,35.0471932439146,1.81814129776072e-06,NA,NA,NA,NA
"Myoid","Spermatocyte","COL6A3","ITGA9_ITGB1",7.72533786478831e-05,0,"COL6A3_ITGA9_ITGB1","COL6A3 - (ITGA9+ITGB1)","COLLAGEN","ECM-Receptor","KEGG: hsa04512","healthy",-1.20612806048196,9.9009900990099,66.5722379603399,2.70063234313175e-21,NA,NA,NA,NA
"Fibroblast","Spermatocyte","COL6A3","ITGA9_ITGB1",1.65101862535913e-05,0,"COL6A3_ITGA9_ITGB1","COL6A3 - (ITGA9+ITGB1)","COLLAGEN","ECM-Receptor","KEGG: hsa04512","healthy",-0.54818969811385,27.4452554744526,48.6538461538462,1.58364151236157e-14,NA,NA,NA,NA
"Leydig","Spermatid","COL6A3","ITGA9_ITGB1",4.84094214653886e-05,0,"COL6A3_ITGA9_ITGB1","COL6A3 - (ITGA9+ITGB1)","COLLAGEN","ECM-Receptor","KEGG: hsa04512","healthy",-0.383796941991021,14.2857142857143,35.0471932439146,1.81814129776072e-06,-0.125579929424091,30.4635761589404,44.4716585024493,0.0147681044881152
"Myoid","Spermatid","COL6A3","ITGA9_ITGB1",4.73011494018649e-05,0,"COL6A3_ITGA9_ITGB1","COL6A3 - (ITGA9+ITGB1)","COLLAGEN","ECM-Receptor","KEGG: hsa04512","healthy",-1.20612806048196,9.9009900990099,66.5722379603399,2.70063234313175e-21,-0.125579929424091,30.4635761589404,44.4716585024493,0.0147681044881152
"Fibroblast","Spermatid","COL6A3","ITGA9_ITGB1",1.01100402980486e-05,0,"COL6A3_ITGA9_ITGB1","COL6A3 - (ITGA9+ITGB1)","COLLAGEN","ECM-Receptor","KEGG: hsa04512","healthy",-0.54818969811385,27.4452554744526,48.6538461538462,1.58364151236157e-14,-0.125579929424091,30.4635761589404,44.4716585024493,0.0147681044881152
"Leydig","Sertoli","COL6A3","ITGA9_ITGB1",0.00051747868013708,0,"COL6A3_ITGA9_ITGB1","COL6A3 - (ITGA9+ITGB1)","COLLAGEN","ECM-Receptor","KEGG: hsa04512","healthy",-0.383796941991021,14.2857142857143,35.0471932439146,1.81814129776072e-06,-0.322590950404395,27.9933586337761,56.6084675230686,3.82146728778334e-224
"Myoid","Sertoli","COL6A3","ITGA9_ITGB1",0.000498700290455393,0,"COL6A3_ITGA9_ITGB1","COL6A3 - (ITGA9+ITGB1)","COLLAGEN","ECM-Receptor","KEGG: hsa04512","healthy",-1.20612806048196,9.9009900990099,66.5722379603399,2.70063234313175e-21,-0.322590950404395,27.9933586337761,56.6084675230686,3.82146728778334e-224
"Fibroblast","Sertoli","COL6A3","ITGA9_ITGB1",0.000107732272769149,0,"COL6A3_ITGA9_ITGB1","COL6A3 - (ITGA9+ITGB1)","COLLAGEN","ECM-Receptor","KEGG: hsa04512","healthy",-0.54818969811385,27.4452554744526,48.6538461538462,1.58364151236157e-14,-0.322590950404395,27.9933586337761,56.6084675230686,3.82146728778334e-224
"Leydig","Leydig","COL6A3","ITGA9_ITGB1",0.000377902906577587,0,"COL6A3_ITGA9_ITGB1","COL6A3 - (ITGA9+ITGB1)","COLLAGEN","ECM-Receptor","KEGG: hsa04512","healthy",-0.383796941991021,14.2857142857143,35.0471932439146,1.81814129776072e-06,-0.525452963356589,34.6428571428571,59.4634873323398,0.0121685621244691
"Myoid","Leydig","COL6A3","ITGA9_ITGB1",0.000356492890511957,0,"COL6A3_ITGA9_ITGB1","COL6A3 - (ITGA9+ITGB1)","COLLAGEN","ECM-Receptor","KEGG: hsa04512","healthy",-1.20612806048196,9.9009900990099,66.5722379603399,2.70063234313175e-21,-0.525452963356589,34.6428571428571,59.4634873323398,0.0121685621244691
"Fibroblast","Leydig","COL6A3","ITGA9_ITGB1",7.82862032186494e-05,0,"COL6A3_ITGA9_ITGB1","COL6A3 - (ITGA9+ITGB1)","COLLAGEN","ECM-Receptor","KEGG: hsa04512","healthy",-0.54818969811385,27.4452554744526,48.6538461538462,1.58364151236157e-14,-0.525452963356589,34.6428571428571,59.4634873323398,0.0121685621244691
"Leydig","Myoid","COL6A3","ITGA9_ITGB1",0.000121967568447197,0,"COL6A3_ITGA9_ITGB1","COL6A3 - (ITGA9+ITGB1)","COLLAGEN","ECM-Receptor","KEGG: hsa04512","healthy",-0.383796941991021,14.2857142857143,35.0471932439146,1.81814129776072e-06,-0.821760865055333,25.7425742574257,66.7610953729934,4.37241914895527e-11
"Myoid","Myoid","COL6A3","ITGA9_ITGB1",0.000113966857159795,0,"COL6A3_ITGA9_ITGB1","COL6A3 - (ITGA9+ITGB1)","COLLAGEN","ECM-Receptor","KEGG: hsa04512","healthy",-1.20612806048196,9.9009900990099,66.5722379603399,2.70063234313175e-21,-0.821760865055333,25.7425742574257,66.7610953729934,4.37241914895527e-11
"Fibroblast","Myoid","COL6A3","ITGA9_ITGB1",2.52104149309842e-05,0,"COL6A3_ITGA9_ITGB1","COL6A3 - (ITGA9+ITGB1)","COLLAGEN","ECM-Receptor","KEGG: hsa04512","healthy",-0.54818969811385,27.4452554744526,48.6538461538462,1.58364151236157e-14,-0.821760865055333,25.7425742574257,66.7610953729934,4.37241914895527e-11
"Leydig","Fibroblast","COL6A3","ITGA9_ITGB1",2.54671850584851e-05,0,"COL6A3_ITGA9_ITGB1","COL6A3 - (ITGA9+ITGB1)","COLLAGEN","ECM-Receptor","KEGG: hsa04512","healthy",-0.383796941991021,14.2857142857143,35.0471932439146,1.81814129776072e-06,-0.161750465156785,22.6277372262774,30.9615384615385,0.00230161282045008
"Myoid","Fibroblast","COL6A3","ITGA9_ITGB1",2.4518706343413e-05,0,"COL6A3_ITGA9_ITGB1","COL6A3 - (ITGA9+ITGB1)","COLLAGEN","ECM-Receptor","KEGG: hsa04512","healthy",-1.20612806048196,9.9009900990099,66.5722379603399,2.70063234313175e-21,-0.161750465156785,22.6277372262774,30.9615384615385,0.00230161282045008
"Fibroblast","Fibroblast","COL6A3","ITGA9_ITGB1",5.30072619137847e-06,0,"COL6A3_ITGA9_ITGB1","COL6A3 - (ITGA9+ITGB1)","COLLAGEN","ECM-Receptor","KEGG: hsa04512","healthy",-0.54818969811385,27.4452554744526,48.6538461538462,1.58364151236157e-14,-0.161750465156785,22.6277372262774,30.9615384615385,0.00230161282045008
"Leydig","Endothelial","COL6A3","ITGA9_ITGB1",1.11985497087811e-05,0,"COL6A3_ITGA9_ITGB1","COL6A3 - (ITGA9+ITGB1)","COLLAGEN","ECM-Receptor","KEGG: hsa04512","healthy",-0.383796941991021,14.2857142857143,35.0471932439146,1.81814129776072e-06,-0.344933344019648,23.4375,37.3626373626374,0.000164279546867254
"Myoid","Endothelial","COL6A3","ITGA9_ITGB1",1.08209392205151e-05,0,"COL6A3_ITGA9_ITGB1","COL6A3 - (ITGA9+ITGB1)","COLLAGEN","ECM-Receptor","KEGG: hsa04512","healthy",-1.20612806048196,9.9009900990099,66.5722379603399,2.70063234313175e-21,-0.344933344019648,23.4375,37.3626373626374,0.000164279546867254
"Fibroblast","Endothelial","COL6A3","ITGA9_ITGB1",2.33281554565919e-06,0,"COL6A3_ITGA9_ITGB1","COL6A3 - (ITGA9+ITGB1)","COLLAGEN","ECM-Receptor","KEGG: hsa04512","healthy",-0.54818969811385,27.4452554744526,48.6538461538462,1.58364151236157e-14,-0.344933344019648,23.4375,37.3626373626374,0.000164279546867254
"Sertoli","SSC","COL6A6","ITGA9_ITGB1",0.000216982660383508,0,"COL6A6_ITGA9_ITGB1","COL6A6 - (ITGA9+ITGB1)","COLLAGEN","ECM-Receptor","KEGG: hsa04512","healthy",-0.0631598772572424,43.2068311195446,57.8252216392256,1.17018452018222e-31,0.144139046048517,37.007874015748,26.9549763033175,0.00114529661654636
"Sertoli","Spermatocyte","COL6A6","ITGA9_ITGB1",0.000364472853610878,0,"COL6A6_ITGA9_ITGB1","COL6A6 - (ITGA9+ITGB1)","COLLAGEN","ECM-Receptor","KEGG: hsa04512","healthy",-0.0631598772572424,43.2068311195446,57.8252216392256,1.17018452018222e-31,NA,NA,NA,NA
"Sertoli","Spermatid","COL6A6","ITGA9_ITGB1",0.000223184852690556,0,"COL6A6_ITGA9_ITGB1","COL6A6 - (ITGA9+ITGB1)","COLLAGEN","ECM-Receptor","KEGG: hsa04512","healthy",-0.0631598772572424,43.2068311195446,57.8252216392256,1.17018452018222e-31,-0.125579929424091,30.4635761589404,44.4716585024493,0.0147681044881152
"Sertoli","Sertoli","COL6A6","ITGA9_ITGB1",0.00237749592214892,0,"COL6A6_ITGA9_ITGB1","COL6A6 - (ITGA9+ITGB1)","COLLAGEN","ECM-Receptor","KEGG: hsa04512","healthy",-0.0631598772572424,43.2068311195446,57.8252216392256,1.17018452018222e-31,-0.322590950404395,27.9933586337761,56.6084675230686,3.82146728778334e-224
"Sertoli","Leydig","COL6A6","ITGA9_ITGB1",0.00172680736220965,0,"COL6A6_ITGA9_ITGB1","COL6A6 - (ITGA9+ITGB1)","COLLAGEN","ECM-Receptor","KEGG: hsa04512","healthy",-0.0631598772572424,43.2068311195446,57.8252216392256,1.17018452018222e-31,-0.525452963356589,34.6428571428571,59.4634873323398,0.0121685621244691
"Sertoli","Myoid","COL6A6","ITGA9_ITGB1",0.000555957882188157,0,"COL6A6_ITGA9_ITGB1","COL6A6 - (ITGA9+ITGB1)","COLLAGEN","ECM-Receptor","KEGG: hsa04512","healthy",-0.0631598772572424,43.2068311195446,57.8252216392256,1.17018452018222e-31,-0.821760865055333,25.7425742574257,66.7610953729934,4.37241914895527e-11
"Sertoli","Fibroblast","COL6A6","ITGA9_ITGB1",0.000116976706544354,0,"COL6A6_ITGA9_ITGB1","COL6A6 - (ITGA9+ITGB1)","COLLAGEN","ECM-Receptor","KEGG: hsa04512","healthy",-0.0631598772572424,43.2068311195446,57.8252216392256,1.17018452018222e-31,-0.161750465156785,22.6277372262774,30.9615384615385,0.00230161282045008
"Sertoli","Endothelial","COL6A6","ITGA9_ITGB1",5.14850363459294e-05,0,"COL6A6_ITGA9_ITGB1","COL6A6 - (ITGA9+ITGB1)","COLLAGEN","ECM-Receptor","KEGG: hsa04512","healthy",-0.0631598772572424,43.2068311195446,57.8252216392256,1.17018452018222e-31,-0.344933344019648,23.4375,37.3626373626374,0.000164279546867254
"SSC","Leydig","LAMA1","ITGA9_ITGB1",0.000440421345430222,0,"LAMA1_ITGA9_ITGB1","LAMA1 - (ITGA9+ITGB1)","LAMININ","ECM-Receptor","KEGG: hsa04512","healthy",-0.224425627299153,52.755905511811,63.4478672985782,0.000118486617823241,-0.525452963356589,34.6428571428571,59.4634873323398,0.0121685621244691
"SSC","Myoid","LAMA1","ITGA9_ITGB1",0.000141215375680569,0,"LAMA1_ITGA9_ITGB1","LAMA1 - (ITGA9+ITGB1)","LAMININ","ECM-Receptor","KEGG: hsa04512","healthy",-0.224425627299153,52.755905511811,63.4478672985782,0.000118486617823241,-0.821760865055333,25.7425742574257,66.7610953729934,4.37241914895527e-11
"Myoid","SSC","LAMA2","ITGA9_ITGB1",9.66338565267969e-05,0,"LAMA2_ITGA9_ITGB1","LAMA2 - (ITGA9+ITGB1)","LAMININ","ECM-Receptor","KEGG: hsa04512","healthy",-0.834722888907155,63.3663366336634,89.3295561850803,3.54574986583361e-06,0.144139046048517,37.007874015748,26.9549763033175,0.00114529661654636
"Myoid","Spermatocyte","LAMA2","ITGA9_ITGB1",0.000164267959586678,0,"LAMA2_ITGA9_ITGB1","LAMA2 - (ITGA9+ITGB1)","LAMININ","ECM-Receptor","KEGG: hsa04512","healthy",-0.834722888907155,63.3663366336634,89.3295561850803,3.54574986583361e-06,NA,NA,NA,NA
"Myoid","Spermatid","LAMA2","ITGA9_ITGB1",0.000100557379524721,0,"LAMA2_ITGA9_ITGB1","LAMA2 - (ITGA9+ITGB1)","LAMININ","ECM-Receptor","KEGG: hsa04512","healthy",-0.834722888907155,63.3663366336634,89.3295561850803,3.54574986583361e-06,-0.125579929424091,30.4635761589404,44.4716585024493,0.0147681044881152
"Myoid","Sertoli","LAMA2","ITGA9_ITGB1",0.00103825786589976,0,"LAMA2_ITGA9_ITGB1","LAMA2 - (ITGA9+ITGB1)","LAMININ","ECM-Receptor","KEGG: hsa04512","healthy",-0.834722888907155,63.3663366336634,89.3295561850803,3.54574986583361e-06,-0.322590950404395,27.9933586337761,56.6084675230686,3.82146728778334e-224
"Myoid","Leydig","LAMA2","ITGA9_ITGB1",0.000719563099546045,0,"LAMA2_ITGA9_ITGB1","LAMA2 - (ITGA9+ITGB1)","LAMININ","ECM-Receptor","KEGG: hsa04512","healthy",-0.834722888907155,63.3663366336634,89.3295561850803,3.54574986583361e-06,-0.525452963356589,34.6428571428571,59.4634873323398,0.0121685621244691
"Myoid","Myoid","LAMA2","ITGA9_ITGB1",0.000226997602381991,0,"LAMA2_ITGA9_ITGB1","LAMA2 - (ITGA9+ITGB1)","LAMININ","ECM-Receptor","KEGG: hsa04512","healthy",-0.834722888907155,63.3663366336634,89.3295561850803,3.54574986583361e-06,-0.821760865055333,25.7425742574257,66.7610953729934,4.37241914895527e-11
"Myoid","Fibroblast","LAMA2","ITGA9_ITGB1",5.09710110974153e-05,0,"LAMA2_ITGA9_ITGB1","LAMA2 - (ITGA9+ITGB1)","LAMININ","ECM-Receptor","KEGG: hsa04512","healthy",-0.834722888907155,63.3663366336634,89.3295561850803,3.54574986583361e-06,-0.161750465156785,22.6277372262774,30.9615384615385,0.00230161282045008
"Myoid","Endothelial","LAMA2","ITGA9_ITGB1",2.26181221941355e-05,0,"LAMA2_ITGA9_ITGB1","LAMA2 - (ITGA9+ITGB1)","LAMININ","ECM-Receptor","KEGG: hsa04512","healthy",-0.834722888907155,63.3663366336634,89.3295561850803,3.54574986583361e-06,-0.344933344019648,23.4375,37.3626373626374,0.000164279546867254
"Sertoli","SSC","LAMA3","ITGA9_ITGB1",0.000780362918547934,0,"LAMA3_ITGA9_ITGB1","LAMA3 - (ITGA9+ITGB1)","LAMININ","ECM-Receptor","KEGG: hsa04512","healthy",-1.01037046968447,64.9525616698292,96.8065858512756,0,0.144139046048517,37.007874015748,26.9549763033175,0.00114529661654636
"Sertoli","Sertoli","LAMA3","ITGA9_ITGB1",0.00843164229824245,0,"LAMA3_ITGA9_ITGB1","LAMA3 - (ITGA9+ITGB1)","LAMININ","ECM-Receptor","KEGG: hsa04512","healthy",-1.01037046968447,64.9525616698292,96.8065858512756,0,-0.322590950404395,27.9933586337761,56.6084675230686,3.82146728778334e-224
"Sertoli","Leydig","LAMA3","ITGA9_ITGB1",0.00592065088403633,0,"LAMA3_ITGA9_ITGB1","LAMA3 - (ITGA9+ITGB1)","LAMININ","ECM-Receptor","KEGG: hsa04512","healthy",-1.01037046968447,64.9525616698292,96.8065858512756,0,-0.525452963356589,34.6428571428571,59.4634873323398,0.0121685621244691
"Sertoli","Myoid","LAMA3","ITGA9_ITGB1",0.00187817438366012,0,"LAMA3_ITGA9_ITGB1","LAMA3 - (ITGA9+ITGB1)","LAMININ","ECM-Receptor","KEGG: hsa04512","healthy",-1.01037046968447,64.9525616698292,96.8065858512756,0,-0.821760865055333,25.7425742574257,66.7610953729934,4.37241914895527e-11
"Sertoli","Fibroblast","LAMA3","ITGA9_ITGB1",0.000414193646153167,0,"LAMA3_ITGA9_ITGB1","LAMA3 - (ITGA9+ITGB1)","LAMININ","ECM-Receptor","KEGG: hsa04512","healthy",-1.01037046968447,64.9525616698292,96.8065858512756,0,-0.161750465156785,22.6277372262774,30.9615384615385,0.00230161282045008
"Sertoli","Endothelial","LAMA3","ITGA9_ITGB1",0.000183368762172664,0,"LAMA3_ITGA9_ITGB1","LAMA3 - (ITGA9+ITGB1)","LAMININ","ECM-Receptor","KEGG: hsa04512","healthy",-1.01037046968447,64.9525616698292,96.8065858512756,0,-0.344933344019648,23.4375,37.3626373626374,0.000164279546867254
"Myoid","SSC","LAMB1","ITGA9_ITGB1",4.45154724134137e-05,0,"LAMB1_ITGA9_ITGB1","LAMB1 - (ITGA9+ITGB1)","LAMININ","ECM-Receptor","KEGG: hsa04512","healthy",-0.823729227029364,23.7623762376238,64.1170915958451,8.57730152128159e-11,0.144139046048517,37.007874015748,26.9549763033175,0.00114529661654636
"Endothelial","SSC","LAMB1","ITGA9_ITGB1",2.21455521146657e-06,0,"LAMB1_ITGA9_ITGB1","LAMB1 - (ITGA9+ITGB1)","LAMININ","ECM-Receptor","KEGG: hsa04512","healthy",-0.153165541494775,18.359375,27.8388278388278,0.012264990545303,0.144139046048517,37.007874015748,26.9549763033175,0.00114529661654636
"Myoid","Spermatocyte","LAMB1","ITGA9_ITGB1",7.50526605603551e-05,0,"LAMB1_ITGA9_ITGB1","LAMB1 - (ITGA9+ITGB1)","LAMININ","ECM-Receptor","KEGG: hsa04512","healthy",-0.823729227029364,23.7623762376238,64.1170915958451,8.57730152128159e-11,NA,NA,NA,NA
"Endothelial","Spermatocyte","LAMB1","ITGA9_ITGB1",3.71277701395043e-06,0,"LAMB1_ITGA9_ITGB1","LAMB1 - (ITGA9+ITGB1)","LAMININ","ECM-Receptor","KEGG: hsa04512","healthy",-0.153165541494775,18.359375,27.8388278388278,0.012264990545303,NA,NA,NA,NA
"Myoid","Spermatid","LAMB1","ITGA9_ITGB1",4.59539301407655e-05,0,"LAMB1_ITGA9_ITGB1","LAMB1 - (ITGA9+ITGB1)","LAMININ","ECM-Receptor","KEGG: hsa04512","healthy",-0.823729227029364,23.7623762376238,64.1170915958451,8.57730152128159e-11,-0.125579929424091,30.4635761589404,44.4716585024493,0.0147681044881152
"Endothelial","Spermatid","LAMB1","ITGA9_ITGB1",2.27363296406747e-06,0,"LAMB1_ITGA9_ITGB1","LAMB1 - (ITGA9+ITGB1)","LAMININ","ECM-Receptor","KEGG: hsa04512","healthy",-0.153165541494775,18.359375,27.8388278388278,0.012264990545303,-0.125579929424091,30.4635761589404,44.4716585024493,0.0147681044881152
"Myoid","Sertoli","LAMB1","ITGA9_ITGB1",0.000484755422989042,0,"LAMB1_ITGA9_ITGB1","LAMB1 - (ITGA9+ITGB1)","LAMININ","ECM-Receptor","KEGG: hsa04512","healthy",-0.823729227029364,23.7623762376238,64.1170915958451,8.57730152128159e-11,-0.322590950404395,27.9933586337761,56.6084675230686,3.82146728778334e-224
"Endothelial","Sertoli","LAMB1","ITGA9_ITGB1",2.43425974841714e-05,0,"LAMB1_ITGA9_ITGB1","LAMB1 - (ITGA9+ITGB1)","LAMININ","ECM-Receptor","KEGG: hsa04512","healthy",-0.153165541494775,18.359375,27.8388278388278,0.012264990545303,-0.322590950404395,27.9933586337761,56.6084675230686,3.82146728778334e-224
"Myoid","Leydig","LAMB1","ITGA9_ITGB1",0.000346806366851388,0,"LAMB1_ITGA9_ITGB1","LAMB1 - (ITGA9+ITGB1)","LAMININ","ECM-Receptor","KEGG: hsa04512","healthy",-0.823729227029364,23.7623762376238,64.1170915958451,8.57730152128159e-11,-0.525452963356589,34.6428571428571,59.4634873323398,0.0121685621244691
"Endothelial","Leydig","LAMB1","ITGA9_ITGB1",1.78210840358521e-05,0,"LAMB1_ITGA9_ITGB1","LAMB1 - (ITGA9+ITGB1)","LAMININ","ECM-Receptor","KEGG: hsa04512","healthy",-0.153165541494775,18.359375,27.8388278388278,0.012264990545303,-0.525452963356589,34.6428571428571,59.4634873323398,0.0121685621244691
"Myoid","Myoid","LAMB1","ITGA9_ITGB1",0.000110909794284786,0,"LAMB1_ITGA9_ITGB1","LAMB1 - (ITGA9+ITGB1)","LAMININ","ECM-Receptor","KEGG: hsa04512","healthy",-0.823729227029364,23.7623762376238,64.1170915958451,8.57730152128159e-11,-0.821760865055333,25.7425742574257,66.7610953729934,4.37241914895527e-11
"Endothelial","Myoid","LAMB1","ITGA9_ITGB1",5.75821584673872e-06,0,"LAMB1_ITGA9_ITGB1","LAMB1 - (ITGA9+ITGB1)","LAMININ","ECM-Receptor","KEGG: hsa04512","healthy",-0.153165541494775,18.359375,27.8388278388278,0.012264990545303,-0.821760865055333,25.7425742574257,66.7610953729934,4.37241914895527e-11
"Myoid","Fibroblast","LAMB1","ITGA9_ITGB1",2.38340122560496e-05,0,"LAMB1_ITGA9_ITGB1","LAMB1 - (ITGA9+ITGB1)","LAMININ","ECM-Receptor","KEGG: hsa04512","healthy",-0.823729227029364,23.7623762376238,64.1170915958451,8.57730152128159e-11,-0.161750465156785,22.6277372262774,30.9615384615385,0.00230161282045008
"Endothelial","Fibroblast","LAMB1","ITGA9_ITGB1",1.19813273094638e-06,0,"LAMB1_ITGA9_ITGB1","LAMB1 - (ITGA9+ITGB1)","LAMININ","ECM-Receptor","KEGG: hsa04512","healthy",-0.153165541494775,18.359375,27.8388278388278,0.012264990545303,-0.161750465156785,22.6277372262774,30.9615384615385,0.00230161282045008
"Myoid","Endothelial","LAMB1","ITGA9_ITGB1",1.05172814386297e-05,0,"LAMB1_ITGA9_ITGB1","LAMB1 - (ITGA9+ITGB1)","LAMININ","ECM-Receptor","KEGG: hsa04512","healthy",-0.823729227029364,23.7623762376238,64.1170915958451,8.57730152128159e-11,-0.344933344019648,23.4375,37.3626373626374,0.000164279546867254
"Endothelial","Endothelial","LAMB1","ITGA9_ITGB1",5.26627478650058e-07,0,"LAMB1_ITGA9_ITGB1","LAMB1 - (ITGA9+ITGB1)","LAMININ","ECM-Receptor","KEGG: hsa04512","healthy",-0.153165541494775,18.359375,27.8388278388278,0.012264990545303,-0.344933344019648,23.4375,37.3626373626374,0.000164279546867254
"Spermatocyte","SSC","LAMB2","ITGA9_ITGB1",8.354784390274e-06,0,"LAMB2_ITGA9_ITGB1","LAMB2 - (ITGA9+ITGB1)","LAMININ","ECM-Receptor","KEGG: hsa04512","healthy",-0.154805904679453,4.06091370558376,26.7943590822985,1.03035891226595e-11,0.144139046048517,37.007874015748,26.9549763033175,0.00114529661654636
"Spermatocyte","Spermatocyte","LAMB2","ITGA9_ITGB1",1.39923813018069e-05,0,"LAMB2_ITGA9_ITGB1","LAMB2 - (ITGA9+ITGB1)","LAMININ","ECM-Receptor","KEGG: hsa04512","healthy",-0.154805904679453,4.06091370558376,26.7943590822985,1.03035891226595e-11,NA,NA,NA,NA
"Spermatocyte","Spermatid","LAMB2","ITGA9_ITGB1",8.56890250119384e-06,0,"LAMB2_ITGA9_ITGB1","LAMB2 - (ITGA9+ITGB1)","LAMININ","ECM-Receptor","KEGG: hsa04512","healthy",-0.154805904679453,4.06091370558376,26.7943590822985,1.03035891226595e-11,-0.125579929424091,30.4635761589404,44.4716585024493,0.0147681044881152
"Spermatocyte","Sertoli","LAMB2","ITGA9_ITGB1",9.19987491314972e-05,0,"LAMB2_ITGA9_ITGB1","LAMB2 - (ITGA9+ITGB1)","LAMININ","ECM-Receptor","KEGG: hsa04512","healthy",-0.154805904679453,4.06091370558376,26.7943590822985,1.03035891226595e-11,-0.322590950404395,27.9933586337761,56.6084675230686,3.82146728778334e-224
"Spermatocyte","Leydig","LAMB2","ITGA9_ITGB1",6.76502971049672e-05,0,"LAMB2_ITGA9_ITGB1","LAMB2 - (ITGA9+ITGB1)","LAMININ","ECM-Receptor","KEGG: hsa04512","healthy",-0.154805904679453,4.06091370558376,26.7943590822985,1.03035891226595e-11,-0.525452963356589,34.6428571428571,59.4634873323398,0.0121685621244691
"Spermatocyte","Myoid","LAMB2","ITGA9_ITGB1",2.19027781371442e-05,0,"LAMB2_ITGA9_ITGB1","LAMB2 - (ITGA9+ITGB1)","LAMININ","ECM-Receptor","KEGG: hsa04512","healthy",-0.154805904679453,4.06091370558376,26.7943590822985,1.03035891226595e-11,-0.821760865055333,25.7425742574257,66.7610953729934,4.37241914895527e-11
"Spermatocyte","Fibroblast","LAMB2","ITGA9_ITGB1",4.52905691065675e-06,0,"LAMB2_ITGA9_ITGB1","LAMB2 - (ITGA9+ITGB1)","LAMININ","ECM-Receptor","KEGG: hsa04512","healthy",-0.154805904679453,4.06091370558376,26.7943590822985,1.03035891226595e-11,-0.161750465156785,22.6277372262774,30.9615384615385,0.00230161282045008
"Spermatocyte","Endothelial","LAMB2","ITGA9_ITGB1",1.98922215556532e-06,0,"LAMB2_ITGA9_ITGB1","LAMB2 - (ITGA9+ITGB1)","LAMININ","ECM-Receptor","KEGG: hsa04512","healthy",-0.154805904679453,4.06091370558376,26.7943590822985,1.03035891226595e-11,-0.344933344019648,23.4375,37.3626373626374,0.000164279546867254
"Sertoli","SSC","LAMC1","ITGA9_ITGB1",0.000191221110843191,0,"LAMC1_ITGA9_ITGB1","LAMC1 - (ITGA9+ITGB1)","LAMININ","ECM-Receptor","KEGG: hsa04512","healthy",-0.118560833778789,37.5047438330171,58.0423376153429,1.95624841727148e-103,0.144139046048517,37.007874015748,26.9549763033175,0.00114529661654636
"Sertoli","Sertoli","LAMC1","ITGA9_ITGB1",0.00209657602345615,0,"LAMC1_ITGA9_ITGB1","LAMC1 - (ITGA9+ITGB1)","LAMININ","ECM-Receptor","KEGG: hsa04512","healthy",-0.118560833778789,37.5047438330171,58.0423376153429,1.95624841727148e-103,-0.322590950404395,27.9933586337761,56.6084675230686,3.82146728778334e-224
"Leydig","Sertoli","LAMC1","ITGA9_ITGB1",0.000337254123537768,0.01,"LAMC1_ITGA9_ITGB1","LAMC1 - (ITGA9+ITGB1)","LAMININ","ECM-Receptor","KEGG: hsa04512","healthy",-0.10895524085514,17.1428571428571,27.5211127670144,0.0262658292133582,-0.322590950404395,27.9933586337761,56.6084675230686,3.82146728778334e-224
"Fibroblast","Sertoli","LAMC1","ITGA9_ITGB1",7.81667513819498e-05,0,"LAMC1_ITGA9_ITGB1","LAMC1 - (ITGA9+ITGB1)","LAMININ","ECM-Receptor","KEGG: hsa04512","healthy",-0.232399672073207,26.7153284671533,40.1923076923077,2.17523352376737e-05,-0.322590950404395,27.9933586337761,56.6084675230686,3.82146728778334e-224
"Endothelial","Sertoli","LAMC1","ITGA9_ITGB1",3.64203518082655e-05,0,"LAMC1_ITGA9_ITGB1","LAMC1 - (ITGA9+ITGB1)","LAMININ","ECM-Receptor","KEGG: hsa04512","healthy",-0.226324917622458,26.953125,36.2637362637363,0.0072420659094541,-0.322590950404395,27.9933586337761,56.6084675230686,3.82146728778334e-224
"Sertoli","Leydig","LAMC1","ITGA9_ITGB1",0.00152520232758212,0,"LAMC1_ITGA9_ITGB1","LAMC1 - (ITGA9+ITGB1)","LAMININ","ECM-Receptor","KEGG: hsa04512","healthy",-0.118560833778789,37.5047438330171,58.0423376153429,1.95624841727148e-103,-0.525452963356589,34.6428571428571,59.4634873323398,0.0121685621244691
"Leydig","Leydig","LAMC1","ITGA9_ITGB1",0.000246986200068519,0,"LAMC1_ITGA9_ITGB1","LAMC1 - (ITGA9+ITGB1)","LAMININ","ECM-Receptor","KEGG: hsa04512","healthy",-0.10895524085514,17.1428571428571,27.5211127670144,0.0262658292133582,-0.525452963356589,34.6428571428571,59.4634873323398,0.0121685621244691
"Fibroblast","Leydig","LAMC1","ITGA9_ITGB1",5.70050865617819e-05,0,"LAMC1_ITGA9_ITGB1","LAMC1 - (ITGA9+ITGB1)","LAMININ","ECM-Receptor","KEGG: hsa04512","healthy",-0.232399672073207,26.7153284671533,40.1923076923077,2.17523352376737e-05,-0.525452963356589,34.6428571428571,59.4634873323398,0.0121685621244691
"Endothelial","Leydig","LAMC1","ITGA9_ITGB1",2.65887829823661e-05,0,"LAMC1_ITGA9_ITGB1","LAMC1 - (ITGA9+ITGB1)","LAMININ","ECM-Receptor","KEGG: hsa04512","healthy",-0.226324917622458,26.953125,36.2637362637363,0.0072420659094541,-0.525452963356589,34.6428571428571,59.4634873323398,0.0121685621244691
"Sertoli","Myoid","LAMC1","ITGA9_ITGB1",0.000491402143940739,0,"LAMC1_ITGA9_ITGB1","LAMC1 - (ITGA9+ITGB1)","LAMININ","ECM-Receptor","KEGG: hsa04512","healthy",-0.118560833778789,37.5047438330171,58.0423376153429,1.95624841727148e-103,-0.821760865055333,25.7425742574257,66.7610953729934,4.37241914895527e-11
"Leydig","Myoid","LAMC1","ITGA9_ITGB1",7.98167223556704e-05,0,"LAMC1_ITGA9_ITGB1","LAMC1 - (ITGA9+ITGB1)","LAMININ","ECM-Receptor","KEGG: hsa04512","healthy",-0.10895524085514,17.1428571428571,27.5211127670144,0.0262658292133582,-0.821760865055333,25.7425742574257,66.7610953729934,4.37241914895527e-11
"Fibroblast","Myoid","LAMC1","ITGA9_ITGB1",1.83868790944526e-05,0,"LAMC1_ITGA9_ITGB1","LAMC1 - (ITGA9+ITGB1)","LAMININ","ECM-Receptor","KEGG: hsa04512","healthy",-0.232399672073207,26.7153284671533,40.1923076923077,2.17523352376737e-05,-0.821760865055333,25.7425742574257,66.7610953729934,4.37241914895527e-11
"Endothelial","Myoid","LAMC1","ITGA9_ITGB1",8.58029414610784e-06,0,"LAMC1_ITGA9_ITGB1","LAMC1 - (ITGA9+ITGB1)","LAMININ","ECM-Receptor","KEGG: hsa04512","healthy",-0.226324917622458,26.953125,36.2637362637363,0.0072420659094541,-0.821760865055333,25.7425742574257,66.7610953729934,4.37241914895527e-11
"Sertoli","Fibroblast","LAMC1","ITGA9_ITGB1",0.000103162579003258,0,"LAMC1_ITGA9_ITGB1","LAMC1 - (ITGA9+ITGB1)","LAMININ","ECM-Receptor","KEGG: hsa04512","healthy",-0.118560833778789,37.5047438330171,58.0423376153429,1.95624841727148e-103,-0.161750465156785,22.6277372262774,30.9615384615385,0.00230161282045008
"Fibroblast","Fibroblast","LAMC1","ITGA9_ITGB1",3.84665410414333e-06,0,"LAMC1_ITGA9_ITGB1","LAMC1 - (ITGA9+ITGB1)","LAMININ","ECM-Receptor","KEGG: hsa04512","healthy",-0.232399672073207,26.7153284671533,40.1923076923077,2.17523352376737e-05,-0.161750465156785,22.6277372262774,30.9615384615385,0.00230161282045008
"Endothelial","Fibroblast","LAMC1","ITGA9_ITGB1",1.79236513410503e-06,0.01,"LAMC1_ITGA9_ITGB1","LAMC1 - (ITGA9+ITGB1)","LAMININ","ECM-Receptor","KEGG: hsa04512","healthy",-0.226324917622458,26.953125,36.2637362637363,0.0072420659094541,-0.161750465156785,22.6277372262774,30.9615384615385,0.00230161282045008
"Sertoli","Endothelial","LAMC1","ITGA9_ITGB1",4.53927105935359e-05,0,"LAMC1_ITGA9_ITGB1","LAMC1 - (ITGA9+ITGB1)","LAMININ","ECM-Receptor","KEGG: hsa04512","healthy",-0.118560833778789,37.5047438330171,58.0423376153429,1.95624841727148e-103,-0.344933344019648,23.4375,37.3626373626374,0.000164279546867254
"Fibroblast","Endothelial","LAMC1","ITGA9_ITGB1",1.69186167029321e-06,0,"LAMC1_ITGA9_ITGB1","LAMC1 - (ITGA9+ITGB1)","LAMININ","ECM-Receptor","KEGG: hsa04512","healthy",-0.232399672073207,26.7153284671533,40.1923076923077,2.17523352376737e-05,-0.344933344019648,23.4375,37.3626373626374,0.000164279546867254
"Endothelial","Endothelial","LAMC1","ITGA9_ITGB1",7.88188131236943e-07,0.04,"LAMC1_ITGA9_ITGB1","LAMC1 - (ITGA9+ITGB1)","LAMININ","ECM-Receptor","KEGG: hsa04512","healthy",-0.226324917622458,26.953125,36.2637362637363,0.0072420659094541,-0.344933344019648,23.4375,37.3626373626374,0.000164279546867254
"Myoid","SSC","LAMC3","ITGA9_ITGB1",1.37816516457149e-05,0,"LAMC3_ITGA9_ITGB1","LAMC3 - (ITGA9+ITGB1)","LAMININ","ECM-Receptor","KEGG: hsa04512","healthy",-0.576167260040837,8.91089108910891,41.5486307837583,2.83477461007593e-09,0.144139046048517,37.007874015748,26.9549763033175,0.00114529661654636
"Fibroblast","SSC","LAMC3","ITGA9_ITGB1",5.8643865817015e-06,0,"LAMC3_ITGA9_ITGB1","LAMC3 - (ITGA9+ITGB1)","LAMININ","ECM-Receptor","KEGG: hsa04512","healthy",-0.259076402812179,14.8905109489051,28.0769230769231,1.21337134712169e-07,0.144139046048517,37.007874015748,26.9549763033175,0.00114529661654636
"Myoid","Spermatocyte","LAMC3","ITGA9_ITGB1",2.3124148517923e-05,0,"LAMC3_ITGA9_ITGB1","LAMC3 - (ITGA9+ITGB1)","LAMININ","ECM-Receptor","KEGG: hsa04512","healthy",-0.576167260040837,8.91089108910891,41.5486307837583,2.83477461007593e-09,NA,NA,NA,NA
"Fibroblast","Spermatocyte","LAMC3","ITGA9_ITGB1",9.83699211689993e-06,0,"LAMC3_ITGA9_ITGB1","LAMC3 - (ITGA9+ITGB1)","LAMININ","ECM-Receptor","KEGG: hsa04512","healthy",-0.259076402812179,14.8905109489051,28.0769230769231,1.21337134712169e-07,NA,NA,NA,NA
"Myoid","Spermatid","LAMC3","ITGA9_ITGB1",1.41604776762242e-05,0,"LAMC3_ITGA9_ITGB1","LAMC3 - (ITGA9+ITGB1)","LAMININ","ECM-Receptor","KEGG: hsa04512","healthy",-0.576167260040837,8.91089108910891,41.5486307837583,2.83477461007593e-09,-0.125579929424091,30.4635761589404,44.4716585024493,0.0147681044881152
"Fibroblast","Spermatid","LAMC3","ITGA9_ITGB1",6.02390044313587e-06,0,"LAMC3_ITGA9_ITGB1","LAMC3 - (ITGA9+ITGB1)","LAMININ","ECM-Receptor","KEGG: hsa04512","healthy",-0.259076402812179,14.8905109489051,28.0769230769231,1.21337134712169e-07,-0.125579929424091,30.4635761589404,44.4716585024493,0.0147681044881152
"Myoid","Sertoli","LAMC3","ITGA9_ITGB1",0.000151283438347086,0,"LAMC3_ITGA9_ITGB1","LAMC3 - (ITGA9+ITGB1)","LAMININ","ECM-Receptor","KEGG: hsa04512","healthy",-0.576167260040837,8.91089108910891,41.5486307837583,2.83477461007593e-09,-0.322590950404395,27.9933586337761,56.6084675230686,3.82146728778334e-224
"Fibroblast","Sertoli","LAMC3","ITGA9_ITGB1",6.44053118026752e-05,0,"LAMC3_ITGA9_ITGB1","LAMC3 - (ITGA9+ITGB1)","LAMININ","ECM-Receptor","KEGG: hsa04512","healthy",-0.259076402812179,14.8905109489051,28.0769230769231,1.21337134712169e-07,-0.322590950404395,27.9933586337761,56.6084675230686,3.82146728778334e-224
"Myoid","Leydig","LAMC3","ITGA9_ITGB1",0.000110379177078057,0,"LAMC3_ITGA9_ITGB1","LAMC3 - (ITGA9+ITGB1)","LAMININ","ECM-Receptor","KEGG: hsa04512","healthy",-0.576167260040837,8.91089108910891,41.5486307837583,2.83477461007593e-09,-0.525452963356589,34.6428571428571,59.4634873323398,0.0121685621244691
"Fibroblast","Leydig","LAMC3","ITGA9_ITGB1",4.70476115995511e-05,0,"LAMC3_ITGA9_ITGB1","LAMC3 - (ITGA9+ITGB1)","LAMININ","ECM-Receptor","KEGG: hsa04512","healthy",-0.259076402812179,14.8905109489051,28.0769230769231,1.21337134712169e-07,-0.525452963356589,34.6428571428571,59.4634873323398,0.0121685621244691
"Myoid","Myoid","LAMC3","ITGA9_ITGB1",3.5610156943061e-05,0,"LAMC3_ITGA9_ITGB1","LAMC3 - (ITGA9+ITGB1)","LAMININ","ECM-Receptor","KEGG: hsa04512","healthy",-0.576167260040837,8.91089108910891,41.5486307837583,2.83477461007593e-09,-0.821760865055333,25.7425742574257,66.7610953729934,4.37241914895527e-11
"Fibroblast","Myoid","LAMC3","ITGA9_ITGB1",1.51865717399463e-05,0,"LAMC3_ITGA9_ITGB1","LAMC3 - (ITGA9+ITGB1)","LAMININ","ECM-Receptor","KEGG: hsa04512","healthy",-0.259076402812179,14.8905109489051,28.0769230769231,1.21337134712169e-07,-0.821760865055333,25.7425742574257,66.7610953729934,4.37241914895527e-11
"Myoid","Fibroblast","LAMC3","ITGA9_ITGB1",7.44495113627517e-06,0,"LAMC3_ITGA9_ITGB1","LAMC3 - (ITGA9+ITGB1)","LAMININ","ECM-Receptor","KEGG: hsa04512","healthy",-0.576167260040837,8.91089108910891,41.5486307837583,2.83477461007593e-09,-0.161750465156785,22.6277372262774,30.9615384615385,0.00230161282045008
"Fibroblast","Fibroblast","LAMC3","ITGA9_ITGB1",3.16968463678646e-06,0,"LAMC3_ITGA9_ITGB1","LAMC3 - (ITGA9+ITGB1)","LAMININ","ECM-Receptor","KEGG: hsa04512","healthy",-0.259076402812179,14.8905109489051,28.0769230769231,1.21337134712169e-07,-0.161750465156785,22.6277372262774,30.9615384615385,0.00230161282045008
"Myoid","Endothelial","LAMC3","ITGA9_ITGB1",3.27422860137713e-06,0,"LAMC3_ITGA9_ITGB1","LAMC3 - (ITGA9+ITGB1)","LAMININ","ECM-Receptor","KEGG: hsa04512","healthy",-0.576167260040837,8.91089108910891,41.5486307837583,2.83477461007593e-09,-0.344933344019648,23.4375,37.3626373626374,0.000164279546867254
"Fibroblast","Endothelial","LAMC3","ITGA9_ITGB1",1.39371904458504e-06,0,"LAMC3_ITGA9_ITGB1","LAMC3 - (ITGA9+ITGB1)","LAMININ","ECM-Receptor","KEGG: hsa04512","healthy",-0.259076402812179,14.8905109489051,28.0769230769231,1.21337134712169e-07,-0.344933344019648,23.4375,37.3626373626374,0.000164279546867254
"SSC","Sertoli","LAMA1","ITGAV_ITGB8",0.00087718036727989,0,"LAMA1_ITGAV_ITGB8","LAMA1 - (ITGAV+ITGB8)","LAMININ","ECM-Receptor","KEGG: hsa04512","healthy",-0.224425627299153,52.755905511811,63.4478672985782,0.000118486617823241,-0.203772448560043,33.6669829222011,59.485254206622,1.74126231314565e-45
"Myoid","Sertoli","LAMA2","ITGAV_ITGB8",0.00146322242538907,0,"LAMA2_ITGAV_ITGB8","LAMA2 - (ITGAV+ITGB8)","LAMININ","ECM-Receptor","KEGG: hsa04512","healthy",-0.834722888907155,63.3663366336634,89.3295561850803,3.54574986583361e-06,-0.203772448560043,33.6669829222011,59.485254206622,1.74126231314565e-45
"Sertoli","Sertoli","LAMA3","ITGAV_ITGB8",0.0119533374985315,0,"LAMA3_ITGAV_ITGB8","LAMA3 - (ITGAV+ITGB8)","LAMININ","ECM-Receptor","KEGG: hsa04512","healthy",-1.01037046968447,64.9525616698292,96.8065858512756,0,-0.203772448560043,33.6669829222011,59.485254206622,1.74126231314565e-45
"Myoid","Sertoli","LAMB1","ITGAV_ITGB8",0.00069299467993788,0,"LAMB1_ITGAV_ITGB8","LAMB1 - (ITGAV+ITGB8)","LAMININ","ECM-Receptor","KEGG: hsa04512","healthy",-0.823729227029364,23.7623762376238,64.1170915958451,8.57730152128159e-11,-0.203772448560043,33.6669829222011,59.485254206622,1.74126231314565e-45
"Endothelial","Sertoli","LAMB1","ITGAV_ITGB8",3.51561826912832e-05,0,"LAMB1_ITGAV_ITGB8","LAMB1 - (ITGAV+ITGB8)","LAMININ","ECM-Receptor","KEGG: hsa04512","healthy",-0.153165541494775,18.359375,27.8388278388278,0.012264990545303,-0.203772448560043,33.6669829222011,59.485254206622,1.74126231314565e-45
"Spermatocyte","Sertoli","LAMB2","ITGAV_ITGB8",0.000133125217531072,0,"LAMB2_ITGAV_ITGB8","LAMB2 - (ITGAV+ITGB8)","LAMININ","ECM-Receptor","KEGG: hsa04512","healthy",-0.154805904679453,4.06091370558376,26.7943590822985,1.03035891226595e-11,-0.203772448560043,33.6669829222011,59.485254206622,1.74126231314565e-45
"Sertoli","Sertoli","LAMC1","ITGAV_ITGB8",0.00301949056792407,0,"LAMC1_ITGAV_ITGB8","LAMC1 - (ITGAV+ITGB8)","LAMININ","ECM-Receptor","KEGG: hsa04512","healthy",-0.118560833778789,37.5047438330171,58.0423376153429,1.95624841727148e-103,-0.203772448560043,33.6669829222011,59.485254206622,1.74126231314565e-45
"Leydig","Sertoli","LAMC1","ITGAV_ITGB8",0.000487143871075891,0,"LAMC1_ITGAV_ITGB8","LAMC1 - (ITGAV+ITGB8)","LAMININ","ECM-Receptor","KEGG: hsa04512","healthy",-0.10895524085514,17.1428571428571,27.5211127670144,0.0262658292133582,-0.203772448560043,33.6669829222011,59.485254206622,1.74126231314565e-45
"Fibroblast","Sertoli","LAMC1","ITGAV_ITGB8",0.000112698755705946,0,"LAMC1_ITGAV_ITGB8","LAMC1 - (ITGAV+ITGB8)","LAMININ","ECM-Receptor","KEGG: hsa04512","healthy",-0.232399672073207,26.7153284671533,40.1923076923077,2.17523352376737e-05,-0.203772448560043,33.6669829222011,59.485254206622,1.74126231314565e-45
"Endothelial","Sertoli","LAMC1","ITGAV_ITGB8",5.25345600350882e-05,0,"LAMC1_ITGAV_ITGB8","LAMC1 - (ITGAV+ITGB8)","LAMININ","ECM-Receptor","KEGG: hsa04512","healthy",-0.226324917622458,26.953125,36.2637362637363,0.0072420659094541,-0.203772448560043,33.6669829222011,59.485254206622,1.74126231314565e-45
"Myoid","Sertoli","LAMC3","ITGAV_ITGB8",0.000218161665719894,0,"LAMC3_ITGAV_ITGB8","LAMC3 - (ITGAV+ITGB8)","LAMININ","ECM-Receptor","KEGG: hsa04512","healthy",-0.576167260040837,8.91089108910891,41.5486307837583,2.83477461007593e-09,-0.203772448560043,33.6669829222011,59.485254206622,1.74126231314565e-45
"Fibroblast","Sertoli","LAMC3","ITGAV_ITGB8",9.29261293117721e-05,0,"LAMC3_ITGAV_ITGB8","LAMC3 - (ITGAV+ITGB8)","LAMININ","ECM-Receptor","KEGG: hsa04512","healthy",-0.259076402812179,14.8905109489051,28.0769230769231,1.21337134712169e-07,-0.203772448560043,33.6669829222011,59.485254206622,1.74126231314565e-45
"Myoid","Sertoli","COL1A2","ITGAV_ITGB8",0.000197634320924463,0,"COL1A2_ITGAV_ITGB8","COL1A2 - (ITGAV+ITGB8)","COLLAGEN","ECM-Receptor","KEGG: hsa04512","healthy",-0.365741681886821,15.8415841584158,39.1879131255902,2.9172939964447e-05,-0.203772448560043,33.6669829222011,59.485254206622,1.74126231314565e-45
"Myoid","Sertoli","COL4A1","ITGAV_ITGB8",0.000478721646901845,0,"COL4A1_ITGAV_ITGB8","COL4A1 - (ITGAV+ITGB8)","COLLAGEN","ECM-Receptor","KEGG: hsa04512","healthy",-0.223320774552055,34.6534653465347,54.4853635505194,0.0341520247451432,-0.203772448560043,33.6669829222011,59.485254206622,1.74126231314565e-45
"Fibroblast","Sertoli","COL4A1","ITGAV_ITGB8",0.000131291288876842,0,"COL4A1_ITGAV_ITGB8","COL4A1 - (ITGAV+ITGB8)","COLLAGEN","ECM-Receptor","KEGG: hsa04512","healthy",-0.172932474048987,34.4525547445255,42.5,0.00992079987922331,-0.203772448560043,33.6669829222011,59.485254206622,1.74126231314565e-45
"Sertoli","Sertoli","COL4A3","ITGAV_ITGB8",0.00143428078008699,0,"COL4A3_ITGAV_ITGB8","COL4A3 - (ITGAV+ITGB8)","COLLAGEN","ECM-Receptor","KEGG: hsa04512","healthy",-0.478271962361618,6.6034155597723,44.8887280622399,0,-0.203772448560043,33.6669829222011,59.485254206622,1.74126231314565e-45
"Leydig","Sertoli","COL4A3","ITGAV_ITGB8",0.000448750664848654,0,"COL4A3_ITGAV_ITGB8","COL4A3 - (ITGAV+ITGB8)","COLLAGEN","ECM-Receptor","KEGG: hsa04512","healthy",-0.226972652488635,12.1428571428571,26.6517635370094,0.000178789359724119,-0.203772448560043,33.6669829222011,59.485254206622,1.74126231314565e-45
"Myoid","Sertoli","COL4A3","ITGAV_ITGB8",0.000437613507677272,0,"COL4A3_ITGAV_ITGB8","COL4A3 - (ITGAV+ITGB8)","COLLAGEN","ECM-Receptor","KEGG: hsa04512","healthy",-0.973810940880146,2.97029702970297,51.3692162417375,4.49414345029575e-18,-0.203772448560043,33.6669829222011,59.485254206622,1.74126231314565e-45
"Sertoli","Sertoli","COL4A4","ITGAV_ITGB8",0.000559993206458844,0,"COL4A4_ITGAV_ITGB8","COL4A4 - (ITGAV+ITGB8)","COLLAGEN","ECM-Receptor","KEGG: hsa04512","healthy",-0.215149590766768,4.37381404174573,30.1248416862674,0,-0.203772448560043,33.6669829222011,59.485254206622,1.74126231314565e-45
"Leydig","Sertoli","COL4A4","ITGAV_ITGB8",0.000427972727782592,0,"COL4A4_ITGAV_ITGB8","COL4A4 - (ITGAV+ITGB8)","COLLAGEN","ECM-Receptor","KEGG: hsa04512","healthy",-0.207987262508835,11.4285714285714,26.5027322404372,0.000190773956943104,-0.203772448560043,33.6669829222011,59.485254206622,1.74126231314565e-45
"Myoid","Sertoli","COL4A4","ITGAV_ITGB8",0.000447794139570642,0,"COL4A4_ITGAV_ITGB8","COL4A4 - (ITGAV+ITGB8)","COLLAGEN","ECM-Receptor","KEGG: hsa04512","healthy",-0.980680488571387,2.97029702970297,52.0302171860246,1.14963451040933e-18,-0.203772448560043,33.6669829222011,59.485254206622,1.74126231314565e-45
"Leydig","Sertoli","COL6A3","ITGAV_ITGB8",0.000746538484489993,0,"COL6A3_ITGAV_ITGB8","COL6A3 - (ITGAV+ITGB8)","COLLAGEN","ECM-Receptor","KEGG: hsa04512","healthy",-0.383796941991021,14.2857142857143,35.0471932439146,1.81814129776072e-06,-0.203772448560043,33.6669829222011,59.485254206622,1.74126231314565e-45
"Myoid","Sertoli","COL6A3","ITGAV_ITGB8",0.000712671674526058,0,"COL6A3_ITGAV_ITGB8","COL6A3 - (ITGAV+ITGB8)","COLLAGEN","ECM-Receptor","KEGG: hsa04512","healthy",-1.20612806048196,9.9009900990099,66.5722379603399,2.70063234313175e-21,-0.203772448560043,33.6669829222011,59.485254206622,1.74126231314565e-45
"Fibroblast","Sertoli","COL6A3","ITGAV_ITGB8",0.0001550808247037,0,"COL6A3_ITGAV_ITGB8","COL6A3 - (ITGAV+ITGB8)","COLLAGEN","ECM-Receptor","KEGG: hsa04512","healthy",-0.54818969811385,27.4452554744526,48.6538461538462,1.58364151236157e-14,-0.203772448560043,33.6669829222011,59.485254206622,1.74126231314565e-45
"Sertoli","Sertoli","COL6A6","ITGAV_ITGB8",0.00342166089607541,0,"COL6A6_ITGAV_ITGB8","COL6A6 - (ITGAV+ITGB8)","COLLAGEN","ECM-Receptor","KEGG: hsa04512","healthy",-0.0631598772572424,43.2068311195446,57.8252216392256,1.17018452018222e-31,-0.203772448560043,33.6669829222011,59.485254206622,1.74126231314565e-45
"SSC","Sertoli","LAMA1","SV2C",0.000191535207583072,0,"LAMA1_SV2C","LAMA1 - SV2C","LAMININ","ECM-Receptor","KEGG: hsa04512","healthy",-0.224425627299153,52.755905511811,63.4478672985782,0.000118486617823241,-0.240769140332828,5.56925996204934,31.9431879862493,0
"Myoid","Sertoli","LAMA2","SV2C",0.000333972919122482,0,"LAMA2_SV2C","LAMA2 - SV2C","LAMININ","ECM-Receptor","KEGG: hsa04512","healthy",-0.834722888907155,63.3663366336634,89.3295561850803,3.54574986583361e-06,-0.240769140332828,5.56925996204934,31.9431879862493,0
"Sertoli","Sertoli","LAMA3","SV2C",0.00268589549820307,0,"LAMA3_SV2C","LAMA3 - SV2C","LAMININ","ECM-Receptor","KEGG: hsa04512","healthy",-1.01037046968447,64.9525616698292,96.8065858512756,0,-0.240769140332828,5.56925996204934,31.9431879862493,0
"Myoid","Sertoli","LAMB1","SV2C",0.000152349554515358,0,"LAMB1_SV2C","LAMB1 - SV2C","LAMININ","ECM-Receptor","KEGG: hsa04512","healthy",-0.823729227029364,23.7623762376238,64.1170915958451,8.57730152128159e-11,-0.240769140332828,5.56925996204934,31.9431879862493,0
"Endothelial","Sertoli","LAMB1","SV2C",7.52852781863254e-06,0,"LAMB1_SV2C","LAMB1 - SV2C","LAMININ","ECM-Receptor","KEGG: hsa04512","healthy",-0.153165541494775,18.359375,27.8388278388278,0.012264990545303,-0.240769140332828,5.56925996204934,31.9431879862493,0
"Spermatocyte","Sertoli","LAMB2","SV2C",2.83672067653404e-05,0,"LAMB2_SV2C","LAMB2 - SV2C","LAMININ","ECM-Receptor","KEGG: hsa04512","healthy",-0.154805904679453,4.06091370558376,26.7943590822985,1.03035891226595e-11,-0.240769140332828,5.56925996204934,31.9431879862493,0
"Sertoli","Sertoli","LAMC1","SV2C",0.000651245331746479,0,"LAMC1_SV2C","LAMC1 - SV2C","LAMININ","ECM-Receptor","KEGG: hsa04512","healthy",-0.118560833778789,37.5047438330171,58.0423376153429,1.95624841727148e-103,-0.240769140332828,5.56925996204934,31.9431879862493,0
"Leydig","Sertoli","LAMC1","SV2C",0.000104279533891748,0,"LAMC1_SV2C","LAMC1 - SV2C","LAMININ","ECM-Receptor","KEGG: hsa04512","healthy",-0.10895524085514,17.1428571428571,27.5211127670144,0.0262658292133582,-0.240769140332828,5.56925996204934,31.9431879862493,0
"Fibroblast","Sertoli","LAMC1","SV2C",2.42390061130445e-05,0,"LAMC1_SV2C","LAMC1 - SV2C","LAMININ","ECM-Receptor","KEGG: hsa04512","healthy",-0.232399672073207,26.7153284671533,40.1923076923077,2.17523352376737e-05,-0.240769140332828,5.56925996204934,31.9431879862493,0
"Endothelial","Sertoli","LAMC1","SV2C",1.12854437456056e-05,0,"LAMC1_SV2C","LAMC1 - SV2C","LAMININ","ECM-Receptor","KEGG: hsa04512","healthy",-0.226324917622458,26.953125,36.2637362637363,0.0072420659094541,-0.240769140332828,5.56925996204934,31.9431879862493,0
"Myoid","Sertoli","LAMC3","SV2C",4.68968447530546e-05,0,"LAMC3_SV2C","LAMC3 - SV2C","LAMININ","ECM-Receptor","KEGG: hsa04512","healthy",-0.576167260040837,8.91089108910891,41.5486307837583,2.83477461007593e-09,-0.240769140332828,5.56925996204934,31.9431879862493,0
"Fibroblast","Sertoli","LAMC3","SV2C",1.9948790369595e-05,0,"LAMC3_SV2C","LAMC3 - SV2C","LAMININ","ECM-Receptor","KEGG: hsa04512","healthy",-0.259076402812179,14.8905109489051,28.0769230769231,1.21337134712169e-07,-0.240769140332828,5.56925996204934,31.9431879862493,0
"SSC","Sertoli","LAMA1","DAG1",0.000746059683045905,0,"LAMA1_DAG1","LAMA1 - DAG1","LAMININ","ECM-Receptor","KEGG: hsa04512","healthy",-0.224425627299153,52.755905511811,63.4478672985782,0.000118486617823241,0.169479505637715,49.2789373814042,55.192690428804,6.5248336844005e-29
"Myoid","SSC","LAMA2","DAG1",8.01671036031201e-05,0,"LAMA2_DAG1","LAMA2 - DAG1","LAMININ","ECM-Receptor","KEGG: hsa04512","healthy",-0.834722888907155,63.3663366336634,89.3295561850803,3.54574986583361e-06,-0.125722873666512,19.2913385826772,26.9549763033175,0.00444409946729885
"Myoid","Spermatocyte","LAMA2","DAG1",4.8183377210833e-05,0,"LAMA2_DAG1","LAMA2 - DAG1","LAMININ","ECM-Receptor","KEGG: hsa04512","healthy",-0.834722888907155,63.3663366336634,89.3295561850803,3.54574986583361e-06,NA,NA,NA,NA
"Myoid","Sertoli","LAMA2","DAG1",0.00125490057981316,0,"LAMA2_DAG1","LAMA2 - DAG1","LAMININ","ECM-Receptor","KEGG: hsa04512","healthy",-0.834722888907155,63.3663366336634,89.3295561850803,3.54574986583361e-06,0.169479505637715,49.2789373814042,55.192690428804,6.5248336844005e-29
"Sertoli","SSC","LAMA3","DAG1",0.000646423221318289,0,"LAMA3_DAG1","LAMA3 - DAG1","LAMININ","ECM-Receptor","KEGG: hsa04512","healthy",-1.01037046968447,64.9525616698292,96.8065858512756,0,-0.125722873666512,19.2913385826772,26.9549763033175,0.00444409946729885
"Sertoli","Sertoli","LAMA3","DAG1",0.0102217553995463,0,"LAMA3_DAG1","LAMA3 - DAG1","LAMININ","ECM-Receptor","KEGG: hsa04512","healthy",-1.01037046968447,64.9525616698292,96.8065858512756,0,0.169479505637715,49.2789373814042,55.192690428804,6.5248336844005e-29
"Myoid","SSC","LAMB1","DAG1",3.6799241553445e-05,0,"LAMB1_DAG1","LAMB1 - DAG1","LAMININ","ECM-Receptor","KEGG: hsa04512","healthy",-0.823729227029364,23.7623762376238,64.1170915958451,8.57730152128159e-11,-0.125722873666512,19.2913385826772,26.9549763033175,0.00444409946729885
"Endothelial","SSC","LAMB1","DAG1",1.82623530642792e-06,0,"LAMB1_DAG1","LAMB1 - DAG1","LAMININ","ECM-Receptor","KEGG: hsa04512","healthy",-0.153165541494775,18.359375,27.8388278388278,0.012264990545303,-0.125722873666512,19.2913385826772,26.9549763033175,0.00444409946729885
"Myoid","Spermatocyte","LAMB1","DAG1",2.18221380527396e-05,0,"LAMB1_DAG1","LAMB1 - DAG1","LAMININ","ECM-Receptor","KEGG: hsa04512","healthy",-0.823729227029364,23.7623762376238,64.1170915958451,8.57730152128159e-11,NA,NA,NA,NA
"Endothelial","Spermatocyte","LAMB1","DAG1",1.07314100899639e-06,0,"LAMB1_DAG1","LAMB1 - DAG1","LAMININ","ECM-Receptor","KEGG: hsa04512","healthy",-0.153165541494775,18.359375,27.8388278388278,0.012264990545303,NA,NA,NA,NA
"Myoid","Sertoli","LAMB1","DAG1",0.000590170463014369,0,"LAMB1_DAG1","LAMB1 - DAG1","LAMININ","ECM-Receptor","KEGG: hsa04512","healthy",-0.823729227029364,23.7623762376238,64.1170915958451,8.57730152128159e-11,0.169479505637715,49.2789373814042,55.192690428804,6.5248336844005e-29
"Endothelial","Sertoli","LAMB1","DAG1",2.97891010880782e-05,0,"LAMB1_DAG1","LAMB1 - DAG1","LAMININ","ECM-Receptor","KEGG: hsa04512","healthy",-0.153165541494775,18.359375,27.8388278388278,0.012264990545303,0.169479505637715,49.2789373814042,55.192690428804,6.5248336844005e-29
"Spermatocyte","SSC","LAMB2","DAG1",6.88664459292814e-06,0,"LAMB2_DAG1","LAMB2 - DAG1","LAMININ","ECM-Receptor","KEGG: hsa04512","healthy",-0.154805904679453,4.06091370558376,26.7943590822985,1.03035891226595e-11,-0.125722873666512,19.2913385826772,26.9549763033175,0.00444409946729885
"Spermatocyte","Spermatocyte","LAMB2","DAG1",4.03991753187753e-06,0,"LAMB2_DAG1","LAMB2 - DAG1","LAMININ","ECM-Receptor","KEGG: hsa04512","healthy",-0.154805904679453,4.06091370558376,26.7943590822985,1.03035891226595e-11,NA,NA,NA,NA
"Spermatocyte","Sertoli","LAMB2","DAG1",0.000112693042083665,0,"LAMB2_DAG1","LAMB2 - DAG1","LAMININ","ECM-Receptor","KEGG: hsa04512","healthy",-0.154805904679453,4.06091370558376,26.7943590822985,1.03035891226595e-11,0.169479505637715,49.2789373814042,55.192690428804,6.5248336844005e-29
"Sertoli","SSC","LAMC1","DAG1",0.000157794634596099,0,"LAMC1_DAG1","LAMC1 - DAG1","LAMININ","ECM-Receptor","KEGG: hsa04512","healthy",-0.118560833778789,37.5047438330171,58.0423376153429,1.95624841727148e-103,-0.125722873666512,19.2913385826772,26.9549763033175,0.00444409946729885
"Leydig","SSC","LAMC1","DAG1",2.52972000742113e-05,0.02,"LAMC1_DAG1","LAMC1 - DAG1","LAMININ","ECM-Receptor","KEGG: hsa04512","healthy",-0.10895524085514,17.1428571428571,27.5211127670144,0.0262658292133582,-0.125722873666512,19.2913385826772,26.9549763033175,0.00444409946729885
"Fibroblast","SSC","LAMC1","DAG1",5.87568159394365e-06,0,"LAMC1_DAG1","LAMC1 - DAG1","LAMININ","ECM-Receptor","KEGG: hsa04512","healthy",-0.232399672073207,26.7153284671533,40.1923076923077,2.17523352376737e-05,-0.125722873666512,19.2913385826772,26.9549763033175,0.00444409946729885
"Endothelial","SSC","LAMC1","DAG1",2.73618896298541e-06,0,"LAMC1_DAG1","LAMC1 - DAG1","LAMININ","ECM-Receptor","KEGG: hsa04512","healthy",-0.226324917622458,26.953125,36.2637362637363,0.0072420659094541,-0.125722873666512,19.2913385826772,26.9549763033175,0.00444409946729885
"Sertoli","Sertoli","LAMC1","DAG1",0.00256206625602429,0,"LAMC1_DAG1","LAMC1 - DAG1","LAMININ","ECM-Receptor","KEGG: hsa04512","healthy",-0.118560833778789,37.5047438330171,58.0423376153429,1.95624841727148e-103,0.169479505637715,49.2789373814042,55.192690428804,6.5248336844005e-29
"Leydig","Sertoli","LAMC1","DAG1",0.000412743817553492,0,"LAMC1_DAG1","LAMC1 - DAG1","LAMININ","ECM-Receptor","KEGG: hsa04512","healthy",-0.10895524085514,17.1428571428571,27.5211127670144,0.0262658292133582,0.169479505637715,49.2789373814042,55.192690428804,6.5248336844005e-29
"Fibroblast","Sertoli","LAMC1","DAG1",9.55742302958893e-05,0,"LAMC1_DAG1","LAMC1 - DAG1","LAMININ","ECM-Receptor","KEGG: hsa04512","healthy",-0.232399672073207,26.7153284671533,40.1923076923077,2.17523352376737e-05,0.169479505637715,49.2789373814042,55.192690428804,6.5248336844005e-29
"Endothelial","Sertoli","LAMC1","DAG1",4.45415841121861e-05,0,"LAMC1_DAG1","LAMC1 - DAG1","LAMININ","ECM-Receptor","KEGG: hsa04512","healthy",-0.226324917622458,26.953125,36.2637362637363,0.0072420659094541,0.169479505637715,49.2789373814042,55.192690428804,6.5248336844005e-29
"Myoid","SSC","LAMC3","DAG1",1.1369049630123e-05,0,"LAMC3_DAG1","LAMC3 - DAG1","LAMININ","ECM-Receptor","KEGG: hsa04512","healthy",-0.576167260040837,8.91089108910891,41.5486307837583,2.83477461007593e-09,-0.125722873666512,19.2913385826772,26.9549763033175,0.00444409946729885
"Fibroblast","SSC","LAMC3","DAG1",4.83717061358145e-06,0,"LAMC3_DAG1","LAMC3 - DAG1","LAMININ","ECM-Receptor","KEGG: hsa04512","healthy",-0.259076402812179,14.8905109489051,28.0769230769231,1.21337134712169e-07,-0.125722873666512,19.2913385826772,26.9549763033175,0.00444409946729885
"Myoid","Spermatocyte","LAMC3","DAG1",6.68948660959391e-06,0,"LAMC3_DAG1","LAMC3 - DAG1","LAMININ","ECM-Receptor","KEGG: hsa04512","healthy",-0.576167260040837,8.91089108910891,41.5486307837583,2.83477461007593e-09,NA,NA,NA,NA
"Fibroblast","Spermatocyte","LAMC3","DAG1",2.84484444387406e-06,0,"LAMC3_DAG1","LAMC3 - DAG1","LAMININ","ECM-Receptor","KEGG: hsa04512","healthy",-0.259076402812179,14.8905109489051,28.0769230769231,1.21337134712169e-07,NA,NA,NA,NA
"Myoid","Sertoli","LAMC3","DAG1",0.000184993085980479,0,"LAMC3_DAG1","LAMC3 - DAG1","LAMININ","ECM-Receptor","KEGG: hsa04512","healthy",-0.576167260040837,8.91089108910891,41.5486307837583,2.83477461007593e-09,0.169479505637715,49.2789373814042,55.192690428804,6.5248336844005e-29
"Fibroblast","Sertoli","LAMC3","DAG1",7.87773309704143e-05,0,"LAMC3_DAG1","LAMC3 - DAG1","LAMININ","ECM-Receptor","KEGG: hsa04512","healthy",-0.259076402812179,14.8905109489051,28.0769230769231,1.21337134712169e-07,0.169479505637715,49.2789373814042,55.192690428804,6.5248336844005e-29
"Endothelial","SSC","RELN","LRP8",2.4042419263516e-06,0,"RELN_LRP8","RELN - LRP8","RELN","ECM-Receptor","PMID: 14578885","healthy",-0.305333223043345,21.484375,31.1355311355311,0.00337590190539085,-0.156783793058791,18.503937007874,27.0734597156398,0.000843456763009106
"Endothelial","Spermatocyte","RELN","LRP8",3.67311622150566e-06,0,"RELN_LRP8","RELN - LRP8","RELN","ECM-Receptor","PMID: 14578885","healthy",-0.305333223043345,21.484375,31.1355311355311,0.00337590190539085,-0.0885882022309864,10.6598984771574,31.2776257629973,1.05361464210168e-07
"Endothelial","Spermatid","RELN","LRP8",3.8805750605727e-06,0,"RELN_LRP8","RELN - LRP8","RELN","ECM-Receptor","PMID: 14578885","healthy",-0.305333223043345,21.484375,31.1355311355311,0.00337590190539085,-0.153613359648826,14.5695364238411,33.3799860041987,3.89965383930657e-05
"Endothelial","Sertoli","RELN","LRP8",7.77226392125187e-05,0,"RELN_LRP8","RELN - LRP8","RELN","ECM-Receptor","PMID: 14578885","healthy",-0.305333223043345,21.484375,31.1355311355311,0.00337590190539085,-0.719114698526597,24.1650853889943,75.4930341957662,0
"Spermatocyte","Sertoli","2AG-DAGLB","GPR55",8.66797760515509e-05,0,"2arachidonoylglycerol-2AG-DAGLB_GPR55","2AG-DAGLB - GPR55","2-AG","Non-protein Signaling","PMID: 20298715","healthy",-0.0697177864999413,12.1827411167513,31.5091559671648,1.30389652790141e-06,-0.377331891404647,2.27703984819734,45.5400759905916,0
"Sertoli","Sertoli","2AG-DAGLB","GPR55",0.00107302056293961,0,"2arachidonoylglycerol-2AG-DAGLB_GPR55","2AG-DAGLB - GPR55","2-AG","Non-protein Signaling","PMID: 20298715","healthy",-0.225358734414614,32.2106261859583,59.0012665098607,8.2457713817026e-275,-0.377331891404647,2.27703984819734,45.5400759905916,0
"Leydig","SSC","Androstenedione-CYP17A1","AR",0.000196596618078329,0,"ANDROSTENEDIONE-CYP17A1_AR","ANDROSTENEDIONE-CYP17A1 - AR","Androstenedione","Non-protein Signaling","HMRbase;reactome","healthy",-0.987699749362863,21.4285714285714,65.3005464480874,4.13999408955163e-20,NA,NA,NA,NA
"Leydig","Sertoli","Androstenedione-CYP17A1","AR",0.00324379876157487,0,"ANDROSTENEDIONE-CYP17A1_AR","ANDROSTENEDIONE-CYP17A1 - AR","Androstenedione","Non-protein Signaling","HMRbase;reactome","healthy",-0.987699749362863,21.4285714285714,65.3005464480874,4.13999408955163e-20,-0.141088737461809,42.011385199241,64.3477474217478,2.02622506933508e-99
"Leydig","Leydig","Androstenedione-CYP17A1","AR",0.000662820206712882,0,"ANDROSTENEDIONE-CYP17A1_AR","ANDROSTENEDIONE-CYP17A1 - AR","Androstenedione","Non-protein Signaling","HMRbase;reactome","healthy",-0.987699749362863,21.4285714285714,65.3005464480874,4.13999408955163e-20,-0.34677206895089,18.5714285714286,42.6726279185296,7.54380611095969e-07
"Leydig","Myoid","Androstenedione-CYP17A1","AR",0.000137207136514844,0,"ANDROSTENEDIONE-CYP17A1_AR","ANDROSTENEDIONE-CYP17A1 - AR","Androstenedione","Non-protein Signaling","HMRbase;reactome","healthy",-0.987699749362863,21.4285714285714,65.3005464480874,4.13999408955163e-20,-0.351389356787666,9.9009900990099,33.2389046270066,8.57413224235828e-06
"Leydig","Fibroblast","Androstenedione-CYP17A1","AR",5.15008324199035e-05,0,"ANDROSTENEDIONE-CYP17A1_AR","ANDROSTENEDIONE-CYP17A1 - AR","Androstenedione","Non-protein Signaling","HMRbase;reactome","healthy",-0.987699749362863,21.4285714285714,65.3005464480874,4.13999408955163e-20,NA,NA,NA,NA
"Leydig","SSC","Cholesterol-DHCR24","RORA",0.000827531788237232,0,"Cholesterol-Cholesterol-DHCR24_RORA","CHOLESTEROL-DHCR24 - RORA","Cholesterol","Non-protein Signaling","HMRbase;PMID:12467577;PDB:1N83","healthy",-1.20515921408103,26.4285714285714,69.9950322901143,9.9572779138531e-25,1.52852303061695,93.3070866141732,54.0876777251185,6.6003604616421e-73
"Leydig","Spermatocyte","Cholesterol-DHCR24","RORA",0.000684359886793957,0,"Cholesterol-Cholesterol-DHCR24_RORA","CHOLESTEROL-DHCR24 - RORA","Cholesterol","Non-protein Signaling","HMRbase;PMID:12467577;PDB:1N83","healthy",-1.20515921408103,26.4285714285714,69.9950322901143,9.9572779138531e-25,1.05596455580592,65.989847715736,45.4220164175963,2.13571805243129e-29
"Leydig","Spermatid","Cholesterol-DHCR24","RORA",0.000834878058426508,0,"Cholesterol-Cholesterol-DHCR24_RORA","CHOLESTEROL-DHCR24 - RORA","Cholesterol","Non-protein Signaling","HMRbase;PMID:12467577;PDB:1N83","healthy",-1.20515921408103,26.4285714285714,69.9950322901143,9.9572779138531e-25,1.15551814670267,78.1456953642384,50.4198740377887,8.29666441219775e-31
"Leydig","Sertoli","Cholesterol-DHCR24","RORA",0.011826669339007,0,"Cholesterol-Cholesterol-DHCR24_RORA","CHOLESTEROL-DHCR24 - RORA","Cholesterol","Non-protein Signaling","HMRbase;PMID:12467577;PDB:1N83","healthy",-1.20515921408103,26.4285714285714,69.9950322901143,9.9572779138531e-25,-0.0556407289574903,89.3548387096774,97.4217477836077,1.16945442106394e-10
"Leydig","Leydig","Cholesterol-DHCR24","RORA",0.00348262097301218,0,"Cholesterol-Cholesterol-DHCR24_RORA","CHOLESTEROL-DHCR24 - RORA","Cholesterol","Non-protein Signaling","HMRbase;PMID:12467577;PDB:1N83","healthy",-1.20515921408103,26.4285714285714,69.9950322901143,9.9572779138531e-25,0.262801076394804,73.5714285714286,78.9865871833085,2.66929123147758e-05
"Leydig","Myoid","Cholesterol-DHCR24","RORA",0.00107691974718528,0,"Cholesterol-Cholesterol-DHCR24_RORA","CHOLESTEROL-DHCR24 - RORA","Cholesterol","Non-protein Signaling","HMRbase;PMID:12467577;PDB:1N83","healthy",-1.20515921408103,26.4285714285714,69.9950322901143,9.9572779138531e-25,NA,NA,NA,NA
"Leydig","Fibroblast","Cholesterol-DHCR24","RORA",0.000527767028852372,0,"Cholesterol-Cholesterol-DHCR24_RORA","CHOLESTEROL-DHCR24 - RORA","Cholesterol","Non-protein Signaling","HMRbase;PMID:12467577;PDB:1N83","healthy",-1.20515921408103,26.4285714285714,69.9950322901143,9.9572779138531e-25,0.77108973896579,90.5109489051095,79.6153846153846,5.66145428282324e-32
"Leydig","Endothelial","Cholesterol-DHCR24","RORA",0.000182473727824216,0,"Cholesterol-Cholesterol-DHCR24_RORA","CHOLESTEROL-DHCR24 - RORA","Cholesterol","Non-protein Signaling","HMRbase;PMID:12467577;PDB:1N83","healthy",-1.20515921408103,26.4285714285714,69.9950322901143,9.9572779138531e-25,0.582929282548184,71.875,60.8058608058608,1.4453134358302e-07
"Sertoli","SSC","Cholesterol-LIPA","RORA",0.000150759468676826,0,"Cholesterol-Cholesterol-LIPA_RORA","CHOLESTEROL-LIPA - RORA","Cholesterol","Non-protein Signaling","HMRbase;PMID:12467577;PDB:1N83","healthy",-0.0732018455179159,18.7760910815939,31.9884204812737,5.20383195690844e-101,1.52852303061695,93.3070866141732,54.0876777251185,6.6003604616421e-73
"Sertoli","Spermatocyte","Cholesterol-LIPA","RORA",0.000117587908413161,0,"Cholesterol-Cholesterol-LIPA_RORA","CHOLESTEROL-LIPA - RORA","Cholesterol","Non-protein Signaling","HMRbase;PMID:12467577;PDB:1N83","healthy",-0.0732018455179159,18.7760910815939,31.9884204812737,5.20383195690844e-101,1.05596455580592,65.989847715736,45.4220164175963,2.13571805243129e-29
"Sertoli","Spermatid","Cholesterol-LIPA","RORA",0.000147025566163474,0,"Cholesterol-Cholesterol-LIPA_RORA","CHOLESTEROL-LIPA - RORA","Cholesterol","Non-protein Signaling","HMRbase;PMID:12467577;PDB:1N83","healthy",-0.0732018455179159,18.7760910815939,31.9884204812737,5.20383195690844e-101,1.15551814670267,78.1456953642384,50.4198740377887,8.29666441219775e-31
"Sertoli","Sertoli","Cholesterol-LIPA","RORA",0.00239646466137034,0,"Cholesterol-Cholesterol-LIPA_RORA","CHOLESTEROL-LIPA - RORA","Cholesterol","Non-protein Signaling","HMRbase;PMID:12467577;PDB:1N83","healthy",-0.0732018455179159,18.7760910815939,31.9884204812737,5.20383195690844e-101,-0.0556407289574903,89.3548387096774,97.4217477836077,1.16945442106394e-10
"Sertoli","Leydig","Cholesterol-LIPA","RORA",0.000678759489323364,0,"Cholesterol-Cholesterol-LIPA_RORA","CHOLESTEROL-LIPA - RORA","Cholesterol","Non-protein Signaling","HMRbase;PMID:12467577;PDB:1N83","healthy",-0.0732018455179159,18.7760910815939,31.9884204812737,5.20383195690844e-101,0.262801076394804,73.5714285714286,78.9865871833085,2.66929123147758e-05
"Sertoli","Myoid","Cholesterol-LIPA","RORA",0.000216002350573946,0,"Cholesterol-Cholesterol-LIPA_RORA","CHOLESTEROL-LIPA - RORA","Cholesterol","Non-protein Signaling","HMRbase;PMID:12467577;PDB:1N83","healthy",-0.0732018455179159,18.7760910815939,31.9884204812737,5.20383195690844e-101,NA,NA,NA,NA
"Sertoli","Fibroblast","Cholesterol-LIPA","RORA",0.00010581620264067,0,"Cholesterol-Cholesterol-LIPA_RORA","CHOLESTEROL-LIPA - RORA","Cholesterol","Non-protein Signaling","HMRbase;PMID:12467577;PDB:1N83","healthy",-0.0732018455179159,18.7760910815939,31.9884204812737,5.20383195690844e-101,0.77108973896579,90.5109489051095,79.6153846153846,5.66145428282324e-32
"Sertoli","Endothelial","Cholesterol-LIPA","RORA",3.43072970294537e-05,0,"Cholesterol-Cholesterol-LIPA_RORA","CHOLESTEROL-LIPA - RORA","Cholesterol","Non-protein Signaling","HMRbase;PMID:12467577;PDB:1N83","healthy",-0.0732018455179159,18.7760910815939,31.9884204812737,5.20383195690844e-101,0.582929282548184,71.875,60.8058608058608,1.4453134358302e-07
"Leydig","SSC","Cort-CYP11B1","NR3C1",7.30806786876065e-05,0,"Cort-CYP11B1_NR3C1","Cort-CYP11B1 - NR3C1","Cort","Non-protein Signaling","PMID: 28116713","healthy",-0.62462671263613,1.42857142857143,32.4888226527571,4.51195949552754e-14,0.342625964567973,67.3228346456693,47.0971563981043,1.33954750752261e-09
"Leydig","Spermatocyte","Cort-CYP11B1","NR3C1",0.000379498230307363,0,"Cort-CYP11B1_NR3C1","Cort-CYP11B1 - NR3C1","Cort","Non-protein Signaling","PMID: 28116713","healthy",-0.62462671263613,1.42857142857143,32.4888226527571,4.51195949552754e-14,NA,NA,NA,NA
"Leydig","Spermatid","Cort-CYP11B1","NR3C1",9.50624420992561e-05,0,"Cort-CYP11B1_NR3C1","Cort-CYP11B1 - NR3C1","Cort","Non-protein Signaling","PMID: 28116713","healthy",-0.62462671263613,1.42857142857143,32.4888226527571,4.51195949552754e-14,0.264299953179722,45.0331125827815,42.2323303009097,0.00560082704812285
"Leydig","Sertoli","Cort-CYP11B1","NR3C1",0.000923640943065722,0,"Cort-CYP11B1_NR3C1","Cort-CYP11B1 - NR3C1","Cort","Non-protein Signaling","PMID: 28116713","healthy",-0.62462671263613,1.42857142857143,32.4888226527571,4.51195949552754e-14,NA,NA,NA,NA
"Leydig","Myoid","Cort-CYP11B1","NR3C1",3.99537310486445e-05,0,"Cort-CYP11B1_NR3C1","Cort-CYP11B1 - NR3C1","Cort","Non-protein Signaling","PMID: 28116713","healthy",-0.62462671263613,1.42857142857143,32.4888226527571,4.51195949552754e-14,NA,NA,NA,NA
"Leydig","Fibroblast","Cort-CYP11B1","NR3C1",2.57797904870969e-05,0,"Cort-CYP11B1_NR3C1","Cort-CYP11B1 - NR3C1","Cort","Non-protein Signaling","PMID: 28116713","healthy",-0.62462671263613,1.42857142857143,32.4888226527571,4.51195949552754e-14,NA,NA,NA,NA
"Leydig","Endothelial","Cort-CYP11B1","NR3C1",1.47222153583166e-05,0,"Cort-CYP11B1_NR3C1","Cort-CYP11B1 - NR3C1","Cort","Non-protein Signaling","PMID: 28116713","healthy",-0.62462671263613,1.42857142857143,32.4888226527571,4.51195949552754e-14,NA,NA,NA,NA
"Leydig","SSC","Cort-CYP11B1","NR3C2",0.000251902034236888,0,"Cort-CYP11B1_NR3C2","Cort-CYP11B1 - NR3C2","Cort","Non-protein Signaling","PMID: 28116713","healthy",-0.62462671263613,1.42857142857143,32.4888226527571,4.51195949552754e-14,-0.18584856621033,67.3228346456693,70.9715639810426,0.000486493373040007
"Leydig","Spermatocyte","Cort-CYP11B1","NR3C2",9.8067506874633e-05,0,"Cort-CYP11B1_NR3C2","Cort-CYP11B1 - NR3C2","Cort","Non-protein Signaling","PMID: 28116713","healthy",-0.62462671263613,1.42857142857143,32.4888226527571,4.51195949552754e-14,NA,NA,NA,NA
"Leydig","Spermatid","Cort-CYP11B1","NR3C2",8.99117581314229e-05,0,"Cort-CYP11B1_NR3C2","Cort-CYP11B1 - NR3C2","Cort","Non-protein Signaling","PMID: 28116713","healthy",-0.62462671263613,1.42857142857143,32.4888226527571,4.51195949552754e-14,0.417039370982441,52.317880794702,38.6634009797061,2.94906484991483e-07
"Leydig","Sertoli","Cort-CYP11B1","NR3C2",0.000289255094085314,0,"Cort-CYP11B1_NR3C2","Cort-CYP11B1 - NR3C2","Cort","Non-protein Signaling","PMID: 28116713","healthy",-0.62462671263613,1.42857142857143,32.4888226527571,4.51195949552754e-14,0.786855935594923,66.5085388994307,49.366745069658,0
"Leydig","Myoid","Cort-CYP11B1","NR3C2",3.74503924752843e-05,0,"Cort-CYP11B1_NR3C2","Cort-CYP11B1 - NR3C2","Cort","Non-protein Signaling","PMID: 28116713","healthy",-0.62462671263613,1.42857142857143,32.4888226527571,4.51195949552754e-14,NA,NA,NA,NA
"Leydig","Fibroblast","Cort-CYP11B1","NR3C2",2.42860137947933e-05,0,"Cort-CYP11B1_NR3C2","Cort-CYP11B1 - NR3C2","Cort","Non-protein Signaling","PMID: 28116713","healthy",-0.62462671263613,1.42857142857143,32.4888226527571,4.51195949552754e-14,NA,NA,NA,NA
"Leydig","Endothelial","Cort-CYP11B1","NR3C2",2.78762542667635e-05,0,"Cort-CYP11B1_NR3C2","Cort-CYP11B1 - NR3C2","Cort","Non-protein Signaling","PMID: 28116713","healthy",-0.62462671263613,1.42857142857143,32.4888226527571,4.51195949552754e-14,-0.214020212440982,42.1875,50.5494505494505,0.0231774336318139
"Spermatocyte","SSC","E2-CYP19A1","ESR2",0.00040536068583244,0,"Estradiol-E2-CYP19A1_ESR2","E2-CYP19A1 - ESR2","Estradiol","Non-protein Signaling","HMRbase","healthy",-1.05567270641506,37.5634517766497,73.8370869290676,1.94787167589595e-21,-0.176736080799084,30.7086614173228,41.2914691943128,0.000717867373007355
"Leydig","SSC","E2-CYP19A1","ESR2",0.000533491769040358,0,"Estradiol-E2-CYP19A1_ESR2","E2-CYP19A1 - ESR2","Estradiol","Non-protein Signaling","HMRbase","healthy",-2.45362735604022,19.2857142857143,87.5062096373572,1.21334606706539e-55,-0.176736080799084,30.7086614173228,41.2914691943128,0.000717867373007355
"Spermatocyte","Spermatocyte","E2-CYP19A1","ESR2",0.00236673982528819,0,"Estradiol-E2-CYP19A1_ESR2","E2-CYP19A1 - ESR2","Estradiol","Non-protein Signaling","HMRbase","healthy",-1.05567270641506,37.5634517766497,73.8370869290676,1.94787167589595e-21,-0.319789703606084,22.3350253807107,57.6720690380972,1.19720056390288e-11
"Spermatid","Spermatocyte","E2-CYP19A1","ESR2",0.000371745058196314,0,"Estradiol-E2-CYP19A1_ESR2","E2-CYP19A1 - ESR2","Estradiol","Non-protein Signaling","HMRbase","healthy",-0.512183243442773,17.2185430463576,47.0608817354794,2.72106217723204e-09,-0.319789703606084,22.3350253807107,57.6720690380972,1.19720056390288e-11
"Sertoli","Spermatocyte","E2-CYP19A1","ESR2",0.000992535816573134,0,"Estradiol-E2-CYP19A1_ESR2","E2-CYP19A1 - ESR2","Estradiol","Non-protein Signaling","HMRbase","healthy",-0.319547121736434,17.8842504743833,50.5427899402931,0,-0.319789703606084,22.3350253807107,57.6720690380972,1.19720056390288e-11
"Leydig","Spermatocyte","E2-CYP19A1","ESR2",0.00304955927134833,0,"Estradiol-E2-CYP19A1_ESR2","E2-CYP19A1 - ESR2","Estradiol","Non-protein Signaling","HMRbase","healthy",-2.45362735604022,19.2857142857143,87.5062096373572,1.21334606706539e-55,-0.319789703606084,22.3350253807107,57.6720690380972,1.19720056390288e-11
"Spermatocyte","Spermatid","E2-CYP19A1","ESR2",0.000528088760725637,0,"Estradiol-E2-CYP19A1_ESR2","E2-CYP19A1 - ESR2","Estradiol","Non-protein Signaling","HMRbase","healthy",-1.05567270641506,37.5634517766497,73.8370869290676,1.94787167589595e-21,-0.117797388470161,23.1788079470199,37.8236529041288,0.00531217851354715
"Leydig","Spermatid","E2-CYP19A1","ESR2",0.000698220825786888,0,"Estradiol-E2-CYP19A1_ESR2","E2-CYP19A1 - ESR2","Estradiol","Non-protein Signaling","HMRbase","healthy",-2.45362735604022,19.2857142857143,87.5062096373572,1.21334606706539e-55,-0.117797388470161,23.1788079470199,37.8236529041288,0.00531217851354715
"Spermatocyte","Sertoli","E2-CYP19A1","ESR2",0.00168194704011808,0,"Estradiol-E2-CYP19A1_ESR2","E2-CYP19A1 - ESR2","Estradiol","Non-protein Signaling","HMRbase","healthy",-1.05567270641506,37.5634517766497,73.8370869290676,1.94787167589595e-21,0.197583636249831,45.8254269449715,48.2087931970327,2.96862720115662e-33
"Leydig","Sertoli","E2-CYP19A1","ESR2",0.00222987564034336,0,"Estradiol-E2-CYP19A1_ESR2","E2-CYP19A1 - ESR2","Estradiol","Non-protein Signaling","HMRbase","healthy",-2.45362735604022,19.2857142857143,87.5062096373572,1.21334606706539e-55,0.197583636249831,45.8254269449715,48.2087931970327,2.96862720115662e-33
"Spermatocyte","Leydig","E2-CYP19A1","ESR2",0.000995211049192775,0,"Estradiol-E2-CYP19A1_ESR2","E2-CYP19A1 - ESR2","Estradiol","Non-protein Signaling","HMRbase","healthy",-1.05567270641506,37.5634517766497,73.8370869290676,1.94787167589595e-21,-0.193004516564955,22.1428571428571,38.648782911078,0.00107134393117881
"Leydig","Leydig","E2-CYP19A1","ESR2",0.0013090227287369,0,"Estradiol-E2-CYP19A1_ESR2","E2-CYP19A1 - ESR2","Estradiol","Non-protein Signaling","HMRbase","healthy",-2.45362735604022,19.2857142857143,87.5062096373572,1.21334606706539e-55,-0.193004516564955,22.1428571428571,38.648782911078,0.00107134393117881
"Spermatocyte","Endothelial","E2-CYP19A1","ESR2",4.54551245088011e-05,0,"Estradiol-E2-CYP19A1_ESR2","E2-CYP19A1 - ESR2","Estradiol","Non-protein Signaling","HMRbase","healthy",-1.05567270641506,37.5634517766497,73.8370869290676,1.94787167589595e-21,-0.192846678498224,17.1875,26.007326007326,0.0062048013253816
"Leydig","Endothelial","E2-CYP19A1","ESR2",6.01908892189605e-05,0,"Estradiol-E2-CYP19A1_ESR2","E2-CYP19A1 - ESR2","Estradiol","Non-protein Signaling","HMRbase","healthy",-2.45362735604022,19.2857142857143,87.5062096373572,1.21334606706539e-55,-0.192846678498224,17.1875,26.007326007326,0.0062048013253816
"Sertoli","SSC","Testosterone-HSD17B12","AR",0.000657437172849086,0,"Testosterone-Testosterone-HSD17B12_AR","TESTOSTERONE-HSD17B12 - AR","Testosterone","Non-protein Signaling","HMRbase;uniprot","healthy",-0.675286347038017,58.5768500948767,89.3341776732405,0,NA,NA,NA,NA
"SSC","Sertoli","Testosterone-HSD17B12","AR",0.0010095307686435,0,"Testosterone-Testosterone-HSD17B12_AR","TESTOSTERONE-HSD17B12 - AR","Testosterone","Non-protein Signaling","HMRbase;uniprot","healthy",-0.150332664453534,59.0551181102362,62.5,0.00664229488155949,-0.141088737461809,42.011385199241,64.3477474217478,2.02622506933508e-99
"Sertoli","Sertoli","Testosterone-HSD17B12","AR",0.0107750933215207,0,"Testosterone-Testosterone-HSD17B12_AR","TESTOSTERONE-HSD17B12 - AR","Testosterone","Non-protein Signaling","HMRbase;uniprot","healthy",-0.675286347038017,58.5768500948767,89.3341776732405,0,-0.141088737461809,42.011385199241,64.3477474217478,2.02622506933508e-99
"Leydig","Sertoli","Testosterone-HSD17B12","AR",0.00246207877959573,0,"Testosterone-Testosterone-HSD17B12_AR","TESTOSTERONE-HSD17B12 - AR","Testosterone","Non-protein Signaling","HMRbase;uniprot","healthy",-0.244046923780363,40.7142857142857,57.103825136612,0.00368187830266086,-0.141088737461809,42.011385199241,64.3477474217478,2.02622506933508e-99
"SSC","Leydig","Testosterone-HSD17B12","AR",0.000205057342193723,0,"Testosterone-Testosterone-HSD17B12_AR","TESTOSTERONE-HSD17B12 - AR","Testosterone","Non-protein Signaling","HMRbase;uniprot","healthy",-0.150332664453534,59.0551181102362,62.5,0.00664229488155949,-0.34677206895089,18.5714285714286,42.6726279185296,7.54380611095969e-07
"Sertoli","Leydig","Testosterone-HSD17B12","AR",0.00221248196686482,0,"Testosterone-Testosterone-HSD17B12_AR","TESTOSTERONE-HSD17B12 - AR","Testosterone","Non-protein Signaling","HMRbase;uniprot","healthy",-0.675286347038017,58.5768500948767,89.3341776732405,0,-0.34677206895089,18.5714285714286,42.6726279185296,7.54380611095969e-07
"Leydig","Leydig","Testosterone-HSD17B12","AR",0.000500293822504814,0,"Testosterone-Testosterone-HSD17B12_AR","TESTOSTERONE-HSD17B12 - AR","Testosterone","Non-protein Signaling","HMRbase;uniprot","healthy",-0.244046923780363,40.7142857142857,57.103825136612,0.00368187830266086,-0.34677206895089,18.5714285714286,42.6726279185296,7.54380611095969e-07
"Sertoli","Myoid","Testosterone-HSD17B12","AR",0.000458605059375965,0,"Testosterone-Testosterone-HSD17B12_AR","TESTOSTERONE-HSD17B12 - AR","Testosterone","Non-protein Signaling","HMRbase;uniprot","healthy",-0.675286347038017,58.5768500948767,89.3341776732405,0,-0.351389356787666,9.9009900990099,33.2389046270066,8.57413224235828e-06
"Leydig","Myoid","Testosterone-HSD17B12","AR",0.000103406994198307,0.01,"Testosterone-Testosterone-HSD17B12_AR","TESTOSTERONE-HSD17B12 - AR","Testosterone","Non-protein Signaling","HMRbase;uniprot","healthy",-0.244046923780363,40.7142857142857,57.103825136612,0.00368187830266086,-0.351389356787666,9.9009900990099,33.2389046270066,8.57413224235828e-06
"Sertoli","Fibroblast","Testosterone-HSD17B12","AR",0.000172337650486333,0,"Testosterone-Testosterone-HSD17B12_AR","TESTOSTERONE-HSD17B12 - AR","Testosterone","Non-protein Signaling","HMRbase;uniprot","healthy",-0.675286347038017,58.5768500948767,89.3341776732405,0,NA,NA,NA,NA
"Sertoli","SSC","Testosterone-HSD17B3","AR",0.000584955733144943,0,"Testosterone-Testosterone-HSD17B3_AR","TESTOSTERONE-HSD17B3 - AR","Testosterone","Non-protein Signaling","HMRbase;uniprot","healthy",-0.733988293838107,48.4250474383302,88.5380857608106,0,NA,NA,NA,NA
"Sertoli","Sertoli","Testosterone-HSD17B3","AR",0.00962677692568613,0,"Testosterone-Testosterone-HSD17B3_AR","TESTOSTERONE-HSD17B3 - AR","Testosterone","Non-protein Signaling","HMRbase;uniprot","healthy",-0.733988293838107,48.4250474383302,88.5380857608106,0,-0.141088737461809,42.011385199241,64.3477474217478,2.02622506933508e-99
"Sertoli","Leydig","Testosterone-HSD17B3","AR",0.00197077754741611,0,"Testosterone-Testosterone-HSD17B3_AR","TESTOSTERONE-HSD17B3 - AR","Testosterone","Non-protein Signaling","HMRbase;uniprot","healthy",-0.733988293838107,48.4250474383302,88.5380857608106,0,-0.34677206895089,18.5714285714286,42.6726279185296,7.54380611095969e-07
"Sertoli","Myoid","Testosterone-HSD17B3","AR",0.000408169632773848,0,"Testosterone-Testosterone-HSD17B3_AR","TESTOSTERONE-HSD17B3 - AR","Testosterone","Non-protein Signaling","HMRbase;uniprot","healthy",-0.733988293838107,48.4250474383302,88.5380857608106,0,-0.351389356787666,9.9009900990099,33.2389046270066,8.57413224235828e-06
"Sertoli","Fibroblast","Testosterone-HSD17B3","AR",0.000153275112538315,0,"Testosterone-Testosterone-HSD17B3_AR","TESTOSTERONE-HSD17B3 - AR","Testosterone","Non-protein Signaling","HMRbase;uniprot","healthy",-0.733988293838107,48.4250474383302,88.5380857608106,0,NA,NA,NA,NA
"SSC","Sertoli","APP","CD74",0.000638065212975181,0,"APP_CD74","APP - CD74","APP","Cell-Cell Contact","PMID: 19849849","healthy",-0.263907473480823,49.6062992125984,59.3601895734597,2.62453846751088e-06,-0.0813818641969188,35.5597722960152,53.8719015740908,4.66485449396687e-82
"Spermatid","Sertoli","APP","CD74",0.000734457756897073,0,"APP_CD74","APP - CD74","APP","Cell-Cell Contact","PMID: 19849849","healthy",-0.245403658950173,31.1258278145695,52.7291812456263,8.04647600000299e-05,-0.0813818641969188,35.5597722960152,53.8719015740908,4.66485449396687e-82
"Sertoli","Sertoli","APP","CD74",0.0071508775777449,0,"APP_CD74","APP - CD74","APP","Cell-Cell Contact","PMID: 19849849","healthy",-0.658252854812902,59.9905123339658,92.1747783607744,0,-0.0813818641969188,35.5597722960152,53.8719015740908,4.66485449396687e-82
"Leydig","Sertoli","APP","CD74",0.00278733680843635,0,"APP_CD74","APP - CD74","APP","Cell-Cell Contact","PMID: 19849849","healthy",-0.724546581752202,46.4285714285714,79.9056135121709,7.81993592685186e-12,-0.0813818641969188,35.5597722960152,53.8719015740908,4.66485449396687e-82
"Endothelial","Sertoli","APP","CD74",0.000117849068106088,0,"APP_CD74","APP - CD74","APP","Cell-Cell Contact","PMID: 19849849","healthy",-0.369527527861373,38.671875,55.6776556776557,9.07741219060158e-05,-0.0813818641969188,35.5597722960152,53.8719015740908,4.66485449396687e-82
"SSC","SSC","CADM1","CADM1",0.000958438095594936,0,"CADM1_CADM1","CADM1 - CADM1","CADM","Cell-Cell Contact","PMID: 24503895","healthy",-0.543725761021804,79.9212598425197,91.3507109004739,5.52764723027696e-19,-0.543725761021804,79.9212598425197,91.3507109004739,5.52764723027696e-19
"Sertoli","SSC","CADM1","CADM1",0.00690441412207344,0,"CADM1_CADM1","CADM1 - CADM1","CADM","Cell-Cell Contact","PMID: 24503895","healthy",-0.560182217386751,85.0664136622391,98.7244436403112,0,-0.543725761021804,79.9212598425197,91.3507109004739,5.52764723027696e-19
"Sertoli","Spermatocyte","CADM1","CADM1",0.0159892287893273,0,"CADM1_CADM1","CADM1 - CADM1","CADM","Cell-Cell Contact","PMID: 24503895","healthy",-0.560182217386751,85.0664136622391,98.7244436403112,0,NA,NA,NA,NA
"SSC","Sertoli","CADM1","CADM1",0.00690441412207344,0,"CADM1_CADM1","CADM1 - CADM1","CADM","Cell-Cell Contact","PMID: 24503895","healthy",-0.543725761021804,79.9212598425197,91.3507109004739,5.52764723027696e-19,-0.560182217386751,85.0664136622391,98.7244436403112,0
"Sertoli","Sertoli","CADM1","CADM1",0.0495886682977258,0,"CADM1_CADM1","CADM1 - CADM1","CADM","Cell-Cell Contact","PMID: 24503895","healthy",-0.560182217386751,85.0664136622391,98.7244436403112,0,-0.560182217386751,85.0664136622391,98.7244436403112,0
"Spermatocyte","Sertoli","ENTPD1","ADORA1",0.000137676461834601,0,"ENTPD1_ADORA1","ENTPD1 - ADORA1","CD39","Cell-Cell Contact","PMID: 21677139","healthy",-0.25387751598188,15.2284263959391,47.063776047148,1.42512220490609e-12,-0.20071103980855,9.08918406072106,35.4713225981545,0
"Spermatid","Sertoli","ENTPD1","ADORA1",0.000110891469796589,0,"ENTPD1_ADORA1","ENTPD1 - ADORA1","CD39","Cell-Cell Contact","PMID: 21677139","healthy",-0.460801180293317,13.9072847682119,47.9006298110567,1.185489189463e-13,-0.20071103980855,9.08918406072106,35.4713225981545,0
"Sertoli","Sertoli","ENTPD1","ADORA1",0.000257086728820062,0,"ENTPD1_ADORA1","ENTPD1 - ADORA1","CD39","Cell-Cell Contact","PMID: 21677139","healthy",-0.283661518935202,15.673624288425,45.1691695313914,0,-0.20071103980855,9.08918406072106,35.4713225981545,0
"Spermatocyte","Spermatocyte","ENTPD1","TMIGD3",0.000528985830350785,0,"ENTPD1_TMIGD3","ENTPD1 - TMIGD3","CD39","Cell-Cell Contact","PMID: 21677139","healthy",-0.25387751598188,15.2284263959391,47.063776047148,1.42512220490609e-12,-0.897878356919661,13.1979695431472,66.617554199116,1.62513910309302e-33
"Spermatid","Spermatocyte","ENTPD1","TMIGD3",0.000424009911563759,0,"ENTPD1_TMIGD3","ENTPD1 - TMIGD3","CD39","Cell-Cell Contact","PMID: 21677139","healthy",-0.460801180293317,13.9072847682119,47.9006298110567,1.185489189463e-13,-0.897878356919661,13.1979695431472,66.617554199116,1.62513910309302e-33
"Sertoli","Spermatocyte","ENTPD1","TMIGD3",0.000990594015207163,0,"ENTPD1_TMIGD3","ENTPD1 - TMIGD3","CD39","Cell-Cell Contact","PMID: 21677139","healthy",-0.283661518935202,15.673624288425,45.1691695313914,0,-0.897878356919661,13.1979695431472,66.617554199116,1.62513910309302e-33
"Spermatocyte","Spermatid","ENTPD1","TMIGD3",8.52478977311733e-05,0,"ENTPD1_TMIGD3","ENTPD1 - TMIGD3","CD39","Cell-Cell Contact","PMID: 21677139","healthy",-0.25387751598188,15.2284263959391,47.063776047148,1.42512220490609e-12,-0.364008643926522,10.5960264900662,38.8733379986004,3.79897566228155e-10
"Spermatid","Spermatid","ENTPD1","TMIGD3",6.86042950553892e-05,0,"ENTPD1_TMIGD3","ENTPD1 - TMIGD3","CD39","Cell-Cell Contact","PMID: 21677139","healthy",-0.460801180293317,13.9072847682119,47.9006298110567,1.185489189463e-13,-0.364008643926522,10.5960264900662,38.8733379986004,3.79897566228155e-10
"Sertoli","Spermatid","ENTPD1","TMIGD3",0.000159264791401736,0,"ENTPD1_TMIGD3","ENTPD1 - TMIGD3","CD39","Cell-Cell Contact","PMID: 21677139","healthy",-0.283661518935202,15.673624288425,45.1691695313914,0,-0.364008643926522,10.5960264900662,38.8733379986004,3.79897566228155e-10
"SSC","SSC","CDH2","CDH2",0.000283590684957587,0.01,"CDH2_CDH2","CDH2 - CDH2","CDH","Cell-Cell Contact","KEGG: hsa04514","healthy",-0.214383832251845,59.0551181102362,66.7061611374408,0.000580155131408555,-0.214383832251845,59.0551181102362,66.7061611374408,0.000580155131408555
"SSC","Sertoli","CDH2","CDH2",0.00277750102400482,0,"CDH2_CDH2","CDH2 - CDH2","CDH","Cell-Cell Contact","KEGG: hsa04514","healthy",-0.214383832251845,59.0551181102362,66.7061611374408,0.000580155131408555,NA,NA,NA,NA
"Sertoli","Sertoli","CLDN11","CLDN11",0.00282164285896405,0,"CLDN11_CLDN11","CLDN11 - CLDN11","CLDN","Cell-Cell Contact","KEGG: hsa04514","healthy",-0.335062142543062,23.7760910815939,58.7931970327483,0,-0.335062142543062,23.7760910815939,58.7931970327483,0
"Spermatocyte","SSC","CNTN1","NRCAM",3.61432356739607e-05,0,"CNTN1_NRCAM","CNTN1 - NRCAM","CNTN","Cell-Cell Contact","KEGG: hsa04514","healthy",-0.223186330611078,7.61421319796954,35.3399284361187,3.65774870432564e-13,-0.336490399731443,22.0472440944882,41.4691943127962,5.17410373515359e-10
"Spermatid","SSC","CNTN1","NRCAM",1.67999046402801e-05,0,"CNTN1_NRCAM","CNTN1 - NRCAM","CNTN","Cell-Cell Contact","KEGG: hsa04514","healthy",-0.119046514111943,12.5827814569536,27.9916025192442,0.000266367876068398,-0.336490399731443,22.0472440944882,41.4691943127962,5.17410373515359e-10
"Sertoli","Spermatocyte","EFNB2","EPHB1",0.000282258024824199,0,"EFNB2_EPHB1","EFNB2 - EPHB1","EPHB","Cell-Cell Contact","PMID: 15114347","healthy",-0.0724865009354387,37.8462998102467,55.8711778541704,8.94442076026698e-69,0.346495985803009,34.5177664974619,34.498000420964,0.00640959169993212
"Sertoli","Spermatid","EFNB2","EPHB1",0.000250288769529475,0,"EFNB2_EPHB1","EFNB2 - EPHB1","EPHB","Cell-Cell Contact","PMID: 15114347","healthy",-0.0724865009354387,37.8462998102467,55.8711778541704,8.94442076026698e-69,0.326730623223215,40.3973509933775,34.0097970608817,0.000756890085365131
"Sertoli","Sertoli","EFNB2","EPHB1",0.00133186440833449,0,"EFNB2_EPHB1","EFNB2 - EPHB1","EPHB","Cell-Cell Contact","PMID: 15114347","healthy",-0.0724865009354387,37.8462998102467,55.8711778541704,8.94442076026698e-69,-0.2873149400548,27.1442125237192,48.3535371811109,3.10002043304447e-240
"Sertoli","SSC","JAM2","ITGAV_ITGB1",0.000436362616798361,0,"JAM2_ITGAV_ITGB1","JAM2 - (ITGAV+ITGB1)","JAM","Cell-Cell Contact","KEGG: hsa04514","healthy",-0.452734358188545,62.258064516129,91.414872444364,3.83950905529655e-254,0.13598785557709,35.4330708661417,25.0592417061611,0.000731155508662561
"Sertoli","Sertoli","JAM2","ITGAV_ITGB1",0.010737277249617,0,"JAM2_ITGAV_ITGB1","JAM2 - (ITGAV+ITGB1)","JAM","Cell-Cell Contact","KEGG: hsa04514","healthy",-0.452734358188545,62.258064516129,91.414872444364,3.83950905529655e-254,-0.412808579607134,30.853889943074,66.2294192147639,0
"Sertoli","SSC","JAM2","JAM3",0.000508236940030602,0,"JAM2_JAM3","JAM2 - JAM3","JAM","Cell-Cell Contact","PMC1237098;  PMID: 11590146","healthy",-0.452734358188545,62.258064516129,91.414872444364,3.83950905529655e-254,NA,NA,NA,NA
"Sertoli","Spermatocyte","JAM2","JAM3",0.000569159530838623,0,"JAM2_JAM3","JAM2 - JAM3","JAM","Cell-Cell Contact","PMC1237098;  PMID: 11590146","healthy",-0.452734358188545,62.258064516129,91.414872444364,3.83950905529655e-254,-0.0651988831164486,12.6903553299492,29.4885287307935,1.74729298323592e-05
"Sertoli","Sertoli","JAM2","JAM3",0.0100150385514291,0,"JAM2_JAM3","JAM2 - JAM3","JAM","Cell-Cell Contact","PMC1237098;  PMID: 11590146","healthy",-0.452734358188545,62.258064516129,91.414872444364,3.83950905529655e-254,-0.148443125773044,42.4098671726755,64.0763524516012,1.33827300266773e-100
"Sertoli","Sertoli","JAM2","JAM2",0.0224011332545092,0,"JAM2_JAM2","JAM2 - JAM2","JAM","Cell-Cell Contact","KEGG: hsa04514","healthy",-0.452734358188545,62.258064516129,91.414872444364,3.83950905529655e-254,-0.452734358188545,62.258064516129,91.414872444364,3.83950905529655e-254
"Sertoli","SSC","JAM3","JAM3",0.000212764959064232,0,"JAM3_JAM3","JAM3 - JAM3","JAM","Cell-Cell Contact","KEGG: hsa04514","healthy",-0.148443125773044,42.4098671726755,64.0763524516012,1.33827300266773e-100,NA,NA,NA,NA
"Sertoli","Spermatocyte","JAM3","JAM3",0.000236687000681926,0,"JAM3_JAM3","JAM3 - JAM3","JAM","Cell-Cell Contact","KEGG: hsa04514","healthy",-0.148443125773044,42.4098671726755,64.0763524516012,1.33827300266773e-100,-0.0651988831164486,12.6903553299492,29.4885287307935,1.74729298323592e-05
"Spermatocyte","Sertoli","JAM3","JAM3",0.000236687000681926,0,"JAM3_JAM3","JAM3 - JAM3","JAM","Cell-Cell Contact","KEGG: hsa04514","healthy",-0.0651988831164486,12.6903553299492,29.4885287307935,1.74729298323592e-05,-0.148443125773044,42.4098671726755,64.0763524516012,1.33827300266773e-100
"Sertoli","Sertoli","JAM3","JAM3",0.00428828122827624,0,"JAM3_JAM3","JAM3 - JAM3","JAM","Cell-Cell Contact","KEGG: hsa04514","healthy",-0.148443125773044,42.4098671726755,64.0763524516012,1.33827300266773e-100,-0.148443125773044,42.4098671726755,64.0763524516012,1.33827300266773e-100
"Sertoli","Sertoli","MPZL1","MPZL1",0.0132262535057671,0,"MPZL1_MPZL1","MPZL1 - MPZL1","MPZ","Cell-Cell Contact","KEGG: hsa04514","healthy",-0.205461865054898,57.0018975332068,82.6307219106206,2.1168528315733e-54,-0.205461865054898,57.0018975332068,82.6307219106206,2.1168528315733e-54
"SSC","Sertoli","NECTIN3","NECTIN2",0.000296431245383434,0,"NECTIN3_NECTIN2","NECTIN3 - NECTIN2","NECTIN","Cell-Cell Contact","PMID: 23027581","healthy",-0.250371383429132,56.6929133858268,64.5142180094787,2.26566058333871e-06,-0.175563398903052,22.2865275142315,45.1782160303962,1.96019183667866e-267
"Spermatocyte","Sertoli","NECTIN3","NECTIN2",0.00113681926347282,0,"NECTIN3_NECTIN2","NECTIN3 - NECTIN2","NECTIN","Cell-Cell Contact","PMID: 23027581","healthy",-0.484787632009827,45.6852791878173,78.1940644074932,2.51497919472145e-10,-0.175563398903052,22.2865275142315,45.1782160303962,1.96019183667866e-267
"Spermatid","Sertoli","NECTIN3","NECTIN2",0.000604313560168045,0,"NECTIN3_NECTIN2","NECTIN3 - NECTIN2","NECTIN","Cell-Cell Contact","PMID: 23027581","healthy",-0.541410204937732,44.3708609271523,73.442967109867,3.50416908208316e-10,-0.175563398903052,22.2865275142315,45.1782160303962,1.96019183667866e-267
"Myoid","Sertoli","NECTIN3","NECTIN2",6.81360114384201e-05,0,"NECTIN3_NECTIN2","NECTIN3 - NECTIN2","NECTIN","Cell-Cell Contact","PMID: 23027581","healthy",-0.344451820421921,17.8217821782178,40.4154863078376,0.000112625122994013,-0.175563398903052,22.2865275142315,45.1782160303962,1.96019183667866e-267
"Endothelial","Sertoli","NECTIN3","NECTIN2",1.96270300302121e-05,0,"NECTIN3_NECTIN2","NECTIN3 - NECTIN2","NECTIN","Cell-Cell Contact","PMID: 23027581","healthy",-0.328916886130317,29.6875,47.6190476190476,1.8799175273364e-05,-0.175563398903052,22.2865275142315,45.1782160303962,1.96019183667866e-267
"Sertoli","SSC","LRRC4C","NTNG1",0.000358474496885377,0,"LRRC4C_NTNG1","LRRC4C - NTNG1","NGL","Cell-Cell Contact","KEGG: hsa04514","healthy",-0.795208096395339,12.0967741935484,69.1152523973222,0,0.25875122085245,48.4251968503937,34.4194312796209,2.65945756550893e-06
"SSC","SSC","NRXN1","NLGN1",9.9124499180658e-05,0,"NRXN1_NLGN1","NRXN1 - NLGN1","NRXN","Cell-Cell Contact","KEGG: hsa04514","healthy",-0.232916123916375,51.9685039370079,64.9289099526066,0.000747220508081399,0.300184553116026,54.3307086614173,41.5284360189574,3.57055377304881e-06
"Spermatocyte","SSC","NRXN1","NLGN1",0.000193647596900767,0,"NRXN1_NLGN1","NRXN1 - NLGN1","NRXN","Cell-Cell Contact","KEGG: hsa04514","healthy",-0.13320139308657,36.0406091370558,61.5659861081878,0.00057337399915616,0.300184553116026,54.3307086614173,41.5284360189574,3.57055377304881e-06
"Fibroblast","SSC","NRXN1","NLGN1",7.30180847623751e-06,0,"NRXN1_NLGN1","NRXN1 - NLGN1","NRXN","Cell-Cell Contact","KEGG: hsa04514","healthy",-0.269781537766378,12.2627737226277,25.7692307692308,2.51548998969488e-09,0.300184553116026,54.3307086614173,41.5284360189574,3.57055377304881e-06
"Endothelial","SSC","NRXN1","NLGN1",5.47346163044296e-06,0,"NRXN1_NLGN1","NRXN1 - NLGN1","NRXN","Cell-Cell Contact","KEGG: hsa04514","healthy",-0.261651846430739,22.65625,35.8974358974359,0.00119197284353301,0.300184553116026,54.3307086614173,41.5284360189574,3.57055377304881e-06
"SSC","Myoid","NRXN1","NLGN1",8.27197874439488e-05,0,"NRXN1_NLGN1","NRXN1 - NLGN1","NRXN","Cell-Cell Contact","KEGG: hsa04514","healthy",-0.232916123916375,51.9685039370079,64.9289099526066,0.000747220508081399,-0.321695065183277,23.7623762376238,45.6090651558074,0.000839330305728296
"Spermatocyte","Myoid","NRXN1","NLGN1",0.000162000880147541,0,"NRXN1_NLGN1","NRXN1 - NLGN1","NRXN","Cell-Cell Contact","KEGG: hsa04514","healthy",-0.13320139308657,36.0406091370558,61.5659861081878,0.00057337399915616,-0.321695065183277,23.7623762376238,45.6090651558074,0.000839330305728296
"Fibroblast","Myoid","NRXN1","NLGN1",6.13115456002221e-06,0,"NRXN1_NLGN1","NRXN1 - NLGN1","NRXN","Cell-Cell Contact","KEGG: hsa04514","healthy",-0.269781537766378,12.2627737226277,25.7692307692308,2.51548998969488e-09,-0.321695065183277,23.7623762376238,45.6090651558074,0.000839330305728296
"Endothelial","Myoid","NRXN1","NLGN1",4.59210862632081e-06,0,"NRXN1_NLGN1","NRXN1 - NLGN1","NRXN","Cell-Cell Contact","KEGG: hsa04514","healthy",-0.261651846430739,22.65625,35.8974358974359,0.00119197284353301,-0.321695065183277,23.7623762376238,45.6090651558074,0.000839330305728296
"SSC","Fibroblast","NRXN1","NLGN1",3.90093440711452e-05,0,"NRXN1_NLGN1","NRXN1 - NLGN1","NRXN","Cell-Cell Contact","KEGG: hsa04514","healthy",-0.232916123916375,51.9685039370079,64.9289099526066,0.000747220508081399,1.50540724471454,74.1605839416058,38.4615384615385,5.02662808931133e-58
"Spermatocyte","Fibroblast","NRXN1","NLGN1",7.63668060924247e-05,0,"NRXN1_NLGN1","NRXN1 - NLGN1","NRXN","Cell-Cell Contact","KEGG: hsa04514","healthy",-0.13320139308657,36.0406091370558,61.5659861081878,0.00057337399915616,1.50540724471454,74.1605839416058,38.4615384615385,5.02662808931133e-58
"Fibroblast","Fibroblast","NRXN1","NLGN1",2.88849930144545e-06,0,"NRXN1_NLGN1","NRXN1 - NLGN1","NRXN","Cell-Cell Contact","KEGG: hsa04514","healthy",-0.269781537766378,12.2627737226277,25.7692307692308,2.51548998969488e-09,1.50540724471454,74.1605839416058,38.4615384615385,5.02662808931133e-58
"Endothelial","Fibroblast","NRXN1","NLGN1",2.16371547135775e-06,0,"NRXN1_NLGN1","NRXN1 - NLGN1","NRXN","Cell-Cell Contact","KEGG: hsa04514","healthy",-0.261651846430739,22.65625,35.8974358974359,0.00119197284353301,1.50540724471454,74.1605839416058,38.4615384615385,5.02662808931133e-58
"Sertoli","SSC","NRXN3","NLGN1",0.000148103788245405,0,"NRXN3_NLGN1","NRXN3 - NLGN1","NRXN","Cell-Cell Contact","KEGG: hsa04514","healthy",-0.480345375253085,10.0759013282732,46.2004704179483,0,0.300184553116026,54.3307086614173,41.5284360189574,3.57055377304881e-06
"Sertoli","Myoid","NRXN3","NLGN1",0.000124370327040685,0,"NRXN3_NLGN1","NRXN3 - NLGN1","NRXN","Cell-Cell Contact","KEGG: hsa04514","healthy",-0.480345375253085,10.0759013282732,46.2004704179483,0,-0.321695065183277,23.7623762376238,45.6090651558074,0.000839330305728296
"Sertoli","Fibroblast","NRXN3","NLGN1",5.85923017094498e-05,0,"NRXN3_NLGN1","NRXN3 - NLGN1","NRXN","Cell-Cell Contact","KEGG: hsa04514","healthy",-0.480345375253085,10.0759013282732,46.2004704179483,0,1.50540724471454,74.1605839416058,38.4615384615385,5.02662808931133e-58
"SSC","SSC","PTPRM","PTPRM",0.0013168868088577,0,"PTPRM_PTPRM","PTPRM - PTPRM","PTPRM","Cell-Cell Contact","KEGG: hsa04514","healthy",-0.179262898895877,93.3070866141732,97.5118483412322,0.00360355466081337,-0.179262898895877,93.3070866141732,97.5118483412322,0.00360355466081337
"Sertoli","SSC","PTPRM","PTPRM",0.00879753086756437,0,"PTPRM_PTPRM","PTPRM - PTPRM","PTPRM","Cell-Cell Contact","KEGG: hsa04514","healthy",-1.30232404744843,76.2049335863378,98.7877691333454,0,-0.179262898895877,93.3070866141732,97.5118483412322,0.00360355466081337
"Endothelial","SSC","PTPRM","PTPRM",0.000204012558877193,0,"PTPRM_PTPRM","PTPRM - PTPRM","PTPRM","Cell-Cell Contact","KEGG: hsa04514","healthy",-0.498487047401447,66.40625,83.5164835164835,0.000569137399705453,-0.179262898895877,93.3070866141732,97.5118483412322,0.00360355466081337
"SSC","Sertoli","PTPRM","PTPRM",0.00879753086756437,0,"PTPRM_PTPRM","PTPRM - PTPRM","PTPRM","Cell-Cell Contact","KEGG: hsa04514","healthy",-0.179262898895877,93.3070866141732,97.5118483412322,0.00360355466081337,-1.30232404744843,76.2049335863378,98.7877691333454,0
"Sertoli","Sertoli","PTPRM","PTPRM",0.0587612371536477,0,"PTPRM_PTPRM","PTPRM - PTPRM","PTPRM","Cell-Cell Contact","KEGG: hsa04514","healthy",-1.30232404744843,76.2049335863378,98.7877691333454,0,-1.30232404744843,76.2049335863378,98.7877691333454,0
"Endothelial","Sertoli","PTPRM","PTPRM",0.00136345585770567,0,"PTPRM_PTPRM","PTPRM - PTPRM","PTPRM","Cell-Cell Contact","KEGG: hsa04514","healthy",-0.498487047401447,66.40625,83.5164835164835,0.000569137399705453,-1.30232404744843,76.2049335863378,98.7877691333454,0
"SSC","Fibroblast","PTPRM","PTPRM",0.000342668663397979,0.01,"PTPRM_PTPRM","PTPRM - PTPRM","PTPRM","Cell-Cell Contact","KEGG: hsa04514","healthy",-0.179262898895877,93.3070866141732,97.5118483412322,0.00360355466081337,NA,NA,NA,NA
"Sertoli","Fibroblast","PTPRM","PTPRM",0.0022925610896367,0,"PTPRM_PTPRM","PTPRM - PTPRM","PTPRM","Cell-Cell Contact","KEGG: hsa04514","healthy",-1.30232404744843,76.2049335863378,98.7877691333454,0,NA,NA,NA,NA
"SSC","Endothelial","PTPRM","PTPRM",0.000204012558877193,0,"PTPRM_PTPRM","PTPRM - PTPRM","PTPRM","Cell-Cell Contact","KEGG: hsa04514","healthy",-0.179262898895877,93.3070866141732,97.5118483412322,0.00360355466081337,-0.498487047401447,66.40625,83.5164835164835,0.000569137399705453
"Sertoli","Endothelial","PTPRM","PTPRM",0.00136345585770567,0,"PTPRM_PTPRM","PTPRM - PTPRM","PTPRM","Cell-Cell Contact","KEGG: hsa04514","healthy",-1.30232404744843,76.2049335863378,98.7877691333454,0,-0.498487047401447,66.40625,83.5164835164835,0.000569137399705453
"Endothelial","Endothelial","PTPRM","PTPRM",3.15795976841165e-05,0,"PTPRM_PTPRM","PTPRM - PTPRM","PTPRM","Cell-Cell Contact","KEGG: hsa04514","healthy",-0.498487047401447,66.40625,83.5164835164835,0.000569137399705453,-0.498487047401447,66.40625,83.5164835164835,0.000569137399705453
"Sertoli","Sertoli","SEMA5A","PLXNA1",0.00120545522654214,0,"SEMA5A_PLXNA1","SEMA5A - PLXNA1","SEMA5","Cell-Cell Contact","PMID: 27533782","healthy",-1.32162841815418,70.2941176470588,98.3083046860865,0,-0.0607996858209332,14.4876660341556,25.9905916410349,5.05333226977034e-97
"Myoid","Sertoli","SEMA5A","PLXNA1",5.83630049192189e-05,0,"SEMA5A_PLXNA1","SEMA5A - PLXNA1","SEMA5","Cell-Cell Contact","PMID: 27533782","healthy",-0.484643082535712,41.5841584158416,66.6666666666667,0.000596451481093508,-0.0607996858209332,14.4876660341556,25.9905916410349,5.05333226977034e-97
"Myoid","Sertoli","SEMA6D","PLXNA1",1.00450182773325e-05,0,"SEMA6D_PLXNA1","SEMA6D - PLXNA1","SEMA6","Cell-Cell Contact","PMID: 27533782","healthy",-0.0946390373945341,17.8217821782178,30.5949008498584,0.0347941334891185,-0.0607996858209332,14.4876660341556,25.9905916410349,5.05333226977034e-97
"Sertoli","Endothelial","SEMA6A","PLXNA2",6.38745499402081e-05,0,"SEMA6A_PLXNA2","SEMA6A - PLXNA2","SEMA6","Cell-Cell Contact","PMID: 27533782","healthy",-0.685356165283702,49.8576850094877,89.7412701284603,0,NA,NA,NA,NA
"Leydig","Myoid","ITGA4_ITGB1","VCAM1",1.8481372523375e-05,0,"ITGA4_ITGB1_VCAM1","VCAM1 - (ITGA4+ITGB1)","VCAM","Cell-Cell Contact","KEGG: hsa04514","healthy",-0.143241680981983,27.8571428571429,38.2265275707899,0.024337124248938,-0.261355366281024,7.92079207920792,27.4787535410765,8.12605665220269e-05
"Spermatid","Myoid","ITGA9_ITGB1","VCAM1",5.96248208104933e-06,0,"ITGA9_ITGB1_VCAM1","VCAM1 - (ITGA9+ITGB1)","VCAM","Cell-Cell Contact","KEGG: hsa04514","healthy",-0.125579929424091,30.4635761589404,44.4716585024493,0.0147681044881152,-0.261355366281024,7.92079207920792,27.4787535410765,8.12605665220269e-05
"Sertoli","Myoid","ITGA9_ITGB1","VCAM1",6.39107112289338e-05,0,"ITGA9_ITGB1_VCAM1","VCAM1 - (ITGA9+ITGB1)","VCAM","Cell-Cell Contact","KEGG: hsa04514","healthy",-0.322590950404395,27.9933586337761,56.6084675230686,3.82146728778334e-224,-0.261355366281024,7.92079207920792,27.4787535410765,8.12605665220269e-05
"Leydig","Myoid","ITGA9_ITGB1","VCAM1",4.68740741843862e-05,0,"ITGA9_ITGB1_VCAM1","VCAM1 - (ITGA9+ITGB1)","VCAM","Cell-Cell Contact","KEGG: hsa04514","healthy",-0.525452963356589,34.6428571428571,59.4634873323398,0.0121685621244691,-0.261355366281024,7.92079207920792,27.4787535410765,8.12605665220269e-05
"Myoid","Myoid","ITGA9_ITGB1","VCAM1",1.515817372543e-05,0,"ITGA9_ITGB1_VCAM1","VCAM1 - (ITGA9+ITGB1)","VCAM","Cell-Cell Contact","KEGG: hsa04514","healthy",-0.821760865055333,25.7425742574257,66.7610953729934,4.37241914895527e-11,-0.261355366281024,7.92079207920792,27.4787535410765,8.12605665220269e-05
"Fibroblast","Myoid","ITGA9_ITGB1","VCAM1",3.14592182734255e-06,0,"ITGA9_ITGB1_VCAM1","VCAM1 - (ITGA9+ITGB1)","VCAM","Cell-Cell Contact","KEGG: hsa04514","healthy",-0.161750465156785,22.6277372262774,30.9615384615385,0.00230161282045008,-0.261355366281024,7.92079207920792,27.4787535410765,8.12605665220269e-05
"Endothelial","Myoid","ITGA9_ITGB1","VCAM1",1.38233441816939e-06,0,"ITGA9_ITGB1_VCAM1","VCAM1 - (ITGA9+ITGB1)","VCAM","Cell-Cell Contact","KEGG: hsa04514","healthy",-0.344933344019648,23.4375,37.3626373626374,0.000164279546867254,-0.261355366281024,7.92079207920792,27.4787535410765,8.12605665220269e-05
"Sertoli","Sertoli","GJA1","GJA1",0.000233524507899365,0,"GJA1_GJA1","GJA1 - GJA1","GAP","Cell-Cell Contact","PMID: 32532966;PMID: 15094344","healthy",-0.226790899673899,10.3320683111954,38.9904107110548,0,-0.226790899673899,10.3320683111954,38.9904107110548,0
"SSC","Sertoli","GJC1","GJA1",6.25626559056167e-05,0,"GJC1_GJA1","GJC1 - GJA1","GAP","Cell-Cell Contact","PMID: 32532966;PMID: 15094344","healthy",-0.191554127384983,24.0157480314961,34.2417061611374,0.000117813794235323,-0.226790899673899,10.3320683111954,38.9904107110548,0
"Spermatocyte","Sertoli","GJC1","GJA1",7.64579150979185e-05,0,"GJC1_GJA1","GJC1 - GJA1","GAP","Cell-Cell Contact","PMID: 32532966;PMID: 15094344","healthy",-0.145934811061904,8.62944162436548,33.5929278046727,5.49664077442726e-11,-0.226790899673899,10.3320683111954,38.9904107110548,0
"Myoid","Sertoli","GJC1","GJA1",2.53801592429033e-05,0,"GJC1_GJA1","GJC1 - GJA1","GAP","Cell-Cell Contact","PMID: 32532966;PMID: 15094344","healthy",-0.15139351482726,13.8613861386139,27.1010387157696,0.0102218185911972,-0.226790899673899,10.3320683111954,38.9904107110548,0
"SSC","SSC","GJC1","GJC1",1.67483723543335e-05,0,"GJC1_GJC1","GJC1 - GJC1","GAP","Cell-Cell Contact","PMID: 32532966;PMID: 15094344","healthy",-0.191554127384983,24.0157480314961,34.2417061611374,0.000117813794235323,-0.191554127384983,24.0157480314961,34.2417061611374,0.000117813794235323
"Spermatocyte","SSC","GJC1","GJC1",2.04883946963007e-05,0,"GJC1_GJC1","GJC1 - GJC1","GAP","Cell-Cell Contact","PMID: 32532966;PMID: 15094344","healthy",-0.145934811061904,8.62944162436548,33.5929278046727,5.49664077442726e-11,-0.191554127384983,24.0157480314961,34.2417061611374,0.000117813794235323
"Myoid","SSC","GJC1","GJC1",6.79859334377144e-06,0,"GJC1_GJC1","GJC1 - GJC1","GAP","Cell-Cell Contact","PMID: 32532966;PMID: 15094344","healthy",-0.15139351482726,13.8613861386139,27.1010387157696,0.0102218185911972,-0.191554127384983,24.0157480314961,34.2417061611374,0.000117813794235323
"SSC","Spermatocyte","GJC1","GJC1",2.04883946963007e-05,0,"GJC1_GJC1","GJC1 - GJC1","GAP","Cell-Cell Contact","PMID: 32532966;PMID: 15094344","healthy",-0.191554127384983,24.0157480314961,34.2417061611374,0.000117813794235323,-0.145934811061904,8.62944162436548,33.5929278046727,5.49664077442726e-11
"Spermatocyte","Spermatocyte","GJC1","GJC1",2.50311031009088e-05,0,"GJC1_GJC1","GJC1 - GJC1","GAP","Cell-Cell Contact","PMID: 32532966;PMID: 15094344","healthy",-0.145934811061904,8.62944162436548,33.5929278046727,5.49664077442726e-11,-0.145934811061904,8.62944162436548,33.5929278046727,5.49664077442726e-11
"Myoid","Spermatocyte","GJC1","GJC1",8.31003096533707e-06,0,"GJC1_GJC1","GJC1 - GJC1","GAP","Cell-Cell Contact","PMID: 32532966;PMID: 15094344","healthy",-0.15139351482726,13.8613861386139,27.1010387157696,0.0102218185911972,-0.145934811061904,8.62944162436548,33.5929278046727,5.49664077442726e-11
"SSC","Myoid","GJC1","GJC1",6.79859334377144e-06,0,"GJC1_GJC1","GJC1 - GJC1","GAP","Cell-Cell Contact","PMID: 32532966;PMID: 15094344","healthy",-0.191554127384983,24.0157480314961,34.2417061611374,0.000117813794235323,-0.15139351482726,13.8613861386139,27.1010387157696,0.0102218185911972
"Spermatocyte","Myoid","GJC1","GJC1",8.31003096533707e-06,0,"GJC1_GJC1","GJC1 - GJC1","GAP","Cell-Cell Contact","PMID: 32532966;PMID: 15094344","healthy",-0.145934811061904,8.62944162436548,33.5929278046727,5.49664077442726e-11,-0.15139351482726,13.8613861386139,27.1010387157696,0.0102218185911972
"Myoid","Myoid","GJC1","GJC1",2.75832784946568e-06,0,"GJC1_GJC1","GJC1 - GJC1","GAP","Cell-Cell Contact","PMID: 32532966;PMID: 15094344","healthy",-0.15139351482726,13.8613861386139,27.1010387157696,0.0102218185911972,-0.15139351482726,13.8613861386139,27.1010387157696,0.0102218185911972
"Spermatocyte","Spermatocyte","PCDHA3","PCDHA3",0.00198642519886767,0,"PCDHA3_PCDHA3","PCDHA3 - PCDHA3","PCDH","Cell-Cell Contact","PMID: 35253643; PMID: 32694982","healthy",-0.552098802401183,30.9644670050761,58.7244790570406,1.36111181126335e-11,-0.552098802401183,30.9644670050761,58.7244790570406,1.36111181126335e-11
"Spermatid","Spermatocyte","PCDHA3","PCDHA3",0.00121305409517641,0,"PCDHA3_PCDHA3","PCDHA3 - PCDHA3","PCDH","Cell-Cell Contact","PMID: 35253643; PMID: 32694982","healthy",-0.59238208819335,28.476821192053,60.146955913226,1.1464706596422e-11,-0.552098802401183,30.9644670050761,58.7244790570406,1.36111181126335e-11
"Spermatocyte","Spermatid","PCDHA3","PCDHA3",0.00121305409517641,0,"PCDHA3_PCDHA3","PCDHA3 - PCDHA3","PCDH","Cell-Cell Contact","PMID: 35253643; PMID: 32694982","healthy",-0.552098802401183,30.9644670050761,58.7244790570406,1.36111181126335e-11,-0.59238208819335,28.476821192053,60.146955913226,1.1464706596422e-11
"Spermatid","Spermatid","PCDHA3","PCDHA3",0.000740767117519472,0,"PCDHA3_PCDHA3","PCDHA3 - PCDHA3","PCDH","Cell-Cell Contact","PMID: 35253643; PMID: 32694982","healthy",-0.59238208819335,28.476821192053,60.146955913226,1.1464706596422e-11,-0.59238208819335,28.476821192053,60.146955913226,1.1464706596422e-11
"Sertoli","SSC","TENM1","ADGRL2",0.0003592120107115,0,"TENM1_ADGRL2","TENM1 - ADGRL2","ADGRL","Cell-Cell Contact","PMID: 25728924;PMID: 34022279;PMID: 27091502;PMID: 35907405","healthy",-1.34023535209872,20.3605313092979,84.964718653881,0,0.282379193065127,44.0944881889764,25.2962085308057,7.99289972550284e-10
"Sertoli","Sertoli","TENM1","ADGRL2",0.00349532524309156,0,"TENM1_ADGRL2","TENM1 - ADGRL2","ADGRL","Cell-Cell Contact","PMID: 25728924;PMID: 34022279;PMID: 27091502;PMID: 35907405","healthy",-1.34023535209872,20.3605313092979,84.964718653881,0,0.263983186027483,47.3529411764706,38.6195042518545,1.07893355456363e-103
"Sertoli","Myoid","TENM1","ADGRL2",0.00175147690038859,0,"TENM1_ADGRL2","TENM1 - ADGRL2","ADGRL","Cell-Cell Contact","PMID: 25728924;PMID: 34022279;PMID: 27091502;PMID: 35907405","healthy",-1.34023535209872,20.3605313092979,84.964718653881,0,-0.568912483782711,30.6930693069307,62.8895184135977,4.60830920485744e-06
"Leydig","Myoid","TENM1","ADGRL2",7.15915501611716e-05,0,"TENM1_ADGRL2","TENM1 - ADGRL2","ADGRL","Cell-Cell Contact","PMID: 25728924;PMID: 34022279;PMID: 27091502;PMID: 35907405","healthy",-0.158699473793601,11.4285714285714,25.4346746150025,0.00110216723718046,-0.568912483782711,30.6930693069307,62.8895184135977,4.60830920485744e-06
"Sertoli","Fibroblast","TENM1","ADGRL2",0.00033767075187583,0,"TENM1_ADGRL2","TENM1 - ADGRL2","ADGRL","Cell-Cell Contact","PMID: 25728924;PMID: 34022279;PMID: 27091502;PMID: 35907405","healthy",-1.34023535209872,20.3605313092979,84.964718653881,0,0.194904696014054,43.9416058394161,40.9615384615385,0.00747766686050902
"Sertoli","Endothelial","TENM1","ADGRL2",0.000132790201492027,0,"TENM1_ADGRL2","TENM1 - ADGRL2","ADGRL","Cell-Cell Contact","PMID: 25728924;PMID: 34022279;PMID: 27091502;PMID: 35907405","healthy",-1.34023535209872,20.3605313092979,84.964718653881,0,0.322591579465609,42.96875,32.6007326007326,0.00158542936097586
"SSC","SSC","TENM2","ADGRL2",1.22057048775322e-05,0,"TENM2_ADGRL2","TENM2 - ADGRL2","ADGRL","Cell-Cell Contact","PMID: 25728924;PMID: 34022279;PMID: 27091502;PMID: 35907405","healthy",-0.28242857422977,27.5590551181102,39.8104265402844,1.0776783813263e-05,0.282379193065127,44.0944881889764,25.2962085308057,7.99289972550284e-10
"Spermatocyte","SSC","TENM2","ADGRL2",1.91222667389729e-05,0,"TENM2_ADGRL2","TENM2 - ADGRL2","ADGRL","Cell-Cell Contact","PMID: 25728924;PMID: 34022279;PMID: 27091502;PMID: 35907405","healthy",-0.0842460392330929,19.2893401015228,37.7183750789307,7.53639823161226e-05,0.282379193065127,44.0944881889764,25.2962085308057,7.99289972550284e-10
"SSC","Sertoli","TENM2","ADGRL2",0.000119373329635015,0,"TENM2_ADGRL2","TENM2 - ADGRL2","ADGRL","Cell-Cell Contact","PMID: 25728924;PMID: 34022279;PMID: 27091502;PMID: 35907405","healthy",-0.28242857422977,27.5590551181102,39.8104265402844,1.0776783813263e-05,0.263983186027483,47.3529411764706,38.6195042518545,1.07893355456363e-103
"Spermatocyte","Sertoli","TENM2","ADGRL2",0.000187139196127855,0,"TENM2_ADGRL2","TENM2 - ADGRL2","ADGRL","Cell-Cell Contact","PMID: 25728924;PMID: 34022279;PMID: 27091502;PMID: 35907405","healthy",-0.0842460392330929,19.2893401015228,37.7183750789307,7.53639823161226e-05,0.263983186027483,47.3529411764706,38.6195042518545,1.07893355456363e-103
"SSC","Myoid","TENM2","ADGRL2",6.40390994956015e-05,0,"TENM2_ADGRL2","TENM2 - ADGRL2","ADGRL","Cell-Cell Contact","PMID: 25728924;PMID: 34022279;PMID: 27091502;PMID: 35907405","healthy",-0.28242857422977,27.5590551181102,39.8104265402844,1.0776783813263e-05,-0.568912483782711,30.6930693069307,62.8895184135977,4.60830920485744e-06
"Spermatocyte","Myoid","TENM2","ADGRL2",0.000101305399892873,0,"TENM2_ADGRL2","TENM2 - ADGRL2","ADGRL","Cell-Cell Contact","PMID: 25728924;PMID: 34022279;PMID: 27091502;PMID: 35907405","healthy",-0.0842460392330929,19.2893401015228,37.7183750789307,7.53639823161226e-05,-0.568912483782711,30.6930693069307,62.8895184135977,4.60830920485744e-06
"SSC","Fibroblast","TENM2","ADGRL2",1.17247542566667e-05,0,"TENM2_ADGRL2","TENM2 - ADGRL2","ADGRL","Cell-Cell Contact","PMID: 25728924;PMID: 34022279;PMID: 27091502;PMID: 35907405","healthy",-0.28242857422977,27.5590551181102,39.8104265402844,1.0776783813263e-05,0.194904696014054,43.9416058394161,40.9615384615385,0.00747766686050902
"Spermatocyte","Fibroblast","TENM2","ADGRL2",1.84199100037078e-05,0,"TENM2_ADGRL2","TENM2 - ADGRL2","ADGRL","Cell-Cell Contact","PMID: 25728924;PMID: 34022279;PMID: 27091502;PMID: 35907405","healthy",-0.0842460392330929,19.2893401015228,37.7183750789307,7.53639823161226e-05,0.194904696014054,43.9416058394161,40.9615384615385,0.00747766686050902
"SSC","Endothelial","TENM2","ADGRL2",4.57345496504854e-06,0,"TENM2_ADGRL2","TENM2 - ADGRL2","ADGRL","Cell-Cell Contact","PMID: 25728924;PMID: 34022279;PMID: 27091502;PMID: 35907405","healthy",-0.28242857422977,27.5590551181102,39.8104265402844,1.0776783813263e-05,0.322591579465609,42.96875,32.6007326007326,0.00158542936097586
"Spermatocyte","Endothelial","TENM2","ADGRL2",7.1774637883038e-06,0,"TENM2_ADGRL2","TENM2 - ADGRL2","ADGRL","Cell-Cell Contact","PMID: 25728924;PMID: 34022279;PMID: 27091502;PMID: 35907405","healthy",-0.0842460392330929,19.2893401015228,37.7183750789307,7.53639823161226e-05,0.322591579465609,42.96875,32.6007326007326,0.00158542936097586
"Sertoli","SSC","TENM1","ADGRL3",0.00270705073181615,0,"TENM1_ADGRL3","TENM1 - ADGRL3","ADGRL","Cell-Cell Contact","PMID: 25728924;PMID: 34022279;PMID: 27091502;PMID: 35907405","healthy",-1.34023535209872,20.3605313092979,84.964718653881,0,NA,NA,NA,NA
"Sertoli","Sertoli","TENM1","ADGRL3",0.0385527620357207,0,"TENM1_ADGRL3","TENM1 - ADGRL3","ADGRL","Cell-Cell Contact","PMID: 25728924;PMID: 34022279;PMID: 27091502;PMID: 35907405","healthy",-1.34023535209872,20.3605313092979,84.964718653881,0,0.438709597094502,96.6413662239089,98.9867921114529,0
"Sertoli","Leydig","TENM1","ADGRL3",0.0140324396299441,0,"TENM1_ADGRL3","TENM1 - ADGRL3","ADGRL","Cell-Cell Contact","PMID: 25728924;PMID: 34022279;PMID: 27091502;PMID: 35907405","healthy",-1.34023535209872,20.3605313092979,84.964718653881,0,-0.724795342146411,75.7142857142857,95.7774465971187,1.96726223430477e-08
"Sertoli","Myoid","TENM1","ADGRL3",0.000866420658817047,0.01,"TENM1_ADGRL3","TENM1 - ADGRL3","ADGRL","Cell-Cell Contact","PMID: 25728924;PMID: 34022279;PMID: 27091502;PMID: 35907405","healthy",-1.34023535209872,20.3605313092979,84.964718653881,0,0.708683939751115,62.3762376237624,48.4419263456091,1.41375178770177e-06
"SSC","SSC","TENM2","ADGRL3",9.87162096667946e-05,0,"TENM2_ADGRL3","TENM2 - ADGRL3","ADGRL","Cell-Cell Contact","PMID: 25728924;PMID: 34022279;PMID: 27091502;PMID: 35907405","healthy",-0.28242857422977,27.5590551181102,39.8104265402844,1.0776783813263e-05,NA,NA,NA,NA
"Spermatocyte","SSC","TENM2","ADGRL3",0.000156105322751314,0,"TENM2_ADGRL3","TENM2 - ADGRL3","ADGRL","Cell-Cell Contact","PMID: 25728924;PMID: 34022279;PMID: 27091502;PMID: 35907405","healthy",-0.0842460392330929,19.2893401015228,37.7183750789307,7.53639823161226e-05,NA,NA,NA,NA
"SSC","Spermatocyte","TENM2","ADGRL3",6.81689024958888e-05,0,"TENM2_ADGRL3","TENM2 - ADGRL3","ADGRL","Cell-Cell Contact","PMID: 25728924;PMID: 34022279;PMID: 27091502;PMID: 35907405","healthy",-0.28242857422977,27.5590551181102,39.8104265402844,1.0776783813263e-05,0.451117713936313,50.253807106599,45.0641970111555,2.07480481983206e-06
"Spermatocyte","Spermatocyte","TENM2","ADGRL3",0.000106935863783959,0,"TENM2_ADGRL3","TENM2 - ADGRL3","ADGRL","Cell-Cell Contact","PMID: 25728924;PMID: 34022279;PMID: 27091502;PMID: 35907405","healthy",-0.0842460392330929,19.2893401015228,37.7183750789307,7.53639823161226e-05,0.451117713936313,50.253807106599,45.0641970111555,2.07480481983206e-06
"SSC","Spermatid","TENM2","ADGRL3",5.02215877739188e-05,0,"TENM2_ADGRL3","TENM2 - ADGRL3","ADGRL","Cell-Cell Contact","PMID: 25728924;PMID: 34022279;PMID: 27091502;PMID: 35907405","healthy",-0.28242857422977,27.5590551181102,39.8104265402844,1.0776783813263e-05,0.37405358590446,55.6291390728477,44.8565430370889,2.4573356032617e-05
"Spermatocyte","Spermatid","TENM2","ADGRL3",7.8828212146808e-05,0,"TENM2_ADGRL3","TENM2 - ADGRL3","ADGRL","Cell-Cell Contact","PMID: 25728924;PMID: 34022279;PMID: 27091502;PMID: 35907405","healthy",-0.0842460392330929,19.2893401015228,37.7183750789307,7.53639823161226e-05,0.37405358590446,55.6291390728477,44.8565430370889,2.4573356032617e-05
"SSC","Sertoli","TENM2","ADGRL3",0.00156060787038779,0,"TENM2_ADGRL3","TENM2 - ADGRL3","ADGRL","Cell-Cell Contact","PMID: 25728924;PMID: 34022279;PMID: 27091502;PMID: 35907405","healthy",-0.28242857422977,27.5590551181102,39.8104265402844,1.0776783813263e-05,0.438709597094502,96.6413662239089,98.9867921114529,0
"Spermatocyte","Sertoli","TENM2","ADGRL3",0.00250578308330874,0,"TENM2_ADGRL3","TENM2 - ADGRL3","ADGRL","Cell-Cell Contact","PMID: 25728924;PMID: 34022279;PMID: 27091502;PMID: 35907405","healthy",-0.0842460392330929,19.2893401015228,37.7183750789307,7.53639823161226e-05,0.438709597094502,96.6413662239089,98.9867921114529,0
"SSC","Leydig","TENM2","ADGRL3",0.000567956583341654,0,"TENM2_ADGRL3","TENM2 - ADGRL3","ADGRL","Cell-Cell Contact","PMID: 25728924;PMID: 34022279;PMID: 27091502;PMID: 35907405","healthy",-0.28242857422977,27.5590551181102,39.8104265402844,1.0776783813263e-05,-0.724795342146411,75.7142857142857,95.7774465971187,1.96726223430477e-08
"Spermatocyte","Leydig","TENM2","ADGRL3",0.000911918633858512,0,"TENM2_ADGRL3","TENM2 - ADGRL3","ADGRL","Cell-Cell Contact","PMID: 25728924;PMID: 34022279;PMID: 27091502;PMID: 35907405","healthy",-0.0842460392330929,19.2893401015228,37.7183750789307,7.53639823161226e-05,-0.724795342146411,75.7142857142857,95.7774465971187,1.96726223430477e-08
"SSC","Myoid","TENM2","ADGRL3",3.03408585498806e-05,0,"TENM2_ADGRL3","TENM2 - ADGRL3","ADGRL","Cell-Cell Contact","PMID: 25728924;PMID: 34022279;PMID: 27091502;PMID: 35907405","healthy",-0.28242857422977,27.5590551181102,39.8104265402844,1.0776783813263e-05,0.708683939751115,62.3762376237624,48.4419263456091,1.41375178770177e-06
"Spermatocyte","Myoid","TENM2","ADGRL3",4.77192466922524e-05,0,"TENM2_ADGRL3","TENM2 - ADGRL3","ADGRL","Cell-Cell Contact","PMID: 25728924;PMID: 34022279;PMID: 27091502;PMID: 35907405","healthy",-0.0842460392330929,19.2893401015228,37.7183750789307,7.53639823161226e-05,0.708683939751115,62.3762376237624,48.4419263456091,1.41375178770177e-06
"SSC","Fibroblast","TENM2","ADGRL3",1.11932561365851e-05,0,"TENM2_ADGRL3","TENM2 - ADGRL3","ADGRL","Cell-Cell Contact","PMID: 25728924;PMID: 34022279;PMID: 27091502;PMID: 35907405","healthy",-0.28242857422977,27.5590551181102,39.8104265402844,1.0776783813263e-05,NA,NA,NA,NA
"Spermatocyte","Fibroblast","TENM2","ADGRL3",1.75816459669867e-05,0,"TENM2_ADGRL3","TENM2 - ADGRL3","ADGRL","Cell-Cell Contact","PMID: 25728924;PMID: 34022279;PMID: 27091502;PMID: 35907405","healthy",-0.0842460392330929,19.2893401015228,37.7183750789307,7.53639823161226e-05,NA,NA,NA,NA
"SSC","Endothelial","TENM2","ADGRL3",6.36009774558124e-06,0,"TENM2_ADGRL3","TENM2 - ADGRL3","ADGRL","Cell-Cell Contact","PMID: 25728924;PMID: 34022279;PMID: 27091502;PMID: 35907405","healthy",-0.28242857422977,27.5590551181102,39.8104265402844,1.0776783813263e-05,NA,NA,NA,NA
"Spermatocyte","Endothelial","TENM2","ADGRL3",9.9932488620153e-06,0,"TENM2_ADGRL3","TENM2 - ADGRL3","ADGRL","Cell-Cell Contact","PMID: 25728924;PMID: 34022279;PMID: 27091502;PMID: 35907405","healthy",-0.0842460392330929,19.2893401015228,37.7183750789307,7.53639823161226e-05,NA,NA,NA,NA
"SSC","SSC","NRXN1","CLSTN1",7.28011302026595e-05,0,"NRXN1_CLSTN1","NRXN1 - CLSTN1","NRXN","Cell-Cell Contact","PMID: 32434929","healthy",-0.232916123916375,51.9685039370079,64.9289099526066,0.000747220508081399,NA,NA,NA,NA
"Spermatocyte","SSC","NRXN1","CLSTN1",0.000141940070235329,0,"NRXN1_CLSTN1","NRXN1 - CLSTN1","NRXN","Cell-Cell Contact","PMID: 32434929","healthy",-0.13320139308657,36.0406091370558,61.5659861081878,0.00057337399915616,NA,NA,NA,NA
"Fibroblast","SSC","NRXN1","CLSTN1",5.33631150484024e-06,0,"NRXN1_CLSTN1","NRXN1 - CLSTN1","NRXN","Cell-Cell Contact","PMID: 32434929","healthy",-0.269781537766378,12.2627737226277,25.7692307692308,2.51548998969488e-09,NA,NA,NA,NA
"Endothelial","SSC","NRXN1","CLSTN1",4.00277130753486e-06,0,"NRXN1_CLSTN1","NRXN1 - CLSTN1","NRXN","Cell-Cell Contact","PMID: 32434929","healthy",-0.261651846430739,22.65625,35.8974358974359,0.00119197284353301,NA,NA,NA,NA
"SSC","Sertoli","NRXN1","CLSTN1",0.000357345054806541,0,"NRXN1_CLSTN1","NRXN1 - CLSTN1","NRXN","Cell-Cell Contact","PMID: 32434929","healthy",-0.232916123916375,51.9685039370079,64.9289099526066,0.000747220508081399,0.202117691554894,45.5692599620493,47.7021892527592,8.8782919233321e-39
"Spermatocyte","Sertoli","NRXN1","CLSTN1",0.000695756198276747,0,"NRXN1_CLSTN1","NRXN1 - CLSTN1","NRXN","Cell-Cell Contact","PMID: 32434929","healthy",-0.13320139308657,36.0406091370558,61.5659861081878,0.00057337399915616,0.202117691554894,45.5692599620493,47.7021892527592,8.8782919233321e-39
"Fibroblast","Sertoli","NRXN1","CLSTN1",2.61041971116104e-05,0,"NRXN1_CLSTN1","NRXN1 - CLSTN1","NRXN","Cell-Cell Contact","PMID: 32434929","healthy",-0.269781537766378,12.2627737226277,25.7692307692308,2.51548998969488e-09,0.202117691554894,45.5692599620493,47.7021892527592,8.8782919233321e-39
"Endothelial","Sertoli","NRXN1","CLSTN1",1.95897031016684e-05,0,"NRXN1_CLSTN1","NRXN1 - CLSTN1","NRXN","Cell-Cell Contact","PMID: 32434929","healthy",-0.261651846430739,22.65625,35.8974358974359,0.00119197284353301,0.202117691554894,45.5692599620493,47.7021892527592,8.8782919233321e-39
"Sertoli","SSC","NRXN3","CLSTN1",0.000108229600949442,0,"Q9HDB5_CLSTN1","NRXN3 - CLSTN1","NRXN","Cell-Cell Contact","PMID: 32434929","healthy",-0.480345375253085,10.0759013282732,46.2004704179483,0,NA,NA,NA,NA
"Sertoli","Sertoli","NRXN3","CLSTN1",0.000529412312535775,0,"Q9HDB5_CLSTN1","NRXN3 - CLSTN1","NRXN","Cell-Cell Contact","PMID: 32434929","healthy",-0.480345375253085,10.0759013282732,46.2004704179483,0,0.202117691554894,45.5692599620493,47.7021892527592,8.8782919233321e-39
"SSC","SSC","NRXN1","CLSTN2",5.61508162889454e-05,0,"NRXN1_CLSTN2","NRXN1 - CLSTN2","NRXN","Cell-Cell Contact","PMID: 32434929","healthy",-0.232916123916375,51.9685039370079,64.9289099526066,0.000747220508081399,0.734595994090032,63.7795275590551,26.6587677725118,1.17653316457086e-37
"Spermatocyte","SSC","NRXN1","CLSTN2",0.000109339533192858,0,"NRXN1_CLSTN2","NRXN1 - CLSTN2","NRXN","Cell-Cell Contact","PMID: 32434929","healthy",-0.13320139308657,36.0406091370558,61.5659861081878,0.00057337399915616,0.734595994090032,63.7795275590551,26.6587677725118,1.17653316457086e-37
"Fibroblast","SSC","NRXN1","CLSTN2",4.10305117538214e-06,0,"NRXN1_CLSTN2","NRXN1 - CLSTN2","NRXN","Cell-Cell Contact","PMID: 32434929","healthy",-0.269781537766378,12.2627737226277,25.7692307692308,2.51548998969488e-09,0.734595994090032,63.7795275590551,26.6587677725118,1.17653316457086e-37
"Endothelial","SSC","NRXN1","CLSTN2",3.07898320754025e-06,0,"NRXN1_CLSTN2","NRXN1 - CLSTN2","NRXN","Cell-Cell Contact","PMID: 32434929","healthy",-0.261651846430739,22.65625,35.8974358974359,0.00119197284353301,0.734595994090032,63.7795275590551,26.6587677725118,1.17653316457086e-37
"SSC","Spermatocyte","NRXN1","CLSTN2",3.55384150369103e-05,0,"NRXN1_CLSTN2","NRXN1 - CLSTN2","NRXN","Cell-Cell Contact","PMID: 32434929","healthy",-0.232916123916375,51.9685039370079,64.9289099526066,0.000747220508081399,0.381523573987546,31.9796954314721,25.8471900652494,7.88391432966851e-05
"Spermatocyte","Spermatocyte","NRXN1","CLSTN2",6.89756526386519e-05,0,"NRXN1_CLSTN2","NRXN1 - CLSTN2","NRXN","Cell-Cell Contact","PMID: 32434929","healthy",-0.13320139308657,36.0406091370558,61.5659861081878,0.00057337399915616,0.381523573987546,31.9796954314721,25.8471900652494,7.88391432966851e-05
"SSC","Spermatid","NRXN1","CLSTN2",9.53993424425819e-05,0,"NRXN1_CLSTN2","NRXN1 - CLSTN2","NRXN","Cell-Cell Contact","PMID: 32434929","healthy",-0.232916123916375,51.9685039370079,64.9289099526066,0.000747220508081399,0.279606228886161,40.3973509933775,34.6046186144157,0.00173513307769886
"Spermatocyte","Spermatid","NRXN1","CLSTN2",0.00018576884644102,0,"NRXN1_CLSTN2","NRXN1 - CLSTN2","NRXN","Cell-Cell Contact","PMID: 32434929","healthy",-0.13320139308657,36.0406091370558,61.5659861081878,0.00057337399915616,0.279606228886161,40.3973509933775,34.6046186144157,0.00173513307769886
"Fibroblast","Spermatid","NRXN1","CLSTN2",6.97127136932094e-06,0,"NRXN1_CLSTN2","NRXN1 - CLSTN2","NRXN","Cell-Cell Contact","PMID: 32434929","healthy",-0.269781537766378,12.2627737226277,25.7692307692308,2.51548998969488e-09,0.279606228886161,40.3973509933775,34.6046186144157,0.00173513307769886
"Endothelial","Spermatid","NRXN1","CLSTN2",5.23130778654489e-06,0,"NRXN1_CLSTN2","NRXN1 - CLSTN2","NRXN","Cell-Cell Contact","PMID: 32434929","healthy",-0.261651846430739,22.65625,35.8974358974359,0.00119197284353301,0.279606228886161,40.3973509933775,34.6046186144157,0.00173513307769886
"SSC","Sertoli","NRXN1","CLSTN2",0.00023824844538259,0,"NRXN1_CLSTN2","NRXN1 - CLSTN2","NRXN","Cell-Cell Contact","PMID: 32434929","healthy",-0.232916123916375,51.9685039370079,64.9289099526066,0.000747220508081399,0.334010479882168,38.0265654648956,32.0065134792835,1.70790775310163e-84
"Spermatocyte","Sertoli","NRXN1","CLSTN2",0.000463237945870324,0,"NRXN1_CLSTN2","NRXN1 - CLSTN2","NRXN","Cell-Cell Contact","PMID: 32434929","healthy",-0.13320139308657,36.0406091370558,61.5659861081878,0.00057337399915616,0.334010479882168,38.0265654648956,32.0065134792835,1.70790775310163e-84
"Fibroblast","Sertoli","NRXN1","CLSTN2",1.73452638002413e-05,0,"NRXN1_CLSTN2","NRXN1 - CLSTN2","NRXN","Cell-Cell Contact","PMID: 32434929","healthy",-0.269781537766378,12.2627737226277,25.7692307692308,2.51548998969488e-09,0.334010479882168,38.0265654648956,32.0065134792835,1.70790775310163e-84
"Endothelial","Sertoli","NRXN1","CLSTN2",1.30225065022708e-05,0,"NRXN1_CLSTN2","NRXN1 - CLSTN2","NRXN","Cell-Cell Contact","PMID: 32434929","healthy",-0.261651846430739,22.65625,35.8974358974359,0.00119197284353301,0.334010479882168,38.0265654648956,32.0065134792835,1.70790775310163e-84
"Sertoli","SSC","NRXN3","CLSTN2",8.32132461459508e-05,0,"Q9HDB5_CLSTN2","NRXN3 - CLSTN2","NRXN","Cell-Cell Contact","PMID: 32434929","healthy",-0.480345375253085,10.0759013282732,46.2004704179483,0,0.734595994090032,63.7795275590551,26.6587677725118,1.17653316457086e-37
"Sertoli","Spermatid","NRXN3","CLSTN2",0.000141383179542704,0,"Q9HDB5_CLSTN2","NRXN3 - CLSTN2","NRXN","Cell-Cell Contact","PMID: 32434929","healthy",-0.480345375253085,10.0759013282732,46.2004704179483,0,0.279606228886161,40.3973509933775,34.6046186144157,0.00173513307769886
"Sertoli","Sertoli","NRXN3","CLSTN2",0.000351757704112631,0,"Q9HDB5_CLSTN2","NRXN3 - CLSTN2","NRXN","Cell-Cell Contact","PMID: 32434929","healthy",-0.480345375253085,10.0759013282732,46.2004704179483,0,0.334010479882168,38.0265654648956,32.0065134792835,1.70790775310163e-84
"SSC","SSC","NRXN1","DAG1",5.35661645623484e-05,0,"NRXN1_DAG1","NRXN1 - DAG1","NRXN","Cell-Cell Contact","PMID: 21628410","healthy",-0.232916123916375,51.9685039370079,64.9289099526066,0.000747220508081399,-0.125722873666512,19.2913385826772,26.9549763033175,0.00444409946729885
"Spermatocyte","SSC","NRXN1","DAG1",0.000104286246354052,0,"NRXN1_DAG1","NRXN1 - DAG1","NRXN","Cell-Cell Contact","PMID: 21628410","healthy",-0.13320139308657,36.0406091370558,61.5659861081878,0.00057337399915616,-0.125722873666512,19.2913385826772,26.9549763033175,0.00444409946729885
"Fibroblast","SSC","NRXN1","DAG1",3.91229761641882e-06,0,"NRXN1_DAG1","NRXN1 - DAG1","NRXN","Cell-Cell Contact","PMID: 21628410","healthy",-0.269781537766378,12.2627737226277,25.7692307692308,2.51548998969488e-09,-0.125722873666512,19.2913385826772,26.9549763033175,0.00444409946729885
"Endothelial","SSC","NRXN1","DAG1",2.93602832196417e-06,0,"NRXN1_DAG1","NRXN1 - DAG1","NRXN","Cell-Cell Contact","PMID: 21628410","healthy",-0.261651846430739,22.65625,35.8974358974359,0.00119197284353301,-0.125722873666512,19.2913385826772,26.9549763033175,0.00444409946729885
"SSC","Spermatocyte","NRXN1","DAG1",3.17337827557614e-05,0,"NRXN1_DAG1","NRXN1 - DAG1","NRXN","Cell-Cell Contact","PMID: 21628410","healthy",-0.232916123916375,51.9685039370079,64.9289099526066,0.000747220508081399,NA,NA,NA,NA
"Spermatocyte","Spermatocyte","NRXN1","DAG1",6.15850751254077e-05,0,"NRXN1_DAG1","NRXN1 - DAG1","NRXN","Cell-Cell Contact","PMID: 21628410","healthy",-0.13320139308657,36.0406091370558,61.5659861081878,0.00057337399915616,NA,NA,NA,NA
"SSC","Sertoli","NRXN1","DAG1",0.00086062585641163,0,"NRXN1_DAG1","NRXN1 - DAG1","NRXN","Cell-Cell Contact","PMID: 21628410","healthy",-0.232916123916375,51.9685039370079,64.9289099526066,0.000747220508081399,0.169479505637715,49.2789373814042,55.192690428804,6.5248336844005e-29
"Spermatocyte","Sertoli","NRXN1","DAG1",0.00168542017905192,0,"NRXN1_DAG1","NRXN1 - DAG1","NRXN","Cell-Cell Contact","PMID: 21628410","healthy",-0.13320139308657,36.0406091370558,61.5659861081878,0.00057337399915616,0.169479505637715,49.2789373814042,55.192690428804,6.5248336844005e-29
"Fibroblast","Sertoli","NRXN1","DAG1",6.37840193316317e-05,0,"NRXN1_DAG1","NRXN1 - DAG1","NRXN","Cell-Cell Contact","PMID: 21628410","healthy",-0.269781537766378,12.2627737226277,25.7692307692308,2.51548998969488e-09,0.169479505637715,49.2789373814042,55.192690428804,6.5248336844005e-29
"Endothelial","Sertoli","NRXN1","DAG1",4.777344399476e-05,0,"NRXN1_DAG1","NRXN1 - DAG1","NRXN","Cell-Cell Contact","PMID: 21628410","healthy",-0.261651846430739,22.65625,35.8974358974359,0.00119197284353301,0.169479505637715,49.2789373814042,55.192690428804,6.5248336844005e-29
"Sertoli","Sertoli","LRRC4C","PTPRF",0.00166907330259506,0,"LRRC4C_PTPRF","LRRC4C - PTPRF","PTPR","Cell-Cell Contact","PMID: 29674953;PMID: 23916315","healthy",-0.795208096395339,12.0967741935484,69.1152523973222,0,-0.187779080096121,24.6679316888046,47.2317713045052,6.25671675320082e-254
"Sertoli","Leydig","LRRC4C","PTPRF",0.000863142307344902,0,"LRRC4C_PTPRF","LRRC4C - PTPRF","PTPR","Cell-Cell Contact","PMID: 29674953;PMID: 23916315","healthy",-0.795208096395339,12.0967741935484,69.1152523973222,0,-0.305032073130512,10.7142857142857,32.2652757078987,1.46298271739329e-07
"Sertoli","Myoid","LRRC4C","PTPRF",0.000120147494954602,0,"LRRC4C_PTPRF","LRRC4C - PTPRF","PTPR","Cell-Cell Contact","PMID: 29674953;PMID: 23916315","healthy",-0.795208096395339,12.0967741935484,69.1152523973222,0,-0.241692231212435,7.92079207920792,26.628895184136,9.9100557483194e-05
"SSC","Sertoli","APP","SORL1",0.000247560944588012,0,"APP_SORL1","APP - SORL1","APP","Cell-Cell Contact","PMID: 24523320","healthy",-0.263907473480823,49.6062992125984,59.3601895734597,2.62453846751088e-06,-0.193989524628536,15.1992409867173,39.6960376334359,0
"Spermatid","Sertoli","APP","SORL1",0.000283621142145822,0,"APP_SORL1","APP - SORL1","APP","Cell-Cell Contact","PMID: 24523320","healthy",-0.245403658950173,31.1258278145695,52.7291812456263,8.04647600000299e-05,-0.193989524628536,15.1992409867173,39.6960376334359,0
"Sertoli","Sertoli","APP","SORL1",0.0028038568842802,0,"APP_SORL1","APP - SORL1","APP","Cell-Cell Contact","PMID: 24523320","healthy",-0.658252854812902,59.9905123339658,92.1747783607744,0,-0.193989524628536,15.1992409867173,39.6960376334359,0
"Leydig","Sertoli","APP","SORL1",0.00109487468466261,0,"APP_SORL1","APP - SORL1","APP","Cell-Cell Contact","PMID: 24523320","healthy",-0.724546581752202,46.4285714285714,79.9056135121709,7.81993592685186e-12,-0.193989524628536,15.1992409867173,39.6960376334359,0
"Endothelial","Sertoli","APP","SORL1",4.58198384665394e-05,0,"APP_SORL1","APP - SORL1","APP","Cell-Cell Contact","PMID: 24523320","healthy",-0.369527527861373,38.671875,55.6776556776557,9.07741219060158e-05,-0.193989524628536,15.1992409867173,39.6960376334359,0
"SSC","Spermatid","APP","TNFRSF21",7.16156627932666e-05,0,"APP_TNFRSF21","APP - TNFRSF21","APP","Cell-Cell Contact","PMID: 33075465","healthy",-0.263907473480823,49.6062992125984,59.3601895734597,2.62453846751088e-06,-0.328117377551248,4.63576158940397,33.1350594821554,1.66677801547668e-12
"Spermatid","Spermatid","APP","TNFRSF21",8.2076398391361e-05,0,"APP_TNFRSF21","APP - TNFRSF21","APP","Cell-Cell Contact","PMID: 33075465","healthy",-0.245403658950173,31.1258278145695,52.7291812456263,8.04647600000299e-05,-0.328117377551248,4.63576158940397,33.1350594821554,1.66677801547668e-12
"Sertoli","Spermatid","APP","TNFRSF21",0.000810466217186131,0,"APP_TNFRSF21","APP - TNFRSF21","APP","Cell-Cell Contact","PMID: 33075465","healthy",-0.658252854812902,59.9905123339658,92.1747783607744,0,-0.328117377551248,4.63576158940397,33.1350594821554,1.66677801547668e-12
"Leydig","Spermatid","APP","TNFRSF21",0.000316434769394856,0,"APP_TNFRSF21","APP - TNFRSF21","APP","Cell-Cell Contact","PMID: 33075465","healthy",-0.724546581752202,46.4285714285714,79.9056135121709,7.81993592685186e-12,-0.328117377551248,4.63576158940397,33.1350594821554,1.66677801547668e-12
"Endothelial","Spermatid","APP","TNFRSF21",1.32528952538118e-05,0,"APP_TNFRSF21","APP - TNFRSF21","APP","Cell-Cell Contact","PMID: 33075465","healthy",-0.369527527861373,38.671875,55.6776556776557,9.07741219060158e-05,-0.328117377551248,4.63576158940397,33.1350594821554,1.66677801547668e-12
"SSC","SSC","CADM1","NECTIN3",0.000505121794431898,0,"CADM1_NECTIN3","CADM1 - NECTIN3","CADM","Cell-Cell Contact","uniprot","healthy",-0.543725761021804,79.9212598425197,91.3507109004739,5.52764723027696e-19,-0.250371383429132,56.6929133858268,64.5142180094787,2.26566058333871e-06
"Sertoli","SSC","CADM1","NECTIN3",0.00369140390405903,0,"CADM1_NECTIN3","CADM1 - NECTIN3","CADM","Cell-Cell Contact","uniprot","healthy",-0.560182217386751,85.0664136622391,98.7244436403112,0,-0.250371383429132,56.6929133858268,64.5142180094787,2.26566058333871e-06
"Endothelial","SSC","CADM1","NECTIN3",5.38417171409185e-05,0,"CADM1_NECTIN3","CADM1 - NECTIN3","CADM","Cell-Cell Contact","uniprot","healthy",-0.371220807142752,48.828125,63.7362637362637,0.000282035480736384,-0.250371383429132,56.6929133858268,64.5142180094787,2.26566058333871e-06
"SSC","Spermatocyte","CADM1","NECTIN3",0.00186139349999587,0,"CADM1_NECTIN3","CADM1 - NECTIN3","CADM","Cell-Cell Contact","uniprot","healthy",-0.543725761021804,79.9212598425197,91.3507109004739,5.52764723027696e-19,-0.484787632009827,45.6852791878173,78.1940644074932,2.51497919472145e-10
"Sertoli","Spermatocyte","CADM1","NECTIN3",0.013535542244875,0,"CADM1_NECTIN3","CADM1 - NECTIN3","CADM","Cell-Cell Contact","uniprot","healthy",-0.560182217386751,85.0664136622391,98.7244436403112,0,-0.484787632009827,45.6852791878173,78.1940644074932,2.51497919472145e-10
"Myoid","Spermatocyte","CADM1","NECTIN3",0.000310765490501854,0.04,"CADM1_NECTIN3","CADM1 - NECTIN3","CADM","Cell-Cell Contact","uniprot","healthy",-0.272600056966746,34.6534653465347,48.9140698772427,0.0228623197486969,-0.484787632009827,45.6852791878173,78.1940644074932,2.51497919472145e-10
"Endothelial","Spermatocyte","CADM1","NECTIN3",0.000201357798133554,0,"CADM1_NECTIN3","CADM1 - NECTIN3","CADM","Cell-Cell Contact","uniprot","healthy",-0.371220807142752,48.828125,63.7362637362637,0.000282035480736384,-0.484787632009827,45.6852791878173,78.1940644074932,2.51497919472145e-10
"SSC","Spermatid","CADM1","NECTIN3",0.00100669569274422,0,"CADM1_NECTIN3","CADM1 - NECTIN3","CADM","Cell-Cell Contact","uniprot","healthy",-0.543725761021804,79.9212598425197,91.3507109004739,5.52764723027696e-19,-0.541410204937732,44.3708609271523,73.442967109867,3.50416908208316e-10
"Sertoli","Spermatid","CADM1","NECTIN3",0.00733595452174186,0,"CADM1_NECTIN3","CADM1 - NECTIN3","CADM","Cell-Cell Contact","uniprot","healthy",-0.560182217386751,85.0664136622391,98.7244436403112,0,-0.541410204937732,44.3708609271523,73.442967109867,3.50416908208316e-10
"Endothelial","Spermatid","CADM1","NECTIN3",0.000108212772630279,0,"CADM1_NECTIN3","CADM1 - NECTIN3","CADM","Cell-Cell Contact","uniprot","healthy",-0.371220807142752,48.828125,63.7362637362637,0.000282035480736384,-0.541410204937732,44.3708609271523,73.442967109867,3.50416908208316e-10
"SSC","Leydig","CADM1","NECTIN3",0.00047988848727857,0,"CADM1_NECTIN3","CADM1 - NECTIN3","CADM","Cell-Cell Contact","uniprot","healthy",-0.543725761021804,79.9212598425197,91.3507109004739,5.52764723027696e-19,NA,NA,NA,NA
"Sertoli","Leydig","CADM1","NECTIN3",0.00354131882842572,0,"CADM1_NECTIN3","CADM1 - NECTIN3","CADM","Cell-Cell Contact","uniprot","healthy",-0.560182217386751,85.0664136622391,98.7244436403112,0,NA,NA,NA,NA
"SSC","Myoid","CADM1","NECTIN3",0.000124995141995582,0,"CADM1_NECTIN3","CADM1 - NECTIN3","CADM","Cell-Cell Contact","uniprot","healthy",-0.543725761021804,79.9212598425197,91.3507109004739,5.52764723027696e-19,-0.344451820421921,17.8217821782178,40.4154863078376,0.000112625122994013
"Sertoli","Myoid","CADM1","NECTIN3",0.000922455355122486,0,"CADM1_NECTIN3","CADM1 - NECTIN3","CADM","Cell-Cell Contact","uniprot","healthy",-0.560182217386751,85.0664136622391,98.7244436403112,0,-0.344451820421921,17.8217821782178,40.4154863078376,0.000112625122994013
"SSC","Fibroblast","CADM1","NECTIN3",6.15844115869886e-05,0.01,"CADM1_NECTIN3","CADM1 - NECTIN3","CADM","Cell-Cell Contact","uniprot","healthy",-0.543725761021804,79.9212598425197,91.3507109004739,5.52764723027696e-19,NA,NA,NA,NA
"Sertoli","Fibroblast","CADM1","NECTIN3",0.000454478737517762,0,"CADM1_NECTIN3","CADM1 - NECTIN3","CADM","Cell-Cell Contact","uniprot","healthy",-0.560182217386751,85.0664136622391,98.7244436403112,0,NA,NA,NA,NA
"SSC","Endothelial","CADM1","NECTIN3",3.58194721709225e-05,0,"CADM1_NECTIN3","CADM1 - NECTIN3","CADM","Cell-Cell Contact","uniprot","healthy",-0.543725761021804,79.9212598425197,91.3507109004739,5.52764723027696e-19,-0.328916886130317,29.6875,47.6190476190476,1.8799175273364e-05
"Sertoli","Endothelial","CADM1","NECTIN3",0.000264156007531262,0,"CADM1_NECTIN3","CADM1 - NECTIN3","CADM","Cell-Cell Contact","uniprot","healthy",-0.560182217386751,85.0664136622391,98.7244436403112,0,-0.328916886130317,29.6875,47.6190476190476,1.8799175273364e-05
"Spermatocyte","Sertoli","CNTN1","NOTCH1",6.9909489886306e-05,0,"CNTN1_NOTCH1","CNTN1 - NOTCH1","CNTN","Cell-Cell Contact","uniprot;PMID:14567914","healthy",-0.223186330611078,7.61421319796954,35.3399284361187,3.65774870432564e-13,NA,NA,NA,NA
"Spermatid","Sertoli","CNTN1","NOTCH1",3.24787737727888e-05,0,"CNTN1_NOTCH1","CNTN1 - NOTCH1","CNTN","Cell-Cell Contact","uniprot;PMID:14567914","healthy",-0.119046514111943,12.5827814569536,27.9916025192442,0.000266367876068398,NA,NA,NA,NA
"Spermatocyte","Spermatocyte","CNTN1","NOTCH2",1.95489192526095e-05,0,"CNTN1_NOTCH2","CNTN1 - NOTCH2","CNTN","Cell-Cell Contact","reactome;PMID:14567914;PMID: 33957164","healthy",-0.223186330611078,7.61421319796954,35.3399284361187,3.65774870432564e-13,NA,NA,NA,NA
"Spermatid","Spermatocyte","CNTN1","NOTCH2",9.08143700707582e-06,0,"CNTN1_NOTCH2","CNTN1 - NOTCH2","CNTN","Cell-Cell Contact","reactome;PMID:14567914;PMID: 33957164","healthy",-0.119046514111943,12.5827814569536,27.9916025192442,0.000266367876068398,NA,NA,NA,NA
"Spermatocyte","Spermatid","CNTN1","NOTCH2",4.00602709458026e-05,0,"CNTN1_NOTCH2","CNTN1 - NOTCH2","CNTN","Cell-Cell Contact","reactome;PMID:14567914;PMID: 33957164","healthy",-0.223186330611078,7.61421319796954,35.3399284361187,3.65774870432564e-13,NA,NA,NA,NA
"Spermatid","Spermatid","CNTN1","NOTCH2",1.86160544561916e-05,0,"CNTN1_NOTCH2","CNTN1 - NOTCH2","CNTN","Cell-Cell Contact","reactome;PMID:14567914;PMID: 33957164","healthy",-0.119046514111943,12.5827814569536,27.9916025192442,0.000266367876068398,NA,NA,NA,NA
"Spermatocyte","Sertoli","CNTN1","NOTCH2",0.000697351367882023,0,"CNTN1_NOTCH2","CNTN1 - NOTCH2","CNTN","Cell-Cell Contact","reactome;PMID:14567914;PMID: 33957164","healthy",-0.223186330611078,7.61421319796954,35.3399284361187,3.65774870432564e-13,0.0871304955502075,62.3434535104364,76.6690790664013,9.63901617355221e-36
"Spermatid","Sertoli","CNTN1","NOTCH2",0.000324585748291363,0,"CNTN1_NOTCH2","CNTN1 - NOTCH2","CNTN","Cell-Cell Contact","reactome;PMID:14567914;PMID: 33957164","healthy",-0.119046514111943,12.5827814569536,27.9916025192442,0.000266367876068398,0.0871304955502075,62.3434535104364,76.6690790664013,9.63901617355221e-36
"Spermatocyte","Leydig","CNTN1","NOTCH2",8.81093928874231e-05,0,"CNTN1_NOTCH2","CNTN1 - NOTCH2","CNTN","Cell-Cell Contact","reactome;PMID:14567914;PMID: 33957164","healthy",-0.223186330611078,7.61421319796954,35.3399284361187,3.65774870432564e-13,-0.221990217956487,24.2857142857143,40.8345752608048,0.000638601604522454
"Spermatid","Leydig","CNTN1","NOTCH2",4.09551745970012e-05,0,"CNTN1_NOTCH2","CNTN1 - NOTCH2","CNTN","Cell-Cell Contact","reactome;PMID:14567914;PMID: 33957164","healthy",-0.119046514111943,12.5827814569536,27.9916025192442,0.000266367876068398,-0.221990217956487,24.2857142857143,40.8345752608048,0.000638601604522454
"Spermatocyte","Myoid","CNTN1","NOTCH2",2.77875749219211e-05,0,"CNTN1_NOTCH2","CNTN1 - NOTCH2","CNTN","Cell-Cell Contact","reactome;PMID:14567914;PMID: 33957164","healthy",-0.223186330611078,7.61421319796954,35.3399284361187,3.65774870432564e-13,NA,NA,NA,NA
"Spermatid","Myoid","CNTN1","NOTCH2",1.29181304270081e-05,0,"CNTN1_NOTCH2","CNTN1 - NOTCH2","CNTN","Cell-Cell Contact","reactome;PMID:14567914;PMID: 33957164","healthy",-0.119046514111943,12.5827814569536,27.9916025192442,0.000266367876068398,NA,NA,NA,NA
"Spermatocyte","Fibroblast","CNTN1","NOTCH2",1.48941982770917e-05,0,"CNTN1_NOTCH2","CNTN1 - NOTCH2","CNTN","Cell-Cell Contact","reactome;PMID:14567914;PMID: 33957164","healthy",-0.223186330611078,7.61421319796954,35.3399284361187,3.65774870432564e-13,NA,NA,NA,NA
"Spermatid","Fibroblast","CNTN1","NOTCH2",6.92469449647722e-06,0,"CNTN1_NOTCH2","CNTN1 - NOTCH2","CNTN","Cell-Cell Contact","reactome;PMID:14567914;PMID: 33957164","healthy",-0.119046514111943,12.5827814569536,27.9916025192442,0.000266367876068398,NA,NA,NA,NA
"Spermatocyte","Myoid","NTN4","UNC5D",1.32072318510067e-05,0,"NTN4_UNC5D","NTN4 - UNC5D","Netrin","Cell-Cell Contact","uniprot","healthy",-0.176818677884565,15.2284263959391,43.4224373816039,5.62981267071996e-10,-0.450625775927676,1.98019801980198,26.9121813031161,6.81722296521838e-08
"Spermatid","Myoid","NTN4","UNC5D",1.04697925486266e-05,0,"NTN4_UNC5D","NTN4 - UNC5D","Netrin","Cell-Cell Contact","uniprot","healthy",-0.370520584650408,11.2582781456954,41.2526242127362,2.33311752568476e-11,-0.450625775927676,1.98019801980198,26.9121813031161,6.81722296521838e-08
