100064369
100071844
100061692
100061421
100147481
106782783
102150730
100033872
100063811
100061661
100056411
100056680
100055454
100067095
100052900
100050738
100051441
100058415
100058770
111774890
100054983
100067843
100052171
100053858
100061627
100056260
100057601
100056201
100051470
100054241
100062390
100050461
100066185
100058987
100058833
100068332
100067889
100068313
100058746
100053093
100062487
111774161
100062560
100062524
100034074
100065938
100052359
100147513
100067103
100059171
100060544
100064064
100058934
791240
100067430
100057458
100057417
100068696
100060654
100070025
100050431
100066941
100053637
100071788
100064351
100058868
100070407
100058542
100056775
100062815
100147183
100063507
100067030
100058103
100034164
100146118
100069091
100069071
100071286
100071551
100061925
100057168
100066699
100065368
100629427
100052116
100072155
100058736
102150787
100146322
100050162
100067399
100147128
100053880
100060329
100056825
100066775
100057821
100070083
100055377
111768803
100069674
100062052
100059203
100069715
100053033
100058994
100070368
100071715
102149124
100059804
100056433
100629285
100061483
100057158
100053564
100049815
100060581
100054002
100050082
100069345
100071472
100066740
100057702
100629864
100072888
100066893
100067343
100147113
100057998
100061583
100033876
100072970
100069317
100147589
100069718
100058892
100058044
100064116
100055334
100053473
100630417
100055831
100055792
100066184
100064801
100055952
100147512
100063894
100063572
100069149
100055865
100057225
100067183
100057501
100146120
100053195
100050432
100067866
100055803
100052594
100060460
100073251
100629805
100050302
100056126
100059575
100056378
100060045
100051466
100050425
100056690
100064086
100057408
100057910
100064835
100147302
100056621
100065568
100066750
100057028
100052268
100072341
100050272
100065344
100069942
100051639
100057925
100056656
100054459
100059190
100063361
100068672
100068752
100147266
100057725
100054562
100061000
100065454
100062175
100033878
100051557
100057678
100061466
100050139
100057561
102148862
100062566
100065792
100069035
100059317
100059349
100052755
100064420
100068235
100053070
100033870
100033871
100066343
100058966
100069908
100051108
100063005
100033909
100065073
100070271
100052662
100059386
100054864
100061240
100063256
100050899
100062619
100059573
100049823
100053588
100061313
100060631
102149799
100051419
100630291
100070773
100055385
100063860
100070132
100070813
100068314
100064340
100056196
100063219
100072496
100147614
100059871
100146845
100050380
100068579
100058721
100065626
100067035
100057132
100066376
100058838
111772543
100058578
100058764
791251
100147003
100068281
100069281
100063487
100064739
100071544
100056538
100069320
100072998
100630632
100054665
100033914
100066005
100050673
100059959
100072682
100049887
100063467
100066494
100059096
100060620
100630912
100058484
100056984
100055928
100057531
100069032
100067148
106783364
100052487
100065809
100064927
100065563
100056933
100071337
100055961
100054305
100070498
100051295
100058891
100057796
100066046
100061356
100069948
100051451
100050348
100059447
100065880
100050642
100059646
100068039
102148282
100070436
100057127
100062695
100147588
100066036
100064825
111774270
100068434
100068533
100071363
100068555
100068417
100062615
100058260
100062648
100056865
100062576
100060706
100072256
100065569
100052932
100056929
100052983
100073239
100063782
100072837
100630181
100059500
100052436
100050051
100630294
100052483
100072901
100033857
100629546
102150093
100049902
100065519
100147027
100052496
100034039
100063319
100052166
100070997
100067285
100073085
100069360
100054461
100071055
100066003
100147119
100051684
111772982
100146832
100060659
100147322
106782443
100070427
102148062
100062135
100064059
100064946
100067927
100069794
100056653
100071710
100068108
100054846
100062821
100055437
100059904
100063038
100066538
100063769
100070495
100058377
100055671
100057858
100034185
100063526
100060636
100065931
100050853
100064153
100070057
100051805
100068082
100063327
100055532
100051699
100629966
100068998
100073274
100064603
100050695
100054283
100052771
100055148
100069541
100069387
100055196
100059501
100068797
100057170
100050454
100063996
100053590
100053075
100066130
100066334
100066082
100065526
100061665
100059005
100053878
100051052
100067459
100053849
100054592
100058372
100071835
100056837
100073172
100063459
100146176
100066186
100057633
100052370
100064970
100068067
100630155
100061137
100053366
100050158
100069645
100054546
100063387
100056937
100067266
100073027
100059133
100034148
100072761
100056971
100054694
100060185
106782604
100056024
100070413
100055706
100059240
100069665
100053274
102149609
100054566
100066634
100066700
100629939
100056722
100073152
100060352
100063263
100070242
100629400
100069806
100059263
100051437
100052348
100052129
100056405
100067512
100063189
100063225
100061002
100055553
100068830
100070681
100146418
100057931
100052360
100065145
100034073
100066919
100070632
100061130
100052282
100064671
100054961
100050450
100052763
100060491
100060580
100034206
100061848
100055479
100061213
100054931
100054550
100057072
100055111
100061108
100053705
100057622
100073157
100073165
100053339
100147246
100067559
100050834
100063766
100067765
100060577
100066121
100054480
100059231
100147524
100049892
100146652
100058763
100058111
100054840
100059007
100065925
100070118
100051152
100070423
100050264
100073043
100059544
100059785
100055568
100059659
100050716
100060277
100065494
100061658
100072815
100058956
100062323
100072900
100073039
100062042
100034178
100062351
100072711
100054491
100068508
100058275
100066250
100147424
100061985
100058414
100055958
106782613
100054088
100054155
100051766
100050652
100072355
100065538
100068441
100049799
100054310
100058692
100068013
100061759
102148318
100063905
100058158
100050463
102151043
100054363
100067484
106782539
100069892
100054069
100067270
100053062
100065374
100061723
100055812
100062724
100053253
100054100
100059978
100062918
100051869
100062837
100055053
100053101
100066106
100072806
100059767
100067388
100058548
100058376
100034041
100058855
100050459
100056482
100051890
100067818
100052931
100067146
100054159
100067036
100068749
100058425
100051411
111774288
100060646
100055459
100064198
100062775
100069288
100066607
100073282
100051345
100070645
100072709
100070193
100072419
100061269
100054819
100061570
100146642
100052981
100073292
100071482
100066458
100050107
100049929
100066442
100072173
100053662
102150552
100059036
100070343
100055546
100070700
100071652
100051256
100146929
100055611
100052418
100059056
100073283
100062582
100070835
100065323
100073257
100059741
100065173
100630630
100062047
100070058
100630693
100061659
100070473
100060817
100055980
100060970
100063702
100059440
100060148
100054842
100061880
100071064
100147467
100629209
111768309
100147581
100629193
100071298
106782552
100062898
100052606
100066145
100057947
100063895
100058185
100056175
100070572
100061836
100054874
100051900
100072243
100066706
100072055
100055262
100067683
100146761
100054456
100053718
100065117
100064179
100054493
100050397
100067088
100061334
100051770
100033940
100067630
100064425
100067174
100054320
102150455
100059394
100050657
100072241
100071569
100072856
100059291
100055508
100063930
100630218
100065767
100061428
100070976
100067782
100072722
100059054
100054483
100052094
100069477
100055078
100060194
100629680
100061230
100056103
100056318
100058050
100058961
100071193
100065436
100146798
100068522
100064191
100050305
100073158
100069456
100059318
100055314
100068686
100050137
100057559
100050758
100052366
100060677
100052552
100056735
100059336
100146445
100069964
100065539
100054890
100061937
100064431
100147102
100055678
100056293
100053475
100053100
106782838
100072588
100062550
100054581
100067205
100050009
100060978
100061683
102149746
100066889
100060016
100072668
100057777
100062583
100066043
100062506
100071101
100071824
100061100
100066057
100070262
100070206
100070250
100302571
100051909
100066345
102147873
100065532
111774219
100065506
100069410
100065481
100059518
100063250
100069341
100069335
100066662
100050362
100060141
100072334
100066294
100071336
100058653
100068170
102148056
100051212
100068091
100069916
100062408
100063181
100067436
100059758
100053851
100051905
111767458
100629869
100068324
100061706
100054508
100057637
100033980
100061212
100052506
100065339
100072169
102148790
100146865
100063087
100050528
100051130
100060911
100049809
100051578
100050816
100056654
100065920
111770054
100051105
100071070
100063272
100071351
100073198
100629457
100055212
100146495
100073086
100034051
100070784
100051338
100050810
100070647
100071763
100055065
100051192
100069347
100073070
100070751
100070234
100066007
100063193
106782827
100052555
100061509
100072093
100050074
100059766
100051002
100066336
100071056
100072600
100059898
100065944
100058309
100064564
100057993
100070248
100068652
100073101
102149595
100056199
100147041
100629845
100050388
100049942
100064001
100146456
102150569
100065281
100052916
100064689
100071503
100073056
100060769
100065731
100066300
100053592
100057582
100050699
100054189
100073291
100051041
100629693
100071691
100073042
100067890
100072713
100058328
100056622
100066489
100054217
100071048
100061001
100055426
100147532
100051675
100068524
100051059
100058766
100062248
100072374
100063423
100053691
100068804
100053277
100052976
100068932
102150556
100060135
100072908
100049824
100072557
100064195
100062980
100629157
100056286
100062265
100059896
100052666
100057460
100051867
100050291
100068038
100055098
100072567
100050211
100058978
100053342
100050511
100052198
100052748
100058411
100052510
100058288
100053594
100072196
100066680
100064673
100071113
100052109
100066776
100064101
102148146
100060746
100057749
100060474
102149973
100065876
102147713
100070070
100058887
100063142
100059178
100067423
100034115
100069111
100059256
100059292
100058331
100058336
100051848
100067289
102149083
100069511
100050660
100056358
100064657
100072892
100059025
100070547
100065030
100055139
100062384
100056911
100073268
100064771
100062864
100064719
100071647
100072604
100073230
100064693
100052937
100051066
100067242
100066272
106782773
100060950
100050796
100146541
100069819
100054433
100071829
100068654
100072516
100071599
100059795
100064203
100050799
100070388
100058612
102149796
100051179
100067240
100630909
100064381
100052747
100052021
100061344
100069992
100050201
100050927
100055785
100072800
100058860
100066202
100146286
100146349
100068816
102150255
102147766
100061471
100072939
100057386
100059465
100630368
100058355
100063408
100056430
100062053
100054335
100060801
100146729
100063632
100069270
100060454
111775246
100060775
100065909
100065947
100065200
100060893
100054817
100060803
100054827
100146576
100069776
102149134
100062491
100062059
100066934
100053850
100071411
100066642
100071245
100062416
100067061
100071677
100058527
100055595
100061498
100064881
111772923
100060298
100053304
100050849
100070334
100146705
111773414
100059348
100063778
100057122
100073249
100062689
100073160
100050734
100050443
100064920
100146693
100050653
100054652
100061410
100060165
100067797
100054106
100057841
100066344
100051544
100056136
100064027
100054298
100066513
100070059
100054275
100061765
100069801
100060226
100064944
100147599
102149567
100069498
100055711
100071499
100062211
100070951
100061624
100066940
100066562
100055432
100052912
100071205
100053155
100069072
100068981
100068956
100034139
100058251
100069796
100058301
100033968
100073014
100062895
100055231
100054108
100064403
791242
100072684
100051636
100034081
100057711
100049920
100052698
100070166
100147108
100069135
100053178
100059825
100069978
100146850
100630568
100056596
100069523
100064131
100053347
100629290
100059401
100063018
100629643
100629664
100058893
100052170
100066379
100052131
100630677
100073247
100057118
100052802
100061140
100064797
100146553
100065783
100053316
100049996
100069785
100629184
100061223
100050282
100055525
100056307
100057005
100052659
100049854
100053341
102148469
100051132
102150189
100051640
100054947
100071762
100052751
100062902
100059537
100054112
100629225
100146926
100069998
100052707
100065346
100064407
100052098
100070925
100062529
100071247
100063799
100066461
100058912
100072678
111769168
100052926
100054435
100057794
100066373
100053162
100055963
100059050
100629633
100064752
100050038
100064392
100057451
100053638
100050161
111772480
100073050
100051177
100062562
100071845
100051151
100070105
100066842
100060949
100056176
100055260
100059066
100056316
100066473
100052452
100065116
100630049
100064907
100067197
100051113
100056267
100070043
100146319
100034203
100062101
100058647
100052244
100051213
100052704
100051491
100146417
102150744
100072914
100071000
100063587
100064175
100064405
100146466
100060158
100058694
100146508
102148196
100065028
100065795
100056441
100053616
100069631
100056854
100054676
100068209
100066149
100066144
100071082
100071419
100052209
100058225
100058396
100063389
100146820
100630477
100069531
100054872
100071137
100058700
100053654
100065814
100055447
100070045
100065784
100057730
100146239
100050296
100056038
100071395
100050207
100062881
100069993
100067554
100061755
100063997
100052051
100630383
100067773
100056298
100051934
100053962
100066657
100051838
106782503
100072628
100069914
100057690
100056246
100053960
100054674
100057597
100061668
100052682
100051120
100146714
100629163
100067056
100056509
100072253
100629509
100058970
100072131
100051424
100063282
100052477
100063923
100055338
100061782
100070622
100064356
100050769
100058834
100068908
100059015
100053354
100065284
100071315
100052252
100068713
100051237
100056320
100059723
100033901
100068678
100065300
100063321
100064204
100065364
100052012
100050934
100049938
100053597
100064312
100055909
100055032
100063375
100059284
100055644
100059642
100147131
100059917
100061703
100063618
100065022
100067787
100058722
100069873
100070518
100050335
100054632
100052938
100055811
100069438
100068172
100054699
100054796
100009689
100073302
100629698
100052295
100060790
100146339
102150904
100066484
100063015
102149185
100069928
100069127
100059901
100147084
100052270
100052813
100051572
100059187
102147473
100066974
100050577
100062535
100065124
100033879
100062732
111775776
111774937
111769922
100059809
100068969
100073265
100073266
100072191
100064897
100056101
100054012
100068930
102150373
100054835
100054988
102150906
100052213
100060850
100057635
100061273
100068894
100050808
100070568
100147373
102147743
100055373
111767471
100065099
100053387
100072223
100070841
100051308
100060519
100630138
100070253
100051053
111767411
100063889
100062838
100066380
100064761
100068145
100058289
100053782
100057359
102148742
100056914
100050890
100052461
100051701
100059466
100060322
100034048
100056806
100033934
100050299
100068680
102150286
100070275
100064367
100053554
100067195
100056034
100070896
100051025
100068031
100062869
100069728
100068048
100051673
100054317
100063703
100055170
100071428
100069587
100056054
100147141
111773534
100066237
100058052
100629281
100065050
100065875
100063444
100062452
100069851
100071132
100065115
100058143
100070091
100034112
100068763
100068796
100068814
100068780
100068832
100053608
100067414
100063881
100065760
100057742
100058937
100051990
100064578
100062237
100050039
100059779
100052542
100066434
102149769
100062072
100059012
100062423
100057849
100051647
100063663
100057924
100629883
100061629
100147005
100066915
100052773
100050767
100071185
100053899
100058184
100063643
100058315
100058264
100053271
100052356
100063594
100054718
100055612
100051525
100059579
100071730
100063764
100055839
100049616
100062814
100049960
100034140
100033973
100052923
100068968
100146856
100071656
100071348
100068143
100056058
100064634
102150927
100630130
100629632
100068599
100063893
102150846
100053454
100060067
100065100
100056845
100063800
100065663
100050901
100629230
100053122
100054048
100070324
100057626
100071491
100065802
100051881
100066286
100070200
100064049
100629735
100050269
100062438
100061799
100059325
100066283
100066546
100067807
100053031
100053776
100629476
102150959
100068049
111775238
100630637
106782019
100629691
100073055
100147427
102149259
102150094
100146840
100072920
100071574
100053685
100070690
100058439
100071483
100058002
100059902
100057770
106781475
106781393
111775893
100060174
100063884
100069997
100065994
100629851
100147530
100629591
100629259
100072795
100062781
100060802
111767723
102151070
100630603
111768182
100060630
100050013
100056919
100067258
100066839
100630082
106781732
111768033
100052357
100050580
100052057
111768472
100053494
100063006
111768360
111768579
100630815
106781928
100070882
100629302
100069213
100054557
100071542
102149685
111769000
100061974
100063865
100055183
106781672
102149871
102148165
111772731
100051600
102151077
102148126
100050066
111773378
100055817
100051248
100052626
100061743
100068202
100499505
106782202
100629577
100060794
100061368
100058097
100071667
100072802
100058056
100064250
100049893
100068517
100059320
100057363
100066088
100054043
111775904
100071425
100069688
100055974
100067422
100050508
100060297
100060326
100060261
100059162
100066633
100055557
100630552
100054813
111769330
100050438
102148309
100052541
100064123
100069877
100054195
100052758
106782636
100052920
111769989
100069553
106780885
100068113
100629650
111770150
100630696
100055329
106782538
100060888
100060356
100058818
100052548
102150221
100069900
100055253
100054000
100630222
102147388
100051136
102148079
100069945
100629657
100058281
100071353
100065345
111767569
111767566
111774149
100630427
100068403
100066598
106782767
106782824
100066254
102150280
100052479
100629771
100630016
100055287
102148606
100067286
100069809
100072406
100063562
100061878
102150106
100057476
100062105
100054102
111771310
100056561
102150445
100053275
100055628
100630488
100050171
100053459
106782954
100630312
100066593
100055379
100629544
102149643
102150062
100056222
100051218
100064260
100066158
102150213
100067655
100065997
102150002
100060324
100055935
100069177
100629240
100630079
100052032
100052670
100630631
100055215
100056345
100070758
100065952
100629710
100056746
100052829
100067219
100069144
100066126
100054945
100070452
100049927
100071719
100069779
100070838
100061829
102147562
100629291
100147574
102150409
100059461
100059423
100147492
100052565
100067413
102150480
100070157
100629574
100056615
100064504
100630659
100034183
102148374
100062961
100057426
111775064
106780985
106780971
111775044
100053503
100050192
100056500
100054121
100054028
100056020
100054535
100053571
100050059
100050125
100071384
100070642
100051095
100051818
100065583
100052678
100055579
100066904
100063745
100050219
100072364
100053375
100059359
100058145
100050122
100053196
100059382
100050634
100064266
100066621
100051654
111770626
100054054
100063873
100058760
100049924
100051186
100054582
100062861
100070000
100067492
100070365
100034092
100057533
100061645
100059197
100630648
100055054
100055971
100051367
100057916
100053535
100054570
100068407
106780860
100063388
100147407
100062937
100147684
111774172
100058684
100061486
100055366
100062374
100069765
100053379
100070257
100056410
100056300
100061413
100034057
100068401
100033906
100034126
100064155
100055791
100061915
100054281
100068106
100069751
100059668
100069724
100072689
100066978
100072672
100062752
100629145
100071150
100052798
100057133
100064482
100062180
100064107
100069862
100062428
100056849
100066671
100052300
100056740
100056611
100071654
100146368
100072618
100064138
111772428
111769042
100073192
100060657
100058510
100053440
100052646
100062812
100068448
100062957
100066468
100058852
100072844
100058333
100050966
100057405
100067402
100068319
100052005
100053297
100051106
111773881
100067717
100146816
100070732
100070701
111767599
100055184
100056798
100063478
100054264
100052592
100055093
100051319
100051987
100050605
100060513
100069757
100065259
100058105
100053745
100063967
100071181
100067825
100071897
100069777
100058981
100056542
100056530
100053107
100068666
100067504
100051399
100057509
100052653
100066156
100052034
100064023
100059309
100060138
100066375
100073300
100067814
100062437
100050565
100068183
100051742
100033888
100068201
100062886
100068977
100050611
100034083
100069303
100072861
100068258
100066502
100065766
100054331
100058343
100059622
100034084
100054698
100073225
100146562
100063037
100056838
100060647
100058459
100058005
100070776
100072710
100071168
100063296
100065076
100062241
100064166
102149866
100055975
100071136
100058881
100066120
100054790
100069918
100054653
111774136
100069109
100051426
100065726
100071403
100061819
100147299
100060988
100050845
100050105
106780950
100054062
100054336
100061412
100055567
100056959
100054158
100146225
100062404
100055293
100070273
100050416
100070115
100050820
106781630
100063610
100050824
100055932
100629904
100063156
100057554
100050325
100147416
100059944
100050498
100062858
100050649
100147586
100057171
100073169
106781893
100057302
100064658
100054188
100062630
100071152
100051190
100146857
100055798
100630867
100057272
100067284
100055970
100056893
100055700
100060195
100070469
100067404
100069070
100050045
100059709
100067636
100072295
100070375
100065665
100067669
100063973
100051211
100057146
100056715
102147438
100630449
100064550
111768628
111767419
100630530
100063082
100062718
100058872
100055882
100059577
111770327
100066572
100629475
100059470
100064809
100051776
102148647
100068114
100051004
100070594
100059030
100068625
102150044
100059327
100061193
102150436
111769661
111773848
100062900
100629665
100050833
106783193
100052164
100066099
100060683
100060495
100067862
100070339
100069311
100067382
100071368
100062599
100072298
100065514
100066028
100056721
100062746
100064401
100054134
100068861
100063856
100071935
100061266
100062742
100054163
100071017
100060472
100058114
100051505
100059039
100052781
100060704
100052913
100063133
111773123
100072723
100052145
100050386
100067114
100065813
100061376
100061073
100061101
100050777
100052299
111775973
100146143
100059035
100058610
100052471
100147442
100063079
100061274
100146412
100061628
100064764
100061204
111775717
100050022
100064964
100057278
100147385
100629402
100147486
100055193
100055506
100055073
102150259
100033949
100033951
100071540
100146114
100630824
100630643
100034136
100629808
100062332
100061208
100066885
100630602
102147669
100629419
100057909
100057859
100033925
100033927
100065340
100147204
100064066
100073098
100057055
100068971
100070779
100072430
100147188
100072219
100050093
100072568
100054413
100063155
100066119
102149114
100051150
100066590
100070880
100053882
100055302
100068378
100059534
100051425
100065185
100051356
100061183
100071011
100051490
100050292
100065860
100147250
102148670
100058637
100033893
100050510
100630074
100069061
100049946
100069165
100065466
100065946
100048936
100065437
100056549
100048935
100055159
100067673
100055409
100065535
100054419
100052693
100630551
100064679
100052580
100059914
100057839
100064674
100070912
100060692
100058222
100050014
100053750
100064948
100062410
100066219
100068163
100630219
100056151
100065657
102149817
102149756
100630272
100056922
106783279
100056598
100147468
100054902
100054993
100055220
100055306
100053326
100055394
100034037
100034038
100056393
100056353
100054770
100056437
100055598
100034205
100071509
100071456
100060253
100629660
100146402
100060036
100058865
100051432
100146570
100630357
100051703
100052046
100067829
100068514
100065719
106780850
100060656
102147787
100064966
100066969
100051718
100049847
100055274
100068959
100062931
100629532
100062960
100052502
100034049
100054624
100034221
100057176
100071854
100053868
100062143
111772400
100058745
100057656
100066062
106781397
100054450
100062081
100051450
100034045
100053615
100057113
100065854
100146910
100071644
100052219
100064460
100071012
100060480
100056000
100065247
100058754
100060767
100066774
100052855
100059512
100059201
100061586
100064394
100069582
100058403
100056457
100070930
100056777
100055766
100062379
100069285
100053348
100062460
100072599
100064223
100052425
100062352
100053266
100054552
100051527
100055173
100051417
100066771
100058188
100054548
100058888
100056040
100054751
100056801
100070148
100061186
111775269
100629318
100063427
100050871
100055574
100067788
100060468
100059715
100059371
100052616
100062431
100050887
100064197
100067524
100054646
100065703
100060561
100066844
100054334
100052714
100054380
100055760
100051771
100052822
100051232
100054426
100058828
100065078
100050547
100146724
100146534
100055945
100146265
100066779
100057648
100065253
100068795
100051783
100052663
100054286
100146787
100068810
100059168
100062606
100146575
100057596
100069792
100065899
100072299
100052321
100033941
100068316
100063603
100050770
100066274
100060831
100065667
100050250
100066791
100051790
100060268
100060821
100146465
100059230
100051005
100063442
100071764
100146135
100054149
100071839
100069268
100061625
100049964
100050819
100070437
100052309
100066398
100050686
100072771
100053838
100057902
100064022
111773925
100630277
100058784
100072766
100034122
100051195
100057750
100056254
100056424
100629132
100064474
100053165
100058348
100060171
100073134
100052434
100065724
100054766
100051139
100065157
100071660
100051406
100059663
100060026
100069707
100070583
100629940
111775177
100071474
100630345
100052512
100630820
100054231
102149508
100055261
100066592
100052672
100051608
100056973
100055556
100067614
100147429
100063616
100053508
100061311
100063620
100053052
100055623
100071299
100055133
100055617
100146426
102150860
100067221
100068227
100050180
100055887
100057508
100049819
100057413
100052440
100070735
100069767
100056003
100054857
100068708
100053509
100058020
100073145
100629154
100054784
100052540
100053434
100063918
100068783
100059813
100056159
100058972
100629551
100147473
100070280
100062791
100054866
100146942
100060215
100057580
100630456
100069526
100051209
100058546
100629722
100051014
100071992
100055208
100061062
100071184
100067852
100066609
100053151
100063103
100064729
100057712
100050324
100062981
100052015
100071140
100072826
100056114
100064141
100072170
100062845
100062259
100070231
100053604
100067915
100069594
100055037
100050135
100066949
100059999
100052305
100065557
100065668
100065689
100061520
100060854
100063613
100065122
100072143
100060827
100055412
100065241
100066452
100147050
100070483
100067307
100070323
100052433
100065642
100057486
100063007
100059883
100063111
100061201
100052661
100051893
100630215
100052415
100050601
100055428
100059488
100071418
100057891
106782024
100053575
100062832
100053812
102148552
100053447
100069546
100050160
100058974
100629277
100050691
100063877
100056616
100064361
100069473
100146459
100070940
100146582
100056294
100057211
100057615
100630387
111768656
100630623
100051124
111774154
100068944
100051358
100072852
100057603
100050494
100068181
100051317
100071259
100034174
100067982
100054431
100059886
100068509
100055408
100056465
100062138
100071253
100052806
100147607
100034030
100061263
100069305
100062632
100064041
100629759
100060727
100068361
100055704
106781723
100060447
100629901
100071342
100064833
100064990
100629986
100073035
100059817
100059711
100055799
100052622
100059337
100050375
100059455
100064353
100059288
100069492
100061394
100033828
100051883
100052556
102147633
100063114
100059064
100054052
100056279
100065255
100059839
100055480
100061158
100072281
100054779
100052260
102149828
100064860
100070130
100066925
100051233
100069227
100057184
100068283
100050276
100053928
100065187
100069648
100053952
100050120
100056957
100069148
100059511
106782693
100629742
100067164
100059105
100065017
100064117
100064906
100056633
102147631
100057856
100065034
100066301
100060380
100060452
100146784
100060416
100049908
100054940
100072990
102150777
100054095
100060486
100064682
100146223
100057215
100056544
100050281
100067989
100059762
111768279
100146378
100057594
100147045
100063554
100068136
100068994
111771611
100050006
100051969
100057477
100072984
100067225
100054003
100056390
100070393
100052428
100062424
100053881
100052873
100065271
100062434
100058902
100053632
100060082
111769657
100055658
100051849
100056089
100069673
100050546
100054399
100052177
100056546
100056645
100053337
100071183
100054956
100055399
100061503
100147120
100060286
100063144
100050519
100058638
100068037
100071330
100069602
100058497
100061715
100052011
100064837
111774430
111768609
100072162
100630458
100146123
100061510
102150725
100050621
100051456
100065502
111771277
100070290
100052303
100052298
100068385
100050886
100055201
100629739
100065641
100056283
100073253
100630884
106782489
100068913
100055883
100065554
100062300
100009706
100052615
100061004
100146651
100050692
100067143
100061225
100049933
100052289
100056209
100067691
100059811
100050509
100057644
100060361
100051767
100059555
100068635
100053552
100053444
100053591
100054776
100630753
100063403
100058890
100070727
100059922
100630336
100059948
102149057
100065839
100072960
100053505
100065810
100072425
100147297
111775249
100053711
100062303
100060344
100056501
100064877
100052906
106780849
100053758
102149395
100629907
100066231
100055505
100630686
100060606
100060570
100060281
100066617
100065358
100053223
100053863
100062337
100062060
100063166
100066431
100058853
100062829
100066181
100071457
100055661
100062364
100071176
100058794
100062200
100051864
100054786
100067832
100063546
100062320
100058051
100065725
100071682
100064282
100052699
100065359
100065372
100069539
100063117
100034166
100066955
100065983
100065472
100053646
102149422
100629442
100070653
100071903
100053389
100050427
100068682
100049935
100055244
100057452
100063735
100053124
100055375
100068882
100057364
100056033
100034172
100069496
100060346
100060901
100065933
100072980
100049997
100061336
100067842
100064384
100070903
100058489
100630087
102150669
100069901
100059916
100068488
100063738
100072617
100072308
100065396
100629814
100065469
100055395
100630157
100056880
100630188
100064496
100068485
100073263
100055345
100069662
100050146
100061728
100061697
100630817
100069615
100061553
100069276
100061333
100055033
100062786
100055470
100630267
100058136
100055915
100629313
100071178
100059301
100062058
100051618
100054768
111774162
100058159
100070574
100059801
102148952
100052554
100050817
100059155
100062938
100049807
100065026
100057912
100059049
100050103
100059963
100058624
100066401
100059090
100065826
100052340
100067096
100068717
100065681
100071536
100061844
100054634
100630289
100629778
100146590
100052128
100049925
100050179
100061548
100053060
100061138
100053098
100052467
100060296
100055462
100050788
100071754
100062287
100064650
100052353
100629588
100630397
100629695
100061716
100059753
100066023
100066910
100061847
100055742
100061294
100065352
100050896
100054801
100060129
100050872
100068356
100067058
100070720
100066959
100049922
100061226
100033858
100072695
100033841
100063829
100056083
100069671
100055712
100070855
100033877
100051715
102148845
100056839
100069427
100068381
100063903
100072894
100060372
100051633
100063901
791241
100066148
100066264
100037402
100062160
100054545
100060112
100069057
100054421
100147388
100050035
100055332
100066356
100064173
100064285
100062187
100069339
100057208
100009713
100058660
100065958
100072828
100060744
100070236
100055683
100052475
100051870
100073153
100050583
100055759
100061677
100064332
100049821
100068709
100146175
100052172
100033911
100146509
100072941
100061855
100053719
100056177
100063990
100069610
100050080
100068740
100071846
100055653
100051092
100052196
100051846
100068657
100059941
100064349
100057535
100067241
100064590
100069306
100059480
100055104
100061199
100071606
100053127
100056420
100050077
106782892
100068218
100062499
100054484
100064170
100053095
100059852
100064061
100052637
100059746
100069750
100057083
100070195
100073118
100056543
106783320
100060721
102150457
100146890
100050172
102150245
100630213
100056171
100053548
100051391
100061973
100053420
100063197
100051249
102149678
100055813
106782100
100630209
100053736
100630758
100629332
100630549
111775959
111770393
100058573
100057174
100071976
100050818
100057135
100071982
100063218
100058959
100058534
100072234
100061513
100068411
100069076
100061932
100058918
100071386
100058533
100053501
100053498
100050943
100058774
100062176
100050191
100059473
100070412
100630228
100054882
100052074
100055514
100052810
100064094
100054951
100052136
100064982
100058488
100068751
100072394
100055616
100055515
100050116
100063277
100053213
100072510
100059364
100061214
100059688
100059747
100009716
100055438
100056027
100061061
100061495
100069591
111771551
100066983
100057636
100070438
106783153
100050413
100058072
100058662
100050889
100057792
100055181
100064582
100065479
100070062
100061068
100146515
100065707
100052958
100061681
100630475
100066388
100067794
100057002
100064828
100063153
100062307
100054803
100069613
100063510
100059002
102148854
100056817
100059003
100051995
100054752
100054937
100063840
100073275
100065598
100055029
100070329
100630592
100146542
100055198
100629191
100065218
100033953
100034138
100033965
100050859
100070252
100072356
100050855
100146959
102150794
100071822
100065537
100070014
100050228
100055728
100147498
102149478
100050111
100057752
100065851
100060874
100071643
100056249
100071052
100056571
100068775
102148484
100034165
100056637
100051134
100061921
100072130
100058931
100065046
100065077
100059550
100059587
100066371
100071125
100072549
100069198
100064383
100059387
100054141
100057895
100053415
100052191
100052279
100061989
100070658
100065444
100056886
100146493
100060422
100033981
100054613
100033922
100069253
100052192
100050200
100051462
100146462
100064581
100069927
100056748
100033982
100327035
100033903
100033983
100060556
100057193
100055155
100053829
100147038
100063886
100067965
100063080
100058658
102150640
100061543
100064520
100063345
100068414
100052444
100051877
100051956
100050307
100057301
100058925
100058494
100057960
100630051
100630201
100629524
100050229
100057347
100062520
100060162
100059008
100050961
111771480
100063553
102149745
100052216
100056830
100064763
100073051
100053363
100055665
100072951
100065422
102150717
100053912
100054279
100056113
100065094
100053614
100062543
100053562
100067931
100072548
100053393
100062915
100059165
100055241
100630146
100055457
100067065
100070792
100060554
100053845
100146439
100147289
100054423
100071127
100060963
100060401
100629639
100055161
100058569
100059835
100054991
100061532
100069500
100054948
100051806
100056600
100147634
100071265
100059014
100049978
111774204
100063524
102150756
100068484
100070783
100059986
100051217
100054982
100061420
100033930
100033938
100061726
100067262
100055106
106780934
100061649
102149958
100060685
100060510
100630554
100058219
100061007
100053942
100068456
100050754
100060550
100069555
100060814
102150350
100068350
100067795
100034121
100050993
100629807
100049872
100629997
100072697
100061442
100629292
100233237
100033988
100037400
100057927
100055552
100056190
100050974
100630558
100057199
100060166
102150587
100055393
100069452
111772602
100062009
100064861
100059672
100061714
100052210
100067168
100062178
100060725
100064917
100070581
100071050
100070258
100060530
100049843
100050132
100056149
100063657
100146668
100053958
111768755
100063100
100071224
100058726
100146155
100072401
100050308
100062192
100034229
100063645
100063612
100034232
100009712
100062285
100062244
100070088
100067617
100059277
100053452
100061805
100059609
100071239
100055936
100034100
100051659
100064882
100068569
100068603
100061367
100061400
100061502
100061542
100061579
100061609
100070400
100061440
100070945
100070990
100146596
100147480
100070962
100056087
100066422
100068315
100068510
100067247
100146381
100147675
100072967
100053875
100068322
100067064
100067041
100067084
100067109
100067131
100067154
100051131
100062102
100070123
100063353
100056687
100051552
100050921
100052888
100064741
100054970
100065055
100056724
100068561
102149884
100072636
100056882
100058677
100057600
100053821
100061994
100069735
100059499
100069932
100066154
100061034
100067872
100051203
100054194
100049825
100066655
100071680
100065685
100071693
100059241
100054531
100071165
100053042
100053150
100059772
100061701
111768336
100147180
100059819
100070806
100057427
100061567
100066921
100061244
100630738
100053857
100050898
100061003
100062755
100146901
100068825
100052617
100063430
100050313
100064370
791247
100049822
100068529
100052929
106780836
100051642
100146301
100053540
100050317
100071994
100055071
100061218
100066214
100051911
100068462
111771542
100062586
100147630
100055762
100063621
100050032
100063741
100057094
100054273
100053669
100064169
100072785
100072384
100054013
100072601
100052480
100070319
100629748
100055264
100069855
100054704
100062396
100062533
100054924
100068217
100065015
100056337
100034120
100051259
100055722
100073182
100064530
100063149
100063120
100062879
100058776
100051279
100053938
100050464
100068546
100071625
100068373
100058409
100065556
100066587
100067313
100058079
100060668
100069130
100058909
100147313
100630400
100064154
100050594
100059606
100051180
100052557
100055200
100059244
100061526
100054192
100051077
100053417
100072811
100067076
100058896
100072326
100071776
100050861
100058300
100066678
100053419
100072175
100069845
100057138
100070063
100147601
100063604
100072661
100051439
100053504
100072417
100071375
102148344
100069463
111774271
100146384
100058480
100051760
100058316
100054076
100067914
100072743
100063569
100069624
100064168
100063192
100062070
100057718
100059799
100056569
100061102
100065131
100051772
100063116
100067586
100067542
100055871
100053423
100065146
100066256
100065272
100053351
100052770
100307002
100306983
100306984
100306988
100306992
100306994
100306998
100307018
100307022
100307023
100307028
100307027
102150198
111769163
111770063
106782434
100629933
100630303
102148386
102148505
111769975
102147536
102147494
106782419
100068135
106782836
111770344
111770434
100033989
100055442
100049834
100066265
100072156
100065995
100065571
100067362
100061134
100065730
100065838
100055513
100059428
100058822
100069608
100053090
100062197
100052312
100071112
100069859
100058359
100056442
100060440
100068767
100060496
100066435
100058243
100060235
102150502
100057185
100067460
100057344
100061027
116621586
100059397
100070677
100062283
100053984
100058898
100051182
100057041
100060427
100147359
100064387
100055603
100051023
100051240
100050636
100051662
100052717
100065016
100056676
100067985
100060528
100064856
100063191
100051976
100050499
100063012
100057605
100034055
100061433
100057242
100051521
100073256
100059016
100067925
100063550
100051088
100071416
100053013
100072097
100055221
100055537
100054994
100060062
100053286
100073077
100052420
102148434
100056844
100055672
100051158
100052007
100054034
100056281
100072797
100066021
100055664
100054140
100059323
100054293
100071065
100053939
100066316
100051804
100055171
100058709
100072186
100057058
100051814
100065648
100058738
100059778
100050359
100052547
100146344
100054979
100060190
100071284
100059756
100068815
100061662
100061814
100050952
100060337
100063278
100146793
100051938
100066072
100064500
100060246
100049844
100071435
100056461
100061990
100062345
100071881
100064408
100055937
100054568
100055354
100062027
100052317
100050920
100054035
100050020
100060094
100050929
100146394
100061544
100072996
100051510
100065394
100069732
100055151
100056925
100054933
100055245
100052876
100067648
100057073
100057047
100053103
100063859
100146218
111775662
100052263
100063298
100629510
100065058
100066369
102148688
111772887
100051696
100055204
100051515
100073267
102150590
100063014
100146609
100057454
100057779
100147177
100053311
100147531
100060843
100052948
100069866
100049982
100056495
100070931
100064119
100055186
100072606
100070116
100051109
100057938
100065764
100055404
100054782
100054218
100060482
100066170
100060282
100061177
102150627
100050892
100056953
100057640
100146115
100059138
100070308
100067558
100070297
100065248
100073091
100068649
100060918
100064323
100069312
100068782
100053747
100056778
100066092
100060143
100065086
100059460
100063614
100052206
100066821
100056303
100053123
100068284
100067238
100629166
111768283
100055586
100067167
102147457
100058962
100062971
100052859
100051590
100051263
100050591
100057200
100062083
100058535
100058412
100068089
100059431
100072635
100057873
100055919
100052371
100059810
100146721
100055190
100051629
100063938
100071233
100069605
100053144
100056643
100072848
100050368
100070185
100069142
100034219
100059443
100065713
100057863
100147278
100064895
100061778
100063115
100070035
100629160
100070282
100070034
100057627
100060156
100060622
100058341
100055881
100053900
100050680
100059355
100067338
100061113
100071090
100630803
100066024
100072346
100146569
100055697
100061558
100055441
100070446
100061408
100055674
100059224
100057307
100070382
100050677
100061058
100146733
100069014
100053679
100146756
100052258
100050095
100051970
100054020
100070129
100070077
100063043
100065361
100051829
100068506
100063303
100070099
100052197
100066437
106782972
100066409
100064014
100051328
100055250
100060117
100053064
100052302
100050115
100071713
100147491
100052367
100063346
100053255
100058485
100061124
100063666
100059924
100053245
100062517
100071758
106783261
100071753
100063186
100057735
100070313
100070355
100055362
100058629
100054555
100057177
100062933
100054410
100071913
100051460
100071300
100069025
100059248
100051944
100067057
100058788
100051992
100056289
100071349
100071394
100050795
100062683
100058846
100062195
100061160
100147552
100069604
100058335
100051979
100051674
100054238
100057542
100065884
100065829
100065754
100058783
102149147
100066222
100072666
100051845
100052088
100066038
100065984
100065957
100061514
102150816
100056885
100146213
100054758
100061946
100056036
100065254
100054533
100052566
100055834
100065604
100055565
100064171
100051299
100060906
100050618
100060632
100066645
100067824
100070541
100070566
102151038
100070557
100057354
100053802
100050690
100069834
100050108
100058270
100050332
128932656
100072931
100057681
100146918
100063475
100068278
100051611
100059701
100054792
100053524
100058104
111773879
100072928
100064999
100058453
100068966
100051565
100060559
100146958
100057759
100070214
100059378
100147200
100061612
100147654
100051343
100066234
100066200
100053667
100052449
100058101
100052139
100053015
100056767
100065490
100061459
100057672
100070194
100069106
100053227
100070859
100069352
100629658
100059508
100053272
100629763
100055232
111771026
100069321
100051707
100147011
100058666
100055466
100058544
100059808
100068627
100062117
100059538
100066729
100061685
100069192
100057866
100052248
100053119
100056139
100072285
100050373
100071962
100068273
100063989
100070722
100056916
100069049
100064267
100059840
100054268
100053190
100067031
100063061
100066676
100051672
100629436
100033946
100034135
100063816
100071727
100059042
100064653
100066427
100073045
100061450
100069449
100066748
100068292
100059161
100054714
100055819
100058594
100058146
100049813
100072509
100054814
100057917
100067883
100065499
100065857
100060614
100629386
100051601
100053605
100629968
100059536
100054608
100052092
100068036
100073246
100034060
100033847
100034064
100062644
100033875
100056537
100064347
100061139
100009682
100060464
100054691
100147506
100053809
100068470
100065805
100062116
100009686
100061437
100058387
100070021
100054326
100067099
100057881
100070517
102147406
100053024
100056725
100065301
100051622
100065948
100065150
100072197
100050242
100070051
102149974
100069925
100054831
100066175
100057642
100062184
100069174
100059410
100064788
100054472
100052899
100063307
111774429
100057186
100063240
100073202
100147489
100064730
100062080
100057838
100071529
100052394
100050574
106782874
102150795
100054915
100066378
100051483
100053309
100067755
100060551
100064859
100056635
100072574
100062890
100057675
100049948
100051749
100057282
100050576
100073053
100070691
100071046
100059218
100067714
100058869
100059118
100064327
100146978
102147697
100629287
100057911
100051671
100055285
100050507
100062309
100147679
100066488
100071494
100059129
100057247
100065686
100055283
100058922
100055423
100052709
100054287
100060382
100066047
100059693
100054528
100063841
100070877
100055350
100065449
100070298
100070638
100064307
100054887
100072719
100061902
100068164
100056586
100061920
100066216
100068758
100057254
100629236
100057875
102150070
100532744
100058294
100033975
100071378
791239
100062129
100055152
100146743
100064019
100050422
100054650
100072854
100069650
100073102
111774155
100058066
100058929
100060819
100053407
100056901
100051268
100051478
100063399
100146645
100054591
100060679
100147505
100069756
100051388
100052318
100050315
100070980
100064911
100070769
100055551
100056774
100065878
100069621
100063134
100053340
102150882
100071575
100053324
106781563
100060902
100056704
100053305
100063624
100060081
100069512
100069400
100072829
100051272
100053999
100052939
100054680
100072654
100072954
100064547
100053135
100064199
100058734
100062997
100063908
100051933
100057999
100060628
100057906
100070396
100054855
102150017
100059369
100056366
100146452
100052984
100064446
100055491
100062096
100070579
100050910
100070888
100063522
100053784
100052869
100066629
100063668
100051255
100050794
100051651
100059311
100067044
100052304
100065796
100057358
100049842
100073290
100067528
100146415
100056519
100056365
100070421
100057280
100054090
100066215
100055627
100051879
100052776
100061187
100067539
100060891
100146163
100060057
100058391
100072821
100073097
100057101
100067583
100068264
100055708
100058368
100057000
100054812
100070380
100070956
100066152
100068004
100053982
100056466
100057043
100060757
100058558
100068695
100050366
100059303
100057304
100056701
100053493
111771485
100051187
100055626
100062169
100068622
100056416
100055108
100067494
100059101
100064464
100059009
100060271
100070868
100060812
100049958
100053148
100063599
100060777
100068733
100050376
100056221
100069107
100053644
100054527
100060325
100066188
100072575
100065867
100071673
100053254
100071661
100067381
100069098
100055465
100054269
100060414
100063124
100051576
100066382
100050426
100050807
100073176
100056408
100033849
100068588
100057022
100146671
100050245
100062532
100069848
100067366
100147201
100055949
102148940
100051337
100070907
100051709
100050550
100034210
100034211
100067008
100312385
100312390
100312386
100070327
100312393
100312394
100312395
100060876
100312396
100061088
100061249
100061504
100146708
100312397
100312398
100146824
100147499
100063159
100312400
100312376
100312387
100073323
100312388
100055618
100312401
100312375
100312389
100312402
100312403
100064033
100312404
100312405
100312406
100312407
100147100
100063611
100063679
100063787
100064008
100064299
100312408
100312409
100310902
100064535
100312411
100312412
100064770
100312413
100050715
100311758
100067913
100312377
100312378
100060835
100055571
100312383
100312384
100063311
100063349
100312391
100063578
100063644
100063720
100063846
100064331
100064360
100064390
100064423
100064450
100064508
100064598
100064663
100064691
100064743
100064822
100064849
100064901
100053329
100053383
100053428
100053480
100059531
100073224
100073223
100062317
100054739
100059216
100050182
100057128
100050184
100051111
100065660
100070804
100050708
100050812
134283899
100062916
100052221
100063182
100051199
100056605
100069683
102148534
111775407
100051563
100058058
100069822
100064789
100054794
100629806
100147421
100052964
100065976
100063363
100067796
111775203
100060072
100057079
100629694
100067003
100060589
100057973
100067234
100053169
100059459
100051763
100064339
100069133
100054748
100050567
100063970
100057258
100054749
100052062
100072264
100060473
100060754
100050585
100063203
100052185
100063779
100147497
100066616
791249
100033964
100055214
100066567
100055615
100058699
100050530
100053332
102147825
100051975
100057949
100051874
100051184
100072563
100060833
100062799
100069875
100061849
100629790
100146195
100068424
100054205
100072903
100064559
100059969
100065470
100051176
100064714
100058297
100065121
100059346
100063341
100063827
100068811
100069279
100063805
100070005
100069979
100630810
100058650
100059782
100147518
100049905
100051395
100069302
100065843
100034010
100056998
100053111
100059444
100054824
100053943
100059087
111772907
100049898
100057355
100053074
100146291
100058968
100065209
100058449
100061840
100059535
100059108
100051172
100049888
100070729
100056644
100069734
100055153
100063419
100064997
111772793
100065722
100062567
100063958
100061793
100056983
100055879
100071242
100050181
100054778
100051446
100071250
100070791
100067710
100052411
100051290
100059467
100067094
100056603
100066720
100068589
100060428
102149749
100057521
100073278
100073277
102148011
100069950
100058506
100058503
100067072
100063026
111771645
100054449
100068800
100051756
100055917
100064187
100056158
100052746
100057343
100034050
100033895
100057425
100057538
100059749
100067280
100050394
100061802
102150261
100062709
100059870
100060278
100062977
100068860
100049804
100067938
100051813
100052142
100050350
100056470
100053310
100052940
106781768
100057288
100066623
100068439
100055258
100059991
100069761
100067299
100052373
100072441
100057755
100052825
100060446
100053842
100056782
100146169
100050771
100053694
100071662
100051070
100070874
100058162
100060557
100063998
100062490
100062666
100056739
100072842
100060426
100073258
100064756
100050759
100060661
100147458
100050786
100147292
100060884
100055923
100052387
100067394
100073287
100055402
100073129
100629985
100068712
106782685
100054234
100073217
102150994
106781166
100050727
100053220
100051183
100067251
100629493
100064346
111774327
100067180
100068651
100058154
100630437
100059624
100064281
100059149
100053283
100058268
100061929
100147118
100068984
102148422
100058723
100062707
100052982
100056828
100057183
100054563
100059399
100060180
100050515
100057044
100068639
100062043
100061834
100068118
100067682
102149192
100059494
100629284
100070022
100071602
100630406
100629953
100066481
100066759
106781929
106781804
100629547
100063315
106782209
100069816
100059696
100058577
100071408
100050284
102149175
111772427
100058193
100630700
100146806
100057314
100062325
111773431
100070854
100067799
100066755
100060678
100068144
100073231
100057384
100069643
106780827
100070299
100147298
100070395
100147132
100146581
106782194
100057238
100066056
100057539
100070497
100071589
100066117
100059669
100052495
100055607
100061359
100051871
100051810
100063042
100146695
100068211
100069712
100065770
100063761
100056240
100051480
100071555
100069466
100060841
100067721
100050751
100063275
100056565
100071639
100052326
100057311
100063473
100062950
100068684
100054649
100052656
100050525
100071515
102150766
100063659
100629779
100033998
100071597
100147617
100059271
100070322
100064571
100053896
100147144
100052767
100055284
100063331
100051931
100055741
100073031
100147616
100063910
100061491
111767507
100061800
100058712
100058236
102148197
100069952
100147621
100146140
100063588
100056080
100068335
100062673
100053985
100052811
100066051
100055895
100147644
100070113
100052927
100066495
100053097
100061530
100061112
100066608
100051196
100055074
100050726
100067395
100051951
100066651
100054130
100059295
100066297
100070571
100057506
100061051
102148298
100063340
100060728
100072742
100065773
100070778
100059038
100053402
100069808
100065741
100068413
100050965
100062649
100056376
100068847
100061095
100069351
100073136
100069972
102150555
100067698
100070086
100067988
100062294
100055213
100064271
100055853
100050205
100057308
100034137
100009715
100057010
100146404
100147583
100146770
100065702
100072174
100065828
100055720
100070924
100054398
100054212
102150909
100051384
100147023
100054844
111772689
100060929
100063641
100630891
100147184
100070429
100060312
100054014
102148897
100052688
100064222
100059838
100064643
100069564
100062182
100057581
100053221
100051761
100049968
100050011
100051294
100146891
100068086
100058895
100049011
100070318
100071453
100050147
100059338
100059449
100071163
100069763
100069774
100062071
100064178
100056145
100070016
100055962
100065128
100033960
100052655
100146629
100059907
100054495
100050897
100071790
100056444
100629648
100060488
100033955
100050037
100054542
100072461
100058460
100146649
100060525
100060219
100051221
100033961
100060309
100050353
100071367
100057614
100064619
100033956
100034114
100068679
100630904
100147221
100067351
100054096
100050110
100056804
100060381
100054520
100070163
100070331
100054989
100068002
100056584
100057165
100056943
100049947
100054519
100065970
100053166
100067548
100069687
100057578
100051868
100059882
100066727
100060350
100051755
100052497
111773982
100065183
100034033
100060154
100058821
100059592
100051851
100147308
100056498
100067199
100066516
100058791
100054941
100053357
100629541
100071629
100055318
100063728
100057420
100053546
100061393
100067314
100069569
100070168
100059389
102148152
100054199
100066529
100063090
100052790
100064591
100051793
100058256
100057963
100071760
100050936
100072090
100147627
100052762
100051056
100033957
100061780
100055522
100066773
100050536
100068842
100068826
100066395
100057813
100060203
100064045
100050357
100059687
100059719
100059647
100052022
100052080
100065455
100009678
111771604
102148699
100034189
100056532
100056107
100069871
100059052
100058440
100050844
111772474
100146686
100056681
100057824
111768134
100146454
100060739
100071659
100059903
100072917
100069124
100053704
100052486
100064410
100060132
100066084
100052723
100051632
100065680
100051930
100071081
100147146
100147413
100070957
100067939
106782485
111769235
100036555
111767920
111770843
111773631
100057291
111770687
111770846
100146434
102148635
100146246
100064793
100070435
100147693
100066542
100147129
100053321
100053693
100060644
100056711
100147110
111768425
111767618
100050775
100059109
100053059
100052973
100066713
100050481
100066558
100055869
100067841
100053199
100055896
100052226
100054333
100049962
100147225
100050330
100072450
100069503
100068461
100070426
100533993
100061742
100051496
111773577
111773573
100062297
100062675
100071126
100050278
100054569
100072625
100054660
100054067
100056511
100063494
100070709
100051800
100054408
102148429
100066353
106782080
100060379
100050197
100056263
100059085
100052205
100054379
100062217
100054294
100068206
100063356
100146921
100050073
100071703
100062912
100060499
100068362
100072550
100052957
100071504
100068553
100058478
100033825
100070833
111774152
100063004
100061754
100049972
100070852
100062811
100051593
111767831
100060565
100061804
100054030
100066384
100069755
100071543
100067102
100059599
100062994
100066719
100068931
100063286
100054499
100061170
100064013
100067105
100067846
100052546
100071396
100052158
100056887
100066076
100147323
100630886
100629801
100630666
100629797
100059073
100062824
111775184
100066754
100059611
100054468
102149085
100060393
106783041
100062909
100050809
100054732
100050465
100146215
100056351
102147960
111771171
100061635
100061287
100056475
100049939
100060090
100050765
100052233
100062750
100064862
100059734
100056675
100062924
100062877
100063152
111775730
100053911
100055295
100147281
100063963
100053853
100055527
100055303
100070870
100061914
100063420
100054615
100050880
100070890
106782983
100059608
100050803
100064300
100069261
100054705
100059571
100062806
100070350
100063455
100070984
100070995
100072537
100052860
100055419
100630299
100059768
100054996
100146895
100057562
100051853
100630057
100063781
100067898
100052111
100067323
100034130
100057723
100059493
100070040
100054079
100051284
100052833
100071405
100063633
100063861
100050588
100070711
100052358
100063926
100060956
100071409
100065695
100051940
100063207
100050823
100060897
100066545
100058625
100061962
100064586
102150242
100063413
100051251
100068493
100068840
100069891
100060146
100070973
100061125
100033897
100051032
100060771
100070862
100064344
100066443
100071385
100071742
100071747
100063108
100071240
100050773
111775244
100629624
100055662
100070564
100050138
100054985
100052316
111770133
100057503
100064354
100071581
100052872
100069217
100073080
100052980
100054923
100061944
100034214
100062174
100049949
100069946
100065126
100058278
100059884
100061347
100071147
100062097
100062330
100050323
100147623
100057089
100070511
100063514
100067772
100067990
100034152
100060013
100069388
100052023
100051962
100064181
100065981
100054939
100051621
100069889
100056608
100061081
100063310
100068759
100051551
100055316
100050163
100071314
100071177
100056731
100058894
100056683
100051412
100053866
102147656
100061416
100068109
100073285
100146488
100071535
102150663
100629755
100050096
100050935
100055926
100059781
100050012
111769683
100063615
100058832
111769675
100051984
100061071
100034228
100059475
100147101
100072822
100059521
100070354
100067053
100057236
100055691
100146273
100063304
100064592
100069039
100050475
100060834
100059900
100071362
100053991
100065597
100055359
100072048
100059393
100063417
100054023
100033970
100065617
100630571
100069424
100052346
100065622
100051698
100147209
100061157
100067002
100067810
100146260
100072589
100066406
100069686
100063484
111775239
100147078
100069034
100051989
100062328
100069874
100067312
100052567
111775188
100061784
100057558
100050954
100050188
100050259
100060762
100054524
100067589
100034180
100066203
100052687
100053020
111769907
100069933
100058008
100057865
100052039
100051346
100064814
100146949
100063176
100630175
102150111
100064681
100057209
100070367
100063174
100055757
100069563
111774268
100066247
111774171
100070901
100146940
100066470
100067229
100065787
100050019
100055536
100065052
100065084
100054422
100034021
100050084
100055573
100069762
100055619
100053788
100070584
100050732
111767934
100068490
100057716
100067747
100059283
111771402
100051016
100051712
100062640
100052630
100061374
100061407
100060370
100056330
100056223
100072910
100064230
100052581
100060355
100055233
100066964
100055066
100033937
100067420
100064098
100629403
100058283
100058150
100058192
100067265
100060768
100066071
100051202
100051435
100064105
100065189
100059869
100062137
100065307
100073078
100060055
100050723
100060995
100054311
100061981
100064937
100630466
100053051
100065822
100069617
100059765
100062730
100068354
100051614
100053507
100066526
100072874
100064139
100054716
100068729
100060316
100069922
100034082
100060991
100057325
100056460
100060635
100050097
100064427
100069702
100630161
100629321
100052598
100059471
100062712
100065723
100054670
100051936
100067327
100060005
100062972
100063170
100068567
100055673
100062085
100058238
100050622
100051282
100063136
100056464
100062183
100058195
100049917
100049992
100061395
100052160
100067486
100052560
100058274
100146498
100067216
100630493
100051499
100630574
100065327
100063518
100630067
100063795
100058605
100064813
100059736
106782014
100051430
100069660
100051374
100054791
100060056
100060512
100034133
100067145
100060758
100061298
100062333
100054883
100067011
100067580
100630270
100033874
100065736
100034131
100067264
100067033
100061493
100050216
100053313
100050524
100070662
100070765
100062569
100064873
100070663
100068637
100054851
100054345
100064232
100053408
100072790
100059246
100068445
100052914
100059771
100049943
100060793
100059580
100052607
100072850
111774801
100051807
100060025
100055234
102149779
100056610
100063382
100051117
100068677
100058617
100062528
100061623
100050446
100049940
100054325
100050453
100051827
100057040
100057984
106780829
100055590
100051627
100052246
100067268
100146435
100054222
100057156
100058273
100058693
100051946
100052204
100057124
100050747
102148430
111775964
100051886
100063078
100057160
100066111
100062702
100067517
100051492
100050640
100055055
100070998
100059433
100067870
100056392
100069840
100065932
100054460
100050970
100062719
111770288
100050142
100050643
100054651
100049812
100070650
100060761
100147328
102148195
100067975
100054036
100072420
102148028
100060990
100059343
100059643
100053256
100070872
100057687
100055544
102149943
100063658
100051574
100146294
102148121
100050352
102147853
100071745
100057438
100069089
100147633
100059006
100052618
100050745
100066597
100069651
100067407
100146673
111771301
100057676
111768463
100070910
100055116
106781904
100056072
100050641
100147336
100071585
100052137
100054142
102148705
100050078
100069508
100052614
100063969
100072266
100061655
100147130
100071441
100061785
100053071
100066961
100146443
100060898
100062469
100055809
100050286
100147075
100065612
102150057
102150102
100069417
100063606
100052112
100060724
100066685
100067090
100068777
100052165
100064151
100056238
100061712
100066325
100057975
100051820
100064717
100056741
100053396
100146145
100033835
102147383
100034079
100061078
100050590
100052064
100058841
100063638
100071350
100063817
100063823
100049911
100050401
100055418
100052610
100061818
100051866
100068063
100056879
100051009
100057765
100060243
106781562
100072465
100056140
100057567
100066566
100060020
100069331
100055136
100061561
100064635
100053364
100061666
100147020
100053602
100066235
100069209
100063477
100069742
100059861
100051329
100063746
100052410
102148904
100062954
111774159
100065426
100058112
100055835
100630728
100069151
100059001
100065495
100053624
100065919
100068570
100062922
100060603
100052178
100049918
100061879
100060364
100067731
100052696
100071655
100051035
100050124
100056606
100071700
100056400
100054436
100630737
100051020
100054754
100061120
100058064
100065418
111774578
100054598
100067983
100063519
100033992
100056131
100063635
100064490
106782793
100069693
100061033
100054609
100034186
100055960
100060648
100062365
100069411
100056332
100056418
100056597
100073040
100056014
100061826
100069640
100069628
100059533
100052190
100061375
100054004
100051265
100059967
100534009
100630597
100052202
100060927
100058323
100065544
100050971
100056980
100059174
100630479
111771414
100060007
100062277
100062625
100060960
100064518
100071210
100055057
100069446
100069412
100072366
100147081
100060295
100067543
100070158
100071237
102148321
100071446
100053362
100062505
100070703
100066702
100054522
100071815
100053741
100067585
100050055
100069573
100069474
100069551
100063810
100073037
100054502
100062367
100147433
100060483
100054329
100037416
102150933
100054009
100061938
100058811
100064536
102150508
100630761
100054723
100064264
100049901
100062497
100033978
100052126
111774135
100069872
100052966
102149966
100053791
100053307
100146385
100053593
100052727
100053448
106783327
100056591
102150416
100271857
111771646
102149092
100054424
100053378
100053325
100063021
100147394
100052942
100052837
100052624
100054113
100054058
116652393
100058587
106783189
100061017
100053105
100053206
100053545
100053994
100053897
100054146
102150778
111771537
100055360
111771559
111774230
100146489
100629965
100052703
100054473
100053472
100053279
100053181
100052889
100062934
100052568
100059737
100054015
100053968
100054211
100054193
102150902
100060980
100068021
100053156
100053499
100053645
100053695
100068222
100053847
100068321
102150908
100073295
111771477
100054123
100053978
100054462
115900865
100061535
100068151
116435294
100052783
115900864
111773533
100053065
100053259
102149722
106782280
100054378
115945189
100053018
102147581
100630823
115930067
100052511
100054164
100054253
100063835
100054236
102148494
100053403
106782239
115945192
100054332
100054521
106782250
100057646
100053689
100068293
100629478
100068422
100070489
100053192
100064435
100071887
100063920
100072956
100071381
100071371
100067912
100067135
100052193
100050728
100071390
100066124
100051628
100066884
100066559
100034208
100058030
100069760
100146860
100057445
100055351
100057237
100061748
100072383
111775259
100009708
100066947
102148640
100063802
100053228
100056634
100051235
100052680
100059743
100063596
100058557
100069981
100071246
100056899
100036557
100036558
100054109
100629956
100050609
100066424
100073159
100065056
100060403
100060366
100053680
100058080
100065863
100067735
100068557
100060842
100064345
111774151
100063574
100063001
100066236
100056164
100056772
100060115
100070281
100146361
100055240
100072578
100061405
100067014
100051252
100062208
100050617
100052401
106780857
100069939
100073017
100068953
100064506
100147396
111774182
100068061
100053377
100052870
100055425
100057882
100071712
100050411
100058410
100146130
100050339
100054373
100071508
100147134
100066737
100073199
100065354
100050203
100071434
100065625
100056981
100064499
100055015
100070351
100058069
100061642
100052320
100050837
100053580
100060598
100054885
100061549
100060671
100064233
100061854
100065379
100058293
100630438
100067089
100050955
100053167
100062999
100063774
100063706
100062120
100055464
100069015
100059540
100147590
111772485
111770249
111773874
100062391
100050967
100063584
100073289
100056795
100050208
100064083
100058549
100073020
100068636
100053350
100051719
100060993
100049848
100146688
100065139
100055613
100053359
100055589
100071280
100062868
100051205
100055380
102150365
102149870
100054707
100069399
102150417
100051007
100060208
100061166
100070337
100071095
100629311
100050651
111773981
100068903
100050619
102150776
100063343
100072940
106782580
100073021
100061280
100060573
100059354
100064748
106781398
100068062
100052845
100064047
100064320
100067364
100067790
100065398
111773537
100072687
100009677
100068725
100072686
100061132
100070549
100058775
100054295
100053502
100054823
100071339
100052277
100069798
100061369
111774173
100629238
102149270
100033873
100061162
100069284
102148624
100057686
100069697
100065577
100065037
100059971
100629274
100629964
100069315
100053619
100071672
100054243
100070798
100069058
100066114
111772981
100057855
100057903
100049993
100057769
100056007
100050783
100051119
111767805
100034153
100068539
100066794
111767711
100059269
100060733
100034002
100050002
100067495
100057665
100063127
100052735
100066483
100054138
100057979
100071619
100062482
100064935
102150678
100629185
100070689
100065415
100068333
100146769
100055733
100067325
100063380
100053799
100058285
100054899
100058792
100068884
100054661
100629946
106783080
100054296
100054344
111773201
100054486
100054438
100054532
100629587
100069386
100055745
100146636
100069398
100055656
100055701
100146931
106782707
111775660
100629826
100062371
100064326
100062304
100064443
100064385
100629890
111773993
100629421
100066405
100066123
111768747
100053445
100146425
100053542
102149632
100629949
100053496
100058320
102147604
100057077
100054144
100059853
100065467
100061259
100009687
100053460
100058873
100034149
100070620
100058614
100059474
100071855
100070056
100061267
100070602
100055123
100053727
100055481
100049576
100630085
100068112
100034110
102149608
100058016
100034111
100629981
100064832
100071861
100063266
100056091
100068342
100073112
100063069
100066938
100146640
100068973
100054266
100146646
100055805
102150197
100059252
100056429
100147231
100034124
100036556
100060335
100052823
100050075
100052769
100051311
100146214
100062795
100034046
100052840
100059061
100061414
100034078
100063491
100055931
100057249
100063350
100034128
100051062
100052978
100070932
100069789
100033837
100034150
100033933
100067692
100066324
100054291
100056381
100050827
100050904
100629616
100072809
100063623
100067235
100051595
100009679
100034032
100059763
100061956
100052250
100146605
100053742
100050779
100066284
100070550
100050496
100055147
100071701
100062150
100057340
100054669
111768318
100009683
100009680
100071630
100065574
100054385
100009685
100057052
100057852
100009690
100070774
100034053
100063709
100058656
100009688
100064570
100053688
100070406
100058701
100053721
100064062
100066083
100060375
100051653
100061845
100061939
100056514
100053610
100067910
102150351
100066491
100060343
100064444
100071323
100056156
100072500
100629466
100054721
100049915
102150462
100052979
100065330
100052438
100067369
100058207
100064400
100058074
100055305
100146897
100071527
100054271
100059680
100067953
100057048
100068419
100057240
100071592
100066589
100071303
100066416
100069086
100060114
100052969
100057896
100630801
100053331
106782641
100056686
111771607
100146682
100063913
100055430
102150767
111773458
100070029
100146302
100071947
100064838
100070878
100052050
100053034
100066063
100070860
100061257
100071605
102147645
111776028
100050873
100052818
100036553
100052867
100053022
100063402
100052489
100052545
100064731
100064975
100065067
100034181
100073195
100063333
100067055
100057607
100055718
100061975
100050891
100065433
100055101
100629220
100060333
100629783
100069514
100058450
100063051
100055842
100066581
100061752
100146529
100066944
100049959
100058420
100054328
100052468
100056276
100066368
100066342
100034198
100055698
100034182
100055918
100059313
100067926
100058539
111767589
100034154
100034061
100034155
100034062
100034063
100034156
100033844
100630374
100051393
100063337
100060088
100629973
100066601
100058129
100056768
100071118
100068854
100071921
102150458
100059648
100059010
100068328
100058209
100057942
100072847
100033984
100062976
100052491
100050167
100055384
100058432
100052437
100050253
100068032
100051852
100058131
100034187
100071172
100052549
100056037
100034215
100034222
100146965
100053757
100034113
100055312
100057673
100034058
100070311
100067252
100034142
100060593
100050766
100069094
100055511
100059421
100058271
100058731
100052054
100054843
100034216
100066161
100058269
100050212
100055588
100064969
100052532
100009699
100033831
100068726
100052404
100055002
100058357
100058487
100034236
100034204
100055632
100073190
100066346
100063803
100066814
100058976
100071510
100073194
100034230
100053807
100055675
111768801
100629204
100066317
102150342
100146825
100070292
100069676
100055911
102149194
100062017
100065894
100059908
100054703
100065063
100065096
100065031
100065154
100052470
100034225
100147304
791252
100034199
100060212
100034196
102148787
100051700
100059131
100034169
100062710
100066258
100070692
100056516
100056483
100057707
100070066
100057657
100053157
100036551
100034238
100147631
100057660
100146231
100067027
102149534
100067830
100050326
100058669
100063715
100071737
100063255
100068859
100061979
100059769
111775227
111768299
100063112
100072840
100059935
100061064
100066404
100051208
100056220
100052330
100067850
100034077
100034076
100067535
100053175
100050257
100146633
100629181
100052858
100063508
100057033
100069140
100052780
100068450
100064084
100054603
100051038
100062978
100051027
100054559
100064896
100068731
100065762
100058547
100072370
100066037
111776000
100056304
100065774
100049957
100146149
100053910
100146379
106782417
100146752
100066248
100058246
100051985
100050001
100630734
100053529
100053115
100065939
100064467
100064589
100053141
100061568
100071151
100056524
100051369
100063653
100053346
100051001
100055266
100061398
100071919
100054700
100052910
100053738
100053066
100062157
100072153
100050828
100066178
100051517
100060424
100055677
100064845
100063664
100052181
100055987
100066104
100064231
100060805
100070330
100056522
100059919
100629486
100060881
100071972
100060840
102148140
100070192
100065763
100054083
100052174
102149637
100068724
100073279
100064268
100055011
106781352
100057096
100071512
100071324
100068768
100059262
100069222
100058093
100058026
100054848
100050493
100063253
100050990
100070974
100059147
100051949
100055868
100049827
100071786
100051502
100055087
100056218
100051589
100070279
100061987
100146249
100069009
100059954
100147058
100071850
100060667
100147154
100147216
100061198
100629630
100630296
100066887
100066364
100053929
100058117
100052482
100050804
100062667
106782087
100063293
100059316
100073012
100056074
100146422
100069031
100050214
100069557
100069340
100049976
100050697
100063434
100065205
100065211
100063367
100009697
100056202
100067886
100064655
100064056
100058756
100056217
100054374
100064753
100072673
100065508
100064803
100068706
100064779
100055024
100057164
100147397
100056128
100009709
100070080
100051679
100070376
100051266
100063747
100053462
100062835
100051474
100070004
100059937
100059906
100070032
100062313
100071232
100071739
100050288
100063933
100052544
100063828
100147269
100058602
100064775
100052808
100064557
100053019
106783047
100053992
100069597
100062394
111767546
100062926
100056119
100057233
100061103
100052212
100146526
100147582
100054454
100058199
102150447
100630134
100068440
100071849
100062894
100051026
100064289
100063598
100052115
100054008
100051487
100147451
100070079
100060922
100051599
100053905
100072872
100062876
100051819
100069491
100063438
100629603
100057649
100071649
100059543
100072442
100061047
100058567
100533115
100147047
100073264
100055255
111775247
100051011
106782408
100056257
100146374
100059961
100065505
100066602
100068054
102148361
100056619
100067469
100146801
111769673
100053295
100060560
100050757
100629179
102148138
100070416
100054597
100049987
100058626
100051400
100055335
100055398
100062296
100053057
100061976
100051541
100050371
100064218
100056161
100064910
100064649
100063699
100068896
100052319
100057956
100066772
100060342
100054647
111770969
100053890
100066512
100055296
100061596
100051681
100061256
100061221
100064087
100067474
100051648
100062267
100058705
100062503
100147664
100051720
100051577
100147009
100050434
100052362
100062213
100057009
100051372
100056567
100050104
111775411
100058505
100051922
100056135
100058973
100062537
100062720
100065199
100061005
102149459
100056963
100052484
111774777
100069330
100056010
100051219
100064000
100059549
100146220
100051764
100054322
100051695
100052056
100059195
100060206
100062637
100147377
100072580
100058121
100056520
100147042
100057299
100146909
100051634
100053003
100052953
100058732
100070031
100064621
100060665
111773942
100058166
100059489
100061881
111768105
100062498
111770016
100054147
100065439
100058839
100050114
102150125
100055490
100065337
100064140
100051469
100058202
100064366
100059234
100058055
100065646
100063351
100070531
100064342
100057020
100147493
100060336
100146986
100057886
100067963
100071357
100050085
100070875
100146875
100056640
100068421
100051286
100060065
100064355
100050985
100071778
100064531
100066665
100147121
111768608
100065972
100063019
100050071
100072042
100630683
100070939
100065953
100060086
100053696
100062932
100057376
100051045
100068494
100050505
100147567
100062435
100059300
100050944
102150227
100070048
100057007
100071646
100066240
100052955
100059690
100066939
100062288
100053154
100062103
100060699
100056935
100064707
100034190
100059800
100073033
100066113
100064574
100033959
100057259
100055128
100055587
100063705
100050028
100057540
100070402
100056966
100058116
100055449
100054019
100065608
100630777
100072067
100056560
100067587
100055411
100629196
100070301
100059163
100072754
100073234
100051710
100065901
100058730
100059331
100055669
100052987
100066648
100059482
100069975
100053919
100065546
100070061
100057130
100147032
100056045
100051506
100057204
100061868
100051706
100066150
100061641
100146944
100054690
100050906
100058362
100057621
100050343
100060836
100057836
100057126
100072836
100062393
100062109
100070369
100063175
100065842
100064697
100068535
100054755
100060810
100059372
100052685
100058910
100050982
100070445
100052754
100072851
106780851
100055794
100055648
100050542
100061228
100056413
100147665
100069672
100064806
100059088
100063227
100061590
100064823
100062722
100057012
100313496
100034224
100147173
100051677
100072467
100054297
111774156
100009704
100034127
100060698
100064836
100064228
100055290
100052297
100147291
100055017
106783379
100062273
100072433
100066348
111773096
100060862
111774164
100066077
111771068
102147730
100064680
100054047
100052058
100057457
100066360
100051239
100050300
100065812
100057051
100065865
100067213
100070617
100068839
100056829
100054942
100063040
100066672
100065536
100053248
100066456
100052378
100053772
100052448
100052043
100146295
100064728
100068150
100060895
100059160
100049928
100052649
100058815
100054132
106780892
100063556
100071687
100062564
100057618
100069486
100065998
100072582
100147609
100064622
100056052
100067152
100071689
100067358
100052537
100069196
100064472
100058733
100053660
100062841
100064784
100147008
100146904
100067130
100067108
100067063
100067040
106780865
100034023
100067348
100146510
100146194
100067301
100067196
100056650
102148981
100053558
100062540
100062092
100053516
102148132
100053963
100060450
100071238
100059802
100064812
100058932
100058928
100060853
100053438
100055743
100147048
100050566
100068133
100071354
100049883
100071423
100060263
100630355
100070623
100053778
100055705
100052650
100067045
100070377
100146627
100069121
106780866
100146519
100064473
100062579
100073064
100066628
100064476
100146843
100057800
100050998
100050169
100063302
100146924
100053935
100067513
100063179
100066675
100053489
100066653
100066610
100053436
100063542
100147127
100063215
100053884
100054077
100067426
100067626
100054031
100067606
100053988
100067557
100061764
100146152
100061828
100066836
100066752
100066898
100066856
100066728
100066701
100066813
100066792
100067401
100061857
100067378
100066586
100061626
100061595
100061560
100061525
100062790
100061657
100061693
100061725
102150169
100061487
100063410
100061792
100147555
100061886
100063511
100061386
100062930
100063050
100146665
100061422
100062985
100062959
100062875
100146362
102148895
111770797
100065009
100066923
100146741
100147167
102147476
100065310
100065280
102149164
111770764
111770765
100063378
100071187
106782121
100071912
102150348
100050521
100070992
100053201
100070151
100052141
100057449
100059024
100070451
100066314
100059502
100070590
100067448
100059405
100059776
100067278
100062272
100630304
100063440
100059998
102150058
100146585
100059860
100073067
791238
100066875
100058057
100060360
100053539
100056564
100060434
100055269
791245
100069663
100067211
100061837
100058615
100064867
100052779
100063939
100629409
111776190
106783217
100050050
100067823
100050065
100068668
100056409
100059945
100056331
100068935
100056834
100071380
100071865
100052331
100057616
100064277
100064225
100061092
100054602
100065673
100068429
100064430
100062168
100033921
100060397
100050150
100053861
100061887
100070844
111770427
100070103
100056997
100070213
100069056
100065273
100059350
100053753
102147554
100146139
100070805
100061739
100146685
100067967
100147579
100070310
100068193
100068169
100068369
100146610
100070763
100068577
100050663
100059274
100055369
100053000
100057992
100071847
100060168
100055850
100052406
100057016
100033997
100057054
100055206
100057389
100060633
111772422
100051991
100050261
100071282
100055774
100629810
100629369
100072938
100146277
100630233
100629583
100061821
100057180
100057102
100052583
100050072
100053777
100055050
100034042
100069504
100630509
100062721
100057651
100060673
100147464
100069841
100064700
100069787
100050367
100050573
100064337
100050491
100063590
100034193
100034194
100061710
100067566
100056797
100050571
100053265
100072305
100064565
100052322
100070378
100054774
100034043
100054127
106781664
100058820
100052416
100063366
111768573
100146468
100057401
100146121
100067340
100146197
100051084
100056306
100147107
100067568
100051569
100055115
102147452
100629131
100066903
100053186
100071671
100051479
100034235
100066622
100060033
100063373
100065624
100054185
100060846
100062100
100058419
100060267
100067531
100071098
100066260
100051603
100050909
100052135
100050683
100146401
100072314
100058310
102150784
102149802
102147690
102149117
102147702
106782288
102149618
106782656
100061441
100053549
111774169
100060105
100056717
100071626
100068346
100069598
100053762
100067815
100068765
100071706
100071658
100071663
100630329
100065109
100033923
111767568
100073221
100065292
100146679
100630088
100051856
100059704
100051841
100050262
100062212
100058443
100051330
100066736
100051779
100057167
100067733
100058957
100067328
100056627
100070217
100057663
100073057
100060413
100068877
100055604
100055468
100060270
100067547
100052327
100052118
100052019
100056473
100053299
100629931
102148989
100058469
106782566
100062114
100073222
100053400
100054101
100061190
100033829
100033913
100033916
100033969
100033996
100034070
100034175
100034197
100034237
100034242
100049792
100049796
100049798
100049805
100049818
100049837
100049839
100049851
100049859
100049869
100049876
100049890
100049891
100049899
100049912
100049919
100049926
100049931
100049983
100049998
100050034
100050046
100050047
100050054
100050081
100050083
100050087
100050100
100050106
100050112
100050118
100050123
100050129
100050136
100050152
100050153
100050155
100050174
100050258
100050266
100050287
100050294
100050322
100050329
100050355
100050361
100050390
100050395
100050400
100050410
100050433
100050451
100050462
100050470
100050473
100050476
100050483
100050490
100050506
100050529
100050543
100050544
100050557
100050560
100050599
100050637
100050650
100050670
100050675
100050685
100050688
100050706
100050711
100050719
100050760
100050764
100050797
100050801
100050821
100050832
100050835
100050840
100050846
100050847
100050866
100050885
100050915
100050925
100050933
100050959
100050968
100050983
100050992
100051036
100051043
100051044
100051065
100051071
100051073
100051144
100051162
100051210
100051220
100051276
100051292
100051296
100051301
100051316
100051322
100051370
100051371
100051375
100051377
100051420
100051428
100051442
100051465
100051500
100051526
100051534
100051555
100051562
100051567
100051573
100051588
100051643
100051644
100051657
100051692
100051724
100051728
100051733
100051754
100051778
100051782
100051785
100051794
100051833
100051834
100051836
100051859
100051860
100051876
100051901
100051903
100051925
100051932
100051986
100051999
100052006
100052010
100052028
100052033
100052045
100052063
100052081
100052087
100052108
100052117
100052125
100052146
100052168
100052175
100052183
100052184
100052208
100052229
100052230
100052249
100052267
100052288
100052292
100052310
100052334
100052347
100052363
100052364
100052375
100052379
100052388
100052391
100052414
100052422
100052427
100052445
100052447
100052460
100052500
100052505
100052508
100052520
100052526
100052533
100052562
100052564
100052576
100052582
100052586
100052588
100052625
100052632
100052633
100052638
100052640
100052658
100052667
100052677
100052689
100052715
100052724
100052734
100052739
100052742
100052785
100052843
100052856
100052871
100052875
100052880
100052892
100052901
100052903
100052921
100052946
100052951
100052959
100052971
100052989
100052993
100053001
100053050
100053055
100053069
100053110
100053131
100053132
100053137
100053145
100053149
100053159
100053176
100053179
100053210
100053234
100053249
100053263
100053273
100053276
100053296
100053318
100053327
100053336
100053358
100053365
100053374
100053399
100053409
100053416
100053450
100053456
100053461
100053467
100053468
100053484
100053511
100053533
100053550
100053561
100053579
100053581
100053583
100053595
100053598
100053600
100053601
100053609
100053633
100053636
100053653
100053664
100053686
100053687
100053714
100053724
100053732
100053733
100053748
100053756
100053764
100053796
100053822
100053832
100053834
100053869
100053876
100053914
100053918
100053921
100053931
100053941
100053977
100053981
100053983
100053989
100054024
100054025
100054029
100054037
100054045
100054051
100054057
100054068
100054075
100054114
100054122
100054137
100054161
100054171
100054181
100054184
100054201
100054206
100054209
100054216
100054226
100054240
100054251
100054254
100054259
100054260
100054272
100054282
100054301
100054303
100054304
100054308
100054309
100054321
100054347
100054357
100054358
100054366
100054370
100054381
100054397
100054406
100054412
100054414
100054420
100054441
100054442
100054446
100054448
100054455
100054458
100054464
100054490
100054500
100054512
100054534
100054536
100054543
100054567
100054595
100054601
100054611
100054620
100054641
100054666
100054684
100054688
100054689
100054692
100054696
100054725
100054736
100054737
100054767
100054781
100054783
100054787
100054826
100054838
100054852
100054854
100054858
100054877
100054910
100054916
100054934
100054938
100054950
100054963
100054965
100054999
100055003
100055004
100055035
100055039
100055052
100055068
100055070
100055072
100055080
100055085
100055132
100055141
100055156
100055166
100055174
100055175
100055178
100055179
100055180
100055185
100055216
100055218
100055225
100055230
100055246
100055271
100055297
100055310
100055321
100055356
100055371
100055383
100055401
100055421
100055453
100055463
100055476
100055483
100055484
100055504
100055507
100055516
100055535
100055576
100055580
100055584
100055638
100055651
100055659
100055693
100055707
100055750
100055773
100055808
100055810
100055814
100055856
100055863
100055878
100055904
100055916
100055927
100055941
100055942
100055943
100055965
100055979
100056011
100056032
100056049
100056062
100056082
100056094
100056096
100056099
100056127
100056154
100056155
100056167
100056182
100056183
100056197
100056206
100056207
100056214
100056225
100056231
100056232
100056236
100056237
100056261
100056262
100056265
100056266
100056282
100056309
100056341
100056343
100056349
100056363
100056384
100056417
100056428
100056435
100056446
100056462
100056474
100056484
100056504
100056506
100056513
100056553
100056556
100056557
100056563
100056585
100056642
100056698
100056736
100056747
100056784
100056785
100056786
100056788
100056799
100056819
100056874
100056890
100056913
100056917
100056936
100056969
100056976
100056979
100056982
100056986
100056988
100057011
100057031
100057068
100057074
100057095
100057107
100057112
100057148
100057152
100057153
100057155
100057188
100057191
100057212
100057214
100057223
100057251
100057275
100057277
100057298
100057303
100057317
100057331
100057335
100057342
100057362
100057368
100057373
100057383
100057398
100057416
100057424
100057448
100057455
100057465
100057494
100057496
100057500
100057504
100057505
100057519
100057520
100057524
100057543
100057592
100057598
100057612
100057652
100057653
100057654
100057658
100057679
100057732
100057745
100057758
100057776
100057791
100057801
100057809
100057812
100057822
100057825
100057829
100057843
100057862
100057869
100057889
100057915
100057920
100057928
100057971
100057986
100058001
100058017
100058019
100058028
100058062
100058071
100058098
100058161
100058177
100058206
100058226
100058235
100058248
100058262
100058265
100058286
100058290
100058291
100058302
100058308
100058319
100058329
100058330
100058334
100058339
100058340
100058344
100058353
100058358
100058392
100058422
100058424
100058436
100058496
100058511
100058516
100058525
100058540
100058565
100058571
100058575
100058582
100058585
100058616
100058633
100058654
100058659
100058667
100058681
100058685
100058767
100058771
100058777
100058781
100058787
100058789
100058814
100058819
100058831
100058847
100058866
100058884
100058927
100058939
100058958
100058979
100058982
100058990
100059021
100059060
100059068
100059069
100059078
100059091
100059095
100059098
100059130
100059134
100059142
100059148
100059182
100059192
100059205
100059215
100059232
100059239
100059242
100059261
100059273
100059285
100059293
100059308
100059314
100059326
100059360
100059366
100059381
100059400
100059418
100059429
100059445
100059452
100059458
100059495
100059503
100059504
100059523
100059526
100059529
100059532
100059551
100059554
100059561
100059563
100059576
100059593
100059594
100059596
100059614
100059620
100059628
100059634
100059652
100059660
100059683
100059700
100059729
100059732
100059750
100059754
100059788
100059794
100059796
100059824
100059830
100059831
100059832
100059859
100059863
100059865
100059890
100059891
100059899
100059905
100059915
100059920
100059925
100059927
100059930
100059942
100059975
100059976
100059984
100059994
100060011
100060012
100060014
100060027
100060031
100060039
100060051
100060059
100060070
100060075
100060085
100060096
100060099
100060102
100060104
100060110
100060116
100060130
100060139
100060140
100060147
100060152
100060153
100060160
100060161
100060175
100060186
100060189
100060201
100060228
100060233
100060240
100060244
100060248
100060257
100060265
100060283
100060287
100060306
100060311
100060320
100060323
100060405
100060406
100060455
100060458
100060465
100060469
100060498
100060505
100060518
100060521
100060522
100060531
100060533
100060536
100060537
100060538
100060539
100060541
100060547
100060562
100060576
100060591
100060600
100060608
100060610
100060615
100060619
100060638
100060639
100060653
100060663
100060672
100060676
100060681
100060687
100060688
100060697
100060718
100060732
100060734
100060740
100060748
100060756
100060759
100060764
100060770
100060786
100060806
100060808
100060811
100060815
100060824
100060825
100060857
100060860
100060917
100060924
100060942
100060955
100060985
100060989
100060996
100060997
100061012
100061020
100061035
100061041
100061056
100061057
100061065
100061127
100061154
100061174
100061178
100061179
100061192
100061209
100061211
100061216
100061231
100061234
100061235
100061238
100061246
100061252
100061253
100061296
100061327
100061329
100061331
100061335
100061341
100061360
100061371
100061384
100061390
100061391
100061396
100061399
100061409
100061423
100061431
100061445
100061446
100061448
100061453
100061454
100061458
100061462
100061469
100061470
100061478
100061479
100061485
100061490
100061494
100061500
100061508
100061516
100061546
100061551
100061554
100061555
100061578
100061584
100061588
100061592
100061593
100061598
100061607
100061613
100061622
100061631
100061639
100061644
100061653
100061654
100061656
100061663
100061670
100061672
100061675
100061690
100061699
100061707
100061717
100061721
100061737
100061740
100061744
100061761
100061763
100061783
100061787
100061791
100061796
100061806
100061824
100061827
100061846
100061884
100061885
100061889
100061908
100061947
100061952
100061960
100061963
100061970
100061978
100061997
100062014
100062022
100062037
100062040
100062056
100062079
100062082
100062107
100062118
100062121
100062122
100062159
100062166
100062173
100062179
100062201
100062205
100062207
100062229
100062233
100062243
100062252
100062268
100062279
100062282
100062284
100062286
100062301
100062306
100062319
100062322
100062334
100062335
100062349
100062357
100062359
100062368
100062369
100062376
100062381
100062405
100062436
100062440
100062465
100062472
100062486
100062511
100062546
100062565
100062568
100062572
100062577
100062578
100062587
100062618
100062650
100062658
100062659
100062681
100062688
100062696
100062706
100062723
100062735
100062745
100062753
100062757
100062768
100062783
100062789
100062807
100062808
100062823
100062827
100062846
100062854
100062855
100062889
100062904
100062925
100062944
100062955
100062984
100063008
100063011
100063016
100063034
100063044
100063052
100063059
100063063
100063089
100063097
100063107
100063113
100063123
100063137
100063146
100063167
100063178
100063199
100063223
100063226
100063236
100063245
100063271
100063291
100063294
100063301
100063322
100063330
100063342
100063386
100063463
100063474
100063485
100063497
100063499
100063509
100063516
100063525
100063529
100063545
100063552
100063555
100063568
100063570
100063617
100063619
100063634
100063672
100063688
100063697
100063717
100063722
100063777
100063804
100063808
100063809
100063819
100063824
100063831
100063838
100063843
100063851
100063855
100063862
100063864
100063866
100063870
100063871
100063876
100063878
100063888
100063921
100063940
100063950
100063954
100063957
100063993
100064006
100064020
100064034
100064037
100064042
100064044
100064048
100064060
100064069
100064076
100064092
100064097
100064099
100064124
100064145
100064146
100064172
100064176
100064182
100064185
100064202
100064221
100064229
100064259
100064280
100064287
100064292
100064296
100064310
100064313
100064316
100064335
100064343
100064375
100064376
100064378
100064396
100064402
100064418
100064422
100064451
100064454
100064462
100064468
100064470
100064480
100064494
100064510
100064515
100064525
100064528
100064534
100064538
100064545
100064551
100064553
100064555
100064573
100064579
100064584
100064588
100064595
100064607
100064612
100064626
100064629
100064632
100064633
100064637
100064644
100064651
100064666
100064677
100064692
100064703
100064705
100064742
100064777
100064785
100064796
100064826
100064891
100064925
100064928
100064929
100064941
100064949
100064952
100064958
100064979
100064981
100065003
100065004
100065011
100065039
100065061
100065068
100065075
100065085
100065102
100065103
100065127
100065138
100065166
100065169
100065184
100065192
100065194
100065202
100065203
100065212
100065223
100065231
100065249
100065250
100065258
100065264
100065268
100065278
100065322
100065342
100065350
100065367
100065381
100065387
100065392
100065404
100065412
100065413
100065417
100065447
100065486
100065492
100065515
100065524
100065529
100065543
100065552
100065558
100065578
100065586
100065590
100065592
100065605
100065607
100065623
100065628
100065630
100065634
100065656
100065708
100065718
100065729
100065732
100065733
100065744
100065746
100065752
100065759
100065777
100065786
100065789
100065800
100065801
100065808
100065811
100065817
100065825
100065827
100065830
100065833
100065856
100065883
100065897
100065908
100065910
100065912
100065924
100065928
100065936
100066009
100066019
100066029
100066034
100066059
100066065
100066066
100066069
100066109
100066110
100066125
100066131
100066133
100066140
100066165
100066176
100066179
100066192
100066204
100066210
100066220
100066226
100066230
100066251
100066252
100066253
100066257
100066271
100066276
100066299
100066318
100066321
100066329
100066332
100066337
100066359
100066361
100066363
100066370
100066377
100066386
100066393
100066399
100066414
100066415
100066417
100066418
100066419
100066438
100066444
100066472
100066479
100066501
100066505
100066528
100066535
100066549
100066553
100066564
100066576
100066591
100066603
100066614
100066631
100066639
100066643
100066644
100066647
100066660
100066668
100066686
100066687
100066697
100066704
100066705
100066714
100066716
100066722
100066735
100066738
100066745
100066756
100066764
100066785
100066787
100066802
100066807
100066811
100066817
100066826
100066828
100066831
100066849
100066876
100066879
100066912
100066922
100066950
100066956
100066960
100066962
100066973
100066977
100066982
100066986
100066990
100066993
100067019
100067062
100067074
100067080
100067086
100067147
100067153
100067177
100067178
100067182
100067186
100067203
100067224
100067228
100067230
100067256
100067260
100067281
100067293
100067332
100067335
100067361
100067368
100067370
100067384
100067387
100067390
100067406
100067416
100067431
100067439
100067444
100067445
100067458
100067461
100067481
100067485
100067491
100067503
100067509
100067519
100067532
100067536
100067549
100067553
100067561
100067565
100067597
100067608
100067609
100067610
100067616
100067627
100067640
100067649
100067652
100067660
100067676
100067677
100067694
100067707
100067727
100067739
100067745
100067768
100067777
100067792
100067817
100067836
100067844
100067847
100067848
100067851
100067863
100067864
100067869
100067882
100067884
100067903
100067905
100067916
100067932
100067940
100067952
100067956
100067974
100067994
100067996
100068012
100068018
100068019
100068023
100068026
100068041
100068056
100068064
100068071
100068076
100068094
100068095
100068103
100068119
100068123
100068128
100068132
100068176
100068191
100068192
100068197
100068208
100068210
100068215
100068220
100068234
100068270
100068275
100068295
100068297
100068308
100068317
100068320
100068329
100068334
100068349
100068351
100068353
100068357
100068374
100068386
100068389
100068406
100068416
100068433
100068447
100068459
100068466
100068471
100068476
100068478
100068487
100068489
100068495
100068500
100068503
100068528
100068549
100068559
100068575
100068576
100068595
100068606
100068608
100068618
100068630
100068640
100068663
100068704
100068707
100068723
100068737
100068757
100068786
100068789
100068794
100068798
100068805
100068812
100068864
100068870
100068875
100068890
100068895
100068905
100068923
100068926
100068945
100068982
100068988
100068991
100069004
100069028
100069029
100069083
100069113
100069125
100069147
100069156
100069166
100069176
100069179
100069218
100069226
100069237
100069241
100069252
100069254
100069257
100069269
100069272
100069277
100069287
100069290
100069298
100069299
100069308
100069309
100069318
100069322
100069366
100069374
100069378
100069379
100069406
100069407
100069416
100069440
100069448
100069464
100069465
100069479
100069484
100069516
100069522
100069528
100069549
100069576
100069585
100069593
100069599
100069600
100069611
100069629
100069641
100069644
100069659
100069696
100069717
100069722
100069753
100069758
100069804
100069829
100069838
100069843
100069847
100069857
100069865
100069868
100069869
100069883
100069888
100069903
100069909
100069919
100069923
100069935
100069941
100069954
100069963
100069974
100069985
100070030
100070069
100070085
100070087
100070094
100070139
100070140
100070143
100070147
100070150
100070152
100070155
100070179
100070191
100070197
100070222
100070224
100070226
100070235
100070352
100070357
100070379
100070387
100070389
100070422
100070433
100070434
100070491
100070500
100070501
100070507
100070509
100070516
100070523
100070526
100070528
100070562
100070570
100070591
100070604
100070616
100070639
100070683
100070685
100070686
100070698
100070707
100070719
100070726
100070748
100070750
100070768
100070788
100070840
100070885
100070891
100070893
100070895
100070905
100070921
100071039
100071047
100071049
100071061
100071072
100071074
100071077
100071087
100071108
100071158
100071166
100071170
100071214
100071217
100071220
100071262
100071289
100071311
100071333
100071364
100071373
100071401
100071430
100071454
100071465
100071466
100071470
100071485
100071505
100071513
100071521
100071530
100071539
100071548
100071582
100071590
100071598
100071601
100071611
100071620
100071631
100071632
100071657
100071666
100071675
100071690
100071692
100071694
100071697
100071699
100071709
100071714
100071726
100071734
100071752
100071759
100071767
100071783
100071791
100071812
100071817
100071832
100071882
100071900
100071914
100071927
100071928
100071937
100071938
100071940
100071942
100071946
100071952
100071955
100071956
100071980
100071991
100071993
100072001
100072002
100072003
100072012
100072015
100072018
100072024
100072028
100072030
100072039
100072051
100072078
100072102
100072108
100072109
100072134
100072148
100072189
100072194
100072198
100072199
100072210
100072218
100072224
100072226
100072230
100072240
100072244
100072248
100072280
100072292
100072297
100072323
100072329
100072332
100072343
100072360
100072373
100072376
100072389
100072403
100072429
100072471
100072487
100072493
100072511
100072512
100072519
100072528
100072585
100072590
100072592
100072594
100072605
100072612
100072639
100072641
100072664
100072671
100072680
100072685
100072691
100072705
100072707
100072708
100072716
100072739
100072756
100072759
100072767
100072777
100072787
100072792
100072799
100072801
100072819
100072825
100072838
100072868
100072887
100072891
100072895
100072905
100072906
100072915
100072916
100072919
100072925
100072929
100072933
100072936
100072943
100072944
100072945
100072969
100073000
100073004
100073026
100073061
100073069
100073076
100073082
100073083
100073089
100073108
100073109
100073110
100073111
100073113
100073114
100073116
100073119
100073120
100073121
100073128
100073135
100073156
100073167
100073168
100073180
100073203
100073204
100073226
100073243
100073245
100073305
100146112
100146132
100146151
100146156
100146165
100146181
100146190
100146191
100146192
100146201
100146238
100146242
100146247
100146250
100146254
100146258
100146267
100146269
100146270
100146271
100146278
100146283
100146287
100146307
100146311
100146313
100146315
100146341
100146352
100146357
100146375
100146387
100146389
100146395
100146409
100146413
100146421
100146423
100146427
100146440
100146442
100146447
100146450
100146453
100146455
100146461
100146464
100146467
100146471
100146484
100146487
100146494
100146497
100146514
100146530
100146533
100146535
100146538
100146563
100146568
100146588
100146589
100146619
100146620
100146634
100146643
100146653
100146654
100146675
100146699
100146722
100146723
100146727
100146736
100146748
100146783
100146802
100146804
100146805
100146809
100146833
100146839
100146849
100146858
100146859
100146862
100146884
100146885
100146894
100146905
100146914
100146917
100146919
100146938
100146955
100146957
100146960
100146961
100146976
100146977
100146993
100146995
100147010
100147014
100147031
100147034
100147036
100147051
100147053
100147054
100147077
100147097
100147106
100147109
100147112
100147126
100147139
100147142
100147148
100147151
100147155
100147160
100147162
100147171
100147174
100147198
100147208
100147219
100147222
100147227
100147232
100147245
100147270
100147283
100147285
100147293
100147306
100147307
100147315
100147321
100147326
100147337
100147338
100147344
100147356
100147357
100147363
100147364
100147369
100147370
100147378
100147382
100147384
100147399
100147411
100147415
100147417
100147418
100147423
100147428
100147436
100147438
100147440
100147447
100147452
100147454
100147475
100147485
100147494
100147502
100147508
100147550
100147553
100147554
100147575
100147587
100147591
100147602
100147624
100147650
100147660
100147661
100147680
100147687
100147690
100147696
100271875
100629123
100629128
100629138
100629143
100629148
100629156
100629162
100629164
100629170
100629177
100629180
100629186
100629189
100629190
100629197
100629215
100629216
100629218
100629223
100629226
100629227
100629229
100629232
100629233
100629234
100629237
100629239
100629244
100629253
100629254
100629257
100629258
100629264
100629282
100629286
100629293
100629300
100629320
100629324
100629325
100629327
100629328
100629331
100629340
100629361
100629368
100629376
100629377
100629390
100629391
100629392
100629393
100629395
100629406
100629407
100629410
100629414
100629418
100629426
100629428
100629447
100629456
100629464
100629465
100629483
100629498
100629503
100629504
100629506
100629508
100629517
100629521
100629531
100629535
100629536
100629555
100629557
100629567
100629572
100629578
100629579
100629599
100629602
100629609
100629613
100629620
100629622
100629626
100629640
100629644
100629659
100629663
100629667
100629668
100629681
100629682
100629685
100629686
100629700
100629709
100629711
100629714
100629715
100629716
100629717
100629723
100629725
100629729
100629730
100629732
100629736
100629737
100629744
100629745
100629747
100629749
100629750
100629760
100629761
100629764
100629766
100629785
100629792
100629793
100629796
100629802
100629803
100629804
100629812
100629820
100629823
100629825
100629830
100629834
100629836
100629840
100629841
100629856
100629857
100629859
100629860
100629863
100629868
100629870
100629880
100629885
100629896
100629902
100629905
100629906
100629908
100629913
100629917
100629925
100629927
100629928
100629930
100629936
100629937
100629941
100629943
100629951
100629952
100629967
100629977
100629980
100629987
100629996
100629999
100630000
100630003
100630006
100630019
100630020
100630027
100630037
100630043
100630044
100630054
100630066
100630072
100630073
100630076
100630077
100630083
100630089
100630090
100630099
100630103
100630105
100630107
100630110
100630118
100630135
100630139
100630140
100630144
100630145
100630148
100630159
100630164
100630169
100630171
100630173
100630177
100630179
100630182
100630186
100630189
100630198
100630206
100630212
100630216
100630217
100630221
100630227
100630230
100630235
100630239
100630240
100630251
100630255
100630259
100630263
100630279
100630280
100630282
100630293
100630297
100630311
100630315
100630323
100630324
100630328
100630338
100630342
100630343
100630344
100630347
100630350
100630354
100630358
100630359
100630360
100630361
100630362
100630366
100630378
100630385
100630386
100630388
100630393
100630401
100630408
100630409
100630411
100630412
100630418
100630423
100630426
100630428
100630436
100630441
100630442
100630443
100630447
100630453
100630465
100630468
100630470
100630473
100630486
100630489
100630490
100630494
100630497
100630500
100630507
100630511
100630515
100630516
100630522
100630523
100630532
100630535
100630542
100630543
100630546
100630561
100630563
100630564
100630573
100630579
100630581
100630582
100630585
100630589
100630595
100630609
100630611
100630613
100630617
100630624
100630625
100630636
100630638
100630653
100630655
100630656
100630657
100630662
100630665
100630667
100630689
100630699
100630706
100630710
100630711
100630712
100630716
100630725
100630726
100630727
100630729
100630730
100630731
100630733
100630746
100630748
100630750
100630764
100630766
100630769
100630770
100630774
100630775
100630784
100630790
100630791
100630792
100630793
100630794
100630802
100630804
100630807
100630813
100630840
100630841
100630842
100630851
100630858
100630860
100630862
100630863
100630866
100630869
100630872
100630876
100630878
100630879
100630885
100630888
100630889
100630894
100630896
100630898
100630899
100630900
100630901
100630903
100630905
100913083
101910264
102147327
102147328
102147329
102147330
102147342
102147343
102147344
102147345
102147346
102147347
102147348
102147349
102147353
102147354
102147356
102147357
102147360
102147361
102147364
102147365
102147367
102147370
102147371
102147372
102147373
102147377
102147378
102147381
102147384
102147385
102147387
102147390
102147393
102147397
102147400
102147401
102147402
102147405
102147407
102147408
102147414
102147416
102147417
102147418
102147419
102147420
102147423
102147424
102147427
102147431
102147433
102147434
102147437
102147439
102147441
102147442
102147445
102147447
102147448
102147449
102147450
102147451
102147453
102147456
102147459
102147461
102147462
102147464
102147466
102147467
102147468
102147469
102147470
102147471
102147474
102147475
102147477
102147479
102147484
102147485
102147488
102147489
102147492
102147493
102147495
102147497
102147499
102147500
102147501
102147504
102147506
102147509
102147511
102147512
102147514
102147515
102147516
102147517
102147519
102147520
102147521
102147524
102147525
102147526
102147527
102147529
102147531
102147532
102147533
102147535
102147537
102147539
102147544
102147548
102147549
102147550
102147552
102147555
102147566
102147570
102147574
102147575
102147580
102147582
102147583
102147584
102147588
102147590
102147591
102147592
102147595
102147596
102147598
102147602
102147608
102147609
102147610
102147612
102147613
102147614
102147616
102147617
102147618
102147624
102147625
102147627
102147628
102147629
102147630
102147639
102147640
102147644
102147646
102147648
102147649
102147650
102147651
102147654
102147657
102147658
102147660
102147661
102147662
102147666
102147667
102147668
102147670
102147673
102147674
102147675
102147676
102147677
102147679
102147680
102147683
102147684
102147689
102147695
102147696
102147699
102147703
102147707
102147712
102147715
102147718
102147720
102147722
102147723
102147725
102147726
102147728
102147735
102147741
102147744
102147745
102147747
102147749
102147751
102147755
102147756
102147757
102147759
102147761
102147763
102147770
102147773
102147778
102147783
102147786
102147788
102147790
102147794
102147795
102147796
102147798
102147800
102147802
102147805
102147808
102147809
102147811
102147813
102147814
102147819
102147820
102147822
102147826
102147828
102147830
102147832
102147834
102147835
102147836
102147837
102147838
102147844
102147848
102147850
102147851
102147854
102147856
102147858
102147863
102147864
102147865
102147867
102147868
102147869
102147870
102147871
102147875
102147876
102147882
102147884
102147887
102147888
102147889
102147891
102147893
102147896
102147898
102147904
102147905
102147906
102147909
102147914
102147920
102147921
102147922
102147926
102147927
102147929
102147931
102147934
102147943
102147945
102147946
102147947
102147951
102147952
102147957
102147963
102147964
102147967
102147971
102147975
102147978
102147979
102147980
102147981
102147982
102147986
102147987
102147996
102148001
102148004
102148005
102148006
102148009
102148014
102148018
102148022
102148025
102148027
102148029
102148032
102148033
102148037
102148040
102148043
102148044
102148046
102148047
102148050
102148051
102148055
102148057
102148058
102148059
102148060
102148061
102148063
102148065
102148069
102148076
102148080
102148082
102148085
102148088
102148090
102148103
102148104
102148110
102148111
102148113
102148114
102148118
102148119
102148123
102148129
102148130
102148131
102148133
102148134
102148137
102148141
102148143
102148144
102148147
102148148
102148149
102148151
102148154
102148155
102148158
102148159
102148161
102148162
102148163
102148167
102148170
102148171
102148172
102148174
102148177
102148178
102148181
102148182
102148185
102148186
102148188
102148190
102148191
102148192
102148193
102148198
102148199
102148201
102148204
102148205
102148206
102148207
102148208
102148209
102148210
102148212
102148213
102148215
102148220
102148225
102148229
102148231
102148232
102148233
102148235
102148236
102148237
102148239
102148243
102148245
102148247
102148248
102148250
102148251
102148255
102148257
102148260
102148262
102148263
102148264
102148265
102148267
102148268
102148269
102148271
102148275
102148276
102148280
102148281
102148285
102148287
102148288
102148291
102148292
102148294
102148295
102148304
102148305
102148307
102148308
102148310
102148311
102148315
102148316
102148317
102148320
102148322
102148326
102148327
102148335
102148336
102148342
102148347
102148349
102148351
102148353
102148355
102148356
102148357
102148362
102148363
102148364
102148365
102148368
102148369
102148370
102148371
102148372
102148378
102148379
102148388
102148390
102148394
102148396
102148397
102148399
102148403
102148405
102148406
102148407
102148411
102148413
102148414
102148419
102148420
102148421
102148423
102148428
102148431
102148436
102148437
102148440
102148441
102148444
102148446
102148449
102148452
102148453
102148454
102148455
102148456
102148457
102148458
102148459
102148466
102148467
102148468
102148473
102148475
102148478
102148479
102148483
102148489
102148490
102148492
102148493
102148495
102148496
102148497
102148499
102148510
102148513
102148514
102148516
102148517
102148518
102148520
102148522
102148523
102148538
102148543
102148546
102148548
102148549
102148550
102148554
102148556
102148559
102148562
102148563
102148564
102148565
102148566
102148570
102148572
102148574
102148577
102148580
102148581
102148583
102148584
102148586
102148588
102148593
102148594
102148599
102148601
102148604
102148608
102148609
102148611
102148614
102148616
102148620
102148621
102148622
102148628
102148631
102148632
102148633
102148634
102148636
102148637
102148639
102148644
102148649
102148651
102148652
102148653
102148655
102148657
102148659
102148660
102148661
102148665
102148666
102148667
102148669
102148671
102148672
102148675
102148676
102148677
102148679
102148682
102148683
102148684
102148686
102148687
102148690
102148692
102148694
102148700
102148701
102148703
102148708
102148709
102148710
102148711
102148712
102148714
102148717
102148719
102148720
102148721
102148723
102148726
102148729
102148731
102148739
102148741
102148743
102148747
102148748
102148750
102148751
102148752
102148756
102148757
102148758
102148761
102148762
102148763
102148766
102148773
102148774
102148777
102148778
102148779
102148781
102148783
102148786
102148791
102148792
102148794
102148796
102148797
102148802
102148803
102148804
102148808
102148810
102148821
102148822
102148826
102148827
102148832
102148833
102148834
102148840
102148841
102148842
102148843
102148846
102148848
102148858
102148861
102148866
102148870
102148872
102148874
102148875
102148879
102148887
102148888
102148891
102148892
102148896
102148898
102148900
102148902
102148903
102148905
102148909
102148913
102148916
102148918
102148921
102148922
102148923
102148927
102148929
102148930
102148935
102148936
102148937
102148938
102148939
102148941
102148944
102148946
102148948
102148953
102148954
102148955
102148956
102148957
102148958
102148959
102148960
102148964
102148965
102148968
102148969
102148970
102148971
102148975
102148979
102148982
102148983
102148988
102148991
102148992
102148994
102148995
102148999
102149000
102149003
102149005
102149007
102149008
102149012
102149014
102149015
102149016
102149019
102149020
102149024
102149029
102149030
102149031
102149035
102149038
102149039
102149040
102149041
102149042
102149045
102149046
102149047
102149059
102149060
102149062
102149064
102149067
102149070
102149072
102149073
102149076
102149077
102149079
102149086
102149088
102149093
102149094
102149097
102149098
102149100
102149102
102149103
102149105
102149109
102149112
102149115
102149122
102149123
102149127
102149128
102149131
102149132
102149133
102149136
102149137
102149140
102149141
102149143
102149150
102149158
102149159
102149162
102149163
102149165
102149167
102149168
102149170
102149171
102149178
102149179
102149181
102149182
102149183
102149190
102149197
102149198
102149205
102149206
102149208
102149211
102149213
102149215
102149218
102149219
102149220
102149222
102149226
102149227
102149228
102149234
102149235
102149236
102149237
102149240
102149242
102149244
102149248
102149252
102149254
102149256
102149258
102149260
102149262
102149263
102149265
102149271
102149272
102149274
102149276
102149277
102149279
102149281
102149283
102149286
102149287
102149289
102149291
102149296
102149297
102149298
102149301
102149305
102149306
102149307
102149308
102149310
102149311
102149313
102149314
102149316
102149317
102149318
102149319
102149321
102149323
102149330
102149337
102149344
102149345
102149346
102149347
102149348
102149349
102149350
102149352
102149353
102149355
102149357
102149358
102149359
102149360
102149361
102149364
102149366
102149368
102149370
102149374
102149375
102149377
102149378
102149379
102149380
102149382
102149384
102149385
102149386
102149388
102149396
102149397
102149398
102149401
102149402
102149403
102149405
102149407
102149409
102149410
102149412
102149416
102149418
102149424
102149425
102149428
102149429
102149430
102149431
102149433
102149438
102149440
102149441
102149442
102149443
102149444
102149446
102149447
102149449
102149450
102149453
102149454
102149455
102149457
102149461
102149463
102149466
102149467
102149472
102149474
102149477
102149479
102149483
102149489
102149493
102149496
102149498
102149499
102149504
102149505
102149507
102149511
102149512
102149514
102149515
102149517
102149520
102149522
102149523
102149524
102149526
102149527
102149528
102149530
102149535
102149540
102149541
102149542
102149543
102149544
102149546
102149548
102149549
102149550
102149553
102149554
102149555
102149560
102149563
102149564
102149566
102149569
102149570
102149572
102149575
102149577
102149580
102149581
102149582
102149583
102149584
102149585
102149586
102149587
102149588
102149590
102149598
102149599
102149601
102149604
102149605
102149611
102149614
102149616
102149623
102149626
102149628
102149631
102149635
102149636
102149638
102149641
102149642
102149646
102149650
102149654
102149657
102149659
102149665
102149668
102149671
102149672
102149673
102149675
102149679
102149681
102149687
102149688
102149689
102149691
102149692
102149695
102149696
102149701
102149705
102149706
102149709
102149711
102149720
102149721
102149723
102149726
102149727
102149731
102149732
102149733
102149734
102149735
102149738
102149740
102149742
102149743
102149744
102149747
102149748
102149750
102149751
102149755
102149759
102149761
102149762
102149763
102149766
102149767
102149773
102149774
102149775
102149776
102149777
102149782
102149785
102149787
102149788
102149789
102149791
102149794
102149797
102149798
102149801
102149804
102149808
102149812
102149820
102149824
102149826
102149829
102149830
102149835
102149836
102149837
102149838
102149840
102149846
102149847
102149849
102149850
102149851
102149852
102149853
102149854
102149855
102149858
102149860
102149863
102149864
102149869
102149873
102149876
102149879
102149880
102149881
102149883
102149885
102149887
102149889
102149890
102149893
102149895
102149900
102149901
102149904
102149908
102149910
102149914
102149919
102149921
102149924
102149927
102149928
102149932
102149935
102149939
102149940
102149944
102149945
102149950
102149952
102149953
102149955
102149957
102149959
102149960
102149962
102149969
102149976
102149977
102149979
102149980
102149982
102149984
102149985
102149986
102149989
102149992
102149995
102150003
102150004
102150005
102150006
102150007
102150008
102150010
102150016
102150021
102150023
102150024
102150027
102150029
102150032
102150034
102150036
102150037
102150040
102150045
102150048
102150049
102150050
102150051
102150052
102150053
102150056
102150059
102150060
102150064
102150065
102150066
102150068
102150071
102150072
102150074
102150075
102150076
102150077
102150079
102150081
102150082
102150085
102150090
102150095
102150099
102150103
102150107
102150108
102150109
102150110
102150113
102150114
102150115
102150118
102150120
102150124
102150126
102150128
102150129
102150134
102150135
102150136
102150137
102150142
102150143
102150145
102150146
102150147
102150150
102150152
102150153
102150154
102150156
102150157
102150158
102150160
102150161
102150165
102150170
102150173
102150175
102150179
102150180
102150183
102150190
102150191
102150192
102150193
102150199
102150204
102150208
102150209
102150210
102150212
102150216
102150217
102150220
102150222
102150223
102150224
102150225
102150229
102150230
102150236
102150239
102150243
102150246
102150250
102150253
102150254
102150258
102150260
102150263
102150268
102150272
102150273
102150274
102150275
102150277
102150278
102150279
102150282
102150284
102150288
102150289
102150291
102150293
102150299
102150300
102150305
102150310
102150314
102150317
102150322
102150323
102150325
102150328
102150331
102150332
102150333
102150337
102150338
102150340
102150343
102150345
102150347
102150354
102150362
102150363
102150368
102150369
102150370
102150372
102150374
102150376
102150380
102150381
102150383
102150387
102150388
102150391
102150395
102150397
102150399
102150402
102150404
102150405
102150406
102150407
102150412
102150413
102150415
102150418
102150421
102150428
102150430
102150432
102150433
102150434
102150435
102150437
102150439
102150441
102150444
102150446
102150448
102150463
102150464
102150465
102150467
102150469
102150472
102150473
102150477
102150482
102150486
102150487
102150488
102150490
102150493
102150504
102150507
102150509
102150511
102150514
102150515
102150516
102150517
102150519
102150520
102150521
102150522
102150524
102150527
102150531
102150532
102150535
102150537
102150541
102150542
102150543
102150544
102150547
102150549
102150551
102150553
102150554
102150557
102150566
102150568
102150572
102150574
102150576
102150577
102150579
102150582
102150584
102150586
102150591
102150592
102150593
102150594
102150595
102150597
102150599
102150603
102150608
102150610
102150611
102150612
102150618
102150619
102150623
102150625
102150626
102150628
102150630
102150631
102150632
102150633
102150634
102150635
102150637
102150639
102150643
102150644
102150645
102150647
102150649
102150651
102150658
102150659
102150662
102150664
102150665
102150668
102150670
102150671
102150672
102150673
102150677
102150680
102150681
102150684
102150685
102150688
102150691
102150692
102150694
102150697
102150698
102150704
102150705
102150710
102150711
102150713
102150716
102150718
102150719
102150720
102150721
102150722
102150724
102150726
102150731
102150733
102150735
102150739
102150741
102150749
102150750
102150751
102150754
102150759
102150760
102150761
102150762
102150764
102150773
102150775
102150780
102150786
102150789
102150790
102150792
102150798
102150799
102150801
102150802
102150805
102150809
102150810
102150814
102150815
102150819
102150821
102150824
102150827
102150829
102150832
102150834
102150839
102150842
102150849
102150856
102150861
102150862
102150863
102150866
102150867
102150868
102150870
102150871
102150874
102150876
102150877
102150884
102150886
102150887
102150888
102150889
102150892
102150893
102150894
102150897
102150898
102150899
102150901
102150905
102150907
102150912
102150913
102150917
102150919
102150920
102150921
102150922
102150923
102150924
102150925
102150926
102150934
102150935
102150936
102150938
102150940
102150942
102150943
102150945
102150946
102150954
102150956
102150958
102150960
102150963
102150964
102150965
102150966
102150968
102150969
102150970
102150971
102150976
102150981
102150982
102150983
102150984
102150986
102150989
102150991
102150999
102151000
102151002
102151004
102151007
102151008
102151011
102151012
102151014
102151016
102151017
102151020
102151021
102151025
102151026
102151027
102151031
102151032
102151033
102151035
102151039
102151041
102151046
102151048
102151052
102151053
102151055
102151058
102151062
102151063
102151064
102151065
102151066
102151079
102151082
102151084
102151089
102151091
102151092
102151093
102151094
102151100
102151101
102151104
102151107
102151112
102151117
102151118
102151119
105761007
106780831
106780832
106780846
106780847
106780861
106780863
106780864
106780875
106780879
106780880
106780882
106780888
106780889
106780891
106780896
106780898
106780900
106780903
106780905
106780907
106780908
106780909
106780911
106780914
106780915
106780916
106780917
106780921
106780922
106780923
106780924
106780925
106780926
106780927
106780929
106780932
106780933
106780941
106780943
106780944
106780945
106780946
106780951
106780952
106780953
106780956
106780957
106780959
106780960
106780961
106780962
106780963
106780964
106780965
106780966
106780967
106780968
106780970
106780972
106780973
106780976
106780977
106780978
106780979
106780980
106780981
106780982
106780983
106780986
106780988
106780989
106780992
106780993
106780994
106780995
106780996
106780997
106781000
106781002
106781007
106781009
106781010
106781011
106781012
106781013
106781017
106781018
106781019
106781020
106781021
106781022
106781024
106781025
106781028
106781034
106781042
106781048
106781059
106781066
106781070
106781071
106781075
106781081
106781082
106781089
106781090
106781098
106781100
106781105
106781107
106781109
106781110
106781115
106781119
106781124
106781127
106781129
106781130
106781134
106781137
106781140
106781149
106781151
106781152
106781153
106781157
106781159
106781161
106781162
106781163
106781171
106781176
106781177
106781178
106781185
106781187
106781190
106781191
106781193
106781196
106781197
106781198
106781199
106781207
106781209
106781218
106781219
106781220
106781224
106781226
106781229
106781240
106781244
106781245
106781248
106781249
106781258
106781261
106781263
106781265
106781267
106781290
106781299
106781300
106781302
106781303
106781315
106781318
106781326
106781327
106781330
106781332
106781334
106781337
106781338
106781339
106781340
106781341
106781344
106781346
106781347
106781348
106781349
106781350
106781351
106781353
106781358
106781362
106781365
106781366
106781369
106781372
106781373
106781374
106781378
106781379
106781380
106781382
106781383
106781384
106781385
106781386
106781387
106781388
106781390
106781392
106781395
106781399
106781401
106781429
106781436
106781438
106781439
106781452
106781455
106781460
106781461
106781462
106781463
106781464
106781466
106781470
106781472
106781474
106781476
106781477
106781478
106781479
106781481
106781484
106781485
106781487
106781492
106781493
106781494
106781495
106781498
106781499
106781500
106781503
106781507
106781509
106781512
106781521
106781525
106781526
106781527
106781528
106781530
106781535
106781536
106781540
106781541
106781542
106781544
106781546
106781547
106781550
106781551
106781556
106781557
106781558
106781561
106781565
106781568
106781570
106781571
106781572
106781575
106781576
106781577
106781578
106781579
106781581
106781590
106781591
106781592
106781594
106781598
106781601
106781607
106781610
106781611
106781613
106781614
106781615
106781616
106781618
106781621
106781622
106781623
106781624
106781626
106781629
106781635
106781636
106781637
106781639
106781640
106781642
106781645
106781646
106781649
106781650
106781653
106781654
106781655
106781656
106781657
106781659
106781660
106781661
106781663
106781666
106781668
106781669
106781670
106781671
106781673
106781674
106781675
106781676
106781677
106781678
106781679
106781684
106781685
106781687
106781691
106781692
106781694
106781695
106781696
106781697
106781699
106781700
106781701
106781702
106781703
106781704
106781705
106781706
106781708
106781711
106781712
106781716
106781718
106781721
106781724
106781725
106781726
106781729
106781734
106781739
106781741
106781742
106781743
106781744
106781745
106781747
106781748
106781749
106781750
106781751
106781752
106781754
106781755
106781757
106781758
106781759
106781760
106781761
106781762
106781763
106781764
106781765
106781767
106781770
106781771
106781772
106781774
106781775
106781777
106781778
106781780
106781781
106781785
106781797
106781798
106781799
106781800
106781801
106781802
106781803
106781805
106781807
106781808
106781812
106781816
106781817
106781819
106781824
106781831
106781832
106781833
106781834
106781839
106781843
106781844
106781846
106781848
106781849
106781851
106781852
106781854
106781856
106781857
106781865
106781867
106781873
106781874
106781875
106781877
106781882
106781884
106781885
106781887
106781888
106781889
106781891
106781892
106781895
106781896
106781903
106781905
106781907
106781908
106781912
106781913
106781915
106781916
106781918
106781920
106781921
106781922
106781925
106781926
106781930
106781933
106781934
106781936
106781940
106781942
106781945
106781946
106781949
106781950
106781953
106781954
106781957
106781958
106781959
106781963
106781967
106781969
106781974
106781975
106781977
106781978
106781979
106781980
106781982
106781984
106781985
106781992
106781993
106781994
106781996
106781999
106782000
106782001
106782002
106782003
106782004
106782005
106782006
106782007
106782010
106782011
106782012
106782018
106782022
106782025
106782027
106782028
106782029
106782030
106782031
106782032
106782033
106782034
106782035
106782037
106782038
106782039
106782040
106782041
106782043
106782044
106782046
106782047
106782048
106782049
106782050
106782052
106782054
106782055
106782056
106782058
106782059
106782060
106782063
106782066
106782067
106782068
106782069
106782070
106782071
106782073
106782077
106782081
106782082
106782094
106782095
106782096
106782097
106782098
106782101
106782102
106782103
106782104
106782105
106782106
106782108
106782109
106782110
106782116
106782118
106782122
106782123
106782124
106782125
106782127
106782128
106782129
106782131
106782132
106782133
106782134
106782136
106782137
106782138
106782140
106782142
106782143
106782144
106782146
106782148
106782150
106782151
106782154
106782155
106782158
106782161
106782162
106782163
106782165
106782166
106782167
106782168
106782171
106782172
106782175
106782176
106782177
106782178
106782180
106782181
106782183
106782184
106782186
106782187
106782188
106782189
106782191
106782192
106782196
106782198
106782199
106782200
106782201
106782203
106782205
106782206
106782207
106782208
106782210
106782212
106782213
106782216
106782217
106782218
106782220
106782221
106782224
106782225
106782227
106782228
106782230
106782231
106782232
106782233
106782235
106782237
106782238
106782240
106782241
106782243
106782245
106782246
106782249
106782251
106782252
106782253
106782255
106782260
106782261
106782263
106782266
106782268
106782269
106782272
106782274
106782275
106782277
106782278
106782279
106782282
106782289
106782290
106782291
106782292
106782293
106782294
106782295
106782296
106782297
106782300
106782302
106782303
106782305
106782308
106782315
106782319
106782320
106782322
106782324
106782327
106782333
106782338
106782340
106782342
106782347
106782348
106782349
106782351
106782353
106782354
106782364
106782366
106782372
106782373
106782374
106782375
106782376
106782379
106782381
106782384
106782389
106782390
106782391
106782392
106782397
106782398
106782400
106782403
106782406
106782409
106782412
106782413
106782414
106782420
106782421
106782425
106782427
106782431
106782435
106782436
106782438
106782440
106782441
106782442
106782444
106782445
106782446
106782448
106782449
106782450
106782451
106782452
106782454
106782455
106782456
106782459
106782460
106782462
106782464
106782467
106782468
106782469
106782471
106782472
106782475
106782479
106782480
106782482
106782483
106782490
106782493
106782494
106782495
106782497
106782498
106782499
106782501
106782502
106782504
106782505
106782507
106782508
106782513
106782514
106782515
106782516
106782518
106782520
106782521
106782522
106782523
106782530
106782531
106782533
106782537
106782543
106782544
106782545
106782546
106782548
106782549
106782557
106782558
106782561
106782562
106782563
106782564
106782565
106782567
106782568
106782570
106782571
106782573
106782575
106782578
106782581
106782583
106782584
106782586
106782589
106782596
106782597
106782598
106782599
106782600
106782602
106782603
106782605
106782607
106782610
106782611
106782614
106782615
106782616
106782617
106782618
106782619
106782620
106782623
106782624
106782625
106782629
106782630
106782632
106782634
106782635
106782637
106782638
106782639
106782640
106782643
106782645
106782646
106782648
106782649
106782650
106782651
106782654
106782655
106782658
106782659
106782660
106782662
106782663
106782664
106782665
106782666
106782667
106782668
106782670
106782672
106782675
106782676
106782677
106782678
106782679
106782681
106782684
106782689
106782690
106782691
106782692
106782695
106782696
106782698
106782700
106782705
106782711
106782715
106782716
106782717
106782719
106782720
106782721
106782722
106782723
106782728
106782730
106782731
106782734
106782739
106782740
106782743
106782744
106782745
106782748
106782752
106782755
106782756
106782757
106782760
106782761
106782762
106782763
106782764
106782766
106782774
106782775
106782776
106782777
106782779
106782780
106782781
106782782
106782784
106782792
106782797
106782799
106782800
106782802
106782804
106782806
106782808
106782814
106782816
106782817
106782818
106782819
106782825
106782828
106782829
106782832
106782833
106782834
106782837
106782840
106782842
106782843
106782845
106782846
106782847
106782848
106782850
106782852
106782855
106782856
106782860
106782861
106782865
106782866
106782867
106782868
106782869
106782871
106782872
106782873
106782875
106782877
106782879
106782883
106782884
106782887
106782889
106782890
106782891
106782894
106782895
106782896
106782899
106782900
106782901
106782902
106782905
106782906
106782909
106782910
106782911
106782916
106782921
106782922
106782923
106782927
106782930
106782931
106782932
106782933
106782935
106782936
106782938
106782940
106782941
106782944
106782945
106782947
106782950
106782951
106782952
106782953
106782956
106782957
106782959
106782960
106782961
106782964
106782966
106782970
106782973
106782975
106782976
106782977
106782979
106782982
106782986
106782987
106782989
106782990
106782991
106782992
106782995
106782996
106782997
106782998
106782999
106783002
106783003
106783004
106783006
106783008
106783009
106783010
106783011
106783012
106783014
106783015
106783017
106783018
106783021
106783022
106783023
106783024
106783030
106783032
106783034
106783036
106783037
106783038
106783039
106783040
106783043
106783049
106783050
106783052
106783053
106783054
106783056
106783057
106783058
106783061
106783062
106783063
106783065
106783067
106783068
106783069
106783070
106783075
106783078
106783079
106783081
106783084
106783085
106783086
106783087
106783088
106783092
106783094
106783096
106783097
106783098
106783099
106783100
106783101
106783102
106783104
106783105
106783107
106783108
106783109
106783110
106783111
106783112
106783118
106783120
106783121
106783122
106783123
106783124
106783125
106783126
106783128
106783129
106783130
106783131
106783134
106783136
106783137
106783138
106783139
106783141
106783150
106783151
106783152
106783154
106783159
106783161
106783162
106783164
106783165
106783166
106783168
106783170
106783171
106783176
106783178
106783180
106783182
106783184
106783185
106783186
106783188
106783191
106783192
106783194
106783195
106783196
106783198
106783199
106783202
106783208
106783210
106783211
106783214
106783216
106783218
106783220
106783221
106783222
106783224
106783225
106783226
106783227
106783228
106783229
106783232
106783234
106783241
106783245
106783246
106783250
106783251
106783257
106783258
106783259
106783262
106783263
106783266
106783268
106783269
106783270
106783271
106783274
106783275
106783276
106783278
106783280
106783283
106783284
106783285
106783287
106783290
106783291
106783293
106783295
106783296
106783297
106783298
106783306
106783307
106783308
106783309
106783314
106783318
106783321
106783322
106783323
106783324
106783325
106783328
106783329
106783330
106783331
106783333
106783334
106783335
106783337
106783343
106783344
106783345
106783346
106783350
106783351
106783352
106783356
106783358
106783359
106783361
106783362
106783365
106783366
106783370
106783371
106783372
106783373
106783374
106783380
106783381
106783384
106783385
106783386
106783395
106783400
106783406
106783410
106783412
106783414
106783416
106783418
106783422
106783423
106783425
106783433
106783434
106783435
106783437
106783439
106783440
106783442
106783443
106783444
106783445
106783446
106783447
106783448
106783449
106783450
106783452
106783453
106783454
106783455
106783456
106783457
106783461
106783462
106783463
106783466
106783468
106783469
106783470
106783471
106783472
106783473
106783474
106783475
106783476
106783477
106783482
106783484
111767394
111767395
111767398
111767399
111767400
111767402
111767403
111767404
111767405
111767406
111767407
111767408
111767409
111767410
111767412
111767413
111767415
111767416
111767417
111767418
111767424
111767425
111767426
111767427
111767429
111767430
111767431
111767432
111767433
111767435
111767436
111767437
111767438
111767439
111767440
111767441
111767442
111767443
111767444
111767445
111767447
111767448
111767449
111767450
111767451
111767452
111767453
111767454
111767456
111767457
111767459
111767460
111767461
111767462
111767463
111767464
111767465
111767467
111767468
111767469
111767470
111767472
111767473
111767475
111767476
111767477
111767478
111767479
111767480
111767481
111767482
111767483
111767484
111767485
111767486
111767487
111767488
111767490
111767491
111767492
111767493
111767494
111767495
111767496
111767497
111767498
111767499
111767500
111767501
111767502
111767503
111767504
111767505
111767506
111767508
111767509
111767510
111767511
111767512
111767513
111767514
111767515
111767516
111767517
111767518
111767519
111767520
111767521
111767522
111767523
111767524
111767525
111767526
111767527
111767528
111767529
111767530
111767531
111767532
111767533
111767534
111767535
111767536
111767537
111767538
111767539
111767540
111767541
111767542
111767543
111767545
111767547
111767548
111767549
111767550
111767551
111767552
111767553
111767554
111767555
111767556
111767557
111767558
111767559
111767560
111767561
111767562
111767563
111767565
111767567
111767570
111767571
111767572
111767573
111767574
111767576
111767577
111767578
111767579
111767580
111767581
111767582
111767583
111767584
111767585
111767586
111767588
111767591
111767594
111767595
111767596
111767600
111767601
111767602
111767603
111767604
111767606
111767607
111767608
111767609
111767610
111767611
111767612
111767613
111767614
111767615
111767616
111767617
111767619
111767620
111767621
111767624
111767626
111767627
111767628
111767629
111767630
111767631
111767632
111767634
111767635
111767636
111767637
111767638
111767639
111767640
111767641
111767642
111767643
111767644
111767645
111767646
111767647
111767648
111767649
111767650
111767651
111767652
111767653
111767654
111767655
111767656
111767657
111767658
111767659
111767660
111767661
111767662
111767663
111767664
111767691
111767692
111767693
111767694
111767695
111767696
111767697
111767698
111767702
111767703
111767704
111767706
111767707
111767708
111767709
111767710
111767712
111767713
111767714
111767715
111767716
111767717
111767718
111767719
111767720
111767721
111767722
111767724
111767725
111767726
111767727
111767728
111767729
111767730
111767731
111767732
111767733
111767734
111767735
111767736
111767737
111767738
111767739
111767740
111767741
111767742
111767743
111767744
111767745
111767746
111767747
111767748
111767749
111767750
111767751
111767752
111767753
111767754
111767755
111767756
111767757
111767758
111767759
111767760
111767761
111767762
111767763
111767764
111767765
111767766
111767767
111767768
111767769
111767770
111767771
111767772
111767773
111767774
111767775
111767776
111767777
111767778
111767779
111767780
111767781
111767782
111767784
111767785
111767786
111767787
111767788
111767789
111767790
111767791
111767792
111767793
111767795
111767796
111767798
111767799
111767800
111767801
111767802
111767803
111767804
111767806
111767807
111767808
111767809
111767810
111767811
111767812
111767813
111767814
111767816
111767817
111767818
111767819
111767821
111767822
111767823
111767824
111767825
111767826
111767827
111767828
111767829
111767830
111767832
111767833
111767834
111767835
111767836
111767837
111767838
111767839
111767840
111767841
111767842
111767843
111767844
111767845
111767846
111767847
111767848
111767849
111767850
111767851
111767852
111767853
111767854
111767855
111767856
111767857
111767858
111767859
111767860
111767861
111767862
111767863
111767864
111767865
111767866
111767867
111767868
111767869
111767870
111767871
111767872
111767873
111767874
111767875
111767876
111767877
111767878
111767879
111767880
111767881
111767882
111767883
111767884
111767885
111767886
111767887
111767888
111767889
111767890
111767891
111767892
111767893
111767894
111767895
111767896
111767897
111767898
111767899
111767900
111767901
111767902
111767903
111767904
111767905
111767906
111767907
111767908
111767909
111767910
111767911
111767912
111767913
111767914
111767915
111767916
111767917
111767918
111767919
111767921
111767922
111767923
111767924
111767925
111767926
111767927
111767928
111767929
111767930
111767931
111767932
111767933
111767935
111767936
111767938
111767939
111767940
111767941
111767942
111767943
111767944
111767945
111767946
111767947
111767948
111767949
111767950
111767951
111767952
111767953
111767954
111767955
111767956
111767957
111767958
111767959
111767960
111767961
111767962
111767963
111767964
111767965
111767966
111767967
111767968
111767969
111767970
111767971
111767972
111767973
111767974
111767975
111767976
111767977
111767978
111767979
111767980
111767981
111767982
111767983
111767984
111767985
111767986
111767987
111767988
111767989
111767990
111767991
111767992
111767993
111767994
111767995
111767996
111768005
111768006
111768007
111768008
111768009
111768010
111768012
111768013
111768014
111768016
111768017
111768018
111768019
111768020
111768021
111768023
111768024
111768025
111768026
111768027
111768028
111768029
111768030
111768031
111768032
111768034
111768035
111768036
111768037
111768038
111768039
111768040
111768041
111768042
111768043
111768044
111768045
111768046
111768047
111768048
111768049
111768050
111768051
111768052
111768053
111768054
111768055
111768056
111768057
111768058
111768059
111768060
111768061
111768062
111768063
111768064
111768065
111768066
111768067
111768068
111768069
111768070
111768071
111768072
111768073
111768074
111768075
111768076
111768077
111768078
111768079
111768080
111768081
111768082
111768083
111768084
111768085
111768086
111768087
111768088
111768089
111768090
111768091
111768092
111768093
111768094
111768095
111768096
111768097
111768098
111768099
111768100
111768101
111768102
111768103
111768104
111768106
111768107
111768108
111768109
111768110
111768112
111768113
111768114
111768115
111768116
111768117
111768118
111768119
111768120
111768121
111768122
111768123
111768124
111768125
111768126
111768127
111768128
111768129
111768130
111768131
111768132
111768133
111768135
111768136
111768137
111768138
111768139
111768140
111768141
111768142
111768143
111768144
111768145
111768146
111768147
111768148
111768149
111768150
111768151
111768152
111768153
111768154
111768155
111768156
111768157
111768158
111768159
111768160
111768161
111768162
111768163
111768164
111768165
111768166
111768167
111768168
111768169
111768170
111768171
111768172
111768173
111768174
111768175
111768176
111768177
111768178
111768179
111768180
111768181
111768183
111768184
111768185
111768186
111768187
111768188
111768189
111768190
111768191
111768192
111768193
111768194
111768195
111768196
111768197
111768198
111768199
111768200
111768201
111768202
111768203
111768204
111768205
111768206
111768207
111768208
111768209
111768210
111768211
111768212
111768213
111768214
111768215
111768216
111768217
111768218
111768219
111768220
111768221
111768222
111768223
111768224
111768225
111768226
111768227
111768228
111768229
111768230
111768231
111768232
111768233
111768234
111768235
111768236
111768237
111768238
111768239
111768240
111768241
111768242
111768243
111768244
111768245
111768246
111768247
111768248
111768249
111768250
111768251
111768252
111768253
111768254
111768255
111768256
111768257
111768258
111768259
111768260
111768261
111768262
111768263
111768264
111768271
111768272
111768273
111768274
111768275
111768277
111768278
111768281
111768282
111768284
111768285
111768286
111768287
111768288
111768289
111768290
111768291
111768292
111768293
111768294
111768295
111768296
111768297
111768298
111768300
111768301
111768302
111768303
111768304
111768305
111768306
111768307
111768308
111768310
111768311
111768312
111768313
111768314
111768315
111768316
111768317
111768319
111768320
111768321
111768322
111768323
111768324
111768325
111768326
111768327
111768328
111768329
111768330
111768331
111768332
111768333
111768334
111768335
111768338
111768339
111768340
111768341
111768342
111768343
111768344
111768345
111768346
111768347
111768348
111768349
111768350
111768351
111768352
111768354
111768355
111768356
111768357
111768358
111768359
111768361
111768362
111768363
111768364
111768365
111768366
111768367
111768368
111768369
111768370
111768371
111768372
111768373
111768374
111768375
111768376
111768377
111768378
111768379
111768380
111768381
111768382
111768383
111768384
111768385
111768386
111768387
111768388
111768389
111768390
111768391
111768392
111768393
111768394
111768395
111768396
111768397
111768398
111768399
111768400
111768402
111768403
111768404
111768406
111768407
111768408
111768409
111768410
111768411
111768412
111768413
111768414
111768415
111768416
111768417
111768418
111768419
111768420
111768421
111768422
111768423
111768424
111768426
111768427
111768428
111768429
111768430
111768431
111768432
111768433
111768434
111768435
111768436
111768437
111768438
111768439
111768440
111768441
111768442
111768443
111768444
111768445
111768446
111768447
111768448
111768449
111768450
111768451
111768452
111768453
111768454
111768455
111768456
111768457
111768458
111768459
111768460
111768461
111768462
111768465
111768466
111768467
111768468
111768469
111768470
111768471
111768473
111768474
111768475
111768476
111768477
111768478
111768479
111768480
111768481
111768482
111768483
111768484
111768485
111768486
111768487
111768488
111768489
111768490
111768491
111768492
111768493
111768494
111768495
111768496
111768497
111768498
111768499
111768500
111768501
111768502
111768503
111768504
111768505
111768506
111768507
111768508
111768509
111768510
111768511
111768512
111768513
111768514
111768515
111768516
111768517
111768518
111768519
111768520
111768521
111768522
111768523
111768524
111768525
111768526
111768527
111768528
111768529
111768535
111768536
111768537
111768538
111768539
111768540
111768541
111768542
111768544
111768545
111768546
111768547
111768548
111768549
111768550
111768551
111768552
111768553
111768554
111768555
111768556
111768557
111768558
111768559
111768560
111768561
111768562
111768563
111768564
111768565
111768566
111768567
111768568
111768569
111768570
111768571
111768572
111768574
111768575
111768576
111768578
111768580
111768581
111768582
111768584
111768585
111768586
111768587
111768588
111768589
111768590
111768591
111768592
111768593
111768594
111768595
111768596
111768597
111768598
111768599
111768600
111768601
111768602
111768603
111768604
111768605
111768606
111768607
111768611
111768612
111768613
111768614
111768615
111768616
111768617
111768619
111768620
111768621
111768622
111768624
111768625
111768626
111768627
111768629
111768630
111768631
111768632
111768633
111768634
111768635
111768636
111768637
111768638
111768639
111768640
111768641
111768642
111768643
111768644
111768645
111768646
111768647
111768648
111768649
111768650
111768652
111768653
111768654
111768655
111768657
111768658
111768659
111768660
111768661
111768662
111768663
111768664
111768665
111768666
111768667
111768668
111768669
111768670
111768671
111768672
111768673
111768674
111768675
111768676
111768677
111768678
111768679
111768680
111768681
111768682
111768683
111768684
111768685
111768686
111768687
111768688
111768689
111768690
111768691
111768692
111768693
111768694
111768695
111768696
111768697
111768698
111768699
111768700
111768701
111768702
111768703
111768704
111768705
111768706
111768707
111768708
111768709
111768710
111768711
111768712
111768713
111768714
111768715
111768716
111768717
111768718
111768719
111768720
111768721
111768722
111768723
111768724
111768725
111768726
111768727
111768728
111768729
111768730
111768731
111768732
111768738
111768739
111768740
111768741
111768742
111768744
111768745
111768746
111768748
111768749
111768750
111768751
111768752
111768753
111768754
111768756
111768757
111768758
111768759
111768760
111768761
111768762
111768763
111768764
111768765
111768766
111768767
111768768
111768769
111768770
111768771
111768772
111768773
111768774
111768775
111768776
111768777
111768778
111768779
111768780
111768781
111768782
111768783
111768784
111768785
111768786
111768787
111768788
111768789
111768790
111768791
111768792
111768793
111768794
111768795
111768796
111768797
111768798
111768799
111768800
111768802
111768804
111768805
111768806
111768807
111768808
111768809
111768810
111768811
111768812
111768813
111768814
111768815
111768816
111768817
111768818
111768819
111768820
111768821
111768822
111768823
111768824
111768825
111768826
111768827
111768828
111768829
111768830
111768831
111768832
111768833
111768834
111768835
111768836
111768837
111768838
111768839
111768840
111768841
111768842
111768843
111768844
111768845
111768846
111768847
111768848
111768849
111768850
111768851
111768852
111768853
111768854
111768855
111768856
111768857
111768858
111768859
111768860
111768861
111768863
111768864
111768865
111768866
111768867
111768868
111768869
111768870
111768871
111768872
111768873
111768874
111768875
111768876
111768877
111768878
111768879
111768880
111768881
111768882
111768883
111768884
111768885
111768886
111768887
111768888
111768889
111768890
111768891
111768892
111768893
111768894
111768895
111768896
111768897
111768898
111768899
111768900
111768901
111768902
111768903
111768904
111768905
111768906
111768907
111768908
111768909
111768910
111768911
111768912
111768913
111768914
111768915
111768916
111768917
111768918
111768919
111768920
111768921
111768922
111768923
111768924
111768926
111768927
111768928
111768929
111768930
111768931
111768932
111768933
111768934
111768935
111768936
111768937
111768938
111768939
111768940
111768941
111768942
111768943
111768944
111768945
111768946
111768947
111768948
111768949
111768950
111768951
111768952
111768953
111768954
111768955
111768956
111768957
111768958
111768959
111768960
111768961
111768962
111768963
111768968
111768969
111768971
111768972
111768973
111768974
111768975
111768976
111768978
111768979
111768980
111768981
111768982
111768983
111768984
111768985
111768986
111768987
111768988
111768989
111768990
111768991
111768992
111768993
111768994
111768995
111768996
111768997
111768998
111768999
111769001
111769002
111769003
111769004
111769005
111769006
111769007
111769008
111769009
111769010
111769011
111769012
111769013
111769014
111769015
111769016
111769017
111769018
111769019
111769020
111769021
111769022
111769023
111769024
111769025
111769026
111769027
111769028
111769029
111769030
111769031
111769032
111769033
111769034
111769035
111769036
111769037
111769038
111769039
111769040
111769041
111769043
111769044
111769045
111769046
111769047
111769048
111769049
111769050
111769053
111769054
111769055
111769056
111769057
111769058
111769059
111769060
111769061
111769062
111769063
111769064
111769065
111769066
111769067
111769068
111769069
111769070
111769072
111769073
111769074
111769075
111769076
111769077
111769078
111769079
111769080
111769081
111769082
111769083
111769084
111769085
111769086
111769087
111769088
111769089
111769090
111769091
111769092
111769093
111769094
111769095
111769096
111769097
111769098
111769099
111769100
111769101
111769102
111769103
111769104
111769105
111769106
111769107
111769108
111769109
111769110
111769111
111769112
111769113
111769114
111769115
111769116
111769117
111769118
111769119
111769120
111769121
111769122
111769123
111769124
111769125
111769126
111769127
111769128
111769129
111769130
111769131
111769132
111769133
111769134
111769135
111769136
111769137
111769138
111769139
111769140
111769141
111769142
111769143
111769144
111769145
111769146
111769147
111769148
111769149
111769152
111769153
111769154
111769155
111769158
111769159
111769160
111769161
111769162
111769164
111769165
111769166
111769167
111769170
111769171
111769172
111769173
111769174
111769175
111769176
111769177
111769178
111769179
111769180
111769181
111769182
111769183
111769184
111769185
111769186
111769187
111769188
111769189
111769190
111769191
111769192
111769193
111769194
111769195
111769196
111769197
111769198
111769199
111769200
111769201
111769202
111769203
111769204
111769205
111769206
111769207
111769208
111769209
111769210
111769211
111769212
111769213
111769214
111769215
111769216
111769217
111769218
111769219
111769220
111769221
111769222
111769223
111769224
111769225
111769226
111769227
111769228
111769229
111769230
111769231
111769232
111769233
111769234
111769236
111769237
111769238
111769240
111769241
111769242
111769243
111769244
111769245
111769246
111769247
111769248
111769249
111769250
111769251
111769252
111769253
111769254
111769255
111769256
111769257
111769258
111769259
111769260
111769261
111769262
111769263
111769264
111769265
111769266
111769267
111769268
111769269
111769270
111769271
111769272
111769273
111769274
111769275
111769276
111769277
111769278
111769279
111769280
111769281
111769282
111769283
111769284
111769286
111769287
111769288
111769289
111769290
111769291
111769292
111769293
111769294
111769295
111769296
111769297
111769298
111769299
111769300
111769301
111769302
111769303
111769304
111769305
111769306
111769307
111769308
111769309
111769310
111769311
111769312
111769313
111769314
111769315
111769316
111769317
111769318
111769319
111769320
111769321
111769322
111769323
111769324
111769325
111769326
111769327
111769328
111769329
111769331
111769332
111769333
111769334
111769335
111769336
111769337
111769339
111769340
111769341
111769342
111769343
111769344
111769345
111769346
111769347
111769348
111769349
111769350
111769351
111769352
111769353
111769354
111769355
111769356
111769357
111769358
111769359
111769360
111769361
111769362
111769363
111769364
111769365
111769366
111769367
111769368
111769369
111769370
111769371
111769372
111769373
111769374
111769375
111769376
111769377
111769378
111769379
111769380
111769381
111769382
111769383
111769384
111769385
111769386
111769387
111769388
111769389
111769390
111769391
111769392
111769393
111769394
111769395
111769396
111769397
111769560
111769571
111769596
111769597
111769598
111769599
111769605
111769607
111769613
111769614
111769618
111769620
111769621
111769622
111769623
111769625
111769626
111769627
111769628
111769629
111769630
111769631
111769632
111769633
111769634
111769635
111769636
111769637
111769638
111769639
111769640
111769641
111769642
111769643
111769644
111769645
111769646
111769647
111769648
111769649
111769650
111769651
111769652
111769654
111769656
111769658
111769659
111769660
111769662
111769663
111769664
111769665
111769666
111769667
111769668
111769669
111769670
111769671
111769672
111769674
111769676
111769677
111769678
111769679
111769680
111769681
111769682
111769684
111769685
111769686
111769687
111769688
111769689
111769690
111769691
111769692
111769693
111769694
111769697
111769698
111769699
111769700
111769701
111769702
111769703
111769704
111769705
111769706
111769707
111769708
111769709
111769710
111769711
111769712
111769713
111769714
111769715
111769716
111769717
111769718
111769719
111769720
111769721
111769722
111769723
111769724
111769725
111769726
111769727
111769728
111769729
111769730
111769731
111769732
111769733
111769734
111769735
111769736
111769737
111769738
111769739
111769740
111769741
111769742
111769743
111769744
111769745
111769746
111769747
111769748
111769749
111769750
111769751
111769752
111769753
111769754
111769755
111769756
111769757
111769758
111769759
111769760
111769761
111769762
111769763
111769764
111769765
111769766
111769767
111769768
111769769
111769770
111769771
111769772
111769773
111769774
111769775
111769776
111769777
111769778
111769779
111769780
111769781
111769782
111769783
111769784
111769785
111769786
111769787
111769788
111769789
111769790
111769791
111769792
111769793
111769794
111769795
111769796
111769797
111769798
111769799
111769800
111769801
111769802
111769803
111769804
111769805
111769806
111769807
111769808
111769809
111769810
111769811
111769812
111769813
111769814
111769815
111769816
111769817
111769818
111769819
111769820
111769821
111769822
111769823
111769824
111769825
111769826
111769827
111769828
111769829
111769830
111769831
111769832
111769833
111769834
111769835
111769836
111769837
111769838
111769839
111769840
111769841
111769842
111769843
111769844
111769845
111769846
111769847
111769848
111769849
111769850
111769851
111769852
111769853
111769854
111769855
111769856
111769857
111769858
111769859
111769860
111769861
111769862
111769863
111769864
111769865
111769866
111769867
111769868
111769869
111769871
111769872
111769873
111769874
111769875
111769876
111769877
111769888
111769889
111769890
111769891
111769893
111769894
111769895
111769896
111769897
111769898
111769900
111769901
111769903
111769904
111769906
111769909
111769910
111769911
111769914
111769915
111769917
111769918
111769919
111769920
111769921
111769923
111769926
111769928
111769929
111769933
111769935
111769936
111769940
111769943
111769947
111769949
111769951
111769952
111769953
111769954
111769955
111769956
111769957
111769958
111769959
111769960
111769961
111769962
111769963
111769964
111769965
111769966
111769967
111769968
111769969
111769970
111769971
111769972
111769974
111769976
111769977
111769978
111769979
111769980
111769981
111769982
111769983
111769984
111769985
111769986
111769987
111769988
111769990
111769991
111769992
111769993
111769994
111769995
111769996
111769997
111769998
111769999
111770000
111770001
111770002
111770003
111770004
111770005
111770006
111770007
111770008
111770009
111770010
111770011
111770012
111770013
111770014
111770015
111770017
111770018
111770019
111770020
111770021
111770022
111770023
111770024
111770025
111770026
111770027
111770028
111770029
111770030
111770031
111770032
111770033
111770034
111770035
111770036
111770037
111770038
111770039
111770040
111770041
111770042
111770043
111770044
111770045
111770046
111770047
111770048
111770049
111770050
111770051
111770052
111770053
111770056
111770057
111770060
111770061
111770062
111770064
111770065
111770066
111770067
111770068
111770069
111770070
111770071
111770072
111770073
111770074
111770075
111770076
111770077
111770078
111770079
111770080
111770081
111770082
111770083
111770084
111770085
111770086
111770087
111770088
111770089
111770090
111770091
111770092
111770094
111770095
111770096
111770097
111770098
111770099
111770100
111770101
111770102
111770103
111770104
111770105
111770106
111770107
111770108
111770109
111770110
111770111
111770112
111770113
111770114
111770115
111770116
111770117
111770118
111770119
111770120
111770121
111770122
111770123
111770124
111770125
111770126
111770127
111770128
111770129
111770130
111770131
111770132
111770134
111770135
111770136
111770137
111770138
111770139
111770140
111770141
111770142
111770143
111770145
111770146
111770147
111770148
111770149
111770151
111770152
111770153
111770154
111770155
111770156
111770157
111770158
111770159
111770160
111770161
111770162
111770163
111770164
111770165
111770166
111770167
111770168
111770169
111770170
111770171
111770172
111770173
111770174
111770175
111770176
111770177
111770178
111770179
111770180
111770181
111770182
111770183
111770184
111770185
111770186
111770187
111770188
111770189
111770190
111770191
111770192
111770193
111770194
111770196
111770197
111770198
111770199
111770200
111770201
111770202
111770203
111770204
111770205
111770206
111770207
111770208
111770209
111770210
111770211
111770212
111770213
111770214
111770215
111770216
111770217
111770218
111770219
111770220
111770221
111770222
111770223
111770225
111770226
111770227
111770228
111770229
111770230
111770231
111770232
111770233
111770234
111770235
111770236
111770237
111770238
111770239
111770240
111770241
111770242
111770243
111770244
111770245
111770246
111770247
111770248
111770250
111770251
111770252
111770253
111770254
111770255
111770256
111770257
111770258
111770259
111770260
111770261
111770262
111770263
111770264
111770265
111770266
111770268
111770269
111770270
111770271
111770272
111770273
111770274
111770275
111770276
111770277
111770278
111770279
111770280
111770281
111770282
111770283
111770284
111770285
111770286
111770287
111770289
111770290
111770291
111770292
111770293
111770294
111770295
111770296
111770297
111770298
111770299
111770300
111770301
111770302
111770303
111770304
111770305
111770306
111770307
111770308
111770309
111770310
111770311
111770312
111770313
111770314
111770315
111770316
111770317
111770318
111770319
111770320
111770321
111770322
111770323
111770324
111770325
111770326
111770328
111770329
111770330
111770331
111770332
111770333
111770334
111770335
111770336
111770337
111770338
111770339
111770340
111770341
111770342
111770343
111770345
111770346
111770347
111770348
111770349
111770350
111770351
111770352
111770353
111770354
111770355
111770356
111770357
111770358
111770359
111770360
111770361
111770362
111770363
111770364
111770365
111770366
111770367
111770368
111770369
111770370
111770371
111770372
111770373
111770374
111770375
111770376
111770377
111770378
111770379
111770380
111770381
111770382
111770383
111770384
111770385
111770386
111770387
111770388
111770389
111770390
111770391
111770392
111770394
111770395
111770396
111770397
111770398
111770399
111770400
111770401
111770402
111770403
111770404
111770405
111770406
111770407
111770408
111770409
111770410
111770411
111770412
111770413
111770414
111770415
111770416
111770417
111770418
111770419
111770420
111770421
111770422
111770423
111770424
111770425
111770426
111770428
111770429
111770430
111770431
111770432
111770433
111770436
111770437
111770438
111770439
111770440
111770441
111770442
111770443
111770444
111770445
111770446
111770447
111770448
111770449
111770450
111770451
111770452
111770453
111770455
111770456
111770457
111770459
111770460
111770461
111770462
111770463
111770464
111770465
111770466
111770467
111770468
111770469
111770470
111770471
111770472
111770473
111770476
111770477
111770478
111770479
111770480
111770481
111770482
111770483
111770484
111770485
111770486
111770487
111770488
111770489
111770490
111770491
111770492
111770493
111770494
111770495
111770496
111770497
111770498
111770499
111770500
111770501
111770502
111770503
111770504
111770505
111770506
111770507
111770508
111770509
111770510
111770511
111770512
111770513
111770514
111770515
111770516
111770517
111770518
111770519
111770520
111770521
111770522
111770523
111770524
111770525
111770526
111770527
111770528
111770529
111770530
111770531
111770532
111770533
111770534
111770535
111770536
111770537
111770538
111770539
111770540
111770541
111770542
111770543
111770544
111770545
111770546
111770547
111770548
111770549
111770550
111770551
111770552
111770553
111770554
111770555
111770556
111770559
111770560
111770561
111770562
111770563
111770564
111770565
111770566
111770567
111770568
111770569
111770570
111770571
111770572
111770573
111770574
111770575
111770576
111770577
111770578
111770579
111770580
111770581
111770582
111770583
111770584
111770585
111770586
111770587
111770589
111770590
111770591
111770592
111770593
111770594
111770595
111770596
111770597
111770598
111770599
111770600
111770601
111770602
111770603
111770604
111770605
111770606
111770607
111770608
111770609
111770610
111770611
111770612
111770613
111770614
111770615
111770616
111770617
111770618
111770619
111770621
111770622
111770623
111770624
111770627
111770628
111770629
111770630
111770631
111770634
111770635
111770636
111770637
111770640
111770641
111770642
111770644
111770645
111770646
111770647
111770648
111770649
111770650
111770651
111770652
111770654
111770655
111770656
111770657
111770658
111770660
111770661
111770662
111770663
111770664
111770665
111770666
111770667
111770668
111770669
111770670
111770671
111770672
111770673
111770674
111770675
111770676
111770677
111770679
111770680
111770681
111770682
111770683
111770684
111770685
111770686
111770688
111770689
111770690
111770691
111770692
111770693
111770694
111770695
111770696
111770697
111770698
111770699
111770700
111770701
111770702
111770704
111770705
111770706
111770707
111770708
111770711
111770712
111770713
111770714
111770715
111770716
111770717
111770718
111770719
111770720
111770721
111770722
111770723
111770724
111770725
111770726
111770727
111770728
111770729
111770730
111770731
111770732
111770733
111770734
111770735
111770736
111770737
111770740
111770741
111770742
111770743
111770744
111770745
111770746
111770747
111770748
111770749
111770750
111770751
111770752
111770754
111770755
111770756
111770757
111770758
111770759
111770760
111770761
111770762
111770763
111770766
111770767
111770768
111770769
111770770
111770771
111770772
111770773
111770774
111770775
111770776
111770777
111770778
111770779
111770780
111770781
111770783
111770784
111770785
111770786
111770787
111770788
111770790
111770791
111770792
111770793
111770794
111770795
111770796
111770798
111770799
111770800
111770801
111770802
111770803
111770804
111770805
111770806
111770807
111770808
111770809
111770810
111770811
111770812
111770813
111770814
111770815
111770816
111770817
111770818
111770819
111770820
111770821
111770822
111770823
111770824
111770825
111770826
111770827
111770828
111770829
111770830
111770831
111770832
111770833
111770834
111770835
111770836
111770837
111770838
111770839
111770840
111770841
111770842
111770844
111770845
111770847
111770848
111770849
111770850
111770851
111770852
111770853
111770854
111770855
111770856
111770857
111770858
111770859
111770860
111770861
111770862
111770863
111770864
111770865
111770866
111770867
111770868
111770869
111770870
111770871
111770872
111770873
111770874
111770875
111770876
111770877
111770878
111770879
111770880
111770881
111770882
111770883
111770884
111770885
111770886
111770887
111770888
111770889
111770890
111770891
111770892
111770893
111770894
111770895
111770896
111770897
111770898
111770899
111770900
111770901
111770902
111770903
111770904
111770905
111770906
111770907
111770908
111770909
111770910
111770911
111770912
111770913
111770914
111770915
111770916
111770917
111770918
111770919
111770920
111770921
111770922
111770923
111770924
111770925
111770926
111770927
111770928
111770929
111770930
111770931
111770932
111770933
111770934
111770935
111770936
111770937
111770938
111770939
111770940
111770942
111770943
111770944
111770945
111770946
111770947
111770948
111770949
111770950
111770951
111770952
111770953
111770954
111770955
111770956
111770957
111770958
111770959
111770960
111770961
111770962
111770963
111770964
111770965
111770966
111770967
111770968
111770970
111770971
111770972
111770973
111770974
111770975
111770976
111770977
111770978
111770979
111770980
111770981
111770982
111770983
111770984
111770985
111770987
111770988
111770989
111770990
111770991
111770992
111770993
111770994
111770995
111770996
111770997
111770998
111770999
111771000
111771001
111771002
111771003
111771004
111771005
111771006
111771007
111771008
111771009
111771010
111771011
111771012
111771013
111771014
111771015
111771016
111771017
111771018
111771019
111771020
111771021
111771022
111771023
111771024
111771025
111771027
111771028
111771029
111771030
111771031
111771032
111771033
111771034
111771035
111771036
111771037
111771038
111771039
111771040
111771041
111771042
111771043
111771044
111771045
111771046
111771047
111771048
111771049
111771050
111771051
111771052
111771053
111771054
111771055
111771056
111771057
111771058
111771059
111771060
111771061
111771062
111771063
111771064
111771065
111771066
111771067
111771069
111771070
111771071
111771072
111771073
111771074
111771076
111771077
111771078
111771079
111771080
111771081
111771082
111771083
111771084
111771085
111771086
111771087
111771088
111771089
111771090
111771091
111771092
111771093
111771094
111771095
111771096
111771097
111771098
111771099
111771100
111771101
111771102
111771103
111771104
111771105
111771106
111771107
111771108
111771109
111771110
111771111
111771112
111771113
111771114
111771115
111771116
111771117
111771118
111771119
111771120
111771121
111771122
111771123
111771124
111771125
111771126
111771127
111771128
111771129
111771130
111771131
111771132
111771133
111771134
111771135
111771136
111771137
111771138
111771139
111771140
111771141
111771142
111771143
111771144
111771145
111771146
111771147
111771148
111771149
111771150
111771151
111771152
111771153
111771154
111771155
111771156
111771157
111771161
111771162
111771163
111771164
111771165
111771166
111771167
111771168
111771169
111771170
111771172
111771177
111771179
111771180
111771181
111771182
111771183
111771184
111771185
111771186
111771187
111771188
111771189
111771190
111771191
111771192
111771193
111771194
111771195
111771196
111771197
111771198
111771199
111771200
111771201
111771202
111771203
111771204
111771205
111771206
111771207
111771208
111771209
111771210
111771211
111771212
111771213
111771214
111771215
111771216
111771217
111771218
111771219
111771220
111771221
111771222
111771223
111771224
111771225
111771226
111771227
111771228
111771229
111771230
111771231
111771232
111771233
111771234
111771235
111771236
111771237
111771238
111771239
111771240
111771241
111771242
111771243
111771244
111771245
111771246
111771247
111771248
111771249
111771250
111771251
111771252
111771253
111771255
111771256
111771257
111771258
111771259
111771260
111771261
111771262
111771263
111771264
111771265
111771266
111771267
111771268
111771269
111771270
111771271
111771272
111771273
111771274
111771275
111771278
111771279
111771280
111771281
111771282
111771283
111771284
111771285
111771286
111771287
111771288
111771289
111771290
111771291
111771292
111771293
111771294
111771295
111771296
111771297
111771298
111771299
111771300
111771302
111771303
111771304
111771305
111771306
111771307
111771308
111771309
111771311
111771312
111771313
111771314
111771315
111771316
111771317
111771318
111771319
111771320
111771321
111771322
111771323
111771324
111771325
111771326
111771328
111771329
111771330
111771331
111771332
111771333
111771334
111771335
111771336
111771337
111771338
111771339
111771340
111771341
111771342
111771343
111771344
111771345
111771346
111771348
111771349
111771350
111771351
111771352
111771353
111771354
111771355
111771356
111771357
111771358
111771359
111771360
111771361
111771362
111771363
111771364
111771365
111771366
111771367
111771368
111771369
111771371
111771372
111771373
111771374
111771375
111771376
111771377
111771378
111771379
111771380
111771381
111771382
111771383
111771384
111771385
111771386
111771387
111771388
111771389
111771390
111771391
111771392
111771393
111771395
111771396
111771397
111771398
111771399
111771400
111771401
111771403
111771405
111771406
111771407
111771408
111771409
111771410
111771411
111771412
111771413
111771415
111771417
111771418
111771419
111771420
111771421
111771422
111771423
111771424
111771425
111771426
111771427
111771428
111771429
111771430
111771431
111771432
111771433
111771434
111771435
111771436
111771437
111771438
111771439
111771440
111771442
111771443
111771444
111771445
111771446
111771447
111771448
111771449
111771450
111771451
111771452
111771453
111771454
111771455
111771456
111771457
111771458
111771459
111771460
111771461
111771462
111771463
111771464
111771465
111771466
111771467
111771468
111771469
111771470
111771471
111771472
111771473
111771474
111771475
111771476
111771478
111771479
111771481
111771483
111771484
111771486
111771487
111771488
111771489
111771490
111771491
111771492
111771493
111771494
111771495
111771496
111771497
111771500
111771501
111771502
111771503
111771504
111771505
111771506
111771507
111771508
111771509
111771510
111771511
111771512
111771513
111771514
111771515
111771517
111771518
111771519
111771520
111771521
111771522
111771523
111771524
111771525
111771526
111771527
111771528
111771530
111771531
111771532
111771533
111771535
111771538
111771539
111771540
111771541
111771543
111771544
111771545
111771546
111771547
111771548
111771549
111771550
111771552
111771553
111771554
111771555
111771556
111771557
111771558
111771560
111771561
111771562
111771563
111771564
111771565
111771566
111771567
111771568
111771569
111771570
111771571
111771572
111771573
111771575
111771576
111771577
111771578
111771579
111771580
111771581
111771582
111771583
111771584
111771585
111771586
111771587
111771588
111771589
111771590
111771591
111771592
111771593
111771594
111771595
111771596
111771597
111771598
111771599
111771600
111771601
111771602
111771603
111771605
111771606
111771608
111771609
111771610
111771612
111771613
111771614
111771615
111771616
111771617
111771618
111771619
111771620
111771621
111771622
111771623
111771624
111771625
111771626
111771627
111771628
111771629
111771630
111771631
111771632
111771633
111771634
111771635
111771637
111771638
111771639
111771640
111771641
111771642
111771643
111771644
111771648
111771649
111771651
111771652
111771654
111771655
111771656
111771657
111771658
111771659
111771660
111771661
111771662
111771663
111771664
111771665
111771666
111771667
111771668
111771669
111771670
111771671
111771672
111771673
111771674
111771675
111771676
111771677
111771678
111771679
111771680
111771681
111771682
111771683
111771684
111771685
111771686
111771687
111771688
111771689
111771690
111771691
111771692
111771693
111771694
111771695
111771696
111771697
111771698
111771699
111771700
111771701
111771702
111771703
111771704
111771705
111771706
111771707
111771708
111771709
111771713
111771714
111771715
111771716
111771717
111771718
111771719
111771720
111771721
111771722
111771723
111771724
111771725
111771726
111771727
111771728
111771729
111771730
111771731
111771732
111771733
111771734
111771735
111771736
111771737
111771738
111771739
111771740
111771741
111771742
111771743
111771744
111771745
111771746
111771747
111771748
111771749
111771750
111771751
111771752
111771753
111771754
111771755
111771756
111771757
111771758
111771759
111771761
111771762
111771763
111771764
111771765
111771766
111771767
111771768
111771769
111771770
111771771
111771772
111771773
111771774
111771775
111771776
111771777
111771778
111771779
111771780
111771781
111771782
111771783
111771784
111771785
111771786
111771787
111771788
111771789
111771790
111771791
111771792
111771794
111771795
111771796
111771797
111771798
111771799
111771800
111771801
111771802
111771803
111771804
111771805
111771806
111771807
111771808
111771809
111771810
111771811
111771812
111771813
111771814
111771815
111771816
111771817
111771818
111771819
111771820
111771821
111771822
111771823
111771824
111771825
111771826
111771827
111771828
111771829
111771830
111771831
111771832
111771833
111771835
111771837
111771838
111771840
111771841
111771842
111771843
111771844
111771845
111771846
111771848
111771849
111771850
111771851
111771852
111771853
111771854
111771855
111771856
111771857
111771858
111771859
111771860
111771861
111771862
111771863
111771864
111771865
111771866
111771867
111771868
111771869
111771870
111771871
111771872
111771873
111771876
111771877
111771881
111771882
111771883
111771884
111771885
111771886
111771887
111771888
111771889
111771890
111771891
111771892
111771893
111771894
111771895
111771896
111771897
111771898
111771899
111771900
111771901
111771902
111771903
111771904
111771905
111771906
111771907
111771908
111771909
111771910
111771911
111771912
111771913
111771914
111771915
111771916
111771917
111771918
111771919
111771920
111771921
111771923
111771924
111771925
111771926
111771927
111771928
111771929
111771930
111771932
111771933
111771934
111771935
111771936
111771937
111771938
111771939
111771940
111771941
111771942
111771943
111771944
111771945
111771946
111771947
111771948
111771949
111771950
111771951
111771952
111771958
111771959
111771960
111771963
111771965
111771966
111771967
111771968
111771969
111771970
111771971
111771973
111771974
111771976
111771983
111771984
111771985
111771986
111771987
111771988
111771989
111771990
111771991
111771992
111771993
111771994
111771995
111771996
111771997
111771998
111771999
111772002
111772004
111772005
111772011
111772012
111772013
111772014
111772015
111772016
111772017
111772018
111772019
111772021
111772022
111772023
111772024
111772025
111772026
111772027
111772028
111772029
111772030
111772031
111772032
111772033
111772036
111772037
111772038
111772039
111772040
111772041
111772042
111772043
111772044
111772045
111772046
111772049
111772051
111772052
111772053
111772055
111772056
111772058
111772059
111772060
111772062
111772063
111772064
111772065
111772066
111772067
111772068
111772069
111772070
111772071
111772072
111772073
111772074
111772075
111772076
111772077
111772078
111772079
111772080
111772081
111772082
111772087
111772088
111772089
111772090
111772091
111772092
111772093
111772094
111772095
111772096
111772097
111772098
111772100
111772101
111772102
111772103
111772104
111772106
111772107
111772108
111772109
111772110
111772111
111772112
111772113
111772114
111772115
111772116
111772117
111772118
111772119
111772120
111772121
111772122
111772123
111772124
111772125
111772126
111772127
111772128
111772129
111772130
111772131
111772132
111772133
111772134
111772136
111772137
111772139
111772140
111772143
111772144
111772145
111772146
111772147
111772148
111772149
111772150
111772151
111772152
111772153
111772154
111772155
111772156
111772157
111772158
111772159
111772160
111772161
111772162
111772163
111772164
111772165
111772166
111772167
111772168
111772169
111772170
111772171
111772172
111772173
111772174
111772175
111772176
111772177
111772178
111772179
111772180
111772181
111772182
111772183
111772184
111772185
111772187
111772188
111772189
111772190
111772191
111772192
111772193
111772196
111772197
111772198
111772199
111772201
111772202
111772203
111772204
111772205
111772206
111772207
111772208
111772209
111772210
111772211
111772212
111772213
111772214
111772215
111772216
111772217
111772218
111772219
111772220
111772221
111772222
111772223
111772224
111772235
111772236
111772237
111772238
111772239
111772240
111772241
111772242
111772243
111772244
111772245
111772246
111772247
111772248
111772249
111772250
111772251
111772252
111772253
111772254
111772255
111772256
111772257
111772258
111772259
111772260
111772261
111772262
111772263
111772264
111772269
111772270
111772271
111772272
111772273
111772274
111772275
111772276
111772277
111772278
111772279
111772280
111772281
111772282
111772283
111772284
111772287
111772288
111772289
111772290
111772291
111772292
111772293
111772294
111772295
111772296
111772297
111772298
111772299
111772300
111772301
111772302
111772303
111772304
111772305
111772306
111772307
111772308
111772309
111772310
111772311
111772312
111772313
111772315
111772316
111772317
111772318
111772319
111772320
111772321
111772322
111772323
111772324
111772325
111772326
111772327
111772328
111772329
111772330
111772331
111772332
111772335
111772336
111772337
111772338
111772339
111772340
111772342
111772343
111772344
111772345
111772346
111772347
111772348
111772349
111772350
111772351
111772352
111772353
111772354
111772355
111772359
111772360
111772361
111772362
111772363
111772364
111772365
111772366
111772367
111772368
111772369
111772370
111772371
111772372
111772373
111772374
111772375
111772376
111772377
111772378
111772379
111772380
111772381
111772382
111772383
111772384
111772385
111772386
111772387
111772388
111772389
111772390
111772391
111772392
111772393
111772394
111772395
111772396
111772397
111772398
111772401
111772403
111772404
111772405
111772407
111772408
111772409
111772410
111772411
111772412
111772413
111772414
111772415
111772417
111772418
111772419
111772420
111772421
111772423
111772424
111772425
111772426
111772429
111772430
111772432
111772433
111772435
111772436
111772437
111772438
111772439
111772440
111772441
111772442
111772443
111772444
111772445
111772446
111772447
111772448
111772449
111772450
111772451
111772452
111772453
111772454
111772455
111772456
111772457
111772458
111772459
111772460
111772461
111772462
111772463
111772464
111772465
111772466
111772467
111772468
111772469
111772470
111772471
111772472
111772473
111772475
111772477
111772479
111772481
111772482
111772483
111772484
111772486
111772487
111772488
111772489
111772490
111772491
111772492
111772493
111772494
111772495
111772496
111772497
111772498
111772499
111772500
111772501
111772502
111772503
111772504
111772505
111772506
111772507
111772508
111772509
111772510
111772511
111772512
111772513
111772514
111772515
111772517
111772518
111772519
111772520
111772521
111772522
111772523
111772524
111772525
111772526
111772527
111772528
111772529
111772530
111772532
111772533
111772534
111772535
111772536
111772537
111772538
111772539
111772540
111772541
111772542
111772544
111772545
111772546
111772547
111772548
111772549
111772550
111772551
111772552
111772553
111772554
111772555
111772557
111772558
111772559
111772560
111772561
111772562
111772563
111772564
111772565
111772566
111772567
111772568
111772569
111772570
111772571
111772572
111772573
111772574
111772575
111772576
111772577
111772578
111772579
111772580
111772581
111772582
111772583
111772585
111772586
111772588
111772589
111772590
111772591
111772592
111772593
111772594
111772595
111772596
111772597
111772598
111772599
111772600
111772601
111772603
111772604
111772605
111772606
111772607
111772608
111772609
111772610
111772611
111772612
111772613
111772614
111772615
111772616
111772617
111772618
111772619
111772620
111772621
111772622
111772623
111772624
111772625
111772626
111772627
111772628
111772629
111772630
111772631
111772632
111772633
111772634
111772635
111772636
111772637
111772638
111772639
111772640
111772641
111772642
111772643
111772644
111772645
111772646
111772647
111772648
111772649
111772650
111772651
111772652
111772653
111772654
111772655
111772656
111772657
111772658
111772659
111772660
111772661
111772662
111772663
111772664
111772665
111772666
111772667
111772668
111772669
111772670
111772671
111772672
111772673
111772674
111772675
111772676
111772677
111772678
111772679
111772680
111772681
111772682
111772683
111772684
111772685
111772686
111772687
111772688
111772690
111772691
111772692
111772693
111772694
111772695
111772696
111772697
111772698
111772699
111772700
111772701
111772702
111772703
111772704
111772706
111772707
111772708
111772709
111772710
111772711
111772712
111772713
111772714
111772715
111772716
111772717
111772718
111772719
111772720
111772721
111772722
111772723
111772724
111772726
111772727
111772728
111772729
111772730
111772732
111772733
111772734
111772735
111772736
111772737
111772738
111772740
111772741
111772742
111772743
111772744
111772745
111772746
111772747
111772748
111772749
111772750
111772751
111772752
111772753
111772754
111772755
111772756
111772757
111772758
111772759
111772760
111772761
111772762
111772763
111772764
111772765
111772766
111772767
111772768
111772769
111772770
111772771
111772772
111772773
111772774
111772775
111772776
111772777
111772778
111772779
111772780
111772781
111772782
111772783
111772784
111772785
111772786
111772787
111772788
111772789
111772790
111772791
111772792
111772794
111772795
111772796
111772797
111772798
111772799
111772800
111772801
111772802
111772803
111772804
111772805
111772806
111772807
111772808
111772809
111772810
111772811
111772812
111772813
111772814
111772815
111772816
111772817
111772818
111772819
111772822
111772823
111772824
111772827
111772828
111772829
111772830
111772831
111772832
111772833
111772834
111772835
111772836
111772837
111772838
111772839
111772840
111772841
111772842
111772843
111772844
111772845
111772846
111772847
111772848
111772849
111772850
111772851
111772852
111772853
111772855
111772856
111772857
111772858
111772859
111772860
111772861
111772862
111772863
111772864
111772865
111772866
111772867
111772868
111772870
111772871
111772872
111772873
111772874
111772875
111772876
111772877
111772878
111772879
111772880
111772881
111772882
111772883
111772884
111772885
111772886
111772888
111772889
111772890
111772891
111772892
111772893
111772894
111772895
111772896
111772897
111772898
111772899
111772900
111772901
111772902
111772903
111772904
111772905
111772906
111772908
111772909
111772910
111772911
111772912
111772913
111772914
111772915
111772916
111772917
111772918
111772919
111772920
111772921
111772922
111772924
111772925
111772926
111772927
111772928
111772929
111772930
111772931
111772932
111772933
111772934
111772935
111772936
111772937
111772938
111772939
111772940
111772941
111772942
111772943
111772944
111772945
111772946
111772947
111772948
111772949
111772950
111772951
111772952
111772953
111772954
111772955
111772956
111772957
111772958
111772959
111772960
111772961
111772962
111772963
111772964
111772965
111772966
111772967
111772968
111772969
111772970
111772971
111772972
111772973
111772975
111772976
111772977
111772978
111772979
111772980
111772983
111772984
111772985
111772986
111772987
111772988
111772989
111772990
111772991
111772992
111772993
111772994
111772995
111772997
111772998
111772999
111773000
111773001
111773002
111773003
111773004
111773005
111773006
111773007
111773008
111773009
111773010
111773011
111773012
111773013
111773014
111773015
111773016
111773017
111773018
111773019
111773020
111773021
111773022
111773023
111773024
111773025
111773026
111773027
111773028
111773029
111773030
111773031
111773032
111773033
111773034
111773035
111773036
111773037
111773038
111773039
111773040
111773041
111773042
111773043
111773044
111773045
111773046
111773047
111773048
111773049
111773050
111773051
111773052
111773053
111773054
111773055
111773056
111773057
111773058
111773059
111773060
111773061
111773062
111773063
111773064
111773071
111773075
111773076
111773077
111773078
111773079
111773080
111773081
111773082
111773083
111773084
111773085
111773086
111773087
111773088
111773089
111773090
111773091
111773092
111773093
111773094
111773095
111773097
111773098
111773099
111773101
111773102
111773103
111773104
111773105
111773106
111773107
111773108
111773109
111773110
111773111
111773112
111773113
111773114
111773115
111773116
111773117
111773118
111773119
111773120
111773121
111773122
111773124
111773125
111773126
111773127
111773128
111773129
111773130
111773131
111773132
111773133
111773134
111773135
111773136
111773137
111773138
111773139
111773140
111773141
111773142
111773143
111773144
111773145
111773146
111773147
111773148
111773149
111773150
111773151
111773152
111773153
111773154
111773155
111773156
111773157
111773158
111773159
111773160
111773162
111773163
111773164
111773165
111773166
111773167
111773168
111773169
111773170
111773171
111773172
111773173
111773174
111773175
111773176
111773177
111773178
111773179
111773180
111773181
111773182
111773183
111773184
111773185
111773186
111773187
111773188
111773190
111773191
111773192
111773193
111773194
111773195
111773196
111773197
111773198
111773199
111773200
111773202
111773203
111773204
111773205
111773206
111773207
111773208
111773209
111773210
111773211
111773212
111773213
111773214
111773215
111773216
111773217
111773218
111773219
111773220
111773221
111773223
111773224
111773225
111773226
111773227
111773228
111773229
111773230
111773231
111773232
111773233
111773234
111773235
111773236
111773237
111773238
111773240
111773241
111773242
111773243
111773245
111773246
111773247
111773248
111773249
111773250
111773251
111773252
111773253
111773254
111773255
111773256
111773257
111773258
111773259
111773260
111773261
111773262
111773263
111773264
111773265
111773266
111773267
111773268
111773269
111773270
111773271
111773272
111773273
111773274
111773275
111773276
111773277
111773278
111773279
111773280
111773281
111773282
111773283
111773285
111773286
111773287
111773288
111773289
111773290
111773291
111773292
111773293
111773294
111773295
111773296
111773297
111773298
111773299
111773300
111773301
111773302
111773303
111773304
111773305
111773306
111773307
111773308
111773309
111773310
111773311
111773312
111773313
111773314
111773315
111773316
111773317
111773318
111773319
111773320
111773321
111773322
111773323
111773324
111773325
111773326
111773327
111773328
111773329
111773330
111773331
111773332
111773333
111773334
111773335
111773336
111773337
111773338
111773339
111773340
111773341
111773342
111773343
111773344
111773345
111773346
111773347
111773348
111773349
111773350
111773351
111773352
111773353
111773354
111773355
111773356
111773357
111773358
111773359
111773377
111773379
111773380
111773381
111773382
111773383
111773384
111773385
111773386
111773387
111773388
111773389
111773390
111773391
111773392
111773393
111773394
111773395
111773396
111773397
111773398
111773399
111773400
111773401
111773402
111773403
111773404
111773405
111773406
111773407
111773408
111773409
111773410
111773411
111773412
111773413
111773415
111773416
111773417
111773418
111773419
111773420
111773421
111773422
111773423
111773424
111773425
111773426
111773427
111773428
111773429
111773430
111773432
111773433
111773434
111773435
111773436
111773437
111773438
111773439
111773440
111773441
111773442
111773443
111773444
111773445
111773446
111773447
111773448
111773449
111773450
111773451
111773452
111773453
111773454
111773455
111773456
111773457
111773459
111773460
111773461
111773462
111773463
111773464
111773465
111773466
111773467
111773468
111773469
111773470
111773471
111773472
111773473
111773474
111773475
111773476
111773477
111773478
111773479
111773480
111773481
111773482
111773483
111773484
111773485
111773486
111773487
111773488
111773489
111773490
111773491
111773492
111773493
111773494
111773495
111773496
111773497
111773498
111773499
111773500
111773501
111773502
111773503
111773504
111773505
111773506
111773507
111773508
111773509
111773510
111773511
111773512
111773513
111773514
111773515
111773516
111773517
111773518
111773519
111773520
111773521
111773522
111773523
111773524
111773525
111773526
111773527
111773528
111773529
111773530
111773531
111773532
111773535
111773536
111773539
111773540
111773541
111773542
111773543
111773544
111773545
111773547
111773548
111773549
111773550
111773551
111773552
111773553
111773554
111773555
111773556
111773557
111773558
111773559
111773560
111773561
111773562
111773563
111773564
111773565
111773566
111773567
111773568
111773569
111773570
111773571
111773572
111773574
111773575
111773576
111773578
111773579
111773580
111773581
111773582
111773583
111773584
111773585
111773586
111773587
111773588
111773589
111773590
111773591
111773592
111773593
111773594
111773595
111773596
111773597
111773598
111773599
111773600
111773601
111773602
111773603
111773604
111773605
111773606
111773607
111773608
111773609
111773610
111773611
111773612
111773613
111773614
111773615
111773616
111773617
111773618
111773619
111773620
111773621
111773622
111773623
111773624
111773625
111773626
111773627
111773628
111773629
111773630
111773632
111773633
111773634
111773635
111773636
111773637
111773638
111773639
111773640
111773641
111773642
111773643
111773644
111773645
111773646
111773647
111773648
111773649
111773650
111773651
111773652
111773653
111773654
111773655
111773656
111773657
111773659
111773660
111773661
111773662
111773663
111773664
111773665
111773666
111773667
111773668
111773669
111773670
111773671
111773672
111773673
111773674
111773675
111773676
111773677
111773678
111773679
111773680
111773681
111773682
111773683
111773684
111773685
111773686
111773687
111773688
111773689
111773690
111773691
111773692
111773693
111773694
111773695
111773696
111773697
111773698
111773699
111773700
111773701
111773702
111773703
111773704
111773705
111773706
111773707
111773708
111773709
111773710
111773711
111773712
111773783
111773784
111773785
111773786
111773787
111773788
111773789
111773790
111773791
111773792
111773793
111773794
111773796
111773797
111773798
111773799
111773800
111773801
111773802
111773803
111773804
111773808
111773809
111773813
111773814
111773815
111773816
111773817
111773818
111773819
111773820
111773821
111773822
111773823
111773824
111773825
111773826
111773827
111773828
111773829
111773830
111773831
111773832
111773833
111773834
111773835
111773836
111773837
111773838
111773839
111773840
111773841
111773842
111773844
111773845
111773846
111773847
111773849
111773850
111773851
111773852
111773853
111773854
111773855
111773856
111773857
111773858
111773859
111773860
111773861
111773862
111773863
111773864
111773865
111773866
111773867
111773868
111773869
111773871
111773872
111773873
111773875
111773877
111773878
111773882
111773883
111773884
111773885
111773886
111773887
111773888
111773889
111773890
111773891
111773892
111773893
111773894
111773895
111773896
111773897
111773898
111773899
111773900
111773901
111773902
111773903
111773904
111773905
111773906
111773907
111773908
111773909
111773911
111773912
111773913
111773914
111773915
111773916
111773917
111773918
111773919
111773920
111773921
111773922
111773923
111773924
111773926
111773927
111773928
111773929
111773930
111773931
111773932
111773933
111773934
111773935
111773936
111773937
111773938
111773939
111773940
111773941
111773943
111773944
111773945
111773946
111773947
111773948
111773949
111773950
111773951
111773952
111773953
111773954
111773955
111773956
111773957
111773958
111773959
111773960
111773961
111773962
111773963
111773964
111773965
111773966
111773967
111773968
111773969
111773970
111773971
111773972
111773973
111773974
111773975
111773977
111773978
111773979
111773980
111773983
111773984
111773985
111773986
111773987
111773988
111773989
111773990
111773991
111773992
111773994
111773995
111773996
111773997
111773999
111774000
111774001
111774002
111774003
111774004
111774005
111774006
111774007
111774008
111774009
111774010
111774011
111774012
111774013
111774014
111774015
111774016
111774017
111774018
111774019
111774020
111774021
111774022
111774023
111774024
111774025
111774026
111774027
111774028
111774029
111774030
111774031
111774032
111774033
111774034
111774035
111774036
111774038
111774040
111774041
111774042
111774043
111774044
111774045
111774046
111774047
111774048
111774056
111774057
111774058
111774059
111774060
111774061
111774062
111774063
111774064
111774065
111774066
111774067
111774068
111774069
111774070
111774071
111774072
111774073
111774074
111774075
111774076
111774077
111774078
111774079
111774080
111774081
111774082
111774083
111774084
111774085
111774086
111774087
111774088
111774089
111774090
111774091
111774092
111774095
111774096
111774097
111774098
111774099
111774100
111774101
111774102
111774103
111774104
111774105
111774106
111774107
111774108
111774110
111774111
111774112
111774113
111774114
111774115
111774116
111774120
111774121
111774122
111774123
111774124
111774125
111774126
111774128
111774129
111774130
111774132
111774133
111774134
111774137
111774138
111774139
111774140
111774141
111774142
111774143
111774144
111774145
111774146
111774150
111774153
111774157
111774158
111774160
111774163
111774165
111774170
111774179
111774180
111774185
111774186
111774188
111774190
111774191
111774193
111774194
111774195
111774196
111774197
111774198
111774199
111774201
111774205
111774206
111774207
111774208
111774209
111774210
111774211
111774212
111774213
111774214
111774215
111774216
111774217
111774218
111774220
111774221
111774222
111774223
111774225
111774226
111774227
111774228
111774229
111774231
111774232
111774233
111774234
111774235
111774236
111774237
111774240
111774241
111774242
111774243
111774244
111774245
111774246
111774247
111774248
111774249
111774250
111774251
111774252
111774253
111774254
111774255
111774256
111774257
111774258
111774259
111774260
111774261
111774262
111774263
111774264
111774265
111774266
111774269
111774272
111774273
111774274
111774276
111774277
111774280
111774281
111774282
111774283
111774284
111774285
111774286
111774289
111774290
111774291
111774292
111774293
111774295
111774296
111774301
111774302
111774303
111774304
111774305
111774306
111774307
111774308
111774309
111774310
111774311
111774312
111774313
111774314
111774315
111774316
111774317
111774318
111774319
111774320
111774321
111774322
111774323
111774324
111774325
111774326
111774328
111774329
111774330
111774331
111774332
111774333
111774334
111774335
111774337
111774338
111774339
111774340
111774341
111774342
111774343
111774345
111774347
111774349
111774350
111774351
111774352
111774353
111774354
111774355
111774356
111774357
111774358
111774359
111774360
111774361
111774362
111774363
111774364
111774365
111774366
111774367
111774368
111774369
111774370
111774371
111774372
111774373
111774374
111774375
111774376
111774377
111774378
111774379
111774380
111774381
111774382
111774383
111774384
111774385
111774386
111774387
111774388
111774389
111774390
111774391
111774392
111774393
111774394
111774398
111774399
111774405
111774409
111774410
111774411
111774413
111774416
111774418
111774421
111774422
111774423
111774424
111774425
111774427
111774428
111774432
111774433
111774434
111774435
111774436
111774438
111774439
111774440
111774441
111774442
111774445
111774446
111774447
111774448
111774449
111774450
111774451
111774452
111774453
111774454
111774455
111774456
111774457
111774458
111774459
111774460
111774461
111774462
111774463
111774464
111774465
111774466
111774467
111774468
111774469
111774470
111774471
111774472
111774473
111774474
111774475
111774476
111774477
111774478
111774479
111774480
111774481
111774482
111774483
111774484
111774485
111774486
111774487
111774488
111774489
111774490
111774491
111774492
111774493
111774494
111774495
111774496
111774497
111774498
111774499
111774500
111774501
111774502
111774503
111774504
111774505
111774506
111774507
111774508
111774509
111774510
111774511
111774512
111774513
111774514
111774515
111774516
111774517
111774518
111774519
111774520
111774521
111774522
111774523
111774524
111774525
111774526
111774527
111774528
111774529
111774537
111774538
111774539
111774540
111774541
111774542
111774543
111774544
111774545
111774546
111774547
111774548
111774549
111774550
111774551
111774552
111774553
111774554
111774555
111774556
111774557
111774558
111774559
111774560
111774561
111774562
111774563
111774564
111774565
111774566
111774567
111774568
111774569
111774570
111774571
111774572
111774573
111774574
111774575
111774576
111774577
111774579
111774580
111774581
111774582
111774583
111774584
111774585
111774586
111774587
111774588
111774589
111774590
111774591
111774592
111774593
111774594
111774595
111774596
111774597
111774598
111774599
111774600
111774601
111774602
111774603
111774604
111774605
111774606
111774607
111774608
111774609
111774610
111774611
111774612
111774613
111774614
111774615
111774616
111774617
111774618
111774619
111774620
111774621
111774622
111774623
111774624
111774625
111774626
111774627
111774628
111774629
111774630
111774631
111774632
111774633
111774634
111774635
111774636
111774637
111774638
111774639
111774640
111774641
111774642
111774643
111774644
111774645
111774646
111774647
111774648
111774649
111774650
111774651
111774652
111774653
111774654
111774655
111774656
111774657
111774658
111774659
111774660
111774661
111774662
111774663
111774664
111774665
111774666
111774667
111774668
111774669
111774670
111774671
111774672
111774673
111774674
111774675
111774676
111774677
111774678
111774679
111774680
111774681
111774682
111774683
111774684
111774685
111774686
111774687
111774688
111774689
111774690
111774691
111774692
111774693
111774694
111774695
111774696
111774697
111774698
111774699
111774700
111774701
111774702
111774703
111774704
111774705
111774706
111774707
111774708
111774709
111774710
111774711
111774712
111774713
111774714
111774715
111774716
111774717
111774718
111774719
111774720
111774721
111774722
111774723
111774724
111774725
111774726
111774727
111774728
111774729
111774730
111774731
111774732
111774733
111774734
111774735
111774736
111774737
111774738
111774739
111774740
111774741
111774742
111774743
111774744
111774745
111774746
111774747
111774748
111774749
111774750
111774751
111774752
111774753
111774754
111774755
111774756
111774757
111774758
111774759
111774760
111774761
111774762
111774763
111774764
111774765
111774766
111774767
111774768
111774769
111774770
111774771
111774772
111774773
111774774
111774775
111774776
111774778
111774779
111774780
111774781
111774782
111774783
111774784
111774785
111774786
111774787
111774788
111774789
111774790
111774791
111774792
111774793
111774794
111774795
111774796
111774797
111774798
111774799
111774800
111774802
111774803
111774804
111774805
111774806
111774807
111774808
111774809
111774810
111774811
111774812
111774813
111774814
111774815
111774816
111774817
111774818
111774819
111774820
111774821
111774822
111774823
111774824
111774825
111774826
111774827
111774828
111774829
111774830
111774831
111774832
111774833
111774834
111774835
111774836
111774837
111774838
111774839
111774840
111774841
111774842
111774843
111774844
111774845
111774846
111774847
111774848
111774849
111774850
111774851
111774852
111774853
111774854
111774855
111774856
111774857
111774858
111774859
111774860
111774861
111774862
111774863
111774864
111774865
111774866
111774867
111774868
111774869
111774870
111774871
111774878
111774879
111774880
111774881
111774882
111774883
111774884
111774885
111774886
111774887
111774888
111774889
111774891
111774892
111774893
111774894
111774895
111774897
111774898
111774899
111774900
111774901
111774902
111774903
111774904
111774905
111774906
111774907
111774908
111774909
111774910
111774911
111774912
111774913
111774914
111774915
111774916
111774917
111774918
111774919
111774920
111774921
111774922
111774923
111774924
111774925
111774926
111774927
111774928
111774929
111774930
111774931
111774932
111774933
111774934
111774935
111774936
111774938
111774939
111774940
111774941
111774942
111774943
111774944
111774945
111774946
111774947
111774948
111774949
111774950
111774951
111774952
111774953
111774954
111774955
111774956
111774957
111774958
111774959
111774960
111774961
111774962
111774963
111774964
111774965
111774966
111774967
111774968
111774969
111774970
111774971
111774972
111774973
111774974
111774975
111774976
111774977
111774978
111774979
111774980
111774981
111774982
111774983
111774984
111774985
111774986
111774987
111774988
111774989
111774990
111774991
111774992
111774993
111774994
111774995
111774996
111774997
111774998
111774999
111775000
111775001
111775002
111775003
111775004
111775005
111775006
111775007
111775008
111775009
111775010
111775011
111775012
111775013
111775014
111775015
111775016
111775017
111775018
111775019
111775020
111775021
111775022
111775023
111775024
111775025
111775026
111775027
111775028
111775029
111775030
111775031
111775032
111775033
111775034
111775035
111775036
111775037
111775038
111775039
111775040
111775041
111775042
111775043
111775045
111775046
111775048
111775049
111775050
111775051
111775052
111775054
111775055
111775056
111775057
111775058
111775059
111775060
111775061
111775062
111775063
111775066
111775067
111775068
111775069
111775070
111775071
111775072
111775074
111775075
111775076
111775077
111775078
111775079
111775080
111775081
111775082
111775083
111775084
111775085
111775086
111775087
111775088
111775089
111775090
111775091
111775092
111775093
111775094
111775095
111775096
111775097
111775098
111775099
111775100
111775101
111775102
111775103
111775104
111775105
111775106
111775107
111775108
111775109
111775110
111775111
111775112
111775113
111775114
111775115
111775116
111775117
111775118
111775119
111775120
111775121
111775122
111775123
111775124
111775125
111775136
111775138
111775139
111775140
111775141
111775142
111775143
111775145
111775146
111775147
111775148
111775149
111775150
111775151
111775152
111775153
111775154
111775155
111775156
111775157
111775158
111775160
111775161
111775162
111775163
111775164
111775165
111775166
111775167
111775168
111775169
111775170
111775172
111775173
111775174
111775175
111775176
111775178
111775179
111775180
111775181
111775182
111775183
111775185
111775186
111775187
111775190
111775191
111775193
111775194
111775195
111775196
111775197
111775198
111775199
111775200
111775201
111775202
111775204
111775205
111775206
111775207
111775208
111775209
111775210
111775211
111775212
111775213
111775214
111775215
111775216
111775217
111775218
111775219
111775220
111775221
111775222
111775223
111775225
111775226
111775228
111775229
111775230
111775231
111775232
111775233
111775234
111775235
111775236
111775237
111775240
111775241
111775242
111775243
111775245
111775248
111775250
111775251
111775253
111775254
111775255
111775256
111775257
111775258
111775260
111775262
111775263
111775264
111775265
111775266
111775267
111775268
111775270
111775271
111775272
111775273
111775274
111775275
111775278
111775279
111775280
111775281
111775282
111775283
111775284
111775285
111775286
111775287
111775288
111775289
111775290
111775291
111775292
111775293
111775294
111775295
111775296
111775297
111775298
111775299
111775300
111775301
111775302
111775303
111775305
111775306
111775307
111775308
111775309
111775310
111775311
111775312
111775313
111775314
111775316
111775317
111775318
111775319
111775320
111775321
111775322
111775323
111775324
111775325
111775326
111775327
111775328
111775329
111775330
111775331
111775332
111775333
111775334
111775335
111775336
111775337
111775338
111775339
111775340
111775341
111775342
111775343
111775344
111775345
111775346
111775347
111775349
111775350
111775351
111775352
111775353
111775354
111775355
111775356
111775357
111775358
111775359
111775360
111775361
111775362
111775363
111775364
111775365
111775366
111775367
111775368
111775369
111775370
111775371
111775372
111775373
111775374
111775375
111775376
111775377
111775378
111775379
111775380
111775381
111775382
111775383
111775384
111775385
111775386
111775387
111775388
111775389
111775390
111775391
111775392
111775393
111775394
111775395
111775396
111775397
111775398
111775399
111775400
111775401
111775402
111775403
111775404
111775405
111775406
111775408
111775410
111775412
111775413
111775414
111775415
111775416
111775417
111775418
111775419
111775420
111775421
111775422
111775423
111775424
111775425
111775426
111775427
111775428
111775429
111775430
111775431
111775432
111775433
111775434
111775435
111775436
111775437
111775438
111775439
111775440
111775441
111775442
111775443
111775444
111775445
111775446
111775447
111775448
111775449
111775450
111775451
111775452
111775453
111775454
111775455
111775456
111775457
111775458
111775459
111775460
111775461
111775462
111775463
111775464
111775465
111775466
111775467
111775468
111775470
111775471
111775472
111775473
111775474
111775475
111775476
111775477
111775478
111775479
111775480
111775481
111775482
111775483
111775484
111775485
111775486
111775487
111775488
111775489
111775490
111775491
111775492
111775493
111775494
111775495
111775496
111775497
111775499
111775500
111775501
111775502
111775503
111775504
111775505
111775506
111775507
111775508
111775509
111775510
111775511
111775512
111775513
111775514
111775515
111775516
111775517
111775518
111775519
111775520
111775521
111775522
111775523
111775524
111775525
111775526
111775527
111775528
111775529
111775530
111775531
111775532
111775533
111775534
111775535
111775536
111775537
111775538
111775539
111775540
111775545
111775546
111775547
111775548
111775549
111775550
111775551
111775552
111775553
111775554
111775555
111775556
111775557
111775558
111775560
111775561
111775563
111775564
111775565
111775568
111775569
111775570
111775571
111775572
111775573
111775574
111775575
111775576
111775577
111775578
111775579
111775580
111775582
111775583
111775584
111775585
111775586
111775587
111775588
111775589
111775590
111775591
111775592
111775593
111775594
111775595
111775596
111775597
111775598
111775599
111775600
111775601
111775602
111775603
111775604
111775605
111775606
111775607
111775608
111775609
111775610
111775611
111775612
111775613
111775614
111775615
111775616
111775617
111775618
111775619
111775621
111775622
111775623
111775624
111775625
111775627
111775628
111775629
111775630
111775631
111775632
111775633
111775634
111775635
111775636
111775637
111775638
111775639
111775640
111775641
111775642
111775643
111775644
111775645
111775646
111775647
111775648
111775649
111775650
111775651
111775652
111775653
111775654
111775655
111775656
111775657
111775658
111775659
111775661
111775663
111775664
111775665
111775666
111775667
111775668
111775669
111775670
111775671
111775672
111775673
111775674
111775675
111775676
111775677
111775678
111775679
111775680
111775681
111775682
111775683
111775684
111775685
111775686
111775687
111775688
111775689
111775690
111775691
111775692
111775693
111775694
111775695
111775696
111775697
111775698
111775699
111775700
111775701
111775702
111775703
111775704
111775705
111775706
111775707
111775708
111775709
111775710
111775711
111775712
111775713
111775714
111775715
111775716
111775718
111775719
111775720
111775722
111775723
111775724
111775725
111775726
111775727
111775728
111775729
111775731
111775732
111775733
111775734
111775735
111775736
111775737
111775738
111775739
111775740
111775741
111775742
111775743
111775744
111775745
111775746
111775747
111775748
111775749
111775750
111775751
111775752
111775753
111775754
111775757
111775758
111775759
111775760
111775761
111775762
111775763
111775764
111775765
111775766
111775767
111775768
111775769
111775770
111775771
111775772
111775773
111775774
111775775
111775779
111775780
111775781
111775782
111775783
111775784
111775785
111775786
111775787
111775788
111775789
111775790
111775791
111775792
111775793
111775794
111775795
111775796
111775797
111775798
111775799
111775800
111775801
111775802
111775803
111775804
111775805
111775806
111775807
111775808
111775809
111775810
111775811
111775812
111775813
111775814
111775815
111775816
111775817
111775818
111775819
111775820
111775821
111775822
111775823
111775824
111775825
111775826
111775827
111775828
111775829
111775830
111775831
111775832
111775833
111775834
111775835
111775836
111775837
111775838
111775839
111775840
111775841
111775842
111775843
111775844
111775845
111775846
111775847
111775883
111775884
111775885
111775886
111775887
111775888
111775889
111775890
111775891
111775892
111775894
111775895
111775896
111775897
111775898
111775899
111775900
111775901
111775902
111775903
111775905
111775906
111775907
111775911
111775912
111775913
111775914
111775916
111775925
111775935
111775936
111775937
111775938
111775939
111775940
111775941
111775942
111775943
111775944
111775945
111775946
111775947
111775948
111775949
111775950
111775951
111775952
111775953
111775954
111775955
111775956
111775957
111775958
111775960
111775961
111775962
111775963
111775965
111775966
111775967
111775968
111775969
111775970
111775971
111775972
111775974
111775975
111775976
111775977
111775978
111775979
111775980
111775981
111775982
111775983
111775984
111775985
111775986
111775987
111775988
111775989
111775990
111775991
111775992
111775993
111775994
111775995
111775996
111775997
111775999
111776001
111776002
111776003
111776004
111776005
111776006
111776007
111776008
111776009
111776010
111776011
111776012
111776013
111776014
111776015
111776016
111776018
111776019
111776020
111776021
111776024
111776025
111776026
111776027
111776029
111776030
111776031
111776032
111776033
111776034
111776035
111776036
111776037
111776038
111776039
111776051
111776059
111776063
111776077
111776078
111776079
111776080
111776081
111776089
111776095
111776096
111776112
111776117
111776124
111776128
111776136
111776137
111776138
111776139
111776140
111776141
111776142
111776143
111776144
111776145
111776146
111776147
111776148
111776149
111776150
111776151
111776152
111776153
111776163
111776164
111776165
111776166
111776169
111776170
111776171
111776172
111776174
111776175
111776176
111776177
111776179
111776180
111776181
111776182
111776183
111776184
111776185
111776186
111776187
111776188
111776189
111776191
111776192
111776193
111776194
111776195
111776196
111776197
111776198
111776199
111776200
111776201
111776202
111776203
111776204
111776205
111776206
111776207
111776208
111776209
111776210
111776212
111776213
111776214
115945182
115945191
119645420
119645425
119645426
119645445
119645486
119645514
119645527
119645536
119645537
119645675
119645808
100065045
100057497
100063536
100059675
100053629
100061461
100064016
100068836
100051862
100058083
100053584
100070637
100053797
102147510
100052775
100071749
100147585
100629781
100071898
100061308
100060157
100053035
100071891
100051072
100072273
100051300
100055753
100055358
100056877
100059679
100066577
100069704
106780840
106781014
102149621
100058140
100053980
100060425
100067371
100630032
100067447
102149387
100147099
102149129
100051175
111774184
100068231
100062617
100064196
100064414
100054709
100052636
100065147
100072841
100072979
100052936
100052839
100064498
100062962
106781898
100062836
100057415
100056284
100057602
100147353
100063409
100060928
100054064
100069041
100065715
100069525
100059974
100146248
100063224
100057551
100069043
100050177
100051738
100147474
100065243
100063458
100052720
100064599
100070963
100059826
100146618
100050003
100050523
100059558
100063397
100063749
100063326
100065977
102148312
100050384
100051404
100067960
100056742
100068435
100051941
100060662
100060035
100049808
100069167
100146297
100052408
100146202
100049944
102149481
100060443
100066848
100055563
100056674
100070853
100069924
100147182
100058401
100060601
100629241
100068467
100064659
100629346
100067453
100058926
100063160
100053226
102149652
100066843
100051898
100061419
100061270
100060781
100059845
100056179
100061098
100066467
100050285
100061912
100067897
100057487
100050271
100052935
100052909
100054439
100055630
100065513
100063731
102147901
100062214
100062943
100068530
100070527
106781789
100049988
100060715
100061094
100069172
100057784
100069271
100071186
100051326
100056958
100057778
100058963
100629288
100070928
100055259
100629585
100060584
100071271
100630765
100062012
100147535
100059229
100055292
100629969
100058321
100052257
100058364
102148203
100070522
100056889
100146561
100064750
100059650
100067282
100033944
100071149
100065649
100630094
100066948
100065090
100066339
100070071
100009681
100052061
100052009
102151099
100629208
100073155
100050024
100034118
100033863
100034119
100033864
100033865
100063680
100066193
100146704
100629995
106782254
102147915
100050516
100066141
102150769
100060284
100630498
100058830
100034040
100056299
100050578
100050656
111774278
100053129
100066475
100050290
100070126
100069898
100147197
100056595
100056459
100146256
100071559
100056133
100630096
100065742
100050671
100630265
100629155
100053356
106780835
100629473
100073240
100056403
100050724
100055858
100052143
100067516
100063794
100051553
100054515
100050778
100053630
100060415
100052601
100069002
100061559
100062356
100062495
100065906
100067478
100053413
100068727
100064702
100071309
102149144
100063076
100062747
100063355
100058904
100072353
100055413
100051122
102149135
100051327
100052280
100051291
100146831
100065171
111775053
100055709
100055112
100147615
111776168
100050806
100053335
100056445
100051850
100061674
100147318
100060545
100059259
100067405
100050717
100060915
100049816
100056814
100064709
100062741
100060994
100071782
100070892
100056117
100051342
100058148
100066039
100063854
100146768
100067896
100054579
106780949
100056213
100068052
100067311
100067991
100063201
100069293
100054356
100072869
100066466
100147103
100057488
100064575
100053432
100064359
100056382
100061610
100067947
100055328
100065922
100069092
100052301
106783288
100630184
100033867
100033868
100060047
100070789
100065720
100146217
100630367
100060830
100070399
100065996
100063190
100053481
100073094
100052849
100053056
100147230
100061688
100067981
100057319
100064002
100059237
100050140
100058434
100050587
100050628
100053153
100059834
100064751
100058153
100073186
100070933
100065841
100065440
100063602
100054289
100064374
100064279
100056001
100069835
100058919
100066454
100064475
102148240
100073181
100069297
100058804
100056902
100062089
100057701
100052608
100056278
100056239
106782258
100063532
100146864
100056888
100066173
100053916
100055006
100073174
100051798
100056764
100055523
100067809
100057961
100067215
100055510
100061475
100057579
100071073
100053947
100052621
100629914
100054638
100061618
100064936
100070090
100049857
111767820
100050538
100061898
100070883
100051194
100062110
100053712
111775348
100070269
100052243
100050501
100054005
100049882
100059464
100070770
100053373
100055286
102150979
100073307
100054571
111771416
100068261
100056770
100146996
100065035
100146664
100056646
100055294
100052797
100067333
100059454
100053028
100070555
100146548
100056375
100055555
100071902
100070904
100062181
100069690
100066212
100062536
100146790
100054434
100059938
100053867
100070096
100069627
100056679
100049894
100146477
100050882
100066313
100034103
100068735
100065095
100050018
100050586
100054316
100066632
100072531
100062682
100052743
100063306
100070259
100055849
100051796
100136907
100057018
100054477
100050469
106780948
100071414
100071100
100064404
100058574
100073301
100059601
102150779
100055597
100067048
100066730
100068298
100055460
100066146
100062400
100054765
100069273
100053690
100069108
100049836
100051303
100054340
100055572
100068673
100065561
100072839
100065714
100051971
100066441
100052719
100064441
100064063
100055281
100629842
100051964
100073232
100049873
100629673
100072824
100072864
100065066
100055473
100066350
100071043
106781769
100054042
100064457
100051612
100068671
100061046
100147284
100051965
100052084
100050113
100071075
100054719
100070127
100069637
100061008
100054928
100069157
100070186
100057450
100058125
100070598
100054967
100071473
100072890
100056909
100056881
100071145
100055637
100050409
100049858
100147642
100058462
100056505
100066998
100054474
100069077
100066547
100067556
100054553
100056147
100069894
100069513
100055807
102148175
100056938
100072750
100050354
100054092
100629872
100053257
100052456
100063991
100050068
100071129
100065153
100064234
100069286
100063589
100066094
100060730
100146203
100146310
100055929
102148990
100630445
102150203
100067958
100064461
106782020
100051257
100057556
100066050
100055291
100060123
100147678
100050500
100065093
100052826
100068383
100052389
100068939
100063209
100064727
100067329
102149091
100057213
100056013
100066296
100053063
100052132
100147618
100056359
100053759
100052265
100072440
100072431
100060313
100072699
100058744
100068972
100051046
100057604
100058526
100072311
100050763
100064477
100065210
100061961
100065120
100059413
100061890
100052812
100052536
100063530
100068821
100063974
100052950
100069803
100629298
100070739
100050157
100071417
100067185
100073173
100061202
100056853
100033943
100063334
100058230
100055966
100069766
100071432
100054604
100053478
100058483
111774443
100059957
100050614
100055223
100068365
100071645
100064664
100055030
100072387
100062061
100069459
100073068
100071884
100058007
100056831
100064486
100065270
100063365
102149649
100065740
100055333
100050964
100067257
100051064
102147352
100050356
100058438
100053785
100050596
100049801
100063934
100069818
100064102
100630562
100058514
100034212
100056391
100064799
100051101
100060229
100065291
100066627
100055978
100054807
100069931
102150168
100630569
100064983
100063651
100055452
100053360
100049999
100055994
100054631
100050522
100147619
100055376
100050635
100054686
100053862
100066871
100061620
100053618
100059836
100066569
100070092
100055924
100034249
100064249
100050069
102150341
100055075
100068294
100056170
100055117
111768276
100061370
100062448
100052380
100056580
100052571
100056258
100058095
100059602
100314828
100314885
100315050
100314805
100314986
100314886
100315089
100315116
100314855
100315064
100314773
100315057
100314983
100315034
100314840
100314987
100314896
100314897
100315009
100315102
100314783
100314832
100314961
100314877
104795140
100314985
100314835
100314821
100314924
100315085
100314793
100314933
100314898
100314860
104795117
100314868
100315070
100314999
100315067
100315048
100315106
100314774
100314934
100314966
100314977
100314865
100315099
100315042
100314822
100314815
100314836
100314856
104795156
100315061
100314829
100314841
100315053
100315073
100315071
100315077
100314869
100314995
100315045
100314899
100314968
104797070
100315032
100315017
104795096
100314971
100315002
100315033
100315118
100314979
100315011
100315015
100315016
100314996
100314861
100314775
100315001
100314797
100314816
100314817
100315010
100314833
100314798
100315049
104797087
100314988
104795091
100314994
100314830
100314872
100314806
100314807
100314873
100314982
100314921
100315088
100314993
100315003
100314799
100315035
100314776
100315014
104795068
100314808
100314831
100314935
100314962
100314883
100315069
100315090
100315013
100314778
100315113
100315007
100314777
100315046
104797078
100314936
100315105
104795269
100314852
100314842
100314857
100314853
100314930
100315058
100314843
100315100
100314969
100314809
100314922
100314874
100315018
100314937
100314784
100315038
100315006
100315021
100314810
100314880
100315036
100314779
100314875
100315028
100314844
100314963
104795242
100315103
100314811
100314931
100315066
100314866
100314981
100315041
100314862
100314881
100314923
100314845
100314997
100314938
100315091
100314939
100314823
100314890
100315051
100314891
104796489
100314978
100314818
100314870
100314824
100314892
100314878
100314887
100315022
100314800
100315043
100315047
100314812
100315101
100315059
100315054
100314785
100314786
100314964
100314787
104795203
100315055
100315039
100314984
100314834
100315112
100315075
100315086
104797042
100314900
100314846
100314825
100314794
100314901
104797028
100314928
100314801
100315078
100315012
100314929
100314847
100315065
100314902
100314989
100314780
100314788
100314972
100314826
100315110
104797054
100314941
104795263
100314998
100315092
100314976
100315063
100314789
100314903
100314904
100314837
104797062
100314942
100315029
100315079
100315023
100314905
100315108
100314863
100314906
100314907
100315080
100314908
100315087
100314943
104795089
104797027
100314909
100314990
100314910
100315024
100314944
100314848
100315111
104795268
100314965
100315081
100314911
100314912
100315093
100315020
104795092
100314945
100314946
100314947
100315060
100314849
104797069
100314991
100314927
100314913
100315082
100314813
100314802
100315044
100315107
100314790
100315052
100314854
100314914
100314915
100315115
100314992
100314850
100314888
100314948
100315094
100314949
100314950
100315030
100314951
100315095
104797079
100314952
104795228
100314953
100314954
104795237
100315096
104795244
104795235
100314955
100314916
100315083
100315117
100314917
100315084
100314893
100314956
100315040
100314879
100315019
100314884
100314858
100314967
100314791
100314970
100314781
100314851
100314957
104797093
100314803
100314918
100315109
100315097
100314932
100315104
100315004
100314958
100315062
104795234
100314795
100314782
100315008
100314894
100314973
104795200
104795101
100314827
100314871
104795122
104796469
104795223
104796239
100315025
100314792
100314819
100314959
104796645
100314960
100314975
100314838
100314919
100314925
100314895
100315114
100314980
100315076
100315068
100314920
104796491
104795246
104795227
104797077
104795232
104795239
104795229
104795226
104795247
104797082
104797076
104797410
104795231
104795243
104795230
104797491
104796646
104795241
104796490
104795238
104797083
104797080
104797490
104795236
104795240
104797081
104796492
104795233
104795052
104795053
104797481
104795054
104795055
104797016
104795056
104795057
104795058
104796462
104795059
104795060
104795061
104797492
104797018
104796234
104795136
104795062
104795063
104795079
104795066
104795067
104795205
104795071
104796464
104795072
104795279
104795073
104795076
104795090
104795077
104795082
104796466
104795080
104795081
104795083
104795084
104796467
104795085
104797407
104797026
104795086
104795087
104795088
104797483
104795093
104797029
104795094
104795095
104796468
104797030
104795097
104795098
104795099
104796235
104797031
104795100
104795102
104797032
104795103
104795104
104795105
104796470
104797033
104795106
104795107
104795108
104797034
104795109
104797484
104795110
104795111
104797035
104795112
104796236
104796471
104795113
104795114
104797036
104795115
104795116
104797037
104795118
104795124
104795119
104797038
104795120
104795121
104797039
104796472
102150419
104795123
104795125
104797040
104795128
104795126
104796237
104795127
104796473
104795129
104795130
104795131
104797485
104795132
104795133
104795134
104795191
104797043
104795135
104796474
104795137
104797044
104795138
104795139
104797408
104797045
104796475
104795141
104795142
104795143
104797046
104795144
104795145
104796476
104795146
104797047
104795147
104795148
104795149
104797048
104797486
104795150
104795151
104797049
104795153
104796477
104795155
104797050
104795157
104795158
104797051
104795160
104795161
104797052
104795162
104795167
104796479
104795164
104797053
104795165
104795166
104796238
104795248
104797487
104795168
104797055
104795169
104795170
104795171
104797056
104796480
104795172
104795173
104795174
104797057
104795175
104795176
104796481
104795177
104797058
104795178
104795179
104795180
104797409
104797059
104795181
104796482
104795182
104795183
104797060
104795184
104795185
104795186
104797488
104796483
104797061
104795187
104795188
104795189
104795190
104795192
104797063
104795193
104795194
104795195
104797064
104795196
104795197
104795198
104797065
104795199
104796484
104795201
104797066
104795202
104795204
104796485
104797067
104795206
104795207
104797068
104796240
104795208
104795209
104797489
104795210
104795211
104795212
104795213
104796486
104795214
104795215
104795216
104795217
104796487
104795219
104797072
104795220
104795221
104796241
104795222
104797073
104796488
104797074
104795224
104795225
104797075
104795245
104797084
104795249
104795250
104795251
104797085
104795252
104795254
104797086
104795255
104795256
104796493
104795257
104795258
104795259
104795260
104796242
104797088
104795261
104796494
104795262
104797089
104795264
104795265
104795266
104796495
104797090
104795267
104797091
104795270
104795271
104797493
104795272
104797092
104795273
104795274
104795275
104797094
104795276
104795277
104797095
104795280
100314876
100315098
100315005
100314859
100314796
100314804
100315031
100314926
100314839
100314814
100314864
100314820
100315027
100315026
100314889
100314974
100315074
100314867
100060987
100063964
100063818
102147542
111774275
100050737
100033918
100060695
100058218
100055048
100064409
100068568
100064521
100146117
100065893
100057038
100057078
100060875
100056833
100065010
100051824
100050056
100055922
100052443
100050351
100057292
100069574
100068748
100065400
100067409
100059361
100052485
100147431
100033882
106781886
100066385
100146703
100052692
100060001
100059888
100070049
100070911
100066641
100065336
100050023
100070559
100060785
100053541
100054362
100054769
100033896
100056568
100069047
100009711
100034170
100062872
100049862
100062342
100058984
100033948
100061314
100056496
100146710
100069462
106782422
100068942
100053810
100068996
100071568
100034195
100068985
100069005
100056599
100053317
100064336
100070717
100066022
100055925
100059357
100051488
100070074
106783181
100068954
100146233
100067012
100058183
100054658
100052102
100068453
100067032
102150105
100068147
100067480
100065704
100052365
102147399
100051908
100056612
100064445
100060232
100069105
100058407
100062456
100147597
100055899
100071799
100063412
100061343
100060788
100059897
102147396
100064110
100069943
100058584
100060983
100071642
100067929
100629263
100054070
100055695
100067442
100059089
100056030
100073103
100049849
100629586
100057157
100051501
100062007
100052067
100066669
100065027
100050492
100069947
100053303
100060711
100062077
100058817
100066544
100051429
100146444
100070920
100063094
100051607
100051680
100066741
100064840
100058827
100050170
100072564
100052994
100069619
100053424
100629358
100630548
100070886
100034024
100056894
100071229
100071213
100054060
100063927
100065482
100064781
100068247
100064998
100060936
100054617
100056426
111772974
100058495
100049010
102150910
100071950
100146396
102149993
100071427
100059590
100072276
100067209
100069581
100065082
100065375
100066032
100147645
100050090
100069824
100059509
100059167
100055406
100052531
100050007
100066471
100067678
100055400
100060920
100055298
100058857
100068778
100054974
100629488
100053582
100146943
100060108
100058163
100069911
100066606
100052750
100060177
100051571
100630759
100630373
100053006
100071885
100050156
100051538
100066408
100058249
100052792
111770643
100629608
102148910
100056697
100055317
100054072
100058361
100065518
100056723
100629329
100052082
100052891
111767401
111774176
100061285
111768543
100052232
100054560
100054027
100064399
100052668
100054878
100063850
100055455
100051230
100629889
111770632
100058935
100064018
100070771
100064811
100050739
100052759
100073298
100058465
100052600
100146458
100064670
100146137
100069159
100063102
100630353
100059868
100056002
100071623
100067496
100070476
100050736
100071936
100059000
102149897
100629471
100061472
100061777
100033954
100061118
100061545
100061443
100061747
100053819
100072269
111767422
100069375
100061729
100072043
100068146
100073255
100053320
100050672
100068065
100053469
100070744
100067838
100065902
100054131
100629874
100061552
100629853
100065348
100053116
100061773
100068001
100055714
100057339
100063915
102147382
100062492
100033832
100063673
100069768
100058880
100146742
100063490
100069316
100054203
100054157
100057261
100033966
100064148
100051744
100054111
100069745
100067425
100062315
100059885
100060816
100068711
100055471
100067594
100054605
100051293
100066582
100063907
100064104
100071263
100630684
100066767
100057922
100062154
100063441
100053990
100056425
100050979
100050004
100070485
100052589
100051262
106781693
100069680
100069653
100050568
100058630
100068591
100058531
100067900
100058825
100070938
100058883
100053655
100054675
100064783
100061250
100056423
100059172
100065059
100051341
100055113
100064934
100050270
100066455
100051945
100051407
100060128
100060743
100071310
100067482
100146625
100053803
100630214
100053906
100061977
100063479
100066490
100073262
100063415
106781522
100070362
102147970
111767633
100053372
100070072
102148325
100070060
100147340
102147792
102147652
102147815
102148535
100055268
100058446
100051745
100058619
111767414
100052596
100070171
100070649
100049914
100066619
100063984
100034192
100058538
100060923
100058486
100053044
100059411
100063681
100058608
100147495
100062591
100054919
100073162
100072728
100052149
100070694
100053073
100146518
100057959
100065224
100061349
100068097
100068904
100053014
100069971
100068415
100146296
100060221
100053940
100062552
100070256
100060703
100050603
100062123
791235
100062708
100050346
100062865
100630525
100071848
111767623
791236
100063003
100062919
111767446
791234
100069423
100062893
100054482
100052501
100060444
100065683
100147688
100054327
100054510
100051591
100052035
100059367
100065012
100055199
100065647
100070482
100053698
100056559
100050092
100147681
111769338
100063289
100054475
100051916
100059670
100051619
100059638
100059514
100071404
100052722
100054744
100059989
100071750
100068162
100146700
100052077
100066688
100055461
100063200
100069548
100069390
100069562
100065214
100063344
100069275
100052350
100069995
100059848
100073100
100071803
100071199
100146744
100062232
100065193
100071517
100072634
100063980
100063994
100060280
100072581
102147719
100059805
100062967
100068066
100146753
100051884
100057365
100072521
100064908
100630799
111772739
100063898
100064645
100064704
100058182
100065688
100058039
100051638
100063328
100061122
100061304
100057219
100058576
100064899
100062142
100054687
100071372
100065966
106780848
100057831
100050187
100056368
100064889
100054645
100052831
100069730
100052155
100052730
100146667
100063244
100066292
100061432
100067696
100061284
100065540
100068623
100070793
100050213
100066052
100069983
100051467
100067073
100073304
100062714
100051408
100066446
100059684
100061006
111772996
100065765
100063678
100057290
100064126
100050241
100059481
100071669
100060043
102149502
100066095
100059045
100050247
100050057
100147366
100057514
100056757
100050058
100062849
100052307
100059185
100072727
100059438
100052893
100060418
100063631
100071978
100050448
100066349
100057939
100072177
102150609
100065416
100067598
100064971
100071893
100050939
111773658
100051928
100056180
100062164
100067189
100147158
100059757
100072875
100068609
100057356
100062353
100056669
100064523
100060150
111769071
100630608
100072681
100147683
100055370
100064432
100146522
100051787
100069566
100053397
100049884
100068260
100062541
100054280
100052083
100146927
100034004
100147568
100057526
100056042
100051656
100071296
100062485
100056647
100054476
100067331
100063285
100146720
100054918
100066291
100058447
100071780
100069825
100058515
100050513
100051228
100050421
100062671
100072138
100054516
100060951
100072303
102148864
100050800
100068997
100059072
100069714
100052493
100060315
100064113
100064122
100064177
100058835
100057698
100147033
100065070
100146253
100061811
100052169
106783042
100052985
100071532
100070817
100066991
100067562
100051504
100069079
100071164
100051125
100063288
100071449
100063169
100059057
100070190
111775566
100630425
100065553
100060719
100064695
100067936
100070815
100058402
100630340
100064992
100060451
100057623
100629515
100630892
100066330
100066089
100058223
100063168
100054377
100071879
100068855
100053392
100059569
100054445
100057691
100057773
100055848
100050865
100070093
100069158
100060780
100053258
100063411
100065463
100071640
100066309
100052432
100054735
100054395
100051307
100063890
100064328
100054178
100054129
100053464
100061643
100065246
100060702
100061302
100051334
100064611
100054759
100052419
100051545
100052593
100071002
100061722
100059451
100057328
100052841
100059522
100056555
100051271
100057422
100054944
100065895
100052778
100069485
100054392
100063194
100072794
100071443
100064419
100070450
100061141
100056813
100059083
100057378
100064871
100146641
100059635
100069885
100071119
100062289
100061746
100067943
100054920
100053133
100055160
100072700
111772587
100147114
100059184
100066410
100071896
100058977
100071003
100054575
100067190
100065378
100052657
100147176
100053856
100054213
100064558
100069329
100066816
100068518
100070600
100062090
100147319
102148253
100064007
100067894
100069984
100058000
100064368
100060084
100067767
100050027
100034245
100146937
100054930
100050814
100053795
100054437
100054237
100034044
100053895
100052130
100055307
100057337
100065669
100069694
100059456
100053531
100056056
100052527
100146142
100071387
100058552
111773546
100066209
100059070
100062713
111767598
100058092
100051387
100073200
100629537
100070149
100055982
100070508
100147252
100053200
102148244
100058173
100067227
100068044
100055172
100052865
100066583
100146796
100056783
100057245
100630672
100146592
100051099
100054388
100060299
100071495
100071209
100053547
100064294
100061188
100060179
100066646
100072286
100070490
100067309
100065588
111769925
100058761
100062062
100052393
100059048
100057994
100062828
100051752
100053094
106781861
100058988
100067428
111772725
111772825
100146136
100050029
100070479
111769946
100069632
100146969
106782219
100058172
100069194
100062057
111772584
100055502
100071653
100058013
100072981
100055823
100050709
100058876
100057244
100069521
100070605
100052017
100072788
100070865
100063024
100057404
100070519
100055187
100073322
100050883
100057440
100146460
100071383
100053292
100060776
100062312
100533966
100533967
111767590
100066649
100062453
100063988
100058157
100060707
100146547
100050154
100057371
100055391
100146546
100069771
100063960
100630136
100630166
100050277
100068766
102148328
100064205
100071477
100055414
100070808
100052705
100058106
100054099
100058413
100066507
100071115
100146920
100071468
100069844
100059123
100072735
100033935
100057037
100063762
100054799
100147214
100052509
100068694
100053901
100146898
100055560
100059347
100060113
100066780
100056029
100630310
100051519
100058691
100052203
100073052
100067054
100067129
100054451
100053656
100051079
791246
100063339
100052038
100062677
100068764
100067078
100146771
100059541
100629235
100054869
100053830
111775409
100146916
100061382
100050321
100034218
100059408
100068060
106780834
100071200
100059275
100050414
100052469
100069736
111775559
100054252
100071567
100059175
100065105
100051060
106781167
100056379
100069104
100064068
100072724
100050041
100051808
100064940
100059842
100147013
100050627
100051658
100055877
100059112
100056399
100060275
100073038
100034201
100056123
100057178
100061959
100055416
100068418
100061750
100066396
111769619
100055422
100052106
100056324
100062989
102149998
100054053
100629171
100053806
100061686
100062115
100052105
100061647
100067237
100057868
100033899
100070986
100054466
100060122
100052399
100051253
100052821
100070909
100066015
100052073
100050658
100069669
100072159
100063879
100146550
100146166
100070036
100061217
100062570
100061353
100050666
100063566
100033902
100009700
100070969
100064912
100059106
111770639
100059469
100072436
100055145
100146968
100050997
100050978
100062646
100629522
100056975
100061417
100072444
100065480
100630158
100072257
100054242
100057461
100055591
100054959
100051974
100055517
100050826
100066355
100060430
100066305
100069731
100067452
100053406
111774192
100052908
100055880
100059645
100065600
100058570
100051090
100057692
100063648
100063690
100067632
100069677
100069359
100050694
100066888
100066837
100067659
106782075
100064829
100147094
100072203
100071458
100072898
100051817
100061362
100055930
100063630
100059988
100054191
100056590
100069793
100055382
100066485
100072637
100629662
100067545
100064938
100070458
100052684
100053937
100067082
100051839
100054859
100065659
100064766
100066820
100059169
100073071
100147434
100065441
100054170
100060362
100069501
100059958
100064594
100061700
100069852
100062225
100051274
100072278
100053752
100054893
100063567
100056639
100065531
100056157
100054628
100056479
100055118
100070978
100056658
100059496
100065072
100059629
111771498
100073208
100063793
100063626
100057367
100064676
102150529
100065696
100056631
102148036
100054044
100051355
100050076
102149351
100064437
100056812
100072122
100069343
100146252
100052874
100058381
100059457
100059671
100060871
100052884
100050235
100068203
100059287
100065427
100066078
100053405
100058528
100070114
100064995
100055192
100056659
100069634
100054143
100053164
100053709
100064615
100051494
100051138
100059114
100056315
100060548
100052049
100061117
100051892
100052986
100064252
100629472
100067138
100071174
100053553
100058132
100060076
100055652
100069920
100065040
100049009
100072272
100070181
100054953
100070864
100070897
100061877
100070876
100052498
100056728
100056076
100146479
102149448
100059798
100067349
100061790
100054117
111771636
100054764
100071480
100066079
100034147
791250
791225
100009702
100050199
111774168
100066770
100055594
100049956
100146449
100059586
100068886
100034107
100070019
100054246
100630825
100073306
100062477
100059144
100630513
100053569
100055205
111774287
100066429
100066573
100057498
100072405
100056229
100070205
100063710
100073060
100049921
100146222
100060245
100065225
100051533
100061789
100060609
100056827
100146483
100071083
100058398
100054772
100056148
100056915
100063685
100053204
100068833
100066407
100058671
100049986
100061550
100055341
100070961
100050561
100065044
111770789
100146475
100146586
100062370
100067642
102149475
100058688
100051580
100069457
100053967
111774426
100061090
100059993
100070858
100630111
100064790
100065450
100147456
100033892
100071755
100060517
100052462
100055886
100070646
100054492
100051762
100060029
100053612
100056689
100070849
100070856
100070409
100070398
106783302
100070392
100054585
106783179
100056903
102148823
119645389
119645390
119645391
119645392
100070728
119645393
100070706
100056932
100057097
100057053
111776118
100058036
111776119
119645894
111775910
106781281
111776121
100057989
119645394
106781417
100147282
100058077
119645395
111776090
106781065
106781280
100057945
111776122
111776052
111776120
111776116
106781403
111775908
100058123
106781278
100057894
111776123
119645396
119645397
119645398
119645399
119645400
111767622
100146925
100066902
100059020
100058205
100058118
100058936
100630379
100630300
119645401
119645402
102148259
119645403
119645895
100057346
100058467
100071961
111774239
100072013
100071971
100071953
100071929
100071880
111774147
100071862
100071925
100071851
111774238
100146932
100072741
100068177
100072736
119645404
100071860
100071945
100071894
100071886
100071866
100071841
100063780
100063713
100071827
100071877
100071820
119645405
100146599
111769655
100070263
100070761
111769612
111769610
100147576
111769602
100070661
111769615
100070775
111769600
119645406
100147288
111769611
111769608
111769603
111769601
100057544
119645896
100057265
100057350
100057667
100057510
100057586
119645897
100055944
100056023
100055776
100146177
111774131
100063748
100058673
100058715
100067372
100067350
119645407
100067443
100146985
102149470
100055906
100055816
100055864
100056064
100071816
100055732
100055984
100055686
100054256
100054063
100054214
119645408
119645409
100060726
100060763
100060690
100060799
119645410
119645411
106781459
100067419
100056233
100056271
100056485
100056527
100057466
100146690
106782298
102150116
106782283
119645412
119645413
100058524
100072282
119645414
100072036
100072215
100058482
100072520
100072414
100072402
100072271
100072392
100072265
100072245
100072423
111767544
111776017
119645415
100072408
100072555
100058174
100072541
106782152
100072404
111768401
111768405
106782092
106782091
119645416
100072560
100072536
119645417
100072546
100072530
106782093
100062539
100072539
100072514
100072386
100072508
111772431
100072499
100072033
100072375
111776211
111772047
106781041
100058545
100058082
100058259
100057263
100058512
119645418
100057387
100058588
100057940
100057747
100058631
100146289
100057705
100057583
100057798
100052031
100057541
106782299
100057428
100057888
100066894
100071420
100062005
100067067
111772516
100067042
100066869
119645421
119645422
119645423
119645424
100061197
100054290
100064942
100067341
100067386
100146906
100061720
100061621
100065008
100146411
100061591
100054978
100062019
100061262
100062190
100064977
100061480
100055021
102149862
100147290
100062223
100067408
100064915
100061518
100061342
100067433
100067318
100061306
100061882
100062156
100061984
111770710
100061131
100061851
102148545
100062055
100061689
100062119
100061949
100061168
119645427
111770659
100061911
119645428
100061652
111770703
100062261
100061757
100069232
100057549
100057811
100067563
119645429
100065551
100065527
100053497
100066878
100629356
100629267
100066795
100629289
100066777
102149434
100630193
102150523
106781203
119645430
119645431
119645432
119645433
111772048
119645434
119645435
119645436
119645437
119645438
119645439
119645440
119645441
119645442
119645443
100068521
119645444
106781186
111771979
100065637
111771980
106781257
106781188
100064853
100068505
100069509
100068390
106781094
111771975
100147632
100058753
100057625
100147577
119645446
119645447
119645448
119645449
119645450
119645451
119645452
119645453
119645454
119645455
119645456
119645457
119645458
119645459
100072573
100072556
100072577
100072608
100072583
100072621
100072602
100072616
100072569
119645460
100069781
119645461
119645462
100068050
119645463
111769617
100071212
100071218
119645464
119645465
100071445
100071297
119645466
100071275
100071413
119645467
100072547
100072542
100072662
100147437
100072648
100072658
100072579
100072652
111775778
100069220
100062275
100067876
100069235
100069249
111775777
100072552
100071283
100062968
119645898
100071358
100071560
119645899
106782592
119645900
106780858
100147012
119645901
100071329
111772083
100071402
100071460
100071332
119645902
111770588
100071365
106782591
111772086
119645468
119645903
119645904
111767466
111772084
100071565
119645905
119645469
119645470
100071531
119645471
119645906
119645472
100147676
100071488
100071580
111772085
100071376
119645907
119645473
119645908
119645474
119645475
119645476
106782590
119645477
119645478
119645479
119645480
100067499
100071264
119645909
100071270
100071486
100071338
106782593
111770653
100071227
100071251
100067520
100071244
100071236
100071469
100071407
100071258
100071346
100063547
100063515
100071352
100071438
102147647
100071448
100058550
119645481
100147487
100052091
100072598
119645482
100071278
100146823
111775755
100067396
100147351
100067742
100057695
100051145
100058065
100057617
100057377
100058156
100057734
100057789
100057880
100058108
100058023
100146500
100057930
100057834
100057574
100057655
100147477
100058194
100058237
100059855
100059887
100629501
100068271
100067175
106781514
111772034
111772099
100064746
100062914
111772200
102148650
111772035
111767605
100068159
100057674
100070314
100070134
100070346
100070142
119645483
100070293
100054215
119645484
119645485
100066487
100066541
111771173
106781093
111774536
111772020
111769051
106781118
111771955
119645487
111775137
111771839
100064740
100064846
100064817
100064767
100068141
100058037
119645488
119645489
106781270
100073320
100062880
100061233
100059324
100062378
100059179
100058795
100057985
100058073
100062825
100062409
100062476
100062731
100062622
100062341
100062508
100062441
100062692
100062654
100062545
119645490
100055538
100630245
119645491
119645492
119645493
119645494
119645495
119645496
100069382
111767700
100146557
100065088
111767699
111767701
119645497
119645498
119645499
119645500
119645501
119645502
119645503
119645504
119645505
119645506
111771953
119645507
119645508
119645509
100147393
100070417
100070440
100070453
100070325
100070156
100070430
100070120
100070169
100070336
100057136
100050999
100057175
100058863
100058903
100630679
100073312
100069021
119645510
111769156
100073313
119645511
106781255
111772008
100069453
100058247
100056900
100057021
100056985
119645512
100073321
119645513
100059255
100057103
100059656
100059589
100059553
100058338
100058379
100147391
100059477
100058280
106782627
100070887
106781306
100070372
106783148
106781603
106781067
111771254
119645515
119645516
119645517
119645518
119645519
100056031
119645520
119645521
119645522
111771957
119645523
119645524
119645525
119645526
100069817
106781029
106781031
111771874
100052793
111771954
106781054
100069595
111772135
106781295
100066482
100051570
100070410
111774896
100063187
119645528
119645529
111772003
119645530
119645531
111771176
119645532
119645533
119645534
100065521
100065498
100065632
100065548
100065589
100062238
100068582
100062913
106781256
100147625
100062280
100069404
100059515
100059435
100072562
100059213
119645535
100057459
100057534
100057296
100057252
100056816
100056850
100056780
100056743
100056609
100056693
100052897
119645538
100058641
119645539
100057710
100146565
100058801
100069162
100073034
106782359
111771978
100069081
100056581
100068689
100069050
100071221
100147457
100066018
111767434
100053189
106781039
100069099
100147057
100147349
119645541
119645542
111772010
100052847
100066809
100069164
100073032
111771964
100068330
100057805
100066789
100069063
119645543
100051498
100068584
100069052
100066263
100051359
100051641
100066044
100146765
100067760
106781260
100058213
100054862
100072566
100060387
100061288
100059188
100056760
106781112
100066747
100070373
119645544
119645545
100059132
100066205
100066238
100059728
100062763
100073319
100065054
100147608
119645546
100146346
100147404
100058169
100146871
100069082
100062794
119645547
106781252
119645548
119645549
119645550
119645551
100062850
100058164
100146689
100055731
106782337
100070135
111769653
102150184
111774407
111774408
100070159
100072693
100072630
100072638
100072631
100072626
100072593
100072586
100072633
119645910
100064824
100063647
102147563
119645552
100064164
119645553
111776103
100056708
119645554
119645555
100064716
111776097
119645558
100056187
111776104
111776098
119645559
119645560
102150929
119645561
119645562
100056488
100063347
111776105
100056947
111776100
100065293
100063517
111776125
111775920
119645564
111775924
100063481
100056235
102147938
119645565
119645566
111776061
111775918
100056356
111776115
111776054
111776060
111775919
100064601
100058168
100056273
100064876
100064960
100064509
100063451
100056578
100058253
106781458
119645567
119645568
119645569
119645570
119645571
100058772
100056535
100057026
102148746
111776055
100057110
100147056
100064597
100146600
119645572
119645573
119645574
119645575
119645576
119645577
119645578
119645911
119645579
119645580
119645581
119645582
100063548
100064956
106781456
100064188
111775922
111771847
100065114
100064274
100064395
100064362
100064854
100063813
100064924
100146889
100146635
100063274
100064820
100056989
111776065
100064772
111776068
100065174
111776070
106782661
100050405
100058212
119645584
119645585
100062590
100050589
102149712
100056492
119645586
119645587
119645588
100146393
106782652
119645589
119645590
119645591
119645592
119645593
119645594
119645597
119645912
119645598
119645599
119645600
119645601
119645602
119645603
119645604
119645605
119645607
119645608
119645609
119645610
119645611
119645612
119645613
119645614
119645615
119645616
119645617
119645618
119645619
119645620
119645621
100629923
111776050
111767420
100064720
111776066
100063677
106781032
100063642
111772057
106781625
100061499
119645622
100057761
106781282
100068950
111772141
111775921
100065142
111776069
100064333
106781169
102149342
119645623
119645624
119645625
119645626
119645627
119645628
106781291
119645629
119645630
119645631
119645632
119645633
119645634
106781308
111775923
111772225
111771962
119645635
100056671
119645636
111776127
111772195
119645637
119645638
100063309
106781283
119645639
106781310
111776126
119645640
119645641
119645642
111775917
119645643
119645644
119645645
100146564
119645646
106781251
119645647
119645648
119645649
119645650
100062626
119645651
119645652
111771961
119645653
119645654
100064745
111776067
111776064
100050714
100064848
100056800
100061965
100147420
100146963
100070881
100070902
100070889
100066954
100058680
100147628
100071910
111772314
111771836
100071796
100068081
100070239
100147218
100147258
100060524
100072752
100059491
111772358
100072120
100072168
100071966
100072179
100071922
100071963
100071996
100072368
100071911
100071974
106782141
100072325
100072300
100072290
100072158
100072192
100071951
100071941
111772402
100072354
100071984
100071906
100071958
100072176
100072172
111775626
111775620
111771880
106782153
100072163
100072184
100072149
100072317
100072202
100072129
100072432
100071990
100071916
119645655
100071933
100071979
100072320
119645656
119645657
119645658
119645659
100072117
100072112
100072146
119645660
119645661
119645662
119645663
119645664
102148912
119645665
119645666
119645667
119645668
119645669
119645670
100072479
100072046
100072447
100072092
119645671
100072089
100058220
102150937
100146794
100072251
100072083
119645913
100072443
100058263
100072004
100072335
100072457
100072464
100072136
111772357
100147368
119645672
119645673
100072195
100058435
100072330
100072061
100072007
100072071
100072469
100072227
100072017
111772356
106782089
100058393
119645674
111772399
100147374
106782090
100072221
100072000
100072211
111775721
100072110
100072107
100072338
119645676
100072126
100072477
100072052
100072473
100072254
100072258
100072099
100064874
100065079
100064301
119645677
111776087
100053185
111776086
106781410
100065111
106781421
119645678
100053236
119645679
119645680
119645681
119645682
119645683
100064424
100067664
119645684
106781422
111772054
119645685
111776062
119645686
119645687
119645688
119645689
119645914
111776101
100072489
100072237
100072040
100058728
100064900
111776130
100062657
100067603
119645690
119645691
106781311
100063754
100064358
100146326
100056583
100064662
100054443
100069033
100053760
100069048
100069274
100067079
100067738
100067658
100067128
100067059
100067106
100069282
106783401
100067684
119645692
100068560
100068578
100068611
100068594
100066800
102147968
100054010
102148072
111774414
119645693
100068937
100068947
100068970
106783403
100068960
102149509
100068986
100053560
100067037
100067151
100067391
111774412
100067320
100067529
100067297
100053617
100146186
100067173
100067243
100067479
100067367
100067194
100067271
100067722
100067701
100068519
100053713
100067595
106783402
100069245
100069259
100069020
100069078
100054394
100069197
100054348
100069006
100630586
100067873
100146503
100068387
119645694
102151086
100147662
100068425
100054300
100053865
100069212
106783404
100069230
100054250
100053665
100067639
100068878
100629618
100629705
100146185
100629187
100629638
100053964
100068835
100068820
100068769
100068750
100629205
100068501
100068025
100068784
100068732
100054056
100068803
100068309
100068228
100069580
100068248
100629661
100068669
111774415
119645695
100068174
100067928
102148030
100069860
111774344
111774348
100146593
100066618
100053225
100066640
100066712
100066664
106783405
100053322
100066739
100069426
111774346
100069291
100069556
100069304
119645696
100067901
100068137
100068074
100067950
100067853
100067992
102147577
111774419
100068156
100146803
100069365
100069529
100069414
100069403
100069376
100069540
100069389
100629900
102150987
100066932
100066970
100068040
100068196
100068010
100053913
100067800
100067826
100053418
100069788
100069769
100069780
100066863
100066846
100069607
100069636
100069649
100069592
100066824
100067437
100067462
100067502
100147186
119645697
100068355
100068268
100068096
100068372
100067972
100069568
111774417
102150736
100069802
100068286
100068121
100068867
100068626
102148350
100066469
100066499
100069737
100054762
100069719
100146902
100069708
100069701
100069689
100069622
100054809
100054618
100069667
100054896
100054849
100147670
100054710
100069814
100069678
106783407
100058560
100068504
100066137
100072526
100072501
100072522
100072529
100066784
100066827
100066690
100066804
100147445
106781447
106781448
100062766
106781446
100066742
100066715
111770475
111771174
111775909
119645699
111772050
111770782
119645700
100054906
100065500
119645701
119645702
119645703
100054954
100066693
100064216
100067158
100068580
106781454
100068543
100065862
119645704
111771875
119645705
100066090
100068520
100065831
100065858
100054307
100052454
100064211
100050265
119645706
100054258
106780893
106781408
106781428
119645707
119645708
100072715
100068027
100067132
100067110
100067995
106780853
100067725
100067704
100067487
100067599
100068100
100068179
106781449
100067468
100068213
100068160
106781450
100067641
100068058
100067507
119645709
100067575
100068140
100068230
106780855
106780854
100067085
100068042
100068597
100068612
100146531
111771879
111771878
100065892
119645710
100146567
106781453
119645711
119645712
119645713
100058433
119645714
119645715
119645716
119645717
119645718
119645719
100057900
100057300
100057179
100057255
111771482
111772334
100058507
100058461
119645720
100071189
106781284
119645721
119645722
119645723
119645724
100063912
119645725
119645726
100051713
100058429
119645727
119645728
100146992
111772061
119645729
119645730
119645731
119645733
119645915
106782749
119645734
119645735
119645736
100065136
119645737
119645738
100063944
106781441
111776133
111772230
119645916
119645917
106781292
111775933
111775932
106781312
111771956
119645739
119645918
100055947
119645919
119645741
119645742
119645743
100058472
100147669
100146290
111776049
119645744
119645745
119645746
100147569
106781043
100058346
100053427
119645920
100063872
119645921
100063875
100053527
100065201
106781419
111776093
111772228
100068426
111776073
119645922
119645747
111776094
100069180
119645748
100056026
100063844
100055988
106781414
111772227
111776102
111776132
102150869
119645749
100630541
119645750
119645751
119645752
119645923
100070828
111776114
106781435
100066068
100146502
119645753
100066190
100053045
119645754
119645755
100066225
100066108
100053085
100052992
100630861
100066164
111776085
100052842
119645756
100146388
111776041
119645757
100072470
100072475
106781988
100146371
100072492
106781987
100072533
106781972
100072486
106781971
100072478
106781973
100072448
106781412
100064236
111772341
111776056
106781424
111776057
106781416
106781404
100146364
100072434
100062329
100072481
100072445
100072505
100058385
111775931
111775934
100063184
100053672
100053568
111772229
111776074
100065230
111772231
100147060
111771793
106781052
106781285
111776072
111775928
119645758
119645759
119645760
119645761
100065803
100054453
100065693
100065735
100065674
100054355
100065755
100054498
119645762
102150063
100065591
100052217
100054673
100052398
100054627
111776043
100054541
119645763
100065610
100146383
100146350
119645764
111776023
100052341
100052157
111776042
100054722
100630042
100070697
111774420
100070820
100055427
100070687
100070651
100070780
100070749
100070611
100147668
100070716
100070635
100070809
100070767
100070786
100070660
100070801
100070737
100070740
111776047
100055521
111776046
106781279
100064329
100055478
111776048
106781407
100055646
106781427
111776058
111776110
119645765
106781430
106781402
100064297
102148920
106781426
111776109
111776113
106781406
106781266
106781259
111772194
119645766
119645767
100058710
100058670
111769157
100057664
100053768
106781289
100055780
100065288
111772232
111776134
119645924
106781286
111772138
111767421
111772268
119645925
100063976
106781051
106781293
106781442
111776135
111772226
111776076
100146469
119645927
111776071
106781287
111775929
111771327
111775930
119645768
119645769
119645770
119645771
119645772
106781411
111776091
111776129
119645773
111772233
119645928
100070383
111774127
100069532
100064878
111772009
119645774
119645775
100147496
119645776
119645777
100066808
100066698
119645778
119645779
111771834
119645780
119645781
119645782
119645783
111774054
119645784
119645785
119645786
119645787
100057334
100066391
100067104
100070180
100057739
100070187
100070370
100070356
119645788
111773100
106783301
100055645
100051018
100054816
100057630
100056625
100050867
100055434
100055082
111773811
100055176
100055272
100058384
111772285
111774053
100057150
100057190
100057512
100055352
100055600
100056529
100054306
100058554
100056438
100057392
111773810
100054995
100058345
100056791
100056577
100057267
100058210
100057062
100057025
100057988
100050632
100146146
100055986
100055818
100054400
106783310
100146966
106783304
100050942
119645789
106783305
111773998
100057669
119645790
111774051
119645791
119645792
100147637
100058076
119645793
119645794
119645795
119645796
100055308
100056946
111774055
102149018
119645797
100050712
111774050
119645798
119645799
119645800
111773812
119645801
100055778
119645802
119645803
119645804
100147164
100630091
100055866
100146480
100058428
100058122
100051089
106783313
100055688
100055946
100058592
111774052
100054952
100056234
100056905
100056100
119645805
100056707
100056394
100057471
100055559
100056754
100054771
100054497
100056355
100055477
106783303
100054904
111773807
111772286
119645806
100058471
100057893
119645807
100056487
100061899
100061933
100061869
119645929
100061969
100056663
100056576
100056528
100056624
100147175
100052991
100056486
100051214
100064511
100146661
111769052
100056790
100056662
100056623
100056705
100056753
100146678
100056789
100071748
100071756
100071761
100071766
102149981
100056866
100056185
100067155
100067976
119645809
119645810
119645811
119645812
119645813
119645814
119645815
119645816
119645817
100072642
100071802
106783353
100058635
119645818
100050457
100055764
100071738
100056143
100058842
100058808
100630346
100630317
100068914
100062551
100062413
100146200
100057876
100147534
111770454
100068391
106781080
111771981
111770941
111774397
119645819
119645820
100062516
100147444
111769696
100062698
100062594
111771977
119645821
100054382
106782750
100146954
100057974
100053607
119645822
119645823
119645824
106781317
100055134
119645825
119645826
119645827
100072968
111771175
119645828
100629362
100052162
119645829
100062316
106782336
100146504
111771982
100068888
119645830
119645832
111772007
119645833
119645834
100064669
106781254
100072999
111770474
119645835
111772105
100069710
102147962
100068376
100068912
111772006
111769606
119645836
119645837
119645838
100629323
119645839
119645840
106781268
111774396
100072977
119645841
119645842
119645843
119645844
111771178
119645845
100054881
119645846
119645847
119645848
119645849
119645850
100063121
119645851
119645852
119645853
119645854
119645855
119645856
119645857
119645858
119645859
102148530
111769695
119645860
119645861
119645862
100059730
106781236
100060038
100055475
100062128
100061533
111774117
106783387
111774300
100147667
111774400
100059694
119645863
111774119
100062068
100061862
100061569
100060509
100059658
100060476
102148334
100061995
111774118
100147007
100061733
119645931
100061835
100061045
100060974
106783390
100061702
102148447
111774401
119645864
111774402
100061013
111774406
111774299
111774403
119645865
111774298
119645866
106783394
100061207
119645867
106783388
100061104
100061079
111774297
119645868
100146501
119645932
106783391
106783420
100063091
100062442
100070787
100070795
100062733
100063450
100062310
100062826
100063056
100062990
100055558
100062796
100062882
119645933
100055685
106780906
100062588
100146702
100147666
111774404
102148733
119645869
102148997
119645934
119645870
106783393
119645871
100063022
100062965
100063183
100055642
100146807
100147387
102147935
106780910
100055518
100061143
100063279
100072242
100072016
100072193
100072178
100072232
100072209
100146189
100058068
119645872
106781586
119645873
100072098
100072225
100072200
100072220
100072236
100072213
100072182
100064132
100072019
100072147
100072152
100072054
100072022
100072106
100072086
100072035
100072044
100064030
100072118
100072140
100064103
100072080
100072166
102147636
100071811
100072144
100072171
106783349
100072205
102147900
100072127
119645874
119645875
111774148
119645876
100072188
100057338
100064003
100072132
100072157
100072103
100072114
100072161
100072073
100072077
100071915
100071772
100071787
111774109
100063972
100071999
100071988
100071983
100072065
100072027
100072031
100072006
100071977
100072049
100063906
100063935
100072068
100072010
106781413
106781405
106783233
111774037
111773782
106781434
111774039
119645877
100065402
100055083
106781212
100050328
100057228
100052898
100057472
100051977
100055129
111775915
111776106
111776107
106781423
106781433
106781415
111776111
100051914
111775927
100057352
100055435
100065423
100055353
100057631
106781585
100146810
100147286
100057393
100055309
106781205
100057433
100057310
111776045
119645878
119645879
106781425
111776108
100057793
100058292
100057502
100057883
100058373
100058198
100057620
100057699
100058417
100057935
100057977
100058025
100057837
100057740
100058240
100057659
100146973
100058332
100057421
100057462
111776022
100065549
106781457
119645880
119645881
119645882
119645883
119645884
100062694
119645935
119645936
119645885
106781432
119645937
100052037
100064514
100055631
100065460
100065410
100050381
100055719
100065432
100065384
100073309
100073310
100052683
100147059
111776040
100062734
106781409
111776082
111767455
106781443
100050399
100066011
106781445
100052732
100146657
100052788
111776084
111776083
100066040
100065987
106781444
100067246
100067855
100146251
100067223
100067906
100067877
100067275
119645886
100066554
100053184
100629677
100053870
100053282
102149146
100629654
100053381
100053671
100053623
100053477
102149245
100053818
100050555
100053235
100055867
100065263
111772234
111776075
119645887
119645888
119645889
119645890
119645891
100067804
100067304
100067779
100067324
111774049
111773806
119645892
119645893
111773805
100067149
111769604
111772186
100067126
100067193
100067171
100067218
100059726
100060645
100063559
100061980
100067880
100065661
100055921
100058743
100049841
100069307
100051518
100054640
100050776
100058845
100063447
100057205
100060459
100051723
100051127
100068371
100147251
100067212
100055364
100059086
100051050
100051988
100054927
100070723
100058606
100069296
100070078
100053523
100064031
100066819
100056547
100055727
100629816
100629846
100063925
100072113
100059841
100050268
100068851
100071343
100071797
100060599
100062344
100069620
100052294
100060249
100062839
111773795
100147052
100054829
100064732
106782759
100071874
100070999
100062519
100052944
100060048
100054396
100070204
100070247
100051685
100050678
106780844
100069505
100070593
102147692
100051609
100062361
102148646
100056354
100065846
100054330
100069295
100060024
111775562
100052241
100063414
100051475
100050017
111767489
106781784
100034213
100060689
100061704
100062797
100059626
100072669
100051842
100058464
100055494
100072611
100533526
100630046
100050217
100050149
100065753
111771529
106783451
100147529
100067315
100059777
100060032
100066539
100063760
100072882
100065260
100055188
100063429
100052271
100057045
100054128
100146266
100056021
100070836
100146775
100054235
100071641
100071995
102149994
100051357
100050924
100050378
100068267
100052235
100064522
100062613
100056169
100057860
100049961
100050025
100049897
100049826
100053017
100064458
100072490
100062620
100065240
100057370
100034171
100050548
100063953
100053361
100058501
100064807
100062144
100060091
100063217
100051197
100060183
100054315
100067000
100051415
100071463
100069097
100072740
100061451
106781146
100630682
100146505
100050774
100052602
100068339
791244
102147487
100067176
100052396
100061907
100071561
100066127
100059344
111770224
100058241
100056108
100064156
100629322
100055755
100054383
111776173
100052114
100033920
100052718
100072985
100071740
100059505
111767587
100064749
100064070
100071257
100056251
100062148
100060218
100068099
100053411
100052187
100065587
100051461
100052123
100058851
100057050
100050655
100058523
106781003
100057934
100066169
100070561
100070587
100053293
100072572
100060729
100053202
100052228
100052543
100070607
100053215
100060353
100071481
100050839
100050914
100629733
100067612
100630553
102148526
100630150
100070486
100058878
100070621
100058375
100060291
100060258
100070326
100056517
100071708
100055252
100146390
102149771
100065303
100059305
100063627
100065728
100146303
100071798
100060789
100063067
100051687
100058426
100051758
100070756
100062988
100052853
100070908
100072758
100630290
100050579
100062163
100050101
100060660
100062251
100065950
100072165
100071688
100071674
100072150
100071973
100051691
100063465
100059478
100063858
100065979
100061447
100051875
100072337
100061682
100072319
100072307
106781643
100066943
100056347
100061695
100053783
100055282
100051730
100062041
100069783
100067141
100056554
100055710
100054903
100053775
100057788
100050372
100064527
100050193
100051947
100052065
100061942
100055203
100054565
100051097
100057407
100059995
100067418
100062216
100060709
102149269
100630691
100064886
111771499
100050755
100146852
100063740
100057677
100062727
100147049
100070585
100060594
100060629
100060318
100052163
100055008
100063675
100033898
100067948
100057369
100034019
100059542
100051773
100057201
100059302
100629343
100057312
100050741
100053433
100071180
100059351
100059384
100050311
100053692
100058532
100054082
100064711
100070015
100052619
100034086
100071615
100147080
100053961
100070899
100051344
100067170
100072395
100060489
100050793
100061774
100630114
100055790
100629178
100052450
100073178
100068475
100073273
100057783
100146718
100055086
100070283
100062015
100061488
100059815
100071665
100050306
100051597
100053606
100050581
100059260
100066556
100056198
100060535
100070524
100072358
100071216
100051683
100064091
100147514
100060791
100052078
100061326
100053879
100057090
100072879
100053510
100058356
100051376
100065629
100630736
102148273
100055025
100068515
100063999
100062249
100065489
100072062
100051336
100053887
100050911
100630816
100053108
100056440
100068665
100057848
100070266
100067136
100058758
100065636
100051481
100061813
100053517
100058382
100061184
111774167
100064623
100051008
100057715
100064309
100054894
100071459
100056122
100062501
100051103
100051401
100057689
100052587
100052424
100072897
100050945
100067723
100056540
100073046
100034167
100630305
111767592
100066420
100067837
100058627
100066498
102149946
100061418
100064074
100053729
100065233
100060607
100058090
100065186
100056965
100050344
100058470
100059654
100054664
100067124
100053174
100058445
100067165
100073187
100062488
100061972
100066280
100053649
100062093
100052815
100062514
100051146
100070251
100053840
100056927
100034116
100070818
100061295
100630364
100146754
100056163
100070738
100051714
100630108
100070459
100053037
100068111
100054429
100066625
102148168
102148504
102149533
102147737
100066460
100146298
100051349
100034026
100146757
100064254
100072656
100036552
100070210
100071026
100063314
100061531
100061565
100069980
100064893
100052026
100065388
100057246
106781564
100070946
100055610
100033883
100058718
100071858
106782323
100066989
100050984
100070745
100065750
100073058
100056039
100052934
100053465
100070002
100057566
102150096
102150443
100051921
100061619
100049916
102150823
100059567
100059116
100064762
100071777
100058211
100055019
100057982
100050418
100051423
100146331
100055844
100057084
100055758
100054177
100051872
100060410
100059940
100069267
100051524
100051530
100050040
100061404
100065274
100058739
100060163
100063505
100071272
100071564
100070137
100057142
100054529
100055957
100052701
100052674
100054845
100055692
100059170
100057134
100056651
100629727
100056996
100072214
100068397
100060330
100053848
100056125
100070680
100067523
100057017
100055429
100052384
100052741
100068879
100065141
100061365
100065926
100050701
100055023
100063049
100147310
111770633
111767705
100050994
100056227
100066650
100055827
100069185
106782156
100060224
100053298
100050713
100052868
100066781
100073146
100058075
100050704
100055801
100630875
100065181
100055765
100059193
100056166
100054427
100057125
106780841
100069695
100629775
100069661
100051855
100070477
100070796
100056431
100054391
100064130
100053039
100058141
100051753
100051623
100050532
100063270
100050227
100146348
100052122
100052647
100062810
100062779
100066445
100053898
100062483
100054800
100060877
100055392
100629558
100071784
100070215
100054913
100629611
100066733
100055236
100053518
100058648
100050790
100059655
100050520
111774175
100070364
100059605
100050951
100063035
100063088
100057775
100060018
100059322
100034047
100059453
100060642
100072757
100070807
100072706
100146441
100060046
100060408
100053825
100059625
100067172
100065473
100064609
100053789
100068126
100066061
100067946
100063439
100070385
100147242
100069409
102151050
100069045
100064208
100629596
100630809
100070766
100063608
100063687
100068871
102148973
100052266
100066882
100057650
100072309
100051894
100070065
100147635
100050975
100070985
100054324
100072858
100063726
100053908
100050467
100037401
100071826
100071838
100071870
100071833
100058509
100033889
100071062
100071025
100071038
100071016
100058536
100055064
100055841
100060317
100053453
100059965
100049811
100064640
100056361
100630244
100630403
100071986
100073023
100053040
100066909
100053794
100050239
100072886
100033904
100071076
100066968
100056432
100051558
100057315
100055407
100051485
100054233
100064142
100058665
100061676
100070545
100055670
100049953
111770195
100070606
100063395
100147516
100071591
100053067
100067798
100057774
100072863
100064698
100146639
100060872
100052895
100147640
100051039
100052761
100058481
100057530
100067359
100054587
100067899
100050048
100071729
100054891
100065565
100068341
100064125
100146408
100055388
100063506
100147191
100052313
100065930
100057474
100059388
100051963
100064291
100052819
100053639
100065971
100068473
100050008
100054085
100069132
100146604
100058752
100066626
100068233
102148536
100050531
100051630
100053774
100052253
100062036
111774181
111774183
100068388
100051484
100065793
100063593
100146835
100062302
100630668
100050902
100061030
100059479
100053823
100052104
100059780
100062257
100147309
100049896
100065462
100059204
100069601
100054610
100057105
100147613
100050850
100056696
100062153
100051261
100053927
100072978
100060925
100050969
100056507
100147156
100068380
100055892
100060411
100051646
100058349
100068428
100053891
100056317
100058942
100064706
100056548
100050612
100070975
100629496
100053268
100033885
100055800
100067820
100062744
100055891
100057523
100034146
100068710
100050312
100054470
100062380
100062963
111771516
100066074
100055676
100052218
100058786
100034202
100067744
100067785
100050444
102150564
100056995
100146340
100057154
111771536
100071123
102148008
111775224
100033859
100060952
100061904
100061049
100063661
100146758
100050604
100050789
100050449
100060640
100059297
100060568
100055489
100052355
111775315
100630531
100060527
100063173
100073281
100061224
100146358
102150200
100053737
100071698
100068638
100055890
102148246
100071030
100051191
100069813
102149647
100052225
100051254
100050102
100052455
100147367
100051966
100059111
100072037
100071034
100061669
100065785
100050165
100068933
100053827
100064219
100067518
100070107
100065534
100070125
100051774
100051163
100060882
100067071
100052113
100055372
100629435
100066520
100053319
100070825
100056703
100072997
100053708
100052195
100069214
100065431
100054935
100063883
100059115
100051926
100059695
100630612
100629865
100073003
100053800
100065113
100057117
100057807
100062054
100065062
100146677
100055847
100630131
102149120
100061320
100067342
100064071
100071524
100052003
100067004
100053457
100629560
100069575
100059121
100051896
100062686
100051959
100055680
100053731
100050189
100067533
100070977
100066315
100059789
100051598
100062608
100071610
100054339
100070302
100070284
100629141
100051363
100069713
100071489
100147149
100071557
111768022
100071720
111768610
100062678
100071960
100050785
100073236
100052561
100051215
102151087
100072720
100073049
100049840
100053404
100051258
100055716
100060526
100053805
100055973
100051247
100067429
100630715
100058130
100050916
100147331
100061038
100054955
100065130
100064684
100055386
100054208
100052020
100066834
100073095
100061820
100054084
100073016
100052595
100053643
100053792
100057423
100067857
100064708
100072238
100070782
100064726
100069951
100051348
100053585
100071325
100057075
100057884
100055191
100056057
100064028
100063504
100061927
100060391
100070843
100065317
100066168
100059233
100071067
100058160
100051304
100051847
100060501
100063928
100060064
100146706
100629152
100055365
100063776
100629539
100051382
106783133
100147459
100055621
100070006
100051083
100064738
100068204
100054038
100060058
100053007
100146707
100055235
100058948
100068948
100062298
102150900
100055851
100062982
100062004
100146879
102148031
100062942
102150843
100051907
100067637
100056729
100051837
100069854
100062224
100062627
100070408
100059955
100060957
100070133
100051737
100053302
100060079
100057766
100054440
100050735
100054977
100054880
100051948
100067434
100072862
100057357
100061874
102148270
100064118
100055125
100061905
100063171
100066287
100061897
100064914
100071104
100070914
100055529
100055355
100053490
100060142
100068301
100058244
100050595
100064909
100062415
100059080
100062665
100063503
100057936
102148734
102148738
100069001
100058204
100051104
100061830
100071967
100064686
100056367
100146306
100146472
100062473
100058322
100060844
100054973
100054098
100072313
100073092
100053168
100147267
100052421
100063348
100058646
100059985
100055657
100052382
100071281
100068620
100072005
100050468
100056734
100053463
100071926
100053492
100071328
100063148
100072744
100034016
100050052
100049951
100062774
100066492
100146777
100056923
100064321
100058061
100009710
100034159
100034094
100034095
100064302
100052828
100034096
100034098
100034099
100053143
100054262
100146116
100060030
100063318
100069215
100051333
100053394
100062549
100051560
100063737
100070207
100056942
100064240
100054964
100065866
100054187
791233
100071872
100060358
100057832
100067259
100064903
100034034
111773870
100066425
100053793
100036554
100056327
100056369
100052097
100054798
100072014
100052729
100060260
100066681
100051075
100070676
100048937
100065904
100072515
100051306
100059380
100069445
100050480
100630262
100058664
100629137
100061616
100052008
100068865
100062674
100068033
100057857
100072912
100066403
100056892
100059867
100050316
100051277
100067119
100059043
100056558
100059076
100054622
100049878
100050749
100060708
100051463
100050303
100058054
100059651
100061164
100072388
100059208
100054746
100054730
100053121
100054319
100058914
100050478
100057162
100146713
100629347
100063765
100062987
100054847
100055530
100064085
111771404
100065213
111768280
102149842
106781235
102149501
100629679
100055682
100071273
100629924
111775998
111767597
111774202
100051354
100052234
100146129
100630205
100063560
100050226
100066732
100052140
100629871
100055647
100629762
100072747
100051413
111770620
100065869
100058227
100147043
100051961
100069960
100072455
100064186
100060937
100068526
100065435
100064863
100064541
100061083
100065032
100070403
100065064
100061896
100064967
100063140
100061967
100147527
102147643
102148278
100065929
100069087
100147215
100055127
100063534
100068085
100066171
100054405
100062308
100063520
102150352
100061380
100063721
100069969
100072453
100051830
100065242
100050164
100054506
100051536
100034217
100053657
100055902
100056224
100064293
100050987
100050569
100061457
100050805
100057828
100064417
100051957
100066381
100055985
100055325
100068477
100059821
100052570
100072870
100067317
100052481
100060885
100062573
100058456
100051468
100052642
100064604
100053987
100049903
100057015
100054590
100071770
100063689
100050948
100051409
100059081
100147612
100216429
100071800
100055920
100067363
100064192
100058668
100051789
100051729
100065788
100062226
100066926
100053261
100059615
100053289
111769239
102148768
100053345
100061297
100065517
100147076
100050336
100050881
100068770
106780838
100056335
100061673
100057336
100057414
100063716
100073297
100067047
100033936
100052702
100059864
100065129
100068590
100067052
100059691
100054404
100062388
100068537
100066521
100067254
100061935
100067921
111774267
100067279
100053557
100053208
100034143
100070332
100059858
100009714
100146680
100071157
100071412
100058059
100050600
100061958
100034087
791253
100034104
100054278
100051792
100069338
100033979
100058245
100054547
100060532
100067287
100057137
100059973
100064880
100056188
100057042
100056044
100058296
100070047
100059662
100058180
100052066
100056857
100057833
100052664
100050251
100067347
100057795
100063422
100062018
100059247
100064675
100053951
100060583
100071930
100052882
100052261
100061580
100066880
100063580
100061950
100053058
100051885
100049870
100053205
100056592
100055444
100058689
100073063
100059664
100056346
100067294
100064067
100060666
100063646
102149682
100070624
100070588
100146338
100071439
100070475
100071096
100071550
100630772
100059640
111773161
102149686
100067728
100052784
100065550
100070514
100056370
100058365
111767794
106783026
100058191
100062278
100052053
100064416
100059013
100054808
100065961
100069554
111775567
100070567
102149166
100054049
102149423
100629628
100051318
100068881
100054863
100058493
100072948
100053180
100057684
100061603
100054196
100053811
106782287
100063528
100063252
100049879
100054318
100065757
100057085
100066726
100050345
100069119
100063020
100059063
100064206
100070628
111772854
100051539
100053641
100068697
100033866
100053674
100070174
100065716
100065768
100069698
100072268
100063232
100058952
100066400
100057700
100053280
102147928
100057666
100071316
100057997
100060832
100050822
100053125
106781125
100147026
100055747
100066116
100146180
100059616
100058765
100066724
100058609
100059236
100049860
100062377
100067611
100062462
100066440
100055256
100064721
100051331
100058091
102149339
100056811
100056212
100070075
100058530
100057624
100068142
100054867
100049861
100069356
100050458
100066413
100059376
100051006
100055265
100065954
100058871
100063290
100072072
100053915
100052885
100052585
100050389
100061694
100062885
100069542
100062293
100051414
100054853
100050665
100049979
100062780
100052332
100056579
100066853
100070702
100050283
100629655
100066087
100064830
100051997
100059099
100053004
100147598
100065545
100065366
100050015
100050772
100147248
100054073
100050487
100053770
100147673
100072805
100066402
100070894
100067385
100630720
100061936
100051161
100067295
100064841
100060962
100068092
100061732
100054701
100054738
100059818
100057771
100053946
100065769
100052645
100065497
100146626
100146594
100059968
100063198
100071340
100051365
100146419
100053023
100070966
100071664
100050254
100146782
100064782
100052240
100059194
100147205
100060713
100060945
100050441
100051110
100049810
100049881
100050870
100068152
100051458
100051360
100060199
100049994
100058175
100060964
100070219
100069402
100067166
100052879
100054239
100050263
100053089
100066550
100630685
100065542
100062767
100050559
100066243
100070317
100060826
100065287
100067588
100059812
100065036
100628308
100062561
100058930
100052025
100071716
100072524
100066060
100060181
102148373
100054364
100069527
100069003
100050541
100064121
100067593
100063392
100054416
100067740
100051540
100054274
100051546
100062026
100063047
100059383
100070665
100073242
100063323
100069263
100056699
100033986
100147161
100146638
100054386
100055690
100050134
100146797
100058006
100050202
100073254
100071578
102150244
100070505
100064247
100054403
100059093
100058003
100051189
100054156
100053486
100061779
102148680
100065847
100051721
100049802
100051000
100055761
100055649
100064529
100050991
100055270
100069778
100147140
111774177
100057080
100050327
100061318
100070175
100054708
100033991
100056761
100050857
100058190
100050518
100067987
100065496
100066233
100069362
100050497
100630092
100054921
100069786
100060431
100051096
100068747
100069590
100050553
100058651
100058541
100061254
100057092
100067544
100056226
100068916
100060252
100052786
100051943
100055577
100050021
100061055
100071725
100051736
106783114
100146167
100146683
100054976
100058690
100060588
100051102
100057565
100066523
100067142
100069685
100063743
100061456
100058729
100052535
100052591
100062305
100034052
100060392
100052627
100051042
100054583
100058600
106783408
100063857
100051689
100063686
100049790
100053078
102148625
100055547
100070913
100058367
100066725
100056078
100055581
100052499
100067476
100062432
100055752
100071487
100056005
100057039
100070733
100068290
100052965
100068990
100052803
100057332
100059280
100072670
100061087
100055602
100058618
100049945
100051147
100056851
100073079
100054943
102149391
100061076
100063295
100063369
100055280
102150752
100051379
100058589
100063820
100061858
100062891
100054815
100067290
100068195
100064627
100059566
100146900
102150014
100066980
100062247
100072463
100146676
100073183
100146126
100065217
100057483
100070664
100050782
100064945
100061373
100058621
100065672
100053451
100146499
100054248
100059102
100064710
100051431
100073201
100056954
100061363
100051942
100064029
100067737
100064870
100058152
100146791
100060741
100061646
100147549
100147528
100065999
100067379
100050347
100072399
100071014
100068701
100062339
100066519
100034059
100064382
100059980
100062326
100068189
100054946
100073228
100058179
100063662
100061276
100072318
100057395
100072480
100059676
100063495
100055243
100055114
100147352
100060438
100051128
100053854
100055472
100072753
100054682
100058955
100069652
100061031
100051973
100146392
100051861
100073220
100060684
100067753
100065091
100034151
100065864
100066511
100053871
100050995
100068605
100051514
100060098
100050843
100051702
100051067
100050471
100050918
100061011
100052488
100058342
100059437
100055109
100054733
100057970
100051587
100053338
111775171
100054900
100068779
100056818
100061144
100059128
100066340
100066958
100068889
100071775
100064158
100071320
100069692
100064440
100058975
100055210
100050852
100056641
100053343
100056328
100062805
100057764
100073227
100146263
100058917
100059760
100066358
100057066
100054984
100051825
100068479
100071792
100066937
100066194
100146490
100146674
100056200
100061571
100052553
100059612
100070915
100051024
100068536
100066797
100055639
100057721
100067920
100630664
100060052
100059094
100060900
100060373
100067475
100061350
100065794
100071160
100062793
100068020
100070800
100061415
100063771
100061452
100066514
100050455
100050980
100064864
100050780
100146448
100072544
100058015
100051086
100054255
100058408
100066101
100067716
100049830
100060829
111775304
100630857
100063751
100053080
100051227
100069725
100068262
100051280
100059136
100033823
100630151
100059211
100055592
100070111
100071334
100052791
111767564
100063211
100066793
100058137
100861557
100861558
100058995
100033972
100058807
100058840
111768464
106780845
100629897
100072620
100072832
100064237
100054469
100057522
100147426
100048950
100055381
100058747
100147228
100050088
100050260
100052907
100629753
100054463
100073171
100058519
100071447
100065677
100066221
100060999
100053010
100052335
100146886
100054821
100058094
100067162
102149188
100147422
100066302
100067392
100061332
100071307
100057284
100052124
106781589
100067400
100056342
100059079
100063074
100068047
100050623
100059033
100050917
100061251
100069836
100064984
100053012
100053953
100069989
100058189
100053147
102149432
100050237
100058463
100071883
102150820
100055939
100070073
100056141
100054384
100052247
100058717
102148851
102149874
100056407
100062759
100063936
100059097
100073006
100052861
100062634
100066278
100629886
111775469
106781227
100629353
100058790
100071421
100063744
100059653
100055331
100147085
100051309
100065215
100052095
100057001
100058652
100051626
100050743
106781847
100053995
100071124
100055300
100065700
100050482
100062318
100050190
100054806
100063775
111773880
100065738
100051140
100069075
100068957
100072287
100072289
100034056
100072339
100147335
100063558
100069618
100070460
100146663
100069962
100064718
100147460
100049831
100060134
100067115
100629161
100060484
100070196
100072427
100070826
100063929
100057104
100061089
100056875
100059972
100056477
100051899
100068802
100064844
100072369
100055608
100072725
100050527
100051443
100072327
100052643
100146244
100053449
100064278
100071579
100070538
100050173
100051915
100067962
100051688
100034005
100051091
100147159
100034006
100051116
100052308
100063992
100629497
100072076
100061909
100062602
100059037
100052110
100071004
100050572
100052055
100070291
100055593
100059235
100056766
100072913
100070944
100034007
111774189
100060331
100146851
100066211
100050696
100630893
100629452
100068030
100065968
100033985
100051509
100034008
100033932
100067007
102148603
100055158
100050545
100052525
100034001
100054642
100069839
100630485
100051448
100051321
100068566
100062076
100056256
100050593
100052887
100055539
100054668
100058360
102148086
100062360
100051978
100034144
100056386
100071636
111774431
100630410
100064489
100068442
100052654
100065329
100070342
100065572
100053081
100630744
100073248
100073005
100063216
100034009
100629559
100052644
100067253
100060851
100051535
100051780
100062429
100034075
100064459
100052368
100057166
100050176
100058911
100050279
100062953
100072397
100057481
100053005
100050383
100057088
100057320
100065845
100052952
100055367
100060441
100056244
100065297
100071360
100058317
100072435
100065651
100063565
100629499
100068917
100071018
100055781
100071586
100050674
100050903
100064319
100053126
100072410
100062030
100054032
100057293
100061050
100056607
100050989
102148685
100071022
100070052
100060766
100052275
100058084
100069955
100072610
100059207
100057295
100051507
100072063
100056041
100069250
100057874
100059180
100147354
100059353
100067025
100070937
100067560
100054745
100056523
100067377
100067769
100052133
100050089
100058861
102149048
100056130
100064212
100055854
100054153
100060731
100071156
100054795
100053888
100072391
102150857
100072624
100054176
102147797
100051281
102149859
100059613
100147095
100054417
100066612
100072029
100051312
100072439
100066806
100068221
100068300
100065276
100068279
100064010
100067206
100052029
100070138
100058229
100067514
100063098
100049913
100058197
100065701
100064672
100050178
100051950
100050630
100033890
100071400
100630377
100055624
100064608
100049886
100051665
100067001
100065414
100065582
100057738
100058620
100069240
100033993
100068265
100063783
100069096
100061303
100060371
100056566
100062395
100065602
100034090
100057437
100071830
100056352
100034012
100060300
100056061
100056308
100147656
100056268
100056230
100061923
100056181
100061891
100033887
100033976
100061766
100061730
100054841
100033995
100056472
100070112
100073276
100050049
100058299
100061893
100068525
102147924
100033905
100034017
100071828
100056326
100065601
100057366
100071215
100064953
100064922
100059546
100072732
100065134
100049966
100146281
111770058
100061572
100057019
100630031
102150316
100147339
100073081
100056508
100067511
111771394
100057525
100072934
100051216
100061825
100069764
100050684
100068667
100065155
100067466
100050218
100630713
100629571
100059530
100630302
100050752
100067771
100063421
100062866
100062785
100069193
100059075
100058867
100058110
100066584
100057861
100066913
100060534
100054731
100050537
100051982
100073008
100033929
100070721
111771647
100066557
100063500
102148689
100062421
100066412
100054087
100060921
100056491
100055769
100066540
100147098
106780842
100059018
102147621
100059528
100061205
100063543
100055821
100055512
100052712
106782925
100070926
100073271
100062111
100057345
100068660
100061807
100055060
100052151
100054081
100061025
100060652
100054633
100061529
100058151
100072382
100052207
100066851
100058947
100060485
100060968
100629247
100050005
100060187
100061099
100055140
100071769
100060053
100051168
100629895
100060839
100067986
100053446
100629451
100052612
100071834
100066596
100067888
102148124
100057593
100072084
100055493
100068480
100052059
100050415
100051816
100062848
100061941
100071718
100049793
100071197
100034027
100062186
100052777
100052120
100055389
100059623
100069008
100066014
102147597
100073084
100056712
100630508
100061338
100050298
100070731
125146415
106782841
100063454
100069716
100069187
100064865
111769973
100630455
100051620
100071128
100071085
100629959
100125857
100057036
100052713
100051897
100057877
100071892
100059727
100070525
100070934
100052836
100053209
100054914
100054411
100059307
100057341
100066142
100034244
100060247
100062392
100063338
100629833
100050091
100065940
100629334
100060475
100061116
100067801
100050941
100055715
100629221
100052386
100056387
100056350
106783478
100053244
100054810
100057913
100050884
100058707
100069968
100068746
100052827
100060595
100059997
100055103
100050957
100050440
100058564
100062833
100072883
100072867
100064058
100052018
100070349
100054080
100069336
100630021
100629979
100063496
100072096
100062130
100070100
100629534
100630847
100052711
100063135
100067169
100033910
100034054
100052383
100066533
100055703
100316857
100063305
111772406
100056150
100052968
100057595
100057206
102148224
100050195
100058663
100009695
100034025
102150324
100058155
100062048
100054706
100058327
100057879
100062215
100060213
100064005
100069054
100146410
100062234
100068980
100070304
100054607
100070536
100073147
102148630
100059476
100055875
100062559
100056855
100059276
102148314
100069684
100068828
100072208
100052291
100056604
100063822
100067546
100065662
100060477
100051283
100069881
100061054
100057933
100070757
100052400
100058639
100070492
100063132
100058313
100051068
100069110
100070752
100071821
100071013
100067255
100070470
100070746
111775498
100073260
102150364
100064976
102149028
100065308
100462689
100065370
100065007
100061538
102150655
100049797
100057744
100051445
100051156
100051229
100051584
100051081
100050295
100051511
100051655
100050225
100061173
100629879
100033931
100056744
100053398
100072415
100060087
100066476
100064560
100057410
100064421
102149186
100063428
100068129
100051364
100062457
111771650
100066585
100056552
100061072
100067450
100066929
100053128
100063523
100146430
100064888
100049970
100051888
100052472
100063261
100063257
100061650
100059254
100056120
100066679
100072101
100065261
100065923
100050420
100058749
111774166
100069044
100070506
100052173
100054753
100054350
100060669
100056247
100063118
100051403
100057049
100057082
100069588
100059527
100055845
100069959
100051069
100070673
100062382
100050246
100630191
111768862
100630521
100033826
100034028
100053773
100066341
100069168
100059866
100060384
100065967
100050079
100056285
100060566
100059936
100051775
100050428
100049909
100064194
100069364
100073151
100052030
100062484
100072971
100051935
100070958
100072755
100061850
100060934
100056499
100065654
100072485
100070463
100059698
100050363
100064371
100059630
100057885
100054960
100058250
100147561
100065982
100070448
100052071
100052740
100071771
100067357
100060049
100059282
100071723
100630431
100146131
100069810
100051380
100065797
100064052
100049828
100062398
100069289
100146122
100063235
100067811
100052441
100070104
100058644
100059600
100069899
100061339
100071998
100060543
100146376
100071721
100073048
100146911
100061705
100056993
100065232
100066128
100073011
100063053
100146209
100061926
100055699
100056338
100055217
100147610
100062544
100070534
100058468
100147450
100050662
100062956
100063707
100063734
100073090
100629670
100070715
100147264
100146571
100061753
100630703
100630098
100065580
100064114
100051522
100050119
100053749
100059268
111771534
100056121
100060637
100062011
100072831
100052577
100058370
100052405
100067493
100063242
100072250
100057532
100034000
100058813
100061301
100062652
100054544
100066351
100147018
100068715
100066474
100068507
100057456
100070391
100071111
100059510
100072543
100066172
100061169
100068955
100051174
100069936
100069812
100057444
100049969
100060169
100063981
100067339
100146829
100072571
100146611
100054908
100053520
100051757
100063125
100054966
100067968
100061096
100060564
100068793
111768111
100051418
106781864
100060396
100069517
100629882
100055242
100069371
100054247
100033833
100051198
100065001
100050338
100055804
100057606
100146887
100068909
100062946
100053697
100068961
100069705
100053203
100061309
100053816
100058672
100058797
100057842
100630053
100052514
100913084
100064290
100051264
100058388
100061200
100057260
100034105
100062717
100033912
100052385
100055787
100073036
100051953
100053706
100071141
100058046
100058040
100070338
100067551
100056383
100072053
100071226
100064962
100060798
100068670
100068642
100060961
100070712
100062045
100062691
100629604
100009694
100072381
100072930
100071573
100072927
100063374
100059100
100056191
100058580
100060017
100053247
100051223
100069977
100062703
100068069
100052863
100052814
100052756
100068130
100057463
100146907
100052766
100058964
100055485
100058805
102151059
100073127
100055625
100058457
100059120
100067133
100053647
100063163
100146913
100147542
100064887
100054432
100058455
100060420
100147595
100055832
100053841
100053787
100065881
100072331
100146262
100060198
100050608
100051181
100058363
100060388
100058287
102148083
100063287
100072871
100064220
100055149
100064251
100072525
100052186
100059053
100066201
100063961
100061651
100063742
100055828
100055445
100061330
100063768
100063046
100054503
100069313
100072614
100070515
100055121
100051927
100063527
100059414
100147341
100065671
100057835
100070341
100053586
100055797
100070443
100050099
100066269
100059040
100071908
100056389
100057608
100054040
100062525
100063698
100054026
100068238
100064639
100050762
100050248
100065653
100069638
100059141
100057704
100051398
100064546
100055374
100072690
100059103
100066182
100062104
100146128
102148919
100053559
100056450
100034141
100034163
100060222
100058502
111768337
100050710
100063498
100050693
100070188
100069953
100146983
100067009
100051678
100063461
100053140
100055996
100055498
100052412
100072768
100147021
100034080
100071243
100050466
100067746
100146160
100033974
100053371
100033939
106782447
100033971
111770625
100070552
100056219
100054805
100050310
100057323
100071241
100055954
100050159
100070614
100055424
100056898
100063081
100050369
100053455
100146532
100051998
100058397
100055629
100147578
100070654
100051858
100056015
100061903
100071478
100069752
100067750
100051123
100065180
100050209
100056733
100062655
100073189
100069507
100065083
100059321
100063573
100072817
100069666
100059412
100050908
100050221
100071319
100071133
100053344
100072994
100071523
100071541
100071549
100059092
100051207
100072304
100065965
100063238
100050256
100056075
100061876
100050320
100062146
100050387
100051531
100060809
100063372
100630306
100051821
100062274
100054925
100052800
100056009
100058004
100072701
100146878
100147065
100052215
100147463
100061379
100067821
100053161
100053537
100064046
100069190
100050535
100053603
100146521
100066449
100072377
100066786
100060701
100055038
100058196
100051054
100067525
100058276
100068242
100050382
100069623
100072047
100056842
100062949
100073170
100073163
100056613
100051663
100070543
100009691
100061059
100066656
100147303
791243
100059721
100049977
100069223
100051260
100052721
100072424
100057221
100069957
100053532
100063312
100067845
100033952
100051238
100068437
100057537
100064641
100052070
100058200
100146861
100071256
100060334
100146994
100063398
100071907
100052336
100072348
100051613
100057720
100056978
100050539
100053824
100050913
100058458
100146923
100069470
100061346
100054556
100054747
100033848
100057380
100055795
100060390
100058799
100053016
100063073
100056323
100063433
100055860
100057685
100050240
100055782
100146527
100070633
100066658
100053955
106782083
100052453
100056073
100034157
100146819
100053312
100056481
100070959
100034108
100034109
100058138
100053217
100057106
100060383
100071424
100051114
100068093
100068117
100071525
100060779
100034162
100068155
100068120
100065438
100009692
100070287
100058405
100073212
100062585
100073211
100073233
100070315
100071612
100071627
100071607
100071635
100067944
100052429
102147611
100068338
100070488
100050220
100055684
100063273
100055730
100050289
100056458
100059564
100050740
106783340
100068259
100059674
100066262
100069533
100064380
100050166
100033850
100033843
100033845
100033846
100033851
100033852
100033853
100062493
100060818
100070988
100068190
100054822
100058279
100054949
100062897
100053412
100050615
100056521
100064492
100059404
100059851
100053934
100064261
100054136
100061736
100052492
100054338
100059335
100052753
100056086
100072064
100062029
100060285
100629947
100063904
100050558
100056050
100050143
100057746
100060172
100055474
100057203
100070296
100630652
102150398
102149300
100052013
100069744
100630914
100064096
100629701
100630476
102148592
100049973
100629401
102150140
102150693
102148715
111769950
111775159
100629770
100630236
111773222
111767797
102150031
102149074
100629440
102149561
100069519
100065620
100630628
106783082
100629934
111773244
100033990
100629852
100054389
100052311
100069949
100066652
100066707
100052086
100065320
100072974
100070816
100059446
100051857
100058583
100066850
100072734
100068168
100064502
100063241
100064082
100052805
100052774
100059267
100072418
100059113
100071451
100050060
100050842
100056719
100051273
100050930
100060865
100065464
100051631
100146941
100062645
100066352
102151009
100056434
100053270
100063985
106781588
100052349
100056692
100067569
100055830
100568460
100054834
100051037
106783256
100067697
100066901
100051471
100066312
100060958
100059055
100070474
100061589
100054907
100068274
100050337
100053021
100050830
100053207
100060367
100065699
100050121
106783117
100630068
100629246
106780830
100069074
100066500
100066988
100050126
100072966
100629337
100070695
100051100
100050644
100059578
100066873
100068610
100055614
106781357
100066218
100065533
100050811
100057100
100055239
100062679
100072714
100073099
100050243
100071099
100066854
100630743
100057495
100059977
100055746
100066515
100056926
100061389
100051682
100050956
100060493
100062401
100057360
100056781
100059657
100059877
100050551
100146367
100072075
102148488
100051952
100050730
100050301
100053252
100052089
100069069
100033855
100034223
100146988
100068400
102151108
100052256
100061292
100050682
100057399
100069383
100070344
100069497
100070575
100071572
100061385
100053889
100066282
100065060
100052877
100063101
100147563
111768015
100146792
111768651
100054980
100146709
102147398
100054105
100066630
100073001
100147196
111770059
100146979
111768618
100147376
100071201
111769285
100064442
100056348
100067353
100033908
100629527
100630207
100056977
100069204
100064317
100053512
111768925
100055446
106780833
111773189
111768743
100064207
111770678
100070753
100071732
100630545
111775261
100069435
100068962
100055903
100050318
100059849
100147206
100059272
100066860
100061215
100067719
100070202
100051243
100060119
100052928
100062426
100054514
100064787
100058228
100057967
100056847
100060502
100630742
100071437
100069987
100053306
100060419
100062113
100056463
100050244
100630252
100630560
100068245
111768011
100063951
102150675
100051422
100630078
100058713
100063364
100629203
100061948
100064968
100065351
100049907
100067918
100059513
100070923
100054901
100062715
100629294
100051902
100629176
100053106
100070467
100054830
102147634
100063358
100053038
100066267
100067964
100056385
102147502
100072983
102147897
100053790
100064996
100070629
100053578
100051955
100058875
100054066
100062788
100051397
100065158
102150831
100053026
100061337
100050625
100054905
100070371
100054600
100630883
106781617
102147605
100630416
100071873
100630242
100630751
100071304
100064080
111769913
100050392
100052609
100055189
102150394
102149408
106783076
100063733
111773976
100069093
100630333
100054006
100067708
100068624
100630285
100062820
100052694
100065743
100072726
100072721
100050365
100070425
100072653
100063582
100067749
100056137
100052156
100056116
100056551
100070165
100053029
100065471
100069832
100060546
100146935
100052676
100059420
100057517
100062947
111775189
106783489
111772531
106783172
100060623
100063739
100050086
100062480
100072121
100056536
100059733
100055495
100051697
111773910
100067860
100051547
100056575
100066945
100052369
100052695
100052745
100146416
100071053
100063025
100059392
100051200
100630248
100057181
100147193
100073259
100067615
100070480
100067231
100072416
100050360
100068692
100069870
100063654
100147135
100071450
100070655
100059582
100052283
100070704
100050297
102150252
100055059
100073107
100051440
100050923
100052590
100063248
100059619
100069703
100056730
100060563
100057403
100073184
100050647
100051325
100053755
100630023
100063400
100050379
100057808
100072446
100629957
100055486
100057264
100060209
100065164
100071467
100068790
100629706
100050856
100067574
100056763
100071526
100068423
100070965
111775581
100053744
106780873
100053264
100070669
100054033
100053376
100067865
100051844
100057871
100055056
100052752
100629380
100073250
100060494
100147538
100060975
100072730
100072180
100059077
100057093
100147202
100068995
100062873
100061378
100063842
100057287
100057948
100066933
100059610
100060276
100052744
100069706
100049965
100067398
106782823
100058920
100064652
100055503
100072676
100053563
100069007
100054889
100053104
100072459
100067118
100062218
100059539
100062033
100058687
100050960
100066966
100067121
100066822
100070405
100056055
100059051
100064415
100147651
100053917
100064780
100068868
100056051
100060121
100067500
100050582
100068363
100050186
100066027
100055046
100068898
100068325
100057966
100049814
100062209
100066223
100146738
100009707
100052446
100062290
100054870
100051143
100073191
100067226
100070121
100051542
100066306
100070948
100069633
100052513
100034011
100054693
100052904
100052954
100050053
100056924
100051157
100058284
100054071
100058954
100060223
100050610
100052119
100059718
100059026
100051410
100053079
100066682
100059872
100062046
100055100
100069956
100055913
100056264
100064585
100054971
100059200
100050664
100067736
100057553
100060508
100009696
100071924
100069961
100051389
100070955
102150301
100055855
100063891
100146613
100062610
100070861
100054972
100147300
100057411
100058586
100060664
100054505
100629487
100630834
100069691
100071711
100062776
100055756
100066347
100534008
100052660
100072657
100051063
100071501
100065978
100059560
100630505
100051799
100147185
100064638
100066574
100067410
100071069
100056242
100061953
100071840
102148612
100054418
100050070
100071175
100034102
100072333
100057241
100066999
106782893
100063222
100066798
100056769
100050597
100054797
100056340
100062397
100061863
100146591
100062798
100060878
100063460
100060314
100054016
100073104
100073073
100070499
100066525
100060896
100056587
100060567
100070790
100053091
100063237
100054839
100056694
100068496
100050430
100067584
100063955
100056372
100060398
100054578
100059929
100063665
100071143
100071102
100051549
100051725
100056840
100060302
100061281
100061106
100034106
100050477
100147584
100050374
100070216
100052857
100061372
100067107
100630536
100630015
100054172
100070178
100066102
100068745
100059135
100059304
100062531
100068070
100056960
100064516
100059341
100055010
100072679
100146305
100069310
100066565
100057493
100053323
106782477
100070601
100056205
100053211
100062108
100068891
100071831
100054302
100070267
100065509
100053543
100053852
100063045
100629450
100066783
100066769
100071230
100070249
100147390
100056310
100056673
100064295
111775073
100067156
100629542
111774279
100065564
100051057
100630874
100066946
100062995
100064262
100063383
100070949
100146838
100057285
100146694
100070162
100070472
100049829
100050988
100062842
102148544
100053652
100051801
100147004
102150091
100057958
100065638
100050869
100052605
100059716
100049833
100055953
102147817
100064021
100072866
100050016
100071490
100062804
100059468
100061523
100070943
100050526
100070119
100057507
100052905
100056452
100056174
100051704
100052854
100146749
100062910
100068405
100050341
100059396
100062526
100060863
100070556
100070941
100050854
100050996
100057306
100050198
100050962
100053349
100066517
106780887
100073123
100067625
100067605
100073122
100070300
100060433
100051087
100052324
100052673
100630394
100057571
100064696
100052628
100054228
100053491
100034168
100073088
100067576
100056344
100057641
100070335
100052239
100056106
100070082
100053260
100070682
100061136
100071562
100072474
100055972
100058508
100057143
100630332
100057726
100064447
100059739
100065406
100067303
100063916
100057584
100066613
100073308
100072650
100053538
100629297
100064065
100629222
100630223
100058306
100050919
100062690
100053621
100061511
100063826
100054151
100055991
100146158
100051402
100059992
100054415
100050718
100066883
100051339
100059705
100066000
100050932
100060845
100052423
100061515
100059686
100068801
100059375
100062193
100051482
100068323
100059019
100057955
100052182
111772434
100065915
100054561
100071497
100065504
106783090
100055934
100146597
100050534
106783265
100065478
100056515
106783277
100063267
100065228
100050940
100059004
100070366
100051126
100068116
100067415
100051750
100053661
100054756
100060592
100072751
100055336
100064004
100063852
100146355
100071103
100070184
100070312
100056891
100050342
100056274
100066908
100064026
102151098
100051924
100049975
100053945
100072293
100065761
100061931
100060015
100057098
100067018
100072923
100051815
100052179
100051625
100059196
100060869
100071321
100067181
100065465
100060417
100054793
100059422
100056490
100050879
100071538
100064433
100051650
100069139
100054115
100146880
100059856
100065596
100049846
100067729
100061032
100064183
100065443
100146912
100147545
100066709
100065507
100051717
100147603
100070390
100147606
100072559
100056019
100071208
100056059
100066147
111774174
100066198
100056012
100053113
100050922
100057014
100054832
100054828
100055036
100146980
100071603
100054457
100067023
100053925
100066870
100059332
100059862
100059264
100050408
100060596
100061029
111769616
100068843
100067919
100054623
100056129
100073150
100071269
100629388
100052665
100147220
100049930
100072786
100067427
100059146
100058698
100060404
102150248
100059689
100050602
100146660
100630002
100058916
100063639
100060348
100050689
102149436
100062952
100060197
100068464
100053301
100067816
100058201
100630826
100070964
100053458
100147648
100069524
100062463
100067631
100068184
100062621
100055997
102150479
100063561
100050707
100068352
100064733
100060700
100055640
100066006
100071493
100051732
100057619
100061381
100146317
100058537
100065024
100066162
100063512
100059226
100147439
100068393
100051305
100055668
100071813
100066963
100072737
100055105
100073130
100067446
100056677
111774444
100067764
100146544
100054912
100059419
100051352
100062728
100065390
100071429
100058454
100069784
100070967
100059755
100072545
100072576
100056115
100629543
100070595
100051302
100067122
100055378
100630695
100071093
100055124
100068022
100052478
100060054
100053043
100072632
100073065
100057820
100063401
100070041
100056710
100062124
102150783
111771574
100057035
100062191
100147039
100053831
111770458
100064053
100060120
100147234
100058214
100630520
100051118
100629140
100629975
100630028
100064263
106782778
100050533
106782560
106783135
102148737
100630897
100071106
100054636
100034176
100062631
100063009
100056210
100147268
100056165
100069460
100069711
100061484
100054681
100052504
100068987
100069163
100051405
100051983
100066433
100055933
100629635
100051351
100058018
100072249
100059432
100068873
100051361
100052231
100067467
100034089
100058029
100058960
100060423
100033900
100063161
100050377
100051765
100072674
100034117
100033860
100060435
111774203
100055793
100051444
102149210
100072050
100054584
100070046
100053068
100070842
100067214
100630434
100067403
100067973
100146648
100057768
100069170
100054001
100064079
102150715
100064157
106781246
100059082
100067775
100070659
100057374
100056897
100060310
100052075
100146206
100057478
100050044
100063449
100073261
100055681
100060159
111775047
100073059
100070834
100071194
100055582
100066561
100051155
100055091
100068979
100059017
100068915
100056004
100059667
100059159
100054511
100055016
100051615
100051297
100146573
100063949
100064843
100051048
100052214
100068310
100069729
100052534
100063377
100064816
100050503
100058604
100052764
111770753
100061852
100062414
100529854
100069681
100066563
100064257
100072703
100058416
102149772
102148010
102148728
100071686
102148332
100071301
100059661
100066829
100069994
100060448
100052076
100051797
100052148
100059837
100062521
100057430
100066823
100067604
102148911
100062094
100630856
100071020
100034220
100034134
100033947
100051332
100069589
100056208
100054625
100050358
100066048
100051645
100064503
100055288
100050412
100050442
100066918
100057908
100065312
100059639
100034031
100059329
100068531
100059417
100072400
100072283
100066097
100057932
100063446
100069754
100059793
100052464
100062680
111774437
100059827
106782939
100052963
100054465
100061477
100070823
100055501
100054133
100052999
100049577
100064614
100069988
100009701
100009703
100066890
111771347
100064554
791248
100054367
100009693
100070241
100053735
100059154
100070493
100058661
100057905
100050742
100058490
100069913
100062336
100058318
100072881
100068084
100069679
100056588
100069046
100051449
100061300
100070803
100068573
100056436
100068458
100055634
100057978
100052024
100061310
100055020
100067097
100067204
100052639
100052413
100058089
100052804
100058048
100050815
100054804
100064943
100058551
100054039
100067334
100071888
100071633
100061843
100054992
100051561
100061043
100059703
100065195
100051148
100054050
100529263
100059164
100068443
102147843
100054833
100056636
100051396
100061842
100052466
100065621
100064947
100050698
100062420
100065098
100059110
100053330
100070199
100146836
100057382
100050185
100066847
100061105
100058628
111770435
102147816
100068925
100066588
100061387
100061424
100062454
100629379
100052572
100063055
100061749
100070044
100062008
100061795
100062584
100147694
100071685
100147448
100060782
100059706
100056093
100065089
100629484
100053673
100061910
100147203
100059603
100630848
100053096
100055654
100051954
100058181
100146899
100629231
100064526
111768353
100146607
100071121
100073241
100054517
100054407
100059506
100629746
100629819
100055763
100054987
100051809
100068983
100063959
100065684
100073293
100051913
100063902
100063299
100060304
100069743
100065595
100060931
100063952
100073041
100059583
100050144
100065104
100053430
100070012
100062612
100069905
100060238
100057560
100059186
100064665
111775276
106783464
100068165
100630499
100056476
100058940
100058999
100067472
100070615
100147471
100057527
100063521
111770638
100065461
100057187
100629303
100053269
100071970
102148480
100630142
100066723
100055570
100053699
100629684
100064379
100064265
100064015
100630593
100630452
100070952
100063983
100071779
111767625
111773239
100146945
100052127
100069019
100629310
100629776
100070307
100629798
100068285
100066689
111775277
100629752
111772478
100059290
100630203
100630906
100059122
100630604
100060879
102147925
100071266
102147966
100057169
100630681
100073029
100055277
100069181
100061809
100062603
102151090
100062831
100057780
106781491
100053907
105180376
100060795
100052816
100049971
100629443
100061996
111768577
100629963
111775065
111775252
100068662
100060966
100072302
100054802
100057467
100629945
102148293
100069904
100060289
100061060
100070394
100051040
100067789
100055636
100630760
100055748
100069123
100062088
100072644
100629405
100071327
100052430
100050750
102149877
100062403
100065903
100070089
100050223
100146655
100049981
100060256
100056447
100057436
100067695
100052069
100053232
100629528
100051660
100068011
100065125
100146309
105758455
100629248
100056570
100067734
100057797
100146964
100054663
100050514
100057256
100055488
100070982
100064755
100062112
100629449
100629726
100067634
100051835
100630482
100056325
100051803
100072976
100058915
100071736
100071051
100053441
100065097
100072228
100062939
100063300
100062170
100064580
100055095
100069657
100146789
100066155
106780837
100067321
100067463
100067298
100067483
100067393
100060327
100071161
100067591
100058498
100057972
100071190
100070705
100069647
100061476
100146332
100033928
100629309
100034015
100060363
100051234
100064815
100050838
100051353
100062494
100064100
100064778
100066874
100067021
100051906
100065101
100049835
100033834
100058953
100146644
100073197
100034068
100073132
100062595
100055347
100069795
100056617
100065885
100146755
100051166
100070724
100034069
100055833
100066195
100057564
100059548
100055840
100068460
100059424
100066167
111770055
100055885
100058657
100064377
100060254
100061872
100147233
100051550
100060470
100049906
100060504
100060605
100051061
102150292
100057722
100060176
100053426
100072294
100061776
100070001
100058499
100066914
100061968
100033840
100061556
100051811
100056292
100063471
106781214
100034065
100533994
100055363
100146343
100147259
100630835
100189599
100073294
100063482
100071795
100061691
100060904
100069324
100070414
100058134
100058067
100146672
100065955
100054186
100059315
100056451
100055713
100052538
100051392
100070922
100051383
100054292
100070513
100052159
100058806
100629165
100070131
100070847
100146715
100066580
100630316
100629249
100630688
100072274
100064875
100070532
100065937
100054229
100059572
100051666
100051153
100058773
100629133
100053011
100053650
102148035
100629960
100052943
100050862
100069929
100070462
100063083
100058595
100052782
100070714
100059910
100059448
100062044
100056322
100055278
100050141
100147229
100071618
100055346
106782401
100071235
100070960
100059752
100052597
100069910
111774336
100302031
100051154
102150167
100073013
100060965
100060126
100146312
100067571
100056614
100009684
100052671
100058622
100067330
100055542
100056751
100147533
100034066
100072955
100070095
100050973
100146662
100059107
100066008
100049850
100146781
100059710
100060696
100049885
100146716
100067538
100061873
100059398
100059158
100053648
100068009
100067887
100147257
100067515
100063464
100065824
100067681
100068006
100055110
100066684
100066812
100051575
100072085
100055119
100052296
100065698
100051582
100052697
100067628
100066224
100051585
100064147
100069225
100054875
100069561
100062246
100057131
100051135
100072846
100057327
100147030
100050563
100050042
100055058
100072683
100071306
111774200
100065619
100051031
100052273
100069518
100072239
100071825
100068465
100072982
100071276
100054285
100066180
100066151
100066241
100054606
100063767
100057632
100056248
100057250
100056618
100050391
100033926
100056836
100053353
102148302
100051786
100061497
100055194
100064095
100056525
100146229
100060943
100062188
100066782
100069506
100050517
100066810
100147035
100051726
100060192
100064831
100071461
100055164
102150785
100066864
100065226
100568304
100060341
100064283
100057121
100052917
102151116
102147803
100056572
100057719
100051616
100067248
100066246
100057262
100059340
100059823
100630126
100071225
100052338
100060136
100055620
100049895
100568303
100055660
100071234
100059306
100070991
100051245
100053519
100056035
100066054
100056593
100063230
100147211
100066749
100050447
100055154
100070270
100069858
100060571
100063370
100056934
100057897
100053730
100069114
100630828
100063452
100068446
100064200
100146178
100066636
100066293
100072187
100073022
100050210
100067346
100050460
100052153
100051668
100057429
100070415
100060773
100051822
100055251
100071028
100049838
100053410
111775135
111776158
111767670
111768270
111768964
111769461
111769463
111769464
111769467
111769564
111769566
111769569
111769572
111769573
111769433
111769538
111769434
111769542
111769544
111769435
111769546
111769551
111769553
111769554
111774873
111775134
111768965
111769448
111769539
111769541
111769440
111769552
111774874
111774872
111775131
111767999
111768267
111769534
111769535
111769439
111769549
111770986
111773375
111773376
111773361
111773367
111773368
111773369
111773370
111773362
111773363
111773364
111773365
111773372
111773373
111773366
111775870
111775881
111775882
111775868
111775849
111775850
111768532
111768533
111773770
111773737
111773741
111774875
111774877
111775875
111769410
111769512
111771158
111771159
111771712
111772267
111769937
111773069
111773768
111773771
111773730
111773736
111773739
111773745
111773751
111773733
111775544
111769446
111769879
111771710
111772265
111769905
111773754
111773767
111773773
111773714
111773748
111773720
111773722
111773757
111768733
111768734
111768966
111774094
111774533
111774876
111776155
111776157
111768737
111769422
111769543
111769436
111769545
111769550
111769561
111773746
111773749
111773752
111773753
111773721
111773725
111767668
111768265
111773067
111773068
111773070
111773072
111773073
111773776
111773774
111773779
111775856
111768967
111769454
111769527
111773769
111773772
111773719
111773735
111773738
111773740
111773732
111774531
111775862
111772266
111769916
111769945
111769948
111773747
111773755
111773759
111773731
111769577
111770267
111775861
111775879
111768530
111768736
111769459
111769537
111769471
111769473
111769476
111769478
111769480
111769585
111769589
111769487
111769491
111769400
111769401
111769403
111769502
111769423
111769424
111770557
111775543
111768269
111769548
111769421
111769431
111769908
111769912
111773729
111775542
111767672
111767675
111767679
111767680
111767682
111767683
111767666
111767667
111767998
111768004
111769481
111770558
111770738
111772333
111773713
111773763
111775132
111775853
111776160
111776156
111768534
111769460
111769497
111769511
111769513
111769540
111769441
111769445
111769881
111769942
111767676
111768000
111769529
111769557
111769447
111769510
111769419
111769516
111769555
111769443
111769878
111773065
111773074
111773765
111773775
111773777
111773778
111773780
111769415
111776159
111769475
111769521
111771441
111769882
111769941
111775871
111767669
111773066
111773781
111775133
111775130
111775848
111769151
111769509
111769453
111769456
111769526
111769466
111769563
111769565
111769568
111769570
111769574
111769495
111769496
111769414
111769514
111769428
111769525
111769430
111769444
111769558
111773742
111773716
111773718
111773756
111773724
111773758
111773726
111773727
111773728
111773762
111774530
111775851
111768735
111769462
111771276
111771760
111772142
111769924
111769927
111773360
111773764
111774534
111767674
111767677
111767690
111767684
111769470
111773743
111775876
111767681
111769575
111769883
111769886
111774532
111767678
111767689
111767685
111768003
111769902
111773715
111773717
111773760
111775854
111769405
111769411
111769500
111769507
111769523
111769556
111775852
111769450
111769451
111769524
111769432
111769892
111769887
111775126
111768531
111769404
111769426
111769469
111769581
111769588
111769593
111769484
111769488
111769517
111775867
111767688
111769547
111769442
111773374
111775864
111775859
111775866
111767673
111767687
111767686
111773761
111769899
111775865
111769567
111769579
111769531
111773744
111773734
111775855
111776154
111769418
111770739
111775129
111775878
111769590
111769407
111769408
111769409
111769412
111769413
111769504
111769505
111769506
111769508
111774093
111775872
111769580
111769518
111769880
111775858
111776161
111769449
111769559
111769576
111769406
111769499
111769429
111769533
111769870
111769452
111769498
111769417
111775541
111775873
111775860
111775877
111769458
111769578
111769586
111769591
111769486
111769490
111769520
111769425
111769438
111775869
111767671
111769420
111769530
111769536
111769930
111769932
111769884
111768002
111769528
111769532
111771370
100070713
111768001
111769150
111769465
111769468
111769583
111769584
111769587
111769592
111769485
111769489
111769493
111769494
111769416
111769519
111773766
111773750
111773723
111767997
111768268
111769437
111769474
111769582
111769477
111769479
111769399
111769402
111769501
111769522
111771972
111772000
111769562
111769427
111776162
111769398
111769472
111769482
111769483
111769594
111769595
111770093
111771711
111775857
111775874
111775863
111775880
111767665
111769455
111769457
111771160
111773371
111769931
111769934
111769938
111769939
111769885
111769944
111775127
111775128
111768266
111769492
111769503
111769515
106782809
100053009
100062443
100059286
100061564
100062355
100066249
100072204
100062641
100069434
100054221
102150329
100061175
100072659
100059740
100056810
100050231
102148867
100060376
100054478
102149157
100057419
100056821
100055143
100034158
100063195
100072667
100066552
100034071
100055509
100059214
100058949
100070261
100629772
100059681
100066615
100065679
100059678
100057563
100054678
100068974
100630405
100051185
100052851
100059745
100053864
100057099
100060456
100057818
100068722
100034188
100052603
100061993
100053109
100054683
100056067
100063671
100302635
100055077
100054312
100060520
100066270
100064866
100055829
100051003
100056173
100066103
100147372
100063281
100057224
100146751
100056203
100146893
100065606
100061150
100050928
100630547
100071801
100055228
100053658
100057222
100055873
100064038
100050926
100056737
100071110
100066031
100056918
100072651
100061180
100072645
100059820
100060250
100062035
100065411
100060412
100055884
100051378
100065112
100146574
100054655
100066696
100064552
100066096
100147091
100056539
100059774
100070643
100061024
100058491
100070471
100055237
100073148
100068431
100052001
100060319
100055995
100053996
100057887
100054467
100064688
100070772
100060967
100053836
100056502
100053158
100054501
111774224
100053315
100062643
100062430
100063448
100069973
100060394
100072565
100060083
100068276
100062817
100052922
100054198
100146308
100146759
100069488
100059720
100055499
100061066
100069586
100052052
100056216
100066228
100071668
100071120
100053576
100055898
100051705
100069471
100052881
102147496
100068497
100053844
100065520
100056046
100052147
100053883
100060986
100059822
100070898
100051840
100059249
100064760
100054576
100146855
100051013
100056684
100629875
111772826
100065776
100059595
100058421
100057442
100072438
100052528
100066555
100066840
100056364
100147272
100056192
100064341
100059946
100053500
100051453
100057576
100059618
111770144
100052473
100049974
100060118
100050669
100061600
100056589
100054895
106780856
100272214
111773876
100070286
100054712
100054343
100056006
100065428
100056716
100033827
100069490
100056118
100062254
100072729
100049832
100060837
100055301
100061945
100630352
100050502
111773538
100053717
100052390
100054341
100067923
100051917
100060514
100146182
100146854
100060971
100060227
100071144
100051740
100033886
100072712
100053370
100055324
100057570
100051464
100050729
100051188
100146274
100067752
100060792
100057234
100053395
100052911
100071005
100067272
100052809
100068463
100061123
111767575
102147753
100053997
100630512
100053948
100056822
100057923
100063571
100033924
100059289
102149821
100058679
100062920
100056334
100062598
100630045
100630481
100064918
100060214
100067766
100057575
100072717
100056215
100071949
100065385
100071009
100061534
100055027
100630004
100066866
100064883
100051493
100058843
100062653
100050645
106782352
100068420
100055998
100063899
100069934
102150563
100051373
100051082
100069535
100050725
100059725
100067217
100070024
100062986
100057243
102151069
100051269
100629621
100059665
100062023
100055431
100062522
100059807
100066199
100066480
100052706
100056043
100052573
100050402
100069323
100063909
100069337
100056497
100054695
100063165
100071944
100062126
100064025
100070708
100069912
100064724
100060000
100060210
100058492
100071135
100056287
100146516
100055323
100146236
100069887
100058282
100033838
100052000
100059547
100069565
100058590
100146261
100069244
100055320
100057172
100063105
100052144
100052085
100057140
100066229
100052517
100065945
100066289
100147412
100057294
100057611
100055067
100067440
100059873
100051543
100072587
100058796
100062347
100060288
100058611
100073154
100062139
100067713
102147767
100051746
100058147
100070386
100059151
100052886
100146356
100055666
100054917
100059416
100053485
100058135
100061121
100068742
100072764
100065541
100066002
100058060
100064258
100049923
100050109
100059773
111776167
100059759
100059450
100067623
100064919
100053177
100071059
100069342
100069294
100058559
100051323
100071097
100063180
100052016
100060861
100052199
100059641
100060579
100069487
100146183
100063691
111767593
100629375
100630833
100630846
100147519
100059627
100053786
100057847
100053634
100051878
111767815
100061751
100053030
100063896
100065914
100064842
100053932
100066985
100060750
100052651
100056401
100062840
100070008
100066365
100059270
100061258
102149805
100052352
100050607
100070053
100050841
100070397
100070208
100051171
100060694
100065844
100060643
100055857
100053798
100054488
100053587
100066778
100066197
100053238
100060124
100147361
100057231
100063066
100070736
100059339
100067159
100066762
100068897
100071369
100053171
100064939
100062906
100057557
100055721
100062951
100067210
100053443
100065074
100062198
100073074
100065395
100071616
100060432
100071433
100058232
100066518
100060068
100069882
100050479
100072411
100063948
100056928
100057484
100055443
100050489
100062086
100060503
102147444
100054471
100058946
100065643
100070268
100052925
100056859
100051433
100054342
100066965
100058568
100066683
102148801
100059874
100056872
100051722
100052397
100054871
100051459
100054657
100059722
100073047
100630321
100052201
100067283
100062131
100053197
111772869
100059585
100053765
100055344
100056253
100058924
100055348
100051887
100053514
100629909
100070851
100065682
100069355
100066010
100069175
100057737
100067354
100060178
102150429
100050252
100065275
100052690
100064165
100068225
100052090
100051676
100062974
100064276
100050036
100034072
100033839
100055238
100060890
100050877
111772556
100056414
100070832
111771075
100059402
100056661
100146873
100069930
100051473
100058139
100058581
100050148
100056088
100060155
100052315
100055146
100057396
100055169
100070306
100063360
100629446
100050907
111771653
100065229
100072878
100312381
100146975
100067672
100067895
100072385
100056657
100063269
106780826
100055772
100067582
100050825
100052817
100057119
100147466
102149786
100072880
100060848
100063246
100058295
100058750
100069013
100056512
100052236
100147348
100050168
100058900
100059152
100061734
100071007
100062843
100054447
100067034
100051010
100051289
100056545
100052599
100059934
100051472
100147071
100059198
100052376
100050033
100052238
100052342
100056808
100060202
100054850
102147540
111774395
100072260
100065734
100053565
102149832
100056678
100051802
100067567
100053684
100069991
100063099
100058418
100056601
100060736
100066328
100068586
100052972
100059034
111772476
100068127
100058636
100061406
100071957
100630570
100067050
100058885
100060926
100052323
100050385
100059568
100065013
100059472
100052211
100064150
100052524
100054884
100059878
100147507
100066751
100050895
100050616
100062210
100053117
100068154
100057703
100071546
100630257
100063867
100059833
100059379
100070785
100147547
100071637
100061271
100049955
100052494
100063157
100050233
100063987
100056172
100065386
100067464
100062003
100146539
106781210
100055207
100055061
100065239
100055415
100055826
100053367
100059816
100052974
100067505
100056455
100073193
100057572
100070953
100057729
100065484
100071019
100053726
100052044
100056668
100052757
100061070
100068457
100629757
100069126
100060255
100069155
100630132
100055157
100070656
100063394
100060345
100060549
100049995
100053352
100069384
100068587
100060347
100069122
100070718
100058858
100072409
100060351
100064298
100064330
100064322
100056243
100061719
100066920
100146184
100053682
102147807
100051049
100056964
100071182
100065530
100070154
100629250
102149639
100630229
100056252
100071084
100070884
100071021
100630200
100066872
100070101
100070117
100068345
100051206
100057139
100064973
106783281
100069699
100053194
100060823
100063247
100053710
100056745
100147073
100060479
100147327
100058859
111773843
100051649
100064184
100071393
100056092
100063931
100049880
100061145
100071678
100059157
100056017
100058824
100055450
100053027
100072609
100070360
100061110
100063730
100146731
100060634
100062021
100057489
100058727
100054898
100060919
100066971
100072704
100050768
100057361
100070535
100058969
100049868
100055545
100055725
100067291
100050661
100060674
100072746
100059209
100057696
100065485
100629971
100060870
100055451
100052180
100055094
100068138
100063897
111767474
100068534
100070799
100051512
100060004
116186919
100064497
100050424
100069118
100059029
100055543
100051994
100054789
100067497
100064463
100056362
100051579
100051159
100070201
100065014
102148799
100065302
100055031
100070684
100051335
100050094
100064954
100069238
100049952
100053250
100069884
100051288
100054055
100068834
100070128
100064921
100147358
100067336
100072964
100065107
100146658
100066877
100059724
100061075
100052354
100052293
100050435
100146288
100055327
100070586
100061189
100066275
100062402
100071173
100062073
100063786
100051895
100051204
100065311
100051078
100057281
100064143
100066936
100054741
100069073
100066303
100064372
100060217
100070667
100065448
100056084
100059962
100059731
100062878
106783467
100057123
100056060
100630389
100630768
100147025
100147296
111772705
100629811
100063308
100146234
102149239
100061617
102147885
100054656
100055900
100055754
100052254
100050624
100072181
100147476
100051583
100062269
100050436
100055047
100060294
111768977
100058234
100052918
100066674
100052189
100067432
100060251
100059770
100062002
100070589
100061135
100051476
100049990
100072993
100058142
100051497
100147235
100067188
100064712
100147405
100051559
100067380
100059238
100069664
100067456
111774178
100057144
100053521
100055796
100630269
100070183
100061718
100059177
100630474
100051489
100059294
100049984
100069173
100065633
100070081
100064737
100050744
100062155
100068634
100050687
100065889
100071206
100064805
100050963
100070641
100051993
100064774
102150880
100057013
100065318
102150581
100053678
100060137
100070592
100056288
100062001
100056858
100073019
100068090
100067435
100055202
100058826
100073252
100049989
100068927
100058400
100068542
100066033
100066906
100071954
100051142
100059217
100061023
100059245
100071031
111768970
100053506
100055368
100062221
100058967
100071344
100058529
100054643
100061601
100066506
100147504
100070274
100051594
100054679
100062264
100057772
100066859
100057220
100630871
100056095
100064913
100051390
100050031
100049875
100069060
100064600
100052278
100054244
100050705
100068849
100061153
111775192
100063597
100069189
100056421
102149173
100055254
100056823
100066374
100052970
100068134
100068149
100066734
100068291
100147137
100056453
111772821
100063119
100068556
100061536
100630504
100052103
100050098
100065363
100071308
100059996
100063436
100060913
100146275
100062152
100063917
106781569
111774294
100060772
100072675
100057464
100066952
100070563
100146837
100062051
100054537
100050894
111768623
100058997
100067222
100061671
100052276
100052339
100066997
100066075
100061924
100067200
111767783
100058096
100056469
100058933
100064398
100051958
100053993
100069642
100053589
100055990
100069550
100049954
100629888
100146221
100057731
100067451
100061402
100059140
100056807
102147578
100056762
100070521
100053528
100061429
100052919
100064605
100062220
102149795
100063880
100630208
100055767
100055723
100060655
100060529
100060873
100064163
100062165
100059949
100065943
100147677
100060714
100073093
100070558
100057907
100061541
100063674
100063683
100054526
100054614
100054788
100062975
100069266
100063670
100068965
102147573
100060969
102149130
100070494
100070478
100053262
100059191
100054270
100070487
100629827
100068226
111775756
106780928
100070496
100063239
100055138
100052725
100056241
100056321
100064391
100064109
102147363
100630327
100069327
100060716
100147674
100057591
100052435
100070827
111767423
100058803
100054593
102150335
100060933
100070361
106783438
100063129
100073142
100070577
100065573
100067274
100058768
100060050
100060003
100061463
100062199
100067383
100052374
100049936
100053522
100147682
100061229
100063041
100064631
106782424
100071131
102148003
100069211
100629339
100068705
111767937
100067674
106783338
100070027
100062862
100073296
100062623
100060953
100059879
100064620
100053893
100066372
100051873
100053230
100067758
100061085
100067081
102150035
100070374
100052274
100057443
100060982
100050679
100146400
100058325
100060670
100147096
100057918
100062871
100630069
100066288
102147907
100057349
100070401
100070011
102149191
106782051
100054093
100147381
111772820
100056907
100073105
100629627
100058102
100054672
111774535
100063727
100065790
100147500
100049877
100062127
100066579
100071159
100147562
100071202
102149683
100062761
102147579
106781004
100061148
100056132
100063937
100146199
100146293
100062669
100054713
100054074
100071261
102147874
100067786
102149978
100060272
102147503
100060200
100630599
100064134
100060625
100060796
106780877
100062418
100067596
102150878
100069727
100070189
100070243
100056449
100146612
100146606
100057680
100057639
100064572
100053191
100071195
100629477
100629636
100069444
100068083
100050274
100061282
100063489
100063853
100053683
100065081
100065020
100051828
100067885
106781828
100069990
102149936
100073139
111775144
100065151
100061608
102150141
100058187
100051076
100051777
100063391
100051231
100055999
100146999
100070333
100067831
100630913
100067093
102149806
100057599
100063426
100062892
100055150
100630125
100071107
100068087
100059692
102149800
100067184
100147062
102149367
102150703
100060859
100064273
100050702
100146543
100057981
100629307
102149987
100069101
100071705
106781531
100051226
100063712
100061383
100056069
100630058
100629994
102149841
100071735
100065576
100051250
100068691
111773284
106780890
100062031
100056720
100065362
100060604
106781728
100067741
100070546
100062078
100050340
100061870
100051604
102149383
100056562
100054190
100050456
100061439
100054387
100070873
100061841
100071676
100050831
102148837
100058451
102150038
111776178
100062903
100147199
102147490
102149803
100056967
100050598
100059516
100056638
100071410
100063932
100057163
100068818
106783045
100059173
111774187
100061971
100059065
100060941
100057402
100066637
100068017
100072139
100062470
100050133
100053515
100050746
100056195
102147785
100068952
111769169
100629134
100068602
100069958
102148115
100061358
100067020
100061664
100056404
100066972
106782244
100069430
100052451
100071109
100068760
100056419
100063719
100065603
100060125
100630877
100064078
100629445
100067070
100062230
100053053
100072070
100146280
100060787
100061512
100061587
100147478
100072696
100053222
